bodyId_pre,bodyId_post,weight
1002507131,1002507159,5
1002507131,1034219901,23
1002507131,1062526223,14
1002507131,1125964630,22
1002507131,1167645442,3
1002507131,1197993940,8
1002507131,1198326456,5
1002507131,1198693217,3
1002507131,1218728570,11
1002507131,1218732640,28
1002507131,1291103485,5
1002507131,1291435693,3
1002507131,1291444314,8
1002507131,1292847181,7
1002507131,1294082002,6
1002507131,1294414279,9
1002507131,1322129730,5
1002507131,1322129781,3
1002507131,1322133296,8
1002507131,1322133825,5
1002507131,1322133891,4
1002507131,1322137688,6
1002507131,1322138079,4
1002507131,1322470368,5
1002507131,1322470462,9
1002507131,1352823209,5
1002507131,1601771527,8
1002507131,1631450739,5
1002507131,387364605,19
1002507131,449438847,44
1002507131,509410587,16
1002507131,569775058,4
1002507131,570461892,11
1002507131,5813022281,56
1002507131,5813027103,42
1002507131,5813050767,5
1002507131,5813056953,13
1002507131,5813080979,13
1002507131,634962055,56
1002507131,663190769,5
1002507131,663562172,8
1002507131,664645558,3
1002507131,665314820,69
1002507131,693755250,14
1002507131,694920753,50
1002507131,696362840,7
1002507131,724280817,13
1002507131,725951521,27
1002507131,758419409,59
1002507131,789126240,8
1002507131,819828986,5
1002507131,847336755,13
1002507131,849421763,20
1002507131,910438331,68
1002507131,910447075,17
1002507131,912147912,3
1002507131,912545106,3
1002507131,941123755,5
1002507131,941132434,81
1002507131,942491983,64
1002507131,972892437,8
1002507131,973566036,8
1002507159,1002507131,39
1002507159,1002507170,31
1002507159,1002848124,21
1002507159,1002848661,91
1002507159,1002852791,50
1002507159,1034219901,50
1002507159,1062526223,29
1002507159,1105834722,4
1002507159,1106180107,3
1002507159,1125964630,28
1002507159,1125964814,3
1002507159,1126647624,6
1002507159,1158747783,8
1002507159,1167295856,3
1002507159,1167300055,4
1002507159,1167300154,3
1002507159,1167632513,3
1002507159,1167641412,10
1002507159,1167645442,10
1002507159,1167645523,3
1002507159,1167904437,3
1002507159,1167977970,4
1002507159,1167982211,3
1002507159,1190171884,3
1002507159,1198326456,6
1002507159,1198334861,4
1002507159,1198667367,4
1002507159,1198671494,11
1002507159,1198675740,3
1002507159,1198680441,5
1002507159,1198693217,3
1002507159,1199086313,3
1002507159,1199712272,3
1002507159,1200032115,35
1002507159,1218732640,11
1002507159,1229288307,4
1002507159,1229965474,3
1002507159,1230026402,4
1002507159,1291444314,3
1002507159,1292846965,3
1002507159,1292847181,8
1002507159,1322129781,3
1002507159,1322133891,3
1002507159,1322142804,3
1002507159,1322470594,3
1002507159,1322474586,3
1002507159,1324430237,3
1002507159,1355806197,3
1002507159,1473202957,5
1002507159,1504582746,6
1002507159,1504924440,4
1002507159,1508334312,16
1002507159,387023620,12
1002507159,387364605,34
1002507159,449438847,14
1002507159,539462336,19
1002507159,5812979082,3
1002507159,5813020568,5
1002507159,5813020585,3
1002507159,5813047793,12
1002507159,5813048042,6
1002507159,5813049948,3
1002507159,5813050767,8
1002507159,5813053866,7
1002507159,5813061251,5
1002507159,5813061383,9
1002507159,665314820,3
1002507159,692857189,12
1002507159,693755250,31
1002507159,697001770,32
1002507159,723546819,3
1002507159,734581598,17
1002507159,757055317,17
1002507159,758419409,10
1002507159,817342497,3
1002507159,817346903,34
1002507159,849482511,16
1002507159,880530613,11
1002507159,880875736,15
1002507159,880880259,11
1002507159,909777910,6
1002507159,910438331,4
1002507159,910442723,9
1002507159,910442752,18
1002507159,910783731,11
1002507159,910783883,18
1002507159,910783961,3
1002507159,910796989,12
1002507159,910801332,13
1002507159,911129204,7
1002507159,911129339,3
1002507159,911134009,4
1002507159,911211196,17
1002507159,911241750,27
1002507159,911578496,5
1002507159,911578595,4
1002507159,911906936,4
1002507159,911911004,3
1002507159,911911193,5
1002507159,911911699,4
1002507159,911919044,10
1002507159,912147912,6
1002507159,912243353,10
1002507159,912545106,22
1002507159,940808800,3
1002507159,941810314,15
1002507159,941814787,15
1002507159,942491983,3
1002507159,942522378,5
1002507159,971506655,9
1002507159,971817711,17
1002507159,973959177,21
1002507159,974300015,5
1002507170,1002852791,3
1002507170,882533209,3
1002848124,1094934199,11
1002848124,1126306451,10
1002848124,1218732781,3
1002848124,1218732931,9
1002848124,5813014062,7
1002848124,664235541,12
1002848124,695270840,9
1002848124,695671851,6
1002848124,786013801,8
1002848124,786013856,7
1002848124,786674282,6
1002848124,786989395,7
1002848124,817346903,13
1002848124,819073675,9
1002848124,819138239,7
1002848124,850104005,7
1002848124,878380399,7
1002848124,910447220,9
1002848124,911504643,6
1002848124,911504689,3
1002848124,940791383,6
1002848661,1062526223,19
1002848661,1259377221,18
1002848661,1259377325,15
1002848661,1324430237,11
1002848661,1601771527,3
1002848661,387023620,26
1002848661,387364605,3
1002848661,449438847,3
1002848661,539462336,24
1002848661,5812983734,13
1002848661,849482511,3
1002848661,974300015,7
1002852791,1002507131,35
1002852791,1002507159,39
1002852791,1002507170,26
1002852791,1002848124,32
1002852791,1002848661,80
1002852791,1034219901,38
1002852791,1062526223,12
1002852791,1106180107,3
1002852791,1125964630,33
1002852791,1126647624,12
1002852791,1137210821,3
1002852791,1158747783,21
1002852791,1167300154,4
1002852791,1167641412,6
1002852791,1167645442,5
1002852791,1167645658,4
1002852791,1167896065,3
1002852791,1167977970,8
1002852791,1167982211,3
1002852791,1168064774,3
1002852791,1190171884,15
1002852791,1198326456,8
1002852791,1198671494,3
1002852791,1198680426,4
1002852791,1198680441,3
1002852791,1198693217,3
1002852791,1198943369,3
1002852791,1199017128,3
1002852791,1199289203,3
1002852791,1199699496,4
1002852791,1199712167,4
1002852791,1200032115,40
1002852791,1218728570,8
1002852791,1218732640,16
1002852791,1229369776,3
1002852791,1230121634,5
1002852791,1230319275,3
1002852791,1230480261,4
1002852791,1259377325,3
1002852791,1261000309,3
1002852791,1291094620,3
1002852791,1291094742,3
1002852791,1292847181,6
1002852791,1322133768,5
1002852791,1322466938,4
1002852791,1324430237,3
1002852791,1352823209,3
1002852791,1473202957,4
1002852791,1473207713,11
1002852791,1504582746,4
1002852791,1504924440,6
1002852791,1508334312,25
1002852791,1601771527,12
1002852791,387023620,9
1002852791,387364605,19
1002852791,449438847,7
1002852791,539462336,11
1002852791,5812979082,4
1002852791,5813020455,3
1002852791,5813047793,4
1002852791,5813048042,6
1002852791,5813048896,4
1002852791,5813050767,9
1002852791,5813053866,6
1002852791,5813059834,7
1002852791,5813061251,7
1002852791,5813070465,22
1002852791,692852666,11
1002852791,692857189,6
1002852791,693755250,36
1002852791,697001770,54
1002852791,723546819,3
1002852791,734581598,9
1002852791,757055317,12
1002852791,816682061,5
1002852791,817342497,5
1002852791,817346903,28
1002852791,817683388,6
1002852791,849482511,18
1002852791,877702431,3
1002852791,880530613,23
1002852791,880875736,10
1002852791,880880259,7
1002852791,881221166,5
1002852791,909777910,7
1002852791,910438331,4
1002852791,910442723,4
1002852791,910442752,22
1002852791,910783731,20
1002852791,910783883,25
1002852791,910796989,12
1002852791,910801332,8
1002852791,911129204,8
1002852791,911134009,3
1002852791,911138168,8
1002852791,911211196,15
1002852791,911241750,13
1002852791,911470352,6
1002852791,911574041,4
1002852791,911574261,5
1002852791,911578496,4
1002852791,911578595,10
1002852791,911901802,3
1002852791,911911193,15
1002852791,911911699,3
1002852791,911919044,12
1002852791,912147912,8
1002852791,912243353,12
1002852791,912545106,40
1002852791,940808800,9
1002852791,941482720,9
1002852791,941810314,10
1002852791,941814787,14
1002852791,942522378,4
1002852791,971506655,12
1002852791,971817711,23
1002852791,973959177,15
1002852791,974300015,3
1003318634,1127471202,11
1003318634,1128495875,15
1003318634,1187844616,9
1003318634,1188181261,6
1003318634,446714544,8
1003318634,632229278,6
1003318634,633943192,12
1003318634,663298610,9
1003318634,664235541,8
1003318634,695671851,11
1003318634,697355847,8
1003318634,757413552,14
1003318634,758065781,13
1003318634,788111826,9
1003318634,819073675,4
1003318634,819138239,9
1003318634,880538997,13
1003318634,881527223,4
1003318634,909877092,14
1003318634,911560974,4
1003318634,974627674,8
1003659595,1159530101,3
1003659595,1599747200,3
1003659595,5812994149,4
1003659595,663950729,3
1003659595,850829248,4
1003659595,911215499,3
1003659595,972624772,3
1003672766,1292423935,3
1003672766,481121605,3
1003672766,911565319,3
1004014587,1004017998,5
1004014587,1127471692,3
1004014587,1128088594,4
1004014587,1168660239,3
1004014587,1199677638,4
1004014587,1259377221,12
1004014587,1259377325,16
1004014587,1324430237,81
1004014587,1353544607,25
1004014587,569775058,20
1004014587,5812983734,66
1004014587,5813012006,6
1004014587,663562172,23
1004014587,912601268,5
1004014587,974239375,5
1004014587,974300015,6
1004017998,1003318634,15
1004017998,1003672766,11
1004017998,1004014587,74
1004017998,1004700437,7
1004017998,1034711992,5
1004017998,1035045015,28
1004017998,1105834722,3
1004017998,1127471692,7
1004017998,1128088594,6
1004017998,1136861363,3
1004017998,1137210821,4
1004017998,1158747783,4
1004017998,1167641412,4
1004017998,1167645442,3
1004017998,1167904437,3
1004017998,1167977970,3
1004017998,1168241257,3
1004017998,1198326456,9
1004017998,1198671672,3
1004017998,1199677638,6
1004017998,1199712272,3
1004017998,1220576923,3
1004017998,1230480261,3
1004017998,1260422110,3
1004017998,1291099014,3
1004017998,1318109929,35
1004017998,1322129610,3
1004017998,1322133825,4
1004017998,1324430237,32
1004017998,1353544607,27
1004017998,416642425,3
1004017998,449438847,3
1004017998,478375456,9
1004017998,508793049,18
1004017998,509410587,9
1004017998,541118908,6
1004017998,569775058,24
1004017998,570185174,20
1004017998,570518166,5
1004017998,5812983734,28
1004017998,5813012006,12
1004017998,5813014505,10
1004017998,5813048042,3
1004017998,5813049948,3
1004017998,5813050767,8
1004017998,5813056953,8
1004017998,5813061383,6
1004017998,5813080838,20
1004017998,5813128308,5
1004017998,632544268,6
1004017998,663562172,27
1004017998,693651381,8
1004017998,693979726,6
1004017998,695629525,5
1004017998,880530613,3
1004017998,880875736,4
1004017998,880875861,3
1004017998,880880259,4
1004017998,909877092,14
1004017998,910442723,9
1004017998,910442782,14
1004017998,910447075,3
1004017998,910783883,7
1004017998,910783961,5
1004017998,910796989,14
1004017998,910801332,7
1004017998,911129204,4
1004017998,911129339,10
1004017998,911134009,9
1004017998,911138168,10
1004017998,911470352,6
1004017998,911565419,5
1004017998,911574261,7
1004017998,911578496,7
1004017998,911901802,5
1004017998,911906936,6
1004017998,911911004,7
1004017998,911911699,6
1004017998,912601268,5
1004017998,941244280,7
1004017998,941469087,6
1004017998,972624772,5
1004017998,974239375,9
1004017998,974300015,4
1004700437,1258686925,5
1004700437,666308023,4
1004700437,789130596,4
1004700437,851493896,3
1004700437,912925080,6
1004700437,944262351,3
1032643905,1003672766,7
1032643905,1128092885,7
1032643905,1187831582,8
1032643905,1224936588,4
1032643905,1251275120,8
1032643905,1255638782,8
1032643905,1443268440,6
1032643905,1537634396,10
1032643905,1661458144,8
1032643905,478077561,3
1032643905,539810773,3
1032643905,540493022,5
1032643905,569481415,11
1032643905,570185174,7
1032643905,570518166,7
1032643905,5813015999,10
1032643905,5813081686,6
1032643905,601216096,4
1032643905,696336849,14
1032643905,759084486,5
1032643905,849832062,5
1032643905,849844855,3
1032643905,880185131,5
1032643905,916974420,3
1032643905,943921248,5
1034219901,1002507131,34
1034219901,1002507159,50
1034219901,1002507170,24
1034219901,1002848124,47
1034219901,1002848661,98
1034219901,1002852791,37
1034219901,1062526223,37
1034219901,1105834722,3
1034219901,1125964630,28
1034219901,1126647624,3
1034219901,1137210821,5
1034219901,1158747783,15
1034219901,1167304403,5
1034219901,1167632513,3
1034219901,1167641412,4
1034219901,1167645442,6
1034219901,1167645658,5
1034219901,1168059800,3
1034219901,1168249921,6
1034219901,1198326456,3
1034219901,1198334861,3
1034219901,1198667367,5
1034219901,1198680122,4
1034219901,1198680249,4
1034219901,1198680441,3
1034219901,1199699496,3
1034219901,1199712167,5
1034219901,1199712272,3
1034219901,1200032115,24
1034219901,1218732640,4
1034219901,1230480261,3
1034219901,1291094620,4
1034219901,1291099014,3
1034219901,1292847181,7
1034219901,1322129730,5
1034219901,1322137688,3
1034219901,1324145475,5
1034219901,1355806197,3
1034219901,1416900410,3
1034219901,1472866173,6
1034219901,1473202957,6
1034219901,1473207713,13
1034219901,1504582746,3
1034219901,1504924440,7
1034219901,1508334312,6
1034219901,387023620,34
1034219901,387364605,47
1034219901,449438847,29
1034219901,539462336,17
1034219901,5813020409,3
1034219901,5813047446,3
1034219901,5813047793,4
1034219901,5813048042,10
1034219901,5813049948,4
1034219901,5813050767,8
1034219901,5813053866,10
1034219901,5813059834,9
1034219901,5813061251,4
1034219901,5813061383,3
1034219901,5813070465,3
1034219901,692852666,10
1034219901,692857189,4
1034219901,693755250,58
1034219901,734581598,3
1034219901,757055317,13
1034219901,758419409,16
1034219901,817342497,5
1034219901,817346903,28
1034219901,849482511,13
1034219901,880530613,8
1034219901,880875736,8
1034219901,880880259,3
1034219901,881221166,3
1034219901,909777910,14
1034219901,910438331,6
1034219901,910442723,6
1034219901,910442752,12
1034219901,910442782,3
1034219901,910783731,9
1034219901,910783883,11
1034219901,910796989,14
1034219901,910801332,15
1034219901,911129204,3
1034219901,911129339,4
1034219901,911134009,5
1034219901,911138168,10
1034219901,911211196,23
1034219901,911241750,21
1034219901,911565419,4
1034219901,911574041,3
1034219901,911578595,9
1034219901,911911193,10
1034219901,911919044,8
1034219901,912243353,4
1034219901,912545106,10
1034219901,940808800,9
1034219901,941469087,5
1034219901,941482720,11
1034219901,941810314,18
1034219901,941814787,8
1034219901,942491983,4
1034219901,971506655,12
1034219901,971817711,36
1034219901,973959177,10
1034219901,974300015,7
1034703497,1441503748,4
1034703497,5813077698,3
1034703497,5813128308,3
1034703497,789130596,3
1034711992,1097718659,11
1034711992,1159530101,4
1034711992,1220581302,3
1034711992,1256376704,3
1034711992,1381484065,16
1034711992,1660776511,4
1034711992,693651381,3
1034711992,756390536,4
1034711992,789130596,14
1034711992,818119357,4
1035045015,1003318634,27
1035045015,1003672766,14
1035045015,1004014587,74
1035045015,1004017998,43
1035045015,1004700437,18
1035045015,1065410141,6
1035045015,1127471692,28
1035045015,1128088594,10
1035045015,1137210821,3
1035045015,1167300154,5
1035045015,1167641412,4
1035045015,1167645442,8
1035045015,1167891559,4
1035045015,1167896065,4
1035045015,1167977970,7
1035045015,1167995070,3
1035045015,1168064774,5
1035045015,1168241257,4
1035045015,1168249921,3
1035045015,1198257581,3
1035045015,1198671494,5
1035045015,1198931241,3
1035045015,1198943369,5
1035045015,1199677638,12
1035045015,1199699496,4
1035045015,1220576923,8
1035045015,1220584946,4
1035045015,1291094620,7
1035045015,1292846965,3
1035045015,1292847181,5
1035045015,1318109929,16
1035045015,1324430237,25
1035045015,1353544607,28
1035045015,1600083889,4
1035045015,449438847,4
1035045015,478375456,5
1035045015,508793049,21
1035045015,509410587,14
1035045015,541118908,11
1035045015,569775058,39
1035045015,570185174,7
1035045015,570461892,7
1035045015,570518166,6
1035045015,5812983734,42
1035045015,5813012006,26
1035045015,5813014505,13
1035045015,5813020409,5
1035045015,5813047793,5
1035045015,5813049948,4
1035045015,5813053866,4
1035045015,5813056953,25
1035045015,5813061383,23
1035045015,5813080838,17
1035045015,632544268,23
1035045015,663562172,23
1035045015,693651381,10
1035045015,695629525,12
1035045015,734581598,7
1035045015,756049717,4
1035045015,818119357,4
1035045015,880530613,11
1035045015,880875736,7
1035045015,880875861,8
1035045015,880880259,10
1035045015,881221166,13
1035045015,881898734,11
1035045015,909877092,6
1035045015,910442723,11
1035045015,910442752,4
1035045015,910442782,12
1035045015,910783883,4
1035045015,910783961,8
1035045015,910796989,16
1035045015,911129204,4
1035045015,911129339,5
1035045015,911134009,9
1035045015,911138168,13
1035045015,911470352,9
1035045015,911565419,9
1035045015,911574041,5
1035045015,911574261,16
1035045015,911578496,7
1035045015,911901802,15
1035045015,911906936,8
1035045015,911911004,19
1035045015,911911699,5
1035045015,911919917,3
1035045015,912601268,6
1035045015,941469087,11
1035045015,942522378,10
1035045015,972555509,5
1035045015,972624772,9
1035045015,973566036,9
1035045015,973959177,3
1035045015,974239375,9
1035045015,974300015,12
1035955516,1156663078,5
1035955516,1189887646,3
1035955516,1217394039,4
1035955516,1310499077,5
1035955516,1410122382,6
1035955516,1410450511,7
1035955516,1410450949,4
1035955516,1441481281,3
1035955516,1473202957,4
1035955516,1504268020,6
1035955516,1504924440,3
1035955516,1535652862,5
1035955516,1536326457,5
1035955516,1568047319,6
1035955516,1597683387,6
1035955516,1631131487,3
1035955516,5813095667,4
1035955516,633895972,3
1035955516,663225743,5
1035955516,755644082,5
1035955516,786013842,3
1035955516,849421893,3
1062526223,1002507131,8
1062526223,1002507159,65
1062526223,1002852791,56
1062526223,1034219901,68
1062526223,1106180107,3
1062526223,1125964630,14
1062526223,1125964814,3
1062526223,1126647624,18
1062526223,1136861363,4
1062526223,1137210821,9
1062526223,1167563121,3
1062526223,1167567702,3
1062526223,1167641412,6
1062526223,1167895489,3
1062526223,1167904437,6
1062526223,1167977970,7
1062526223,1168059800,8
1062526223,1168064774,3
1062526223,1168241257,6
1062526223,1197993940,9
1062526223,1198257581,8
1062526223,1198326456,6
1062526223,1198671494,3
1062526223,1198671672,4
1062526223,1198675740,4
1062526223,1198680122,5
1062526223,1198680249,7
1062526223,1198680441,3
1062526223,1198684596,3
1062526223,1198943369,3
1062526223,1199017128,3
1062526223,1218728570,21
1062526223,1218732640,16
1062526223,1229710803,3
1062526223,1230480261,4
1062526223,1292847181,12
1062526223,1601771527,26
1062526223,387023620,8
1062526223,387364605,75
1062526223,449438847,78
1062526223,509410587,9
1062526223,539462336,5
1062526223,569775058,25
1062526223,570461892,7
1062526223,5813020409,5
1062526223,5813047793,3
1062526223,5813048896,8
1062526223,5813050767,9
1062526223,5813053866,9
1062526223,5813056953,9
1062526223,5813061251,3
1062526223,663190769,13
1062526223,663562172,26
1062526223,665314820,4
1062526223,693755250,20
1062526223,697001770,19
1062526223,724280817,26
1062526223,758419409,50
1062526223,847336755,9
1062526223,849421763,26
1062526223,910438331,32
1062526223,910447075,9
1062526223,912545106,28
1062526223,941123755,10
1062526223,941132434,14
1062526223,942491983,10
1062526223,972892437,9
1062526223,973566036,19
1065409934,1065410141,5
1065409934,1127476096,5
1065409934,1167995070,4
1065409934,1168664495,6
1065409934,1190171884,3
1065409934,1220584946,16
1065409934,1259377221,15
1065409934,1259377325,20
1065409934,1324430237,74
1065409934,1353544607,4
1065409934,1600083889,24
1065409934,570461892,3
1065409934,5812983734,68
1065409934,665314820,3
1065409934,695629525,3
1065409934,972555509,3
1065409934,973566036,30
1065410141,1035045015,8
1065410141,1065409934,57
1065410141,1105834722,6
1065410141,1127471202,20
1065410141,1127471692,18
1065410141,1127476096,38
1065410141,1128495875,12
1065410141,1158507458,13
1065410141,1159530101,9
1065410141,1167295856,5
1065410141,1167641412,3
1065410141,1167645442,5
1065410141,1167891559,3
1065410141,1167904437,3
1065410141,1167977970,3
1065410141,1167995070,27
1065410141,1168664495,9
1065410141,1190171884,6
1065410141,1198326456,3
1065410141,1198413357,6
1065410141,1198675740,3
1065410141,1199712272,4
1065410141,1220576923,16
1065410141,1220584946,22
1065410141,1261056809,3
1065410141,1320799646,3
1065410141,1322129730,4
1065410141,1322470368,3
1065410141,1324430237,24
1065410141,1353544607,28
1065410141,1412238418,11
1065410141,1443268440,4
1065410141,1536006733,6
1065410141,1599069164,4
1065410141,1599410380,4
1065410141,1600083889,30
1065410141,509410587,3
1065410141,570461892,23
1065410141,5812983734,31
1065410141,5813012006,6
1065410141,5813015999,6
1065410141,5813044670,7
1065410141,5813047647,3
1065410141,5813047793,5
1065410141,5813048042,10
1065410141,5813049948,7
1065410141,5813053866,4
1065410141,5813056953,3
1065410141,5813077544,4
1065410141,5813081686,5
1065410141,5813095667,3
1065410141,632544268,20
1065410141,695629525,31
1065410141,734581598,8
1065410141,880530613,7
1065410141,880875736,9
1065410141,880880259,12
1065410141,881898734,12
1065410141,910442723,14
1065410141,910442782,6
1065410141,910783731,5
1065410141,910783961,7
1065410141,910796989,19
1065410141,910801332,9
1065410141,911129339,11
1065410141,911134009,15
1065410141,911138168,13
1065410141,911241750,9
1065410141,911470352,3
1065410141,911565419,5
1065410141,911578496,5
1065410141,911578595,5
1065410141,911901802,14
1065410141,911906936,7
1065410141,911911193,4
1065410141,911911699,4
1065410141,941469087,13
1065410141,941810314,4
1065410141,941814787,5
1065410141,942522378,7
1065410141,942587380,3
1065410141,972555509,19
1065410141,973566036,20
1069757725,5812994149,3
1069757725,694666271,3
1094722478,1134253374,4
1094722478,1158507458,3
1094722478,1159530101,4
1094722478,1256376704,3
1094722478,1349114715,5
1094722478,1380145201,3
1094722478,1380149563,3
1094722478,1380149683,4
1094722478,1441503748,5
1094722478,1442931671,5
1094722478,1442931758,5
1094722478,1472537557,4
1094722478,1567020107,3
1094722478,1599410380,4
1094722478,1660776511,4
1094722478,5813127581,5
1094722478,5813128308,3
1094722478,632911211,4
1094722478,693651381,5
1094722478,787374226,5
1094722478,818119357,3
1094722478,819138035,3
1094722478,848800043,3
1094722478,850492366,10
1094722478,850829248,5
1094722478,880526292,6
1094722478,882239837,4
1094722478,911569552,13
1094722478,912238927,4
1094722478,913235746,3
1094722478,979752365,4
1094934199,1002848124,16
1094934199,1126306451,11
1094934199,1218732781,5
1094934199,1218732931,14
1094934199,5813014062,6
1094934199,664235541,7
1094934199,695270840,7
1094934199,697355847,3
1094934199,786013801,13
1094934199,786013856,9
1094934199,786674282,11
1094934199,786989348,5
1094934199,786989395,3
1094934199,817346903,14
1094934199,819073675,8
1094934199,850104005,12
1094934199,878380399,7
1094934199,881527223,3
1094934199,910447220,5
1094934199,911504643,5
1094934199,940791383,9
1105834722,1002507159,15
1105834722,1002852791,20
1105834722,1004017998,13
1105834722,1034219901,13
1105834722,1035045015,12
1105834722,1065410141,16
1105834722,1106180107,22
1105834722,1125964814,17
1105834722,1126647624,15
1105834722,1127476096,15
1105834722,1136861363,46
1105834722,1137210821,43
1105834722,1137219365,27
1105834722,1167295853,3
1105834722,1167300154,5
1105834722,1167304403,3
1105834722,1167563121,7
1105834722,1167567702,6
1105834722,1167632513,6
1105834722,1167641412,4
1105834722,1167645658,33
1105834722,1167895489,45
1105834722,1167896065,45
1105834722,1167904437,35
1105834722,1167977970,5
1105834722,1167995070,23
1105834722,1168059800,46
1105834722,1168064774,47
1105834722,1168241257,33
1105834722,1168249921,3
1105834722,1168664495,11
1105834722,1198006801,3
1105834722,1198257581,18
1105834722,1198326456,7
1105834722,1198334861,30
1105834722,1198413357,33
1105834722,1198667367,32
1105834722,1198671494,8
1105834722,1198671672,42
1105834722,1198675740,37
1105834722,1198680122,32
1105834722,1198680249,28
1105834722,1198680426,9
1105834722,1198680441,6
1105834722,1198684596,20
1105834722,1198693217,4
1105834722,1198931241,6
1105834722,1198943369,4
1105834722,1199699496,38
1105834722,1199712167,38
1105834722,1199712272,36
1105834722,1229965474,5
1105834722,1230480261,37
1105834722,1261056809,4
1105834722,1292846965,3
1105834722,1292847181,10
1105834722,1447576662,18
1105834722,387364605,11
1105834722,416642425,14
1105834722,449438847,13
1105834722,478375456,11
1105834722,541118908,10
1105834722,541870397,15
1105834722,572870540,14
1105834722,5812979082,4
1105834722,5812979222,5
1105834722,5813012006,11
1105834722,5813014873,16
1105834722,5813020409,23
1105834722,5813022281,10
1105834722,5813027103,12
1105834722,5813040233,13
1105834722,5813047446,27
1105834722,5813047647,34
1105834722,5813047793,4
1105834722,5813048896,38
1105834722,5813049948,6
1105834722,5813050767,4
1105834722,5813053866,7
1105834722,5813061251,14
1105834722,5813077544,12
1105834722,5813080838,13
1105834722,632544268,17
1105834722,633546217,10
1105834722,634962055,14
1105834722,665314820,20
1105834722,694920753,16
1105834722,695629525,20
1105834722,695956656,15
1105834722,696362840,11
1105834722,697001770,20
1105834722,725951521,16
1105834722,758419409,14
1105834722,788794171,12
1105834722,789126240,11
1105834722,819828986,17
1105834722,910438331,12
1105834722,912545106,19
1105834722,912601268,11
1105834722,941132434,13
1105834722,942491983,19
1106180107,1002507159,12
1106180107,1002852791,16
1106180107,1004017998,10
1106180107,1034219901,16
1106180107,1035045015,12
1106180107,1065410141,9
1106180107,1105834722,26
1106180107,1125964814,13
1106180107,1126647624,11
1106180107,1127476096,14
1106180107,1136861363,23
1106180107,1137210821,27
1106180107,1137219365,29
1106180107,1167563121,32
1106180107,1167567702,18
1106180107,1167641412,8
1106180107,1167645442,7
1106180107,1167645658,13
1106180107,1167895489,8
1106180107,1167896065,10
1106180107,1167904437,12
1106180107,1167977970,9
1106180107,1167995070,12
1106180107,1168059800,17
1106180107,1168064774,20
1106180107,1168241257,15
1106180107,1168249921,22
1106180107,1168664495,11
1106180107,1168923315,13
1106180107,1198006801,3
1106180107,1198257581,29
1106180107,1198326456,5
1106180107,1198334861,25
1106180107,1198413357,18
1106180107,1198667367,19
1106180107,1198671494,9
1106180107,1198671672,25
1106180107,1198675740,14
1106180107,1198680122,27
1106180107,1198680249,28
1106180107,1198680426,29
1106180107,1198680441,19
1106180107,1198684596,32
1106180107,1198943369,21
1106180107,1199017128,15
1106180107,1199699496,12
1106180107,1199712167,20
1106180107,1199712272,23
1106180107,1229369776,7
1106180107,1229710803,11
1106180107,1230121634,3
1106180107,1230480261,14
1106180107,1260422110,4
1106180107,1261423370,5
1106180107,1261423507,3
1106180107,1261427892,3
1106180107,1292847181,9
1106180107,1447576662,20
1106180107,387364605,26
1106180107,416642425,12
1106180107,449438847,11
1106180107,478375456,13
1106180107,541118908,12
1106180107,541870397,15
1106180107,572870540,17
1106180107,5812979082,30
1106180107,5812979222,3
1106180107,5813012006,12
1106180107,5813014873,14
1106180107,5813020409,22
1106180107,5813022281,8
1106180107,5813027103,8
1106180107,5813040233,11
1106180107,5813047446,37
1106180107,5813047647,29
1106180107,5813047793,5
1106180107,5813048896,23
1106180107,5813049948,5
1106180107,5813050767,14
1106180107,5813053866,10
1106180107,5813061251,9
1106180107,5813077544,13
1106180107,5813077556,5
1106180107,5813080838,15
1106180107,632544268,15
1106180107,633546217,7
1106180107,634962055,8
1106180107,665314820,12
1106180107,694920753,15
1106180107,695629525,12
1106180107,695956656,12
1106180107,696362840,15
1106180107,697001770,16
1106180107,725951521,8
1106180107,758419409,11
1106180107,788794171,12
1106180107,789126240,10
1106180107,819828986,15
1106180107,910438331,12
1106180107,912545106,21
1106180107,912601268,10
1106180107,941132434,9
1106180107,942491983,9
1125411720,1188163963,8
1125411720,1219889738,3
1125411720,1251265778,3
1125411720,1282305753,3
1125411720,1349114715,4
1125411720,1380145201,3
1125411720,1410127303,8
1125411720,1410127581,3
1125411720,1410472719,3
1125411720,1504268020,5
1125411720,1534616361,3
1125411720,1599069164,3
1125411720,1599410380,3
1125411720,1599747200,4
1125411720,1661458883,3
1125411720,1661799601,6
1125411720,572167413,3
1125411720,5812994148,9
1125411720,5812994149,9
1125411720,5813095667,4
1125411720,632600726,3
1125411720,632915714,4
1125411720,663950729,4
1125411720,697014740,3
1125411720,789104870,3
1125411720,818119357,3
1125411720,848800082,4
1125411720,850492366,5
1125411720,850829248,4
1125411720,851170296,3
1125411720,880526292,3
1125411720,880875900,5
1125411720,911215499,3
1125411720,972624772,10
1125411720,974968796,6
1125964630,1002507131,19
1125964630,1002507159,93
1125964630,1002852791,68
1125964630,1034219901,82
1125964630,1062526223,37
1125964630,1125964814,7
1125964630,1126647624,21
1125964630,1197993940,6
1125964630,1218728570,7
1125964630,1218732640,26
1125964630,1291094620,7
1125964630,1291099014,3
1125964630,1291103485,3
1125964630,1291435551,5
1125964630,1291435693,4
1125964630,1291444314,8
1125964630,1292847181,3
1125964630,1294082002,8
1125964630,1294414279,4
1125964630,1322129437,5
1125964630,1322129724,3
1125964630,1322129730,3
1125964630,1322133296,4
1125964630,1322133531,4
1125964630,1322133768,3
1125964630,1322133825,3
1125964630,1322133891,5
1125964630,1322138079,3
1125964630,1322466938,6
1125964630,1322470368,5
1125964630,1322470462,3
1125964630,1447576662,8
1125964630,387023620,3
1125964630,387364605,99
1125964630,449438847,83
1125964630,509410587,20
1125964630,569775058,7
1125964630,570461892,13
1125964630,5813022281,9
1125964630,5813040233,7
1125964630,5813047793,3
1125964630,5813056953,16
1125964630,5813059835,7
1125964630,5813061251,13
1125964630,663190769,21
1125964630,663562172,10
1125964630,665314820,7
1125964630,693755250,10
1125964630,694920753,4
1125964630,697001770,32
1125964630,724280817,15
1125964630,757055317,4
1125964630,758419409,68
1125964630,847336755,20
1125964630,849421763,12
1125964630,849482511,7
1125964630,910438331,46
1125964630,910447075,12
1125964630,912545106,56
1125964630,941123755,3
1125964630,941132434,21
1125964630,942491983,56
1125964630,972892437,18
1125964630,973566036,5
1125964651,1062526223,4
1125964651,1094934199,7
1125964651,1125964630,12
1125964651,1125964879,3
1125964651,1125964899,6
1125964651,1126301255,18
1125964651,1126301622,7
1125964651,1126305687,3
1125964651,1126306451,5
1125964651,1126310716,5
1125964651,1126310776,10
1125964651,1126310807,3
1125964651,1126310841,5
1125964651,1126310969,14
1125964651,1155302782,3
1125964651,1157000178,10
1125964651,1187693355,5
1125964651,1188371481,5
1125964651,1188716311,4
1125964651,1566644645,20
1125964651,417998204,46
1125964651,572494993,40
1125964651,5812987321,5
1125964651,5812987334,4
1125964651,5812987803,62
1125964651,601120917,36
1125964651,632155800,41
1125964651,632911211,3
1125964651,723602649,53
1125964651,724267537,37
1125964651,880875736,3
1125964651,911134009,3
1125964651,911504689,55
1125964651,911565419,3
1125964651,911897964,3
1125964651,971817711,51
1125964814,1002507131,3
1125964814,1062526223,16
1125964814,1094934199,34
1125964814,1125964630,19
1125964814,1125964651,6
1125964814,1125964879,5
1125964814,1126301255,4
1125964814,1126301622,4
1125964814,1126306451,24
1125964814,1126310716,4
1125964814,1126310776,13
1125964814,1126310969,5
1125964814,1126647624,8
1125964814,1155302782,8
1125964814,1157000178,3
1125964814,1158747783,12
1125964814,1167295856,3
1125964814,1167304403,3
1125964814,1167645442,3
1125964814,1167891559,3
1125964814,1167904437,3
1125964814,1167977970,3
1125964814,1190171884,9
1125964814,1198006801,3
1125964814,1198326456,4
1125964814,1199712272,3
1125964814,1218728570,13
1125964814,1218732640,20
1125964814,1230026402,4
1125964814,1230480261,3
1125964814,1291103485,3
1125964814,1292847181,5
1125964814,1322129724,3
1125964814,1322133858,3
1125964814,1322138079,3
1125964814,1447576662,19
1125964814,1508334312,18
1125964814,1566644645,10
1125964814,1597683387,9
1125964814,1601771527,11
1125964814,572870540,12
1125964814,5812987327,6
1125964814,5813014873,3
1125964814,5813040233,23
1125964814,5813048042,8
1125964814,5813049948,4
1125964814,5813050767,4
1125964814,5813053866,3
1125964814,5813059834,67
1125964814,5813061251,19
1125964814,5813070465,30
1125964814,5813077544,3
1125964814,634608104,6
1125964814,697001770,11
1125964814,734581598,5
1125964814,880530613,11
1125964814,880875736,18
1125964814,880880259,15
1125964814,881221166,3
1125964814,910442723,11
1125964814,910442752,4
1125964814,910442782,6
1125964814,910783731,5
1125964814,910783961,6
1125964814,910796989,12
1125964814,910801332,16
1125964814,911129204,8
1125964814,911129339,3
1125964814,911134009,11
1125964814,911138168,14
1125964814,911211196,3
1125964814,911241750,24
1125964814,911565419,8
1125964814,911574261,5
1125964814,911901802,3
1125964814,911906936,8
1125964814,911911004,6
1125964814,911911193,6
1125964814,911919044,6
1125964814,912243353,10
1125964814,912545106,6
1125964814,941469087,10
1125964814,941482720,5
1125964814,941810314,9
1125964814,941814787,8
1125964814,942522378,3
1125964814,972892437,9
1125964814,973959177,11
1125964879,1441485633,3
1125964879,1504924440,3
1125964879,1535652862,3
1125964899,851493896,6
1125964899,911134017,5
1125969082,1128088594,6
1125969082,1168659995,9
1125969082,1199677638,4
1125969082,1218732640,4
1125969082,1219069439,6
1125969082,1259377221,11
1125969082,1259377325,12
1125969082,1324430237,10
1125969082,1447576662,6
1125969082,5812983734,9
1125969082,5813047157,19
1125969082,724280817,9
1125969082,848761388,6
1126301255,1125964651,3
1126301255,1126310776,11
1126301255,1126310969,5
1126301255,1155652503,9
1126301255,1217385533,5
1126301255,1218728541,8
1126301255,1224254476,6
1126301255,1255297613,7
1126301255,1286315568,4
1126301255,1411862814,6
1126301255,1443579770,9
1126301255,1472205673,5
1126301255,1566644645,7
1126301255,1662166202,9
1126301255,541119189,10
1126301255,5813050000,16
1126301255,5813056934,7
1126301255,663558074,7
1126301255,663898692,5
1126301255,692852666,13
1126301255,818063189,5
1126301255,849763224,3
1126301255,879442155,6
1126301255,879748663,5
1126301255,909777910,11
1126301255,941123943,4
1126301255,941132270,6
1126301255,971506655,7
1126301255,972871918,3
1126301622,1125964899,3
1126301622,1126310807,4
1126301622,1126310841,3
1126301622,1188043606,3
1126301622,1248770299,8
1126301622,1249098248,3
1126301622,1249763220,6
1126301622,1250113288,3
1126301622,1380408769,3
1126301622,1410105306,3
1126301622,1410122892,6
1126301622,1410451120,3
1126301622,1441144493,4
1126301622,1441485464,4
1126301622,1441485633,5
1126301622,1441485832,3
1126301622,1441485942,7
1126301622,1473207713,3
1126301622,1567020107,4
1126301622,1568047319,3
1126301622,1597683387,3
1126301622,1599431888,7
1126301622,1599436552,3
1126301622,1629085008,5
1126301622,1629093706,5
1126301622,5812987321,3
1126301622,5812987327,13
1126301622,5812991632,4
1126301622,692857189,4
1126301622,724228740,4
1126301622,724276536,4
1126301622,786000969,3
1126301622,816682061,3
1126301622,851493896,7
1126301622,911134017,8
1126301622,911500529,5
1126301622,944262351,3
1126305687,1126301622,4
1126305687,1157000178,3
1126305687,1250113288,3
1126305687,1473207713,3
1126305687,1629093706,3
1126305687,851493896,5
1126305687,910447181,4
1126305687,948333783,4
1126306451,1002848124,10
1126306451,1094934199,8
1126306451,1218732781,11
1126306451,1218732931,20
1126306451,5813014062,6
1126306451,664235541,6
1126306451,695270840,3
1126306451,697355847,8
1126306451,786013801,8
1126306451,786013856,7
1126306451,786674282,5
1126306451,786989348,7
1126306451,817346903,9
1126306451,819073675,3
1126306451,878380399,8
1126306451,881527223,5
1126306451,910447220,5
1126306451,911504643,6
1126306451,940791383,5
1126310716,1125964899,3
1126310716,1126301622,3
1126310716,1157000178,3
1126310716,1219069788,3
1126310716,1248424794,5
1126310716,1249102842,6
1126310716,1249763220,6
1126310716,1380408540,5
1126310716,1410105306,7
1126310716,1410122892,6
1126310716,1441144493,4
1126310716,1441485633,4
1126310716,1441485832,3
1126310716,1441485942,9
1126310716,1472866173,3
1126310716,1473202957,7
1126310716,1473207713,3
1126310716,1566333075,3
1126310716,1599431888,3
1126310716,1599436552,6
1126310716,1628744095,3
1126310716,1629085008,8
1126310716,1629093706,4
1126310716,5812987327,3
1126310716,5812987339,5
1126310716,5812991545,5
1126310716,633200861,3
1126310716,692857189,8
1126310716,724228740,3
1126310716,724276536,8
1126310716,786000969,4
1126310716,847712250,3
1126310716,847712342,3
1126310716,910447181,4
1126310716,911134017,4
1126310716,911500529,5
1126310716,911823931,5
1126310716,948333783,3
1126310716,971817401,3
1126310776,1126301255,3
1126310776,1126310969,6
1126310776,1155652503,11
1126310776,1217385533,7
1126310776,1218728541,10
1126310776,1224249917,6
1126310776,1224254476,5
1126310776,1255297613,10
1126310776,1286315568,6
1126310776,1443579770,5
1126310776,1472205673,9
1126310776,1566644645,7
1126310776,1662166202,12
1126310776,541119189,10
1126310776,5813050000,6
1126310776,5813056934,9
1126310776,663558074,10
1126310776,663898692,3
1126310776,692852666,11
1126310776,818063189,7
1126310776,849763224,6
1126310776,879442155,12
1126310776,879748663,8
1126310776,909777910,9
1126310776,941123943,3
1126310776,941132270,9
1126310776,971506655,8
1126310807,1126301622,5
1126310807,1441144493,5
1126310807,1473207713,3
1126310807,1629426306,3
1126310807,1631486122,3
1126310807,481112669,4
1126310807,635234035,3
1126310807,724228740,3
1126310807,786000969,3
1126310807,851493896,6
1126310807,910447181,9
1126310807,911134017,3
1126310807,944262351,5
1126310807,948333783,4
1126310841,1125964879,3
1126310841,1188371481,3
1126310841,1441485942,4
1126310841,1473202957,5
1126310841,1597683387,3
1126310841,1629085008,3
1126310841,5812987327,6
1126310969,1126301255,8
1126310969,1217385533,8
1126310969,1218728541,8
1126310969,1224249917,4
1126310969,1224254476,4
1126310969,1255297613,3
1126310969,1286315568,4
1126310969,1411862814,9
1126310969,1443579770,3
1126310969,1472205673,4
1126310969,1662166202,10
1126310969,481121605,7
1126310969,541119189,6
1126310969,5813050000,6
1126310969,5813056934,12
1126310969,663558074,16
1126310969,663898692,4
1126310969,692852666,5
1126310969,818063189,6
1126310969,849763224,4
1126310969,879442155,9
1126310969,879748663,3
1126310969,882533209,5
1126310969,909777910,6
1126310969,941123943,8
1126310969,941132270,6
1126310969,971506655,7
1126310969,972871918,6
1126647624,1002507159,3
1126647624,1002852791,4
1126647624,1034219901,6
1126647624,1062526223,36
1126647624,1094934199,20
1126647624,1125964630,31
1126647624,1125964651,22
1126647624,1125964814,22
1126647624,1126301255,6
1126647624,1126301622,3
1126647624,1126306451,36
1126647624,1126310716,3
1126647624,1126310776,3
1126647624,1126310969,4
1126647624,1136861363,3
1126647624,1156663078,5
1126647624,1158747783,13
1126647624,1167295853,3
1126647624,1167300154,6
1126647624,1167304403,4
1126647624,1167645442,4
1126647624,1167645523,3
1126647624,1167896065,3
1126647624,1167977970,4
1126647624,1168064774,3
1126647624,1168249921,3
1126647624,1190171884,7
1126647624,1198257581,4
1126647624,1198667367,4
1126647624,1198931241,3
1126647624,1198943369,3
1126647624,1218728570,17
1126647624,1218732640,13
1126647624,1261000309,3
1126647624,1292847181,6
1126647624,1324145475,4
1126647624,1324430237,3
1126647624,1447576662,5
1126647624,1508334312,16
1126647624,1566644645,4
1126647624,1601771527,23
1126647624,5812987327,7
1126647624,5813040233,14
1126647624,5813047446,3
1126647624,5813047793,4
1126647624,5813048042,6
1126647624,5813050767,4
1126647624,5813053866,3
1126647624,5813059834,84
1126647624,5813061251,24
1126647624,5813070465,24
1126647624,697001770,35
1126647624,734581598,9
1126647624,849482511,6
1126647624,880530613,6
1126647624,880875736,17
1126647624,880880259,7
1126647624,910442723,13
1126647624,910442752,3
1126647624,910442782,11
1126647624,910796989,20
1126647624,910801332,18
1126647624,911129204,3
1126647624,911129339,7
1126647624,911134009,11
1126647624,911138168,9
1126647624,911211196,7
1126647624,911241750,11
1126647624,911565419,12
1126647624,911901802,6
1126647624,911911004,4
1126647624,911919044,15
1126647624,912243353,7
1126647624,912545106,32
1126647624,941469087,8
1126647624,941482720,5
1126647624,941810314,6
1126647624,941814787,3
1126647624,942522378,3
1126647624,973959177,13
1127471202,1003318634,19
1127471202,1128495875,13
1127471202,1187844616,12
1127471202,1188181261,9
1127471202,446714544,9
1127471202,632229278,7
1127471202,633943192,9
1127471202,663298610,9
1127471202,695671851,4
1127471202,697355847,12
1127471202,757413552,6
1127471202,758065781,10
1127471202,786013801,6
1127471202,786013856,4
1127471202,788111826,9
1127471202,819138239,7
1127471202,880538997,9
1127471202,881527223,7
1127471202,909877092,13
1127471202,911560974,6
1127471202,974627674,9
1127471692,1004017998,73
1127471692,1035045015,94
1127471692,1065410141,23
1127471692,1127476096,14
1127471692,1167995070,15
1127471692,1168664495,3
1127471692,1198671494,3
1127471692,1199712272,4
1127471692,1220576923,26
1127471692,1220584946,10
1127471692,1261768832,3
1127471692,1291094620,6
1127471692,1291435551,13
1127471692,1291435693,6
1127471692,1291444314,8
1127471692,1292847181,5
1127471692,1294082002,6
1127471692,1294414279,5
1127471692,1318109929,8
1127471692,1322129437,7
1127471692,1322129730,6
1127471692,1322129781,11
1127471692,1322133296,6
1127471692,1322133825,5
1127471692,1322133858,5
1127471692,1322137688,4
1127471692,1322138079,5
1127471692,1322466938,5
1127471692,1322470368,9
1127471692,1322470462,9
1127471692,1352823209,5
1127471692,1353544607,18
1127471692,1380495496,22
1127471692,1508334312,23
1127471692,1600083889,13
1127471692,1631450739,9
1127471692,387023620,10
1127471692,416642425,33
1127471692,478375456,78
1127471692,508793049,16
1127471692,509410587,9
1127471692,539462336,10
1127471692,541118908,66
1127471692,541870397,37
1127471692,569775058,9
1127471692,5813012006,66
1127471692,5813047157,10
1127471692,5813047793,3
1127471692,5813053866,5
1127471692,5813056953,13
1127471692,5813059835,7
1127471692,5813070465,4
1127471692,5813077544,4
1127471692,5813080838,93
1127471692,5813080979,12
1127471692,632544268,57
1127471692,633546217,17
1127471692,634608104,27
1127471692,663562172,6
1127471692,664645558,21
1127471692,664650297,8
1127471692,695629525,40
1127471692,695956656,18
1127471692,696362840,3
1127471692,757055317,12
1127471692,788794171,32
1127471692,849482511,11
1127471692,879183317,12
1127471692,910447075,3
1127471692,912601268,45
1127471692,973566036,3
1127476096,1065409934,69
1127476096,1065410141,26
1127476096,1094722478,3
1127476096,1127471202,18
1127476096,1127471692,19
1127476096,1128495875,9
1127476096,1158507458,8
1127476096,1159530101,10
1127476096,1167300055,4
1127476096,1167300154,4
1127476096,1167304403,4
1127476096,1167641412,5
1127476096,1167891559,4
1127476096,1167977970,6
1127476096,1167995070,34
1127476096,1168664495,22
1127476096,1190171884,5
1127476096,1198326456,3
1127476096,1198667367,5
1127476096,1198671494,4
1127476096,1220576923,36
1127476096,1220584946,19
1127476096,1229710803,3
1127476096,1291099014,3
1127476096,1291103485,3
1127476096,1291435693,4
1127476096,1291444314,3
1127476096,1292847181,3
1127476096,1294082002,3
1127476096,1322129610,3
1127476096,1324430237,28
1127476096,1353544607,21
1127476096,1412238418,5
1127476096,1536006733,4
1127476096,1599069164,7
1127476096,1600083889,21
1127476096,570461892,45
1127476096,5812979082,3
1127476096,5812983734,38
1127476096,5813012006,10
1127476096,5813014873,6
1127476096,5813015999,6
1127476096,5813044670,15
1127476096,5813047647,3
1127476096,5813047793,3
1127476096,5813048042,8
1127476096,5813049948,3
1127476096,5813077544,18
1127476096,5813081686,5
1127476096,5813095667,6
1127476096,632544268,18
1127476096,634608104,6
1127476096,695629525,33
1127476096,734581598,5
1127476096,880530613,14
1127476096,880875736,9
1127476096,880880259,9
1127476096,881898734,8
1127476096,910442723,14
1127476096,910442782,7
1127476096,910783731,3
1127476096,910783883,4
1127476096,910783961,6
1127476096,910796989,23
1127476096,910801332,8
1127476096,911129339,7
1127476096,911134009,9
1127476096,911138168,9
1127476096,911211196,3
1127476096,911241750,9
1127476096,911565419,8
1127476096,911574041,6
1127476096,911578496,8
1127476096,911901802,12
1127476096,911906936,5
1127476096,911911004,3
1127476096,911911699,13
1127476096,941469087,15
1127476096,942587380,6
1127476096,972555509,19
1127476096,972892437,3
1127476096,973566036,23
1127808629,972624772,4
1128088594,1004014587,4
1128088594,1125969082,6
1128088594,1199677638,7
1128088594,1259377221,10
1128088594,1259377325,6
1128088594,1324430237,66
1128088594,1447576662,8
1128088594,572870540,6
1128088594,5812983734,64
1128088594,5813014873,3
1128088594,5813047157,18
1128088594,724280817,16
1128088594,848761388,3
1128088594,974300015,5
1128495875,1003318634,18
1128495875,1127471202,12
1128495875,1187844616,16
1128495875,1188181261,7
1128495875,446714544,14
1128495875,632229278,7
1128495875,633943192,6
1128495875,663298610,4
1128495875,695671851,4
1128495875,697355847,7
1128495875,757413552,9
1128495875,758065781,7
1128495875,786013801,3
1128495875,786013856,3
1128495875,788111826,10
1128495875,819138239,7
1128495875,880538997,8
1128495875,881527223,11
1128495875,909877092,7
1128495875,911560974,3
1128495875,974627674,8
1129456907,1200053009,7
1129456907,666994301,7
1129456907,911215499,3
1129456907,941132430,3
1136861363,1002507159,11
1136861363,1002852791,18
1136861363,1004017998,6
1136861363,1034219901,16
1136861363,1035045015,13
1136861363,1065410141,16
1136861363,1105834722,39
1136861363,1106180107,17
1136861363,1125964814,5
1136861363,1126647624,15
1136861363,1127476096,10
1136861363,1137210821,27
1136861363,1137219365,7
1136861363,1167295853,5
1136861363,1167295856,4
1136861363,1167295872,5
1136861363,1167300055,3
1136861363,1167300194,3
1136861363,1167304403,5
1136861363,1167563121,12
1136861363,1167567702,4
1136861363,1167632513,6
1136861363,1167645442,4
1136861363,1167645523,9
1136861363,1167645658,35
1136861363,1167891559,3
1136861363,1167895489,39
1136861363,1167896065,50
1136861363,1167904437,38
1136861363,1167977970,4
1136861363,1167982211,3
1136861363,1167995070,12
1136861363,1168059800,28
1136861363,1168064774,31
1136861363,1168241257,42
1136861363,1168249921,9
1136861363,1168664495,14
1136861363,1198257581,16
1136861363,1198334861,23
1136861363,1198413357,34
1136861363,1198667367,27
1136861363,1198671494,5
1136861363,1198671672,40
1136861363,1198675740,23
1136861363,1198680122,19
1136861363,1198680249,19
1136861363,1198680426,9
1136861363,1198680441,5
1136861363,1198684596,8
1136861363,1198693217,5
1136861363,1198931241,5
1136861363,1198943369,7
1136861363,1199017128,3
1136861363,1199699496,32
1136861363,1199712167,49
1136861363,1199712272,33
1136861363,1229710803,3
1136861363,1229965474,3
1136861363,1230480261,48
1136861363,1261000309,4
1136861363,1261056809,8
1136861363,1292846965,5
1136861363,1292847181,3
1136861363,1324145475,3
1136861363,1416900410,3
1136861363,1447576662,18
1136861363,1513674176,6
1136861363,387364605,11
1136861363,416642425,15
1136861363,449438847,12
1136861363,478375456,15
1136861363,541118908,12
1136861363,541870397,11
1136861363,572870540,15
1136861363,5812979082,7
1136861363,5812979222,7
1136861363,5813012006,18
1136861363,5813014873,15
1136861363,5813020409,28
1136861363,5813022281,7
1136861363,5813027103,10
1136861363,5813040233,8
1136861363,5813047446,13
1136861363,5813047647,24
1136861363,5813048896,24
1136861363,5813049948,7
1136861363,5813050767,4
1136861363,5813053866,4
1136861363,5813061251,11
1136861363,5813077544,15
1136861363,5813080838,11
1136861363,632544268,18
1136861363,633546217,11
1136861363,634962055,15
1136861363,665314820,12
1136861363,694920753,14
1136861363,695629525,11
1136861363,695956656,10
1136861363,696362840,10
1136861363,697001770,11
1136861363,725951521,10
1136861363,758419409,10
1136861363,788794171,10
1136861363,789126240,9
1136861363,819828986,6
1136861363,910438331,8
1136861363,912545106,20
1136861363,912601268,11
1136861363,941132434,9
1136861363,942491983,17
1137210821,1002507159,18
1137210821,1002852791,15
1137210821,1004017998,8
1137210821,1034219901,19
1137210821,1035045015,9
1137210821,1065410141,11
1137210821,1105834722,29
1137210821,1106180107,23
1137210821,1125964814,8
1137210821,1126647624,17
1137210821,1127476096,9
1137210821,1136861363,31
1137210821,1137219365,23
1137210821,1167295916,3
1137210821,1167563121,15
1137210821,1167567702,6
1137210821,1167632513,5
1137210821,1167645442,7
1137210821,1167645658,26
1137210821,1167895489,26
1137210821,1167896065,25
1137210821,1167904437,33
1137210821,1167977970,4
1137210821,1167995070,20
1137210821,1168059800,33
1137210821,1168064774,27
1137210821,1168241257,35
1137210821,1168249921,8
1137210821,1168664495,19
1137210821,1168923315,8
1137210821,1198006801,4
1137210821,1198257581,17
1137210821,1198326456,4
1137210821,1198334861,28
1137210821,1198413357,42
1137210821,1198667367,36
1137210821,1198671494,6
1137210821,1198671672,33
1137210821,1198675740,26
1137210821,1198680122,29
1137210821,1198680249,27
1137210821,1198680426,12
1137210821,1198680441,10
1137210821,1198684596,18
1137210821,1198931241,3
1137210821,1198943369,14
1137210821,1199017128,4
1137210821,1199699496,29
1137210821,1199712167,27
1137210821,1199712272,29
1137210821,1230480261,27
1137210821,1447576662,16
1137210821,387364605,8
1137210821,416642425,14
1137210821,449438847,12
1137210821,478375456,13
1137210821,541118908,8
1137210821,541870397,10
1137210821,572870540,16
1137210821,5812979082,13
1137210821,5813012006,17
1137210821,5813014873,5
1137210821,5813020409,23
1137210821,5813022281,11
1137210821,5813027103,9
1137210821,5813040233,13
1137210821,5813047446,12
1137210821,5813047647,31
1137210821,5813047793,3
1137210821,5813048896,20
1137210821,5813049948,7
1137210821,5813050767,5
1137210821,5813053866,3
1137210821,5813061251,5
1137210821,5813077544,14
1137210821,5813080838,9
1137210821,632544268,14
1137210821,633546217,7
1137210821,634962055,9
1137210821,665314820,11
1137210821,694920753,15
1137210821,695629525,15
1137210821,695956656,4
1137210821,696362840,6
1137210821,697001770,20
1137210821,725951521,12
1137210821,758419409,13
1137210821,788794171,13
1137210821,789126240,11
1137210821,819828986,10
1137210821,910438331,8
1137210821,912545106,12
1137210821,912601268,13
1137210821,941132434,13
1137210821,942491983,15
1137219365,1002507159,15
1137219365,1002852791,14
1137219365,1034219901,12
1137219365,1035045015,15
1137219365,1065410141,10
1137219365,1105834722,22
1137219365,1106180107,29
1137219365,1125964814,3
1137219365,1126647624,11
1137219365,1127476096,10
1137219365,1136861363,13
1137219365,1137210821,23
1137219365,1167563121,21
1137219365,1167567702,23
1137219365,1167641412,7
1137219365,1167645442,7
1137219365,1167645658,12
1137219365,1167895489,15
1137219365,1167896065,7
1137219365,1167904437,10
1137219365,1167977970,15
1137219365,1167995070,10
1137219365,1168059800,19
1137219365,1168064774,16
1137219365,1168241257,12
1137219365,1168249921,27
1137219365,1168664495,16
1137219365,1168923315,16
1137219365,1198257581,28
1137219365,1198326456,12
1137219365,1198334861,25
1137219365,1198413357,14
1137219365,1198667367,12
1137219365,1198671494,14
1137219365,1198671672,9
1137219365,1198675740,10
1137219365,1198680122,24
1137219365,1198680249,38
1137219365,1198680426,23
1137219365,1198680441,20
1137219365,1198684596,18
1137219365,1198943369,23
1137219365,1199017128,15
1137219365,1199699496,18
1137219365,1199712167,12
1137219365,1199712272,24
1137219365,1229369776,3
1137219365,1229710803,12
1137219365,1230121634,7
1137219365,1230480261,6
1137219365,1260400286,3
1137219365,1260422110,9
1137219365,1261086863,3
1137219365,1261091124,4
1137219365,1261423507,4
1137219365,1261427999,5
1137219365,1261432158,4
1137219365,1261436305,4
1137219365,1261756007,5
1137219365,1292113218,3
1137219365,1292847181,6
1137219365,1447576662,15
1137219365,387364605,18
1137219365,416642425,9
1137219365,449438847,10
1137219365,478375456,7
1137219365,541118908,12
1137219365,541870397,15
1137219365,572870540,8
1137219365,5812979082,21
1137219365,5812979222,4
1137219365,5813012006,4
1137219365,5813014873,15
1137219365,5813020409,16
1137219365,5813022281,14
1137219365,5813027103,14
1137219365,5813040233,16
1137219365,5813047446,18
1137219365,5813047647,23
1137219365,5813047793,8
1137219365,5813048896,17
1137219365,5813049948,18
1137219365,5813050767,7
1137219365,5813053866,12
1137219365,5813053988,7
1137219365,5813061251,5
1137219365,5813077544,23
1137219365,5813077556,5
1137219365,5813080838,10
1137219365,632544268,14
1137219365,633546217,8
1137219365,634962055,6
1137219365,665314820,11
1137219365,694920753,9
1137219365,695629525,13
1137219365,695956656,8
1137219365,696362840,8
1137219365,697001770,14
1137219365,725951521,8
1137219365,758419409,15
1137219365,788794171,14
1137219365,789126240,8
1137219365,819828986,13
1137219365,910438331,6
1137219365,912545106,14
1137219365,912601268,7
1137219365,941132434,15
1137219365,942491983,14
1155302782,1125964879,4
1155302782,1156663078,7
1155302782,1187693355,5
1155302782,1188371481,3
1155302782,1188716311,3
1155302782,1250113157,4
1155302782,1310499077,9
1155302782,1410122382,11
1155302782,1410122586,8
1155302782,1410122892,3
1155302782,1410450511,3
1155302782,1410450949,9
1155302782,1441481281,9
1155302782,1441485832,7
1155302782,1473202957,7
1155302782,1503581177,3
1155302782,1503581412,4
1155302782,1504924440,9
1155302782,1535652862,10
1155302782,1566333075,3
1155302782,1568047319,12
1155302782,1597683387,8
1155302782,1599431888,12
1155302782,1599436552,5
1155302782,1629085008,4
1155302782,1631131487,8
1155302782,572166953,3
1155302782,5812987327,6
1155302782,5812988707,3
1155302782,5813040300,3
1155302782,633895972,3
1155302782,662845370,4
1155302782,663225743,9
1155302782,692857189,5
1155302782,724276536,3
1155302782,755644082,13
1155302782,786013842,4
1155302782,849421893,4
1155302782,942172462,3
1155652503,1126301255,6
1155652503,1126310776,4
1155652503,1126310969,7
1155652503,1217385533,8
1155652503,1218728541,7
1155652503,1224249917,5
1155652503,1224254476,6
1155652503,1255297613,3
1155652503,1286315568,4
1155652503,1411862814,5
1155652503,1443579770,5
1155652503,1472205673,9
1155652503,1566644645,5
1155652503,1662166202,9
1155652503,541119189,7
1155652503,5813050000,7
1155652503,5813056934,13
1155652503,663558074,12
1155652503,663898692,3
1155652503,692852666,8
1155652503,818063189,9
1155652503,849763224,3
1155652503,879442155,10
1155652503,879748663,7
1155652503,882533209,11
1155652503,909777910,4
1155652503,941132270,6
1155652503,971506655,18
1155652503,972871918,5
1156663078,1035955516,9
1156663078,1155302782,4
1156663078,1187693355,3
1156663078,1217394039,8
1156663078,1310499077,11
1156663078,1410122382,6
1156663078,1410450511,9
1156663078,1410450949,7
1156663078,1441481281,6
1156663078,1473202957,7
1156663078,1504924440,14
1156663078,1534616361,4
1156663078,1535652862,7
1156663078,1568047319,9
1156663078,1597683387,8
1156663078,1631131487,7
1156663078,5812987327,3
1156663078,633895972,9
1156663078,662840966,5
1156663078,662845370,3
1156663078,663225743,6
1156663078,663950729,4
1156663078,694985489,3
1156663078,727371546,5
1156663078,755644082,6
1156663078,786013842,5
1156663078,849421893,3
1156999846,1126310716,3
1156999846,1157000178,3
1156999846,1219756158,3
1156999846,1350803100,3
1156999846,1380408769,3
1156999846,1410105306,3
1156999846,1441486002,3
1156999846,1628744095,4
1156999846,481112669,4
1156999846,5812987339,3
1156999846,635234035,4
1156999846,847712250,3
1156999846,851493896,7
1156999846,910447181,8
1156999846,948333783,7
1157000178,1126310716,4
1157000178,1155302782,4
1157000178,1219410844,3
1157000178,1410122892,5
1157000178,1441485942,3
1157000178,1473207713,6
1157000178,1599431888,4
1157000178,1599436552,4
1157000178,1628744095,6
1157000178,1629426306,4
1157000178,481112669,9
1157000178,5812987339,3
1157000178,635234035,6
1157000178,724228740,6
1157000178,851493896,9
1157000178,910447181,5
1157000178,911134017,9
1157000178,948333783,9
1158507458,1094722478,3
1158507458,1134253374,10
1158507458,1159530101,8
1158507458,1189887646,5
1158507458,1219889738,6
1158507458,1349114715,4
1158507458,1380145201,3
1158507458,1380149683,3
1158507458,1410472719,4
1158507458,1441485388,3
1158507458,1567728102,5
1158507458,1599069164,6
1158507458,1660776511,9
1158507458,1660789784,5
1158507458,1661122416,4
1158507458,1661458883,4
1158507458,5813041556,4
1158507458,693651381,3
1158507458,697014777,3
1158507458,756390536,4
1158507458,757055403,4
1158507458,787374226,8
1158507458,818119357,5
1158507458,848800043,4
1158507458,849162653,4
1158507458,879844178,3
1158507458,880526292,3
1158507458,880875927,8
1158507458,882239837,10
1158507458,911215499,4
1158507458,911569552,5
1158507458,979752365,8
1158507467,1348769299,3
1158507467,1410127581,3
1158507467,1661799601,3
1158507467,880875900,3
1158507467,912238927,3
1158747783,1003318634,23
1158747783,1003672766,41
1158747783,1004014587,36
1158747783,1004017998,23
1158747783,1004700437,37
1158747783,1034711992,12
1158747783,1035045015,15
1158747783,1065409934,3
1158747783,1097718659,45
1158747783,1097718901,28
1158747783,1167995070,3
1158747783,1224936588,3
1158747783,1318109929,59
1158747783,1441848753,3
1158747783,1442556708,3
1158747783,1472205673,15
1158747783,1504268020,3
1158747783,1534616158,11
1158747783,1534616361,3
1158747783,1631486122,3
1158747783,1662166202,29
1158747783,387364605,4
1158747783,449438847,3
1158747783,508793049,5
1158747783,570185174,23
1158747783,570518166,22
1158747783,572167406,9
1158747783,5813012006,23
1158747783,5813014062,15
1158747783,5813014505,18
1158747783,5813044670,4
1158747783,5813048042,14
1158747783,5813061383,18
1158747783,5813080838,5
1158747783,5813128308,9
1158747783,632544268,34
1158747783,634962055,4
1158747783,635234035,21
1158747783,663225743,4
1158747783,664650297,3
1158747783,666994301,35
1158747783,693651381,10
1158747783,693979726,9
1158747783,694920753,3
1158747783,695629525,36
1158747783,723602649,10
1158747783,724276536,18
1158747783,724280817,71
1158747783,734581598,6
1158747783,757699264,4
1158747783,758419409,3
1158747783,786013842,6
1158747783,786013856,4
1158747783,786674282,3
1158747783,818063189,13
1158747783,818119357,12
1158747783,880530613,4
1158747783,880875736,9
1158747783,880880259,23
1158747783,881221166,19
1158747783,881458181,13
1158747783,881898734,6
1158747783,909877092,18
1158747783,910442723,5
1158747783,910442752,9
1158747783,910442782,7
1158747783,910783731,3
1158747783,910783883,11
1158747783,910783961,10
1158747783,910796989,17
1158747783,910801332,12
1158747783,911129204,20
1158747783,911129339,8
1158747783,911134009,9
1158747783,911138168,9
1158747783,911211196,5
1158747783,911241750,6
1158747783,911470352,14
1158747783,911500529,7
1158747783,911504643,33
1158747783,911565419,8
1158747783,911574041,10
1158747783,911574261,5
1158747783,911578483,7
1158747783,911578496,20
1158747783,911901802,6
1158747783,911906936,17
1158747783,911911004,13
1158747783,911911193,13
1158747783,911911699,10
1158747783,911919044,10
1158747783,911919917,3
1158747783,912243353,16
1158747783,916284630,50
1158747783,941244280,17
1158747783,941469087,19
1158747783,941482720,10
1158747783,941810314,10
1158747783,941814787,6
1158747783,942522378,16
1158747783,948333783,4
1158747783,972555509,53
1158747783,972624772,12
1158747783,972892437,23
1158747783,973959177,12
1158747783,974300015,3
1159530101,1094722478,3
1159530101,1134253374,3
1159530101,1158507458,3
1159530101,1189887646,5
1159530101,1282305753,3
1159530101,1345056477,4
1159530101,1380149683,3
1159530101,1472520245,3
1159530101,1567028669,5
1159530101,1567382512,3
1159530101,1599069164,9
1159530101,1599410380,6
1159530101,1599747200,4
1159530101,5812994149,5
1159530101,5813041556,3
1159530101,5813077698,3
1159530101,632911211,5
1159530101,693651381,3
1159530101,756049717,3
1159530101,818119357,6
1159530101,848800082,6
1159530101,850492366,7
1159530101,850829248,6
1159530101,880526292,7
1159530101,880875927,4
1159530101,882239837,4
1159530101,911215499,7
1159530101,911569552,3
1159530101,913235746,6
1159530101,972624772,4
1160833169,880526292,3
1160833169,974968796,3
1164597572,880526292,3
1167282562,1200053009,8
1167282562,1381484065,3
1167282562,850194651,3
1167282562,880875840,4
1167282562,882239837,6
1167282562,979752365,5
1167295853,1002507159,15
1167295853,1002852791,12
1167295853,1004017998,5
1167295853,1034219901,6
1167295853,1035045015,9
1167295853,1065410141,11
1167295853,1125964814,11
1167295853,1126647624,10
1167295853,1127476096,7
1167295853,1136861363,3
1167295853,1167295856,53
1167295853,1167295872,72
1167295853,1167295916,44
1167295853,1167300055,61
1167295853,1167300154,34
1167295853,1167300194,44
1167295853,1167304403,45
1167295853,1167632513,49
1167295853,1167645523,69
1167295853,1167891559,64
1167295853,1167895489,3
1167295853,1167982211,35
1167295853,1167995070,9
1167295853,1168664495,15
1167295853,1198006801,59
1167295853,1198693217,51
1167295853,1198931241,66
1167295853,1199712167,7
1167295853,1229965474,37
1167295853,1230026228,66
1167295853,1230026402,48
1167295853,1230480261,3
1167295853,1261000309,61
1167295853,1261056809,55
1167295853,1292846965,49
1167295853,1324145475,49
1167295853,1416900410,38
1167295853,1447576662,12
1167295853,1513674176,34
1167295853,387364605,10
1167295853,416642425,12
1167295853,449438847,7
1167295853,478375456,6
1167295853,539462336,3
1167295853,541118908,5
1167295853,541870397,5
1167295853,572870540,14
1167295853,5812979222,56
1167295853,5813012006,10
1167295853,5813014873,9
1167295853,5813022281,3
1167295853,5813027103,6
1167295853,5813040233,8
1167295853,5813047647,5
1167295853,5813061251,6
1167295853,5813070465,3
1167295853,5813077544,22
1167295853,5813080838,8
1167295853,633546217,4
1167295853,634962055,9
1167295853,665314820,10
1167295853,694920753,11
1167295853,695629525,13
1167295853,695956656,7
1167295853,696362840,4
1167295853,697001770,18
1167295853,725951521,8
1167295853,758419409,12
1167295853,788794171,5
1167295853,789126240,4
1167295853,819828986,10
1167295853,910438331,5
1167295853,912545106,11
1167295853,912601268,5
1167295853,941132434,8
1167295853,942491983,12
1167295853,973566036,3
1167295856,1002507159,10
1167295856,1002852791,12
1167295856,1004017998,6
1167295856,1034219901,11
1167295856,1035045015,9
1167295856,1065410141,14
1167295856,1125964814,8
1167295856,1126647624,12
1167295856,1127476096,15
1167295856,1167295853,42
1167295856,1167295872,60
1167295856,1167295916,48
1167295856,1167300055,58
1167295856,1167300154,53
1167295856,1167300194,55
1167295856,1167304403,61
1167295856,1167632513,53
1167295856,1167645523,44
1167295856,1167891559,51
1167295856,1167982211,40
1167295856,1167995070,6
1167295856,1168664495,15
1167295856,1198006801,48
1167295856,1198693217,74
1167295856,1198931241,74
1167295856,1199699496,3
1167295856,1229965474,61
1167295856,1230026228,44
1167295856,1230026402,55
1167295856,1261000309,66
1167295856,1261056809,41
1167295856,1292846965,46
1167295856,1318109929,3
1167295856,1324145475,51
1167295856,1353544607,6
1167295856,1416900410,67
1167295856,1447576662,16
1167295856,1513674176,52
1167295856,1600083889,4
1167295856,387364605,7
1167295856,416642425,9
1167295856,449438847,9
1167295856,478375456,9
1167295856,541118908,8
1167295856,541870397,4
1167295856,572870540,17
1167295856,5812979222,38
1167295856,5813012006,7
1167295856,5813014873,12
1167295856,5813022281,4
1167295856,5813027103,5
1167295856,5813040233,7
1167295856,5813061251,13
1167295856,5813070465,7
1167295856,5813077544,14
1167295856,5813080838,3
1167295856,632544268,3
1167295856,633546217,5
1167295856,634962055,10
1167295856,665314820,8
1167295856,693755250,4
1167295856,694920753,6
1167295856,695629525,14
1167295856,695956656,6
1167295856,696362840,4
1167295856,697001770,12
1167295856,724280817,4
1167295856,725951521,5
1167295856,758419409,9
1167295856,788794171,6
1167295856,819828986,9
1167295856,910438331,8
1167295856,912545106,12
1167295856,912601268,8
1167295856,941132434,7
1167295856,942491983,6
1167295856,973566036,4
1167295872,1002507159,14
1167295872,1002852791,14
1167295872,1034219901,9
1167295872,1035045015,8
1167295872,1065410141,10
1167295872,1125964814,13
1167295872,1126647624,15
1167295872,1127476096,10
1167295872,1167295853,64
1167295872,1167295856,69
1167295872,1167295916,58
1167295872,1167300055,76
1167295872,1167300154,54
1167295872,1167300194,50
1167295872,1167304403,65
1167295872,1167632513,47
1167295872,1167645523,66
1167295872,1167891559,57
1167295872,1167895489,3
1167295872,1167896065,4
1167295872,1167982211,39
1167295872,1167995070,15
1167295872,1168664495,12
1167295872,1198006801,64
1167295872,1198693217,60
1167295872,1198931241,67
1167295872,1199712167,3
1167295872,1229965474,67
1167295872,1230026228,59
1167295872,1230026402,64
1167295872,1261000309,72
1167295872,1261056809,52
1167295872,1292846965,55
1167295872,1324145475,63
1167295872,1353544607,3
1167295872,1416900410,52
1167295872,1447576662,13
1167295872,1513674176,66
1167295872,1601771527,5
1167295872,387364605,11
1167295872,416642425,12
1167295872,449438847,13
1167295872,478375456,4
1167295872,541118908,5
1167295872,541870397,5
1167295872,572870540,11
1167295872,5812979222,51
1167295872,5813012006,10
1167295872,5813014873,12
1167295872,5813022281,7
1167295872,5813027103,6
1167295872,5813040233,5
1167295872,5813047647,3
1167295872,5813061251,9
1167295872,5813070465,3
1167295872,5813077544,14
1167295872,5813080838,12
1167295872,632544268,5
1167295872,633546217,3
1167295872,634962055,7
1167295872,665314820,11
1167295872,694920753,7
1167295872,695629525,10
1167295872,695956656,9
1167295872,696362840,6
1167295872,697001770,18
1167295872,724280817,6
1167295872,725951521,10
1167295872,758419409,7
1167295872,788794171,6
1167295872,789126240,4
1167295872,819828986,10
1167295872,849421763,4
1167295872,910438331,9
1167295872,912545106,7
1167295872,912601268,4
1167295872,941132434,5
1167295872,942491983,9
1167295872,973566036,3
1167295916,1002507159,10
1167295916,1002852791,9
1167295916,1004017998,6
1167295916,1034219901,6
1167295916,1035045015,11
1167295916,1062526223,3
1167295916,1065410141,12
1167295916,1105834722,3
1167295916,1125964814,5
1167295916,1126647624,8
1167295916,1127476096,8
1167295916,1167295853,47
1167295916,1167295856,61
1167295916,1167295872,59
1167295916,1167300055,36
1167295916,1167300154,53
1167295916,1167300194,59
1167295916,1167304403,58
1167295916,1167632513,39
1167295916,1167645523,51
1167295916,1167645658,6
1167295916,1167891559,61
1167295916,1167904437,3
1167295916,1167982211,52
1167295916,1167995070,9
1167295916,1168664495,9
1167295916,1198006801,58
1167295916,1198693217,46
1167295916,1198931241,65
1167295916,1199712167,3
1167295916,1229965474,62
1167295916,1230026228,45
1167295916,1230026402,56
1167295916,1230480261,3
1167295916,1261000309,65
1167295916,1261056809,60
1167295916,1292846965,72
1167295916,1318109929,4
1167295916,1324145475,54
1167295916,1353544607,5
1167295916,1416900410,60
1167295916,1447576662,17
1167295916,1513674176,48
1167295916,1600083889,4
1167295916,387023620,3
1167295916,387364605,3
1167295916,416642425,10
1167295916,449438847,11
1167295916,478375456,7
1167295916,541118908,6
1167295916,541870397,11
1167295916,572870540,14
1167295916,5812979222,60
1167295916,5813012006,8
1167295916,5813014873,11
1167295916,5813022281,4
1167295916,5813027103,3
1167295916,5813047647,3
1167295916,5813061251,8
1167295916,5813077544,12
1167295916,5813080838,6
1167295916,632544268,6
1167295916,633546217,7
1167295916,634962055,9
1167295916,664650297,3
1167295916,665314820,11
1167295916,693755250,3
1167295916,694920753,3
1167295916,695629525,12
1167295916,695956656,7
1167295916,696362840,6
1167295916,697001770,13
1167295916,724280817,4
1167295916,725951521,4
1167295916,758419409,9
1167295916,788794171,6
1167295916,789126240,4
1167295916,819828986,10
1167295916,849421763,3
1167295916,912545106,10
1167295916,912601268,5
1167295916,941132434,8
1167295916,942491983,6
1167295916,973566036,5
1167300055,1002507159,14
1167300055,1002852791,10
1167300055,1004017998,5
1167300055,1034219901,13
1167300055,1035045015,8
1167300055,1065410141,19
1167300055,1125964814,5
1167300055,1126647624,13
1167300055,1127476096,6
1167300055,1167295853,61
1167300055,1167295856,42
1167300055,1167295872,70
1167300055,1167295916,50
1167300055,1167300154,48
1167300055,1167300194,81
1167300055,1167304403,56
1167300055,1167632513,70
1167300055,1167645523,71
1167300055,1167645658,4
1167300055,1167891559,67
1167300055,1167982211,56
1167300055,1167995070,14
1167300055,1168664495,19
1167300055,1198006801,60
1167300055,1198413357,3
1167300055,1198693217,62
1167300055,1198931241,68
1167300055,1199712167,4
1167300055,1229965474,59
1167300055,1230026228,68
1167300055,1230026402,58
1167300055,1230480261,4
1167300055,1261000309,58
1167300055,1261056809,68
1167300055,1292846965,58
1167300055,1324145475,54
1167300055,1416900410,53
1167300055,1447576662,15
1167300055,1513674176,67
1167300055,416642425,4
1167300055,449438847,10
1167300055,478375456,14
1167300055,541118908,7
1167300055,541870397,10
1167300055,572870540,14
1167300055,5812979222,50
1167300055,5813012006,7
1167300055,5813014873,12
1167300055,5813022281,5
1167300055,5813027103,6
1167300055,5813040233,6
1167300055,5813047157,3
1167300055,5813047647,4
1167300055,5813061251,7
1167300055,5813077544,20
1167300055,5813080838,5
1167300055,632544268,7
1167300055,633546217,6
1167300055,634962055,9
1167300055,665314820,13
1167300055,694920753,6
1167300055,695629525,9
1167300055,695956656,5
1167300055,696362840,4
1167300055,697001770,11
1167300055,724280817,6
1167300055,725951521,6
1167300055,758419409,6
1167300055,788794171,8
1167300055,789126240,8
1167300055,819828986,4
1167300055,849421763,6
1167300055,910438331,9
1167300055,912545106,10
1167300055,912601268,4
1167300055,941132434,10
1167300055,942491983,4
1167300154,1002507159,10
1167300154,1002852791,10
1167300154,1004017998,7
1167300154,1034219901,11
1167300154,1035045015,9
1167300154,1065410141,15
1167300154,1105834722,3
1167300154,1125964814,6
1167300154,1126647624,12
1167300154,1127476096,12
1167300154,1137210821,3
1167300154,1167295853,42
1167300154,1167295856,46
1167300154,1167295872,57
1167300154,1167295916,45
1167300154,1167300055,50
1167300154,1167300194,39
1167300154,1167304403,57
1167300154,1167632513,51
1167300154,1167641412,3
1167300154,1167645523,51
1167300154,1167891559,57
1167300154,1167895489,3
1167300154,1167896065,3
1167300154,1167982211,45
1167300154,1167995070,11
1167300154,1168059800,3
1167300154,1168664495,16
1167300154,1198006801,46
1167300154,1198693217,62
1167300154,1198931241,35
1167300154,1199712167,5
1167300154,1229965474,32
1167300154,1230026228,50
1167300154,1230026402,51
1167300154,1261000309,46
1167300154,1261056809,52
1167300154,1292846965,49
1167300154,1324145475,50
1167300154,1416900410,38
1167300154,1447576662,8
1167300154,1513674176,48
1167300154,387364605,6
1167300154,416642425,12
1167300154,449438847,9
1167300154,478375456,6
1167300154,541118908,5
1167300154,541870397,5
1167300154,572870540,7
1167300154,5812979222,47
1167300154,5813012006,9
1167300154,5813014873,6
1167300154,5813022281,4
1167300154,5813027103,7
1167300154,5813040233,6
1167300154,5813047647,7
1167300154,5813061251,8
1167300154,5813070465,3
1167300154,5813077544,8
1167300154,5813080838,8
1167300154,632544268,10
1167300154,633546217,3
1167300154,634962055,11
1167300154,665314820,9
1167300154,694920753,10
1167300154,695629525,8
1167300154,695956656,14
1167300154,696362840,5
1167300154,697001770,11
1167300154,725951521,8
1167300154,758419409,8
1167300154,789126240,7
1167300154,819828986,8
1167300154,849421763,3
1167300154,879183317,4
1167300154,910438331,8
1167300154,912545106,10
1167300154,912601268,6
1167300154,941132434,9
1167300154,942491983,7
1167300194,1002507159,13
1167300194,1002852791,8
1167300194,1034219901,10
1167300194,1035045015,11
1167300194,1062526223,3
1167300194,1065410141,11
1167300194,1125964814,4
1167300194,1126647624,6
1167300194,1127476096,6
1167300194,1167295853,49
1167300194,1167295856,58
1167300194,1167295872,46
1167300194,1167295916,56
1167300194,1167300055,79
1167300194,1167300154,50
1167300194,1167304403,67
1167300194,1167632513,32
1167300194,1167645523,52
1167300194,1167891559,56
1167300194,1167904437,6
1167300194,1167982211,43
1167300194,1167995070,9
1167300194,1168664495,12
1167300194,1197993940,3
1167300194,1198006801,55
1167300194,1198671672,3
1167300194,1198693217,51
1167300194,1198931241,53
1167300194,1199712167,4
1167300194,1199712272,5
1167300194,1229965474,44
1167300194,1230026228,55
1167300194,1230026402,56
1167300194,1230480261,4
1167300194,1261000309,59
1167300194,1261056809,44
1167300194,1292846965,42
1167300194,1324145475,56
1167300194,1353544607,6
1167300194,1416900410,63
1167300194,1447576662,11
1167300194,1513674176,65
1167300194,1601771527,3
1167300194,387364605,8
1167300194,416642425,16
1167300194,449438847,7
1167300194,478375456,9
1167300194,541118908,4
1167300194,541870397,13
1167300194,572870540,15
1167300194,5812979222,45
1167300194,5813012006,8
1167300194,5813014873,13
1167300194,5813022281,5
1167300194,5813027103,8
1167300194,5813040233,6
1167300194,5813047647,3
1167300194,5813061251,9
1167300194,5813070465,3
1167300194,5813077544,15
1167300194,5813080838,12
1167300194,632544268,5
1167300194,633546217,5
1167300194,634962055,9
1167300194,665314820,6
1167300194,694920753,8
1167300194,695629525,13
1167300194,695956656,7
1167300194,696362840,4
1167300194,697001770,11
1167300194,724280817,3
1167300194,725951521,6
1167300194,758419409,6
1167300194,788794171,4
1167300194,789126240,10
1167300194,819828986,11
1167300194,910438331,9
1167300194,912545106,9
1167300194,912601268,3
1167300194,941132434,11
1167300194,942491983,13
1167300194,973566036,4
1167304403,1002507159,13
1167304403,1002852791,9
1167304403,1004017998,4
1167304403,1034219901,16
1167304403,1035045015,7
1167304403,1065410141,12
1167304403,1125964814,7
1167304403,1126647624,8
1167304403,1127476096,14
1167304403,1136861363,4
1167304403,1167295853,46
1167304403,1167295856,59
1167304403,1167295872,58
1167304403,1167295916,66
1167304403,1167300055,66
1167304403,1167300154,61
1167304403,1167300194,55
1167304403,1167632513,52
1167304403,1167645523,55
1167304403,1167645658,3
1167304403,1167891559,53
1167304403,1167896065,4
1167304403,1167904437,3
1167304403,1167982211,60
1167304403,1167995070,12
1167304403,1168664495,19
1167304403,1198006801,50
1167304403,1198334861,3
1167304403,1198667367,3
1167304403,1198680122,3
1167304403,1198693217,32
1167304403,1198931241,52
1167304403,1199712167,5
1167304403,1199712272,6
1167304403,1218728570,3
1167304403,1229965474,43
1167304403,1230026228,44
1167304403,1230026402,40
1167304403,1230480261,4
1167304403,1261000309,42
1167304403,1261056809,43
1167304403,1292846965,56
1167304403,1324145475,52
1167304403,1416900410,47
1167304403,1447576662,12
1167304403,1513674176,64
1167304403,387364605,5
1167304403,416642425,8
1167304403,449438847,7
1167304403,478375456,11
1167304403,541118908,4
1167304403,541870397,9
1167304403,572870540,13
1167304403,5812979222,54
1167304403,5813012006,6
1167304403,5813014873,9
1167304403,5813022281,3
1167304403,5813027103,3
1167304403,5813040233,5
1167304403,5813047647,3
1167304403,5813061251,7
1167304403,5813077544,15
1167304403,5813080838,10
1167304403,632544268,10
1167304403,633546217,6
1167304403,634962055,12
1167304403,665314820,8
1167304403,693755250,3
1167304403,694920753,9
1167304403,695629525,8
1167304403,695956656,9
1167304403,696362840,3
1167304403,697001770,11
1167304403,725951521,6
1167304403,758419409,7
1167304403,788794171,4
1167304403,789126240,4
1167304403,819828986,5
1167304403,849421763,3
1167304403,910438331,10
1167304403,912545106,7
1167304403,912601268,5
1167304403,941132434,10
1167304403,942491983,9
1167304403,973566036,4
1167563121,1002507159,16
1167563121,1002852791,15
1167563121,1004017998,9
1167563121,1034219901,17
1167563121,1035045015,9
1167563121,1065410141,9
1167563121,1105834722,10
1167563121,1106180107,34
1167563121,1125964814,5
1167563121,1126647624,9
1167563121,1127476096,11
1167563121,1136861363,13
1167563121,1137210821,18
1167563121,1137219365,26
1167563121,1167567702,18
1167563121,1167641412,9
1167563121,1167645442,11
1167563121,1167645658,9
1167563121,1167895489,7
1167563121,1167896065,7
1167563121,1167904437,14
1167563121,1167977970,8
1167563121,1167995070,12
1167563121,1168059800,12
1167563121,1168064774,7
1167563121,1168241257,16
1167563121,1168249921,35
1167563121,1168664495,11
1167563121,1168923315,19
1167563121,1198257581,26
1167563121,1198326456,9
1167563121,1198334861,12
1167563121,1198413357,12
1167563121,1198667367,10
1167563121,1198671494,15
1167563121,1198671672,15
1167563121,1198675740,11
1167563121,1198680122,22
1167563121,1198680249,28
1167563121,1198680426,28
1167563121,1198680441,17
1167563121,1198684596,38
1167563121,1198943369,34
1167563121,1199017128,27
1167563121,1199699496,10
1167563121,1199712167,8
1167563121,1199712272,19
1167563121,1229369776,5
1167563121,1229710803,17
1167563121,1230121634,4
1167563121,1230319275,3
1167563121,1230480261,10
1167563121,1260422110,7
1167563121,1261086734,5
1167563121,1261086755,3
1167563121,1261086863,3
1167563121,1261091124,4
1167563121,1261423444,3
1167563121,1261423454,5
1167563121,1261423507,6
1167563121,1261423534,3
1167563121,1261436305,3
1167563121,1292847181,4
1167563121,1447576662,18
1167563121,387364605,20
1167563121,416642425,4
1167563121,449438847,19
1167563121,478375456,12
1167563121,541118908,12
1167563121,541870397,15
1167563121,572870540,19
1167563121,5812979082,36
1167563121,5812979222,3
1167563121,5812983887,5
1167563121,5813012006,10
1167563121,5813014873,9
1167563121,5813020409,23
1167563121,5813022281,9
1167563121,5813027103,12
1167563121,5813038224,3
1167563121,5813040233,12
1167563121,5813047446,23
1167563121,5813047647,21
1167563121,5813047793,4
1167563121,5813048896,21
1167563121,5813049948,14
1167563121,5813050767,8
1167563121,5813053866,8
1167563121,5813053988,6
1167563121,5813061251,10
1167563121,5813077544,12
1167563121,5813077556,14
1167563121,5813080838,18
1167563121,632544268,12
1167563121,633546217,9
1167563121,634962055,14
1167563121,665314820,12
1167563121,694920753,14
1167563121,695629525,8
1167563121,695956656,10
1167563121,696362840,12
1167563121,697001770,14
1167563121,725951521,12
1167563121,758419409,13
1167563121,788794171,14
1167563121,789126240,13
1167563121,819828986,9
1167563121,910438331,16
1167563121,912545106,14
1167563121,912601268,8
1167563121,941132434,12
1167563121,942491983,10
1167567702,1002507159,9
1167567702,1002852791,17
1167567702,1004017998,4
1167567702,1034219901,15
1167567702,1035045015,21
1167567702,1065410141,10
1167567702,1105834722,4
1167567702,1106180107,14
1167567702,1125964814,6
1167567702,1126647624,9
1167567702,1127476096,9
1167567702,1136861363,3
1167567702,1137210821,7
1167567702,1137219365,18
1167567702,1167563121,22
1167567702,1167641412,10
1167567702,1167645442,8
1167567702,1167645658,5
1167567702,1167895489,5
1167567702,1167896065,3
1167567702,1167977970,9
1167567702,1167995070,11
1167567702,1168059800,6
1167567702,1168064774,8
1167567702,1168249921,32
1167567702,1168664495,13
1167567702,1168923315,40
1167567702,1169260589,3
1167567702,1198257581,11
1167567702,1198326456,15
1167567702,1198334861,8
1167567702,1198413357,5
1167567702,1198671494,7
1167567702,1198671672,4
1167567702,1198675740,5
1167567702,1198680122,11
1167567702,1198680249,11
1167567702,1198680426,26
1167567702,1198680441,26
1167567702,1198684596,12
1167567702,1198943369,30
1167567702,1199017128,35
1167567702,1199289203,5
1167567702,1199431561,7
1167567702,1199432267,6
1167567702,1199625952,4
1167567702,1199699496,8
1167567702,1199712272,5
1167567702,1229369776,12
1167567702,1229710803,25
1167567702,1230121634,13
1167567702,1230319275,15
1167567702,1230480261,3
1167567702,1260400286,3
1167567702,1260422110,23
1167567702,1260754053,5
1167567702,1261082560,3
1167567702,1261086734,4
1167567702,1261086755,3
1167567702,1261086756,4
1167567702,1261086823,3
1167567702,1261419142,4
1167567702,1261423370,5
1167567702,1261423444,3
1167567702,1261423454,3
1167567702,1292113218,3
1167567702,1292847181,9
1167567702,1447576662,19
1167567702,387364605,17
1167567702,416642425,12
1167567702,449438847,12
1167567702,478375456,12
1167567702,541118908,9
1167567702,541870397,14
1167567702,572870540,11
1167567702,5812979082,23
1167567702,5812983887,3
1167567702,5813012006,11
1167567702,5813014873,11
1167567702,5813020409,8
1167567702,5813022281,7
1167567702,5813027103,10
1167567702,5813038224,4
1167567702,5813040233,15
1167567702,5813047446,18
1167567702,5813047647,12
1167567702,5813047793,8
1167567702,5813048896,5
1167567702,5813049948,17
1167567702,5813050767,10
1167567702,5813053866,9
1167567702,5813053988,19
1167567702,5813077544,18
1167567702,5813077556,28
1167567702,5813080838,8
1167567702,632544268,9
1167567702,633546217,9
1167567702,634962055,4
1167567702,665314820,6
1167567702,694920753,13
1167567702,695629525,12
1167567702,695956656,4
1167567702,696362840,10
1167567702,697001770,17
1167567702,725951521,13
1167567702,758419409,10
1167567702,788794171,13
1167567702,789126240,7
1167567702,819828986,7
1167567702,910438331,14
1167567702,912545106,16
1167567702,912601268,14
1167567702,941132434,12
1167567702,942491983,13
1167632513,1002507159,16
1167632513,1002852791,9
1167632513,1004017998,3
1167632513,1034219901,8
1167632513,1035045015,13
1167632513,1065410141,6
1167632513,1105834722,5
1167632513,1106180107,3
1167632513,1125964814,4
1167632513,1126647624,8
1167632513,1127476096,8
1167632513,1137210821,3
1167632513,1167295853,51
1167632513,1167295856,51
1167632513,1167295872,42
1167632513,1167295916,52
1167632513,1167300055,72
1167632513,1167300154,62
1167632513,1167300194,58
1167632513,1167304403,52
1167632513,1167645523,49
1167632513,1167645658,3
1167632513,1167891559,54
1167632513,1167895489,3
1167632513,1167896065,4
1167632513,1167904437,4
1167632513,1167982211,53
1167632513,1167995070,9
1167632513,1168059800,6
1167632513,1168064774,6
1167632513,1168664495,19
1167632513,1198006801,49
1167632513,1198667367,4
1167632513,1198671672,4
1167632513,1198680122,3
1167632513,1198693217,54
1167632513,1198931241,49
1167632513,1199712167,5
1167632513,1229965474,33
1167632513,1230026228,59
1167632513,1230026402,55
1167632513,1230480261,4
1167632513,1261000309,51
1167632513,1261056809,78
1167632513,1292846965,52
1167632513,1324145475,58
1167632513,1416900410,54
1167632513,1447576662,14
1167632513,1513674176,73
1167632513,387364605,9
1167632513,416642425,8
1167632513,449438847,13
1167632513,478375456,19
1167632513,541118908,5
1167632513,541870397,7
1167632513,572870540,10
1167632513,5812979222,51
1167632513,5813012006,9
1167632513,5813014873,7
1167632513,5813020409,3
1167632513,5813022281,5
1167632513,5813027103,5
1167632513,5813040233,5
1167632513,5813047647,3
1167632513,5813061251,9
1167632513,5813077544,13
1167632513,5813080838,10
1167632513,632544268,6
1167632513,633546217,6
1167632513,634962055,7
1167632513,665314820,16
1167632513,694920753,9
1167632513,695629525,18
1167632513,695956656,9
1167632513,696362840,12
1167632513,697001770,8
1167632513,725951521,6
1167632513,758419409,8
1167632513,788794171,3
1167632513,789126240,8
1167632513,819828986,12
1167632513,910438331,6
1167632513,912545106,16
1167632513,912601268,6
1167632513,941132434,6
1167632513,942491983,12
1167641412,1002507159,33
1167641412,1002852791,31
1167641412,1004017998,33
1167641412,1034219901,28
1167641412,1035045015,40
1167641412,1065410141,32
1167641412,1105834722,13
1167641412,1106180107,16
1167641412,1125964814,19
1167641412,1126647624,18
1167641412,1127476096,30
1167641412,1136861363,5
1167641412,1137210821,11
1167641412,1137219365,24
1167641412,1167295853,4
1167641412,1167300154,4
1167641412,1167304403,6
1167641412,1167563121,24
1167641412,1167567702,24
1167641412,1167645442,72
1167641412,1167645658,19
1167641412,1167895489,17
1167641412,1167896065,7
1167641412,1167904437,10
1167641412,1167977970,91
1167641412,1167995070,41
1167641412,1168055653,3
1167641412,1168059800,11
1167641412,1168064774,10
1167641412,1168241257,21
1167641412,1168249921,25
1167641412,1168392003,5
1167641412,1168664495,35
1167641412,1168923315,26
1167641412,1198257581,20
1167641412,1198326456,76
1167641412,1198334861,17
1167641412,1198413357,6
1167641412,1198667367,13
1167641412,1198671494,112
1167641412,1198671672,14
1167641412,1198675740,19
1167641412,1198680122,15
1167641412,1198680249,22
1167641412,1198680426,21
1167641412,1198680441,32
1167641412,1198684596,25
1167641412,1198943369,22
1167641412,1199017128,21
1167641412,1199289203,4
1167641412,1199431561,10
1167641412,1199432267,7
1167641412,1199699496,10
1167641412,1199712167,9
1167641412,1199712272,18
1167641412,1229369776,31
1167641412,1229710803,15
1167641412,1230121634,13
1167641412,1230319275,18
1167641412,1230480261,10
1167641412,1260400286,11
1167641412,1260422110,23
1167641412,1260754053,11
1167641412,1261000309,3
1167641412,1261056809,5
1167641412,1292847181,100
1167641412,1324145475,4
1167641412,1447576662,37
1167641412,1513674176,3
1167641412,387364605,34
1167641412,416642425,40
1167641412,449438847,43
1167641412,478375456,29
1167641412,541118908,32
1167641412,541870397,45
1167641412,572870540,37
1167641412,5812979082,28
1167641412,5812979222,3
1167641412,5813012006,37
1167641412,5813014873,38
1167641412,5813020409,16
1167641412,5813022281,35
1167641412,5813027103,39
1167641412,5813038224,8
1167641412,5813040233,26
1167641412,5813047446,14
1167641412,5813047647,19
1167641412,5813047793,89
1167641412,5813048896,14
1167641412,5813049948,84
1167641412,5813050767,79
1167641412,5813053866,80
1167641412,5813053988,23
1167641412,5813061251,11
1167641412,5813077544,42
1167641412,5813077556,19
1167641412,5813080838,41
1167641412,632544268,29
1167641412,633546217,34
1167641412,634962055,29
1167641412,665314820,31
1167641412,694920753,29
1167641412,695629525,40
1167641412,695956656,29
1167641412,696362840,29
1167641412,697001770,28
1167641412,725951521,32
1167641412,758419409,29
1167641412,788794171,34
1167641412,789126240,24
1167641412,819828986,25
1167641412,910438331,36
1167641412,912545106,21
1167641412,912601268,35
1167641412,941132434,24
1167641412,942491983,30
1167645442,1002507159,45
1167645442,1002852791,41
1167645442,1004017998,19
1167645442,1034219901,39
1167645442,1035045015,27
1167645442,1065410141,15
1167645442,1105834722,11
1167645442,1106180107,25
1167645442,1125964814,22
1167645442,1126647624,44
1167645442,1127476096,7
1167645442,1136861363,13
1167645442,1137210821,14
1167645442,1137219365,26
1167645442,1167300154,5
1167645442,1167563121,31
1167645442,1167567702,33
1167645442,1167632513,3
1167645442,1167641412,81
1167645442,1167645658,15
1167645442,1167891559,3
1167645442,1167895489,17
1167645442,1167896065,9
1167645442,1167904437,7
1167645442,1167977970,84
1167645442,1167982211,4
1167645442,1167995070,9
1167645442,1168059800,10
1167645442,1168064774,9
1167645442,1168241257,9
1167645442,1168249921,43
1167645442,1168664495,8
1167645442,1168923315,29
1167645442,1198006801,4
1167645442,1198257581,10
1167645442,1198326456,104
1167645442,1198334861,11
1167645442,1198413357,9
1167645442,1198667367,12
1167645442,1198671494,84
1167645442,1198671672,11
1167645442,1198675740,11
1167645442,1198680122,8
1167645442,1198680249,21
1167645442,1198680426,31
1167645442,1198680441,33
1167645442,1198684596,13
1167645442,1198931241,6
1167645442,1198943369,31
1167645442,1199017128,17
1167645442,1199289203,12
1167645442,1199431561,4
1167645442,1199432267,8
1167645442,1199699496,16
1167645442,1199712167,11
1167645442,1199712272,10
1167645442,1229369776,27
1167645442,1229710803,28
1167645442,1230121634,12
1167645442,1230319275,10
1167645442,1230480261,4
1167645442,1260400286,8
1167645442,1260422110,29
1167645442,1260754053,14
1167645442,1261056809,3
1167645442,1292847181,85
1167645442,1447576662,38
1167645442,387364605,49
1167645442,416642425,44
1167645442,449438847,51
1167645442,478375456,34
1167645442,541118908,21
1167645442,541870397,41
1167645442,572870540,25
1167645442,5812979082,20
1167645442,5812979222,3
1167645442,5813012006,26
1167645442,5813014873,12
1167645442,5813020409,24
1167645442,5813022281,35
1167645442,5813027103,44
1167645442,5813038224,6
1167645442,5813040233,31
1167645442,5813047446,15
1167645442,5813047647,21
1167645442,5813047793,83
1167645442,5813048896,18
1167645442,5813049948,82
1167645442,5813050767,89
1167645442,5813053866,105
1167645442,5813053988,9
1167645442,5813061251,16
1167645442,5813077544,15
1167645442,5813077556,20
1167645442,5813080838,24
1167645442,632544268,19
1167645442,633546217,27
1167645442,634962055,41
1167645442,665314820,46
1167645442,693755250,6
1167645442,694920753,48
1167645442,695629525,25
1167645442,695956656,36
1167645442,696362840,31
1167645442,697001770,43
1167645442,725951521,45
1167645442,758419409,50
1167645442,788794171,25
1167645442,789126240,36
1167645442,819828986,22
1167645442,910438331,48
1167645442,912545106,43
1167645442,912601268,25
1167645442,941132434,36
1167645442,942491983,48
1167645523,1002507159,14
1167645523,1002852791,11
1167645523,1004017998,5
1167645523,1034219901,6
1167645523,1035045015,9
1167645523,1065410141,6
1167645523,1125964814,4
1167645523,1126647624,12
1167645523,1127476096,6
1167645523,1136861363,5
1167645523,1167295853,55
1167645523,1167295856,43
1167645523,1167295872,50
1167645523,1167295916,46
1167645523,1167300055,69
1167645523,1167300154,50
1167645523,1167300194,63
1167645523,1167304403,59
1167645523,1167632513,51
1167645523,1167891559,55
1167645523,1167904437,3
1167645523,1167982211,52
1167645523,1167995070,9
1167645523,1168664495,12
1167645523,1198006801,54
1167645523,1198413357,5
1167645523,1198671672,3
1167645523,1198693217,32
1167645523,1198931241,64
1167645523,1199699496,3
1167645523,1199712167,3
1167645523,1229965474,52
1167645523,1230026228,66
1167645523,1230026402,39
1167645523,1261000309,44
1167645523,1261056809,56
1167645523,1292846965,44
1167645523,1324145475,54
1167645523,1416900410,51
1167645523,1447576662,9
1167645523,1513674176,50
1167645523,387364605,7
1167645523,416642425,9
1167645523,449438847,8
1167645523,478375456,7
1167645523,541118908,3
1167645523,541870397,6
1167645523,572870540,12
1167645523,5812979222,55
1167645523,5813012006,11
1167645523,5813014873,14
1167645523,5813022281,3
1167645523,5813027103,3
1167645523,5813040233,8
1167645523,5813047647,3
1167645523,5813061251,6
1167645523,5813077544,8
1167645523,5813080838,5
1167645523,632544268,4
1167645523,633546217,3
1167645523,634962055,9
1167645523,665314820,12
1167645523,694920753,6
1167645523,695629525,9
1167645523,695956656,8
1167645523,696362840,5
1167645523,697001770,15
1167645523,724280817,3
1167645523,725951521,7
1167645523,758419409,15
1167645523,789126240,6
1167645523,819828986,8
1167645523,849421763,4
1167645523,910438331,6
1167645523,912545106,12
1167645523,912601268,8
1167645523,941132434,5
1167645523,942491983,9
1167645523,973566036,3
1167645658,1002507159,18
1167645658,1002852791,13
1167645658,1004017998,10
1167645658,1034219901,19
1167645658,1035045015,16
1167645658,1065410141,14
1167645658,1105834722,35
1167645658,1106180107,15
1167645658,1125964814,10
1167645658,1126647624,16
1167645658,1127476096,10
1167645658,1136861363,33
1167645658,1137210821,20
1167645658,1137219365,11
1167645658,1167295853,3
1167645658,1167295872,5
1167645658,1167295916,4
1167645658,1167300055,5
1167645658,1167300154,5
1167645658,1167300194,5
1167645658,1167563121,9
1167645658,1167567702,4
1167645658,1167632513,8
1167645658,1167641412,4
1167645658,1167645442,9
1167645658,1167895489,47
1167645658,1167896065,36
1167645658,1167904437,43
1167645658,1167977970,4
1167645658,1167982211,3
1167645658,1167995070,19
1167645658,1168059800,39
1167645658,1168064774,30
1167645658,1168241257,26
1167645658,1168249921,8
1167645658,1168664495,21
1167645658,1168923315,9
1167645658,1198006801,4
1167645658,1198257581,23
1167645658,1198326456,3
1167645658,1198334861,16
1167645658,1198413357,35
1167645658,1198667367,47
1167645658,1198671494,5
1167645658,1198671672,33
1167645658,1198675740,29
1167645658,1198680122,23
1167645658,1198680249,25
1167645658,1198680426,15
1167645658,1198680441,3
1167645658,1198684596,21
1167645658,1198693217,4
1167645658,1198931241,5
1167645658,1198943369,8
1167645658,1199699496,33
1167645658,1199712167,51
1167645658,1199712272,31
1167645658,1230026402,4
1167645658,1230480261,43
1167645658,1261000309,4
1167645658,1261056809,10
1167645658,1292846965,11
1167645658,1292847181,6
1167645658,1324145475,7
1167645658,1416900410,4
1167645658,1447576662,17
1167645658,1513674176,4
1167645658,387364605,21
1167645658,416642425,11
1167645658,449438847,13
1167645658,478375456,17
1167645658,541118908,13
1167645658,541870397,20
1167645658,572870540,14
1167645658,5812979082,10
1167645658,5812979222,6
1167645658,5813012006,14
1167645658,5813014873,12
1167645658,5813020409,24
1167645658,5813022281,11
1167645658,5813027103,10
1167645658,5813040233,13
1167645658,5813047446,23
1167645658,5813047647,40
1167645658,5813047793,5
1167645658,5813048896,30
1167645658,5813049948,10
1167645658,5813050767,4
1167645658,5813053866,8
1167645658,5813061251,13
1167645658,5813077544,24
1167645658,5813080838,11
1167645658,632544268,18
1167645658,633546217,8
1167645658,634962055,11
1167645658,665314820,11
1167645658,693755250,3
1167645658,694920753,14
1167645658,695629525,18
1167645658,695956656,9
1167645658,696362840,14
1167645658,697001770,22
1167645658,725951521,16
1167645658,758419409,12
1167645658,788794171,10
1167645658,789126240,8
1167645658,819828986,13
1167645658,910438331,15
1167645658,912545106,22
1167645658,912601268,11
1167645658,941132434,19
1167645658,942491983,20
1167891559,1002507159,12
1167891559,1002852791,20
1167891559,1004017998,4
1167891559,1034219901,9
1167891559,1035045015,14
1167891559,1062526223,5
1167891559,1065410141,13
1167891559,1125964814,9
1167891559,1126647624,8
1167891559,1127476096,14
1167891559,1167295853,73
1167891559,1167295856,56
1167891559,1167295872,69
1167891559,1167295916,68
1167891559,1167300055,73
1167891559,1167300154,60
1167891559,1167300194,42
1167891559,1167304403,63
1167891559,1167632513,57
1167891559,1167645523,43
1167891559,1167895489,3
1167891559,1167904437,3
1167891559,1167982211,45
1167891559,1167995070,20
1167891559,1168664495,15
1167891559,1198006801,67
1167891559,1198693217,76
1167891559,1198931241,71
1167891559,1229965474,67
1167891559,1230026228,42
1167891559,1230026402,49
1167891559,1261000309,65
1167891559,1261056809,64
1167891559,1292846965,42
1167891559,1324145475,67
1167891559,1416900410,58
1167891559,1447576662,12
1167891559,1513674176,50
1167891559,1631450739,3
1167891559,387364605,7
1167891559,416642425,14
1167891559,449438847,16
1167891559,478375456,7
1167891559,541118908,7
1167891559,541870397,4
1167891559,572870540,9
1167891559,5812979222,52
1167891559,5813012006,10
1167891559,5813014873,10
1167891559,5813022281,5
1167891559,5813040233,7
1167891559,5813047157,3
1167891559,5813047647,7
1167891559,5813061251,10
1167891559,5813077544,14
1167891559,5813080838,8
1167891559,632544268,7
1167891559,633546217,10
1167891559,634962055,11
1167891559,665314820,13
1167891559,694920753,7
1167891559,695629525,16
1167891559,695956656,8
1167891559,696362840,4
1167891559,697001770,13
1167891559,724280817,5
1167891559,725951521,8
1167891559,758419409,5
1167891559,788794171,7
1167891559,789126240,11
1167891559,819828986,12
1167891559,849421763,3
1167891559,910438331,7
1167891559,912545106,8
1167891559,912601268,12
1167891559,941132434,4
1167891559,942491983,10
1167895489,1002507159,23
1167895489,1002852791,17
1167895489,1004017998,11
1167895489,1034219901,14
1167895489,1035045015,16
1167895489,1065410141,19
1167895489,1105834722,42
1167895489,1106180107,17
1167895489,1125964814,5
1167895489,1126647624,16
1167895489,1127476096,17
1167895489,1136861363,34
1167895489,1137210821,32
1167895489,1137219365,17
1167895489,1167295856,4
1167895489,1167295872,5
1167895489,1167295916,4
1167895489,1167300055,9
1167895489,1167300154,6
1167895489,1167304403,3
1167895489,1167563121,10
1167895489,1167567702,4
1167895489,1167632513,11
1167895489,1167641412,5
1167895489,1167645442,7
1167895489,1167645523,4
1167895489,1167645658,50
1167895489,1167896065,48
1167895489,1167904437,48
1167895489,1167977970,4
1167895489,1167982211,6
1167895489,1167995070,14
1167895489,1168059800,37
1167895489,1168064774,36
1167895489,1168241257,30
1167895489,1168249921,7
1167895489,1168664495,18
1167895489,1198006801,3
1167895489,1198257581,17
1167895489,1198326456,6
1167895489,1198334861,21
1167895489,1198413357,28
1167895489,1198667367,34
1167895489,1198671494,5
1167895489,1198671672,32
1167895489,1198675740,30
1167895489,1198680122,22
1167895489,1198680249,15
1167895489,1198680426,6
1167895489,1198680441,6
1167895489,1198684596,12
1167895489,1198693217,4
1167895489,1198943369,3
1167895489,1199699496,31
1167895489,1199712167,43
1167895489,1199712272,34
1167895489,1229965474,3
1167895489,1230480261,60
1167895489,1261056809,7
1167895489,1292846965,5
1167895489,1292847181,5
1167895489,1324145475,5
1167895489,1447576662,21
1167895489,1513674176,5
1167895489,387364605,22
1167895489,416642425,10
1167895489,449438847,19
1167895489,478375456,11
1167895489,541118908,17
1167895489,541870397,11
1167895489,572870540,15
1167895489,5812979082,8
1167895489,5812979222,5
1167895489,5813012006,9
1167895489,5813014873,14
1167895489,5813020409,32
1167895489,5813022281,12
1167895489,5813027103,12
1167895489,5813040233,8
1167895489,5813047446,17
1167895489,5813047647,31
1167895489,5813047793,6
1167895489,5813048896,32
1167895489,5813049948,6
1167895489,5813050767,7
1167895489,5813061251,11
1167895489,5813077544,20
1167895489,5813080838,15
1167895489,632544268,11
1167895489,633546217,5
1167895489,634962055,13
1167895489,665314820,20
1167895489,694920753,14
1167895489,695629525,15
1167895489,695956656,12
1167895489,696362840,4
1167895489,697001770,16
1167895489,725951521,20
1167895489,758419409,14
1167895489,788794171,11
1167895489,789126240,13
1167895489,819828986,10
1167895489,910438331,10
1167895489,912545106,15
1167895489,912601268,10
1167895489,941132434,11
1167895489,942491983,14
1167896065,1002507159,23
1167896065,1002852791,18
1167896065,1004017998,4
1167896065,1034219901,13
1167896065,1035045015,9
1167896065,1065410141,15
1167896065,1105834722,30
1167896065,1106180107,9
1167896065,1125964814,12
1167896065,1126647624,13
1167896065,1127476096,12
1167896065,1136861363,56
1167896065,1137210821,32
1167896065,1137219365,6
1167896065,1167295872,4
1167896065,1167295916,4
1167896065,1167300055,5
1167896065,1167300154,6
1167896065,1167300194,5
1167896065,1167304403,5
1167896065,1167563121,4
1167896065,1167632513,11
1167896065,1167641412,3
1167896065,1167645442,5
1167896065,1167645523,3
1167896065,1167645658,35
1167896065,1167891559,5
1167896065,1167895489,56
1167896065,1167904437,55
1167896065,1167982211,4
1167896065,1167995070,16
1167896065,1168059800,28
1167896065,1168064774,35
1167896065,1168241257,31
1167896065,1168249921,3
1167896065,1168664495,14
1167896065,1198257581,10
1167896065,1198326456,4
1167896065,1198334861,18
1167896065,1198413357,44
1167896065,1198667367,30
1167896065,1198671494,3
1167896065,1198671672,40
1167896065,1198675740,34
1167896065,1198680122,23
1167896065,1198680249,13
1167896065,1198680426,3
1167896065,1198684596,17
1167896065,1198693217,3
1167896065,1198931241,4
1167896065,1199699496,36
1167896065,1199712167,57
1167896065,1199712272,30
1167896065,1229965474,4
1167896065,1230026228,5
1167896065,1230026402,5
1167896065,1230480261,47
1167896065,1261000309,3
1167896065,1261056809,7
1167896065,1292846965,8
1167896065,1324145475,4
1167896065,1416900410,4
1167896065,1447576662,19
1167896065,1513674176,4
1167896065,387364605,17
1167896065,416642425,11
1167896065,449438847,18
1167896065,478375456,13
1167896065,541118908,13
1167896065,541870397,14
1167896065,572870540,18
1167896065,5812979082,8
1167896065,5812979222,7
1167896065,5813012006,17
1167896065,5813014873,17
1167896065,5813020409,29
1167896065,5813022281,8
1167896065,5813027103,12
1167896065,5813040233,9
1167896065,5813047446,12
1167896065,5813047647,23
1167896065,5813048896,28
1167896065,5813050767,3
1167896065,5813053866,7
1167896065,5813061251,4
1167896065,5813077544,12
1167896065,5813080838,8
1167896065,632544268,24
1167896065,633546217,5
1167896065,634962055,11
1167896065,665314820,10
1167896065,694920753,7
1167896065,695629525,16
1167896065,695956656,12
1167896065,696362840,12
1167896065,697001770,19
1167896065,725951521,12
1167896065,758419409,18
1167896065,788794171,10
1167896065,789126240,12
1167896065,819828986,12
1167896065,910438331,12
1167896065,912545106,16
1167896065,912601268,10
1167896065,941132434,15
1167896065,942491983,11
1167904437,1002507159,13
1167904437,1002852791,10
1167904437,1004017998,10
1167904437,1034219901,19
1167904437,1035045015,16
1167904437,1065410141,13
1167904437,1105834722,33
1167904437,1106180107,12
1167904437,1125964814,6
1167904437,1126647624,15
1167904437,1127476096,13
1167904437,1136861363,35
1167904437,1137210821,25
1167904437,1137219365,9
1167904437,1167295872,4
1167904437,1167295916,4
1167904437,1167300055,5
1167904437,1167300154,5
1167904437,1167300194,7
1167904437,1167304403,5
1167904437,1167563121,6
1167904437,1167567702,5
1167904437,1167632513,6
1167904437,1167641412,4
1167904437,1167645442,3
1167904437,1167645523,5
1167904437,1167645658,36
1167904437,1167891559,7
1167904437,1167895489,39
1167904437,1167896065,51
1167904437,1167977970,7
1167904437,1167982211,7
1167904437,1167995070,16
1167904437,1168059800,35
1167904437,1168064774,35
1167904437,1168241257,42
1167904437,1168249921,6
1167904437,1168664495,19
1167904437,1198006801,4
1167904437,1198257581,12
1167904437,1198326456,12
1167904437,1198334861,18
1167904437,1198413357,39
1167904437,1198667367,40
1167904437,1198671672,55
1167904437,1198675740,29
1167904437,1198680122,31
1167904437,1198680249,14
1167904437,1198680426,5
1167904437,1198680441,3
1167904437,1198684596,13
1167904437,1198693217,3
1167904437,1198931241,5
1167904437,1198943369,7
1167904437,1199699496,30
1167904437,1199712167,47
1167904437,1199712272,28
1167904437,1229965474,5
1167904437,1230026402,3
1167904437,1230480261,40
1167904437,1261000309,4
1167904437,1261056809,7
1167904437,1292846965,5
1167904437,1292847181,3
1167904437,1324145475,7
1167904437,1416900410,4
1167904437,1447576662,17
1167904437,1513674176,7
1167904437,387364605,15
1167904437,416642425,13
1167904437,449438847,12
1167904437,478375456,14
1167904437,541118908,15
1167904437,541870397,9
1167904437,572870540,14
1167904437,5813012006,12
1167904437,5813014873,15
1167904437,5813020409,23
1167904437,5813022281,6
1167904437,5813027103,13
1167904437,5813040233,5
1167904437,5813047446,18
1167904437,5813047647,29
1167904437,5813047793,5
1167904437,5813048896,23
1167904437,5813049948,3
1167904437,5813053866,3
1167904437,5813061251,9
1167904437,5813077544,21
1167904437,5813080838,8
1167904437,632544268,10
1167904437,633546217,12
1167904437,634962055,18
1167904437,665314820,10
1167904437,694920753,17
1167904437,695629525,14
1167904437,695956656,13
1167904437,696362840,7
1167904437,697001770,15
1167904437,725951521,12
1167904437,758419409,9
1167904437,788794171,16
1167904437,789126240,15
1167904437,819828986,8
1167904437,910438331,7
1167904437,912545106,15
1167904437,912601268,8
1167904437,941132434,12
1167904437,942491983,10
1167977970,1002507159,27
1167977970,1002852791,26
1167977970,1004017998,28
1167977970,1034219901,36
1167977970,1035045015,44
1167977970,1065410141,42
1167977970,1105834722,6
1167977970,1106180107,23
1167977970,1125964814,26
1167977970,1126647624,21
1167977970,1127476096,40
1167977970,1136861363,15
1167977970,1137210821,10
1167977970,1137219365,35
1167977970,1167563121,22
1167977970,1167567702,39
1167977970,1167632513,3
1167977970,1167641412,77
1167977970,1167645442,80
1167977970,1167645658,10
1167977970,1167895489,15
1167977970,1167896065,7
1167977970,1167904437,10
1167977970,1167995070,38
1167977970,1168059800,6
1167977970,1168064774,18
1167977970,1168241257,17
1167977970,1168249921,32
1167977970,1168664495,39
1167977970,1168923315,25
1167977970,1198006801,4
1167977970,1198257581,23
1167977970,1198326456,66
1167977970,1198334861,16
1167977970,1198413357,12
1167977970,1198667367,10
1167977970,1198671494,98
1167977970,1198671672,13
1167977970,1198675740,13
1167977970,1198680122,22
1167977970,1198680249,21
1167977970,1198680426,43
1167977970,1198680441,35
1167977970,1198684596,18
1167977970,1198943369,37
1167977970,1199017128,11
1167977970,1199289203,11
1167977970,1199431561,17
1167977970,1199432267,9
1167977970,1199625952,3
1167977970,1199699496,18
1167977970,1199712167,8
1167977970,1199712272,9
1167977970,1229369776,37
1167977970,1229710803,38
1167977970,1229965474,3
1167977970,1230121634,16
1167977970,1230319275,25
1167977970,1230480261,12
1167977970,1260400286,14
1167977970,1260422110,28
1167977970,1260754053,15
1167977970,1261056809,3
1167977970,1292847181,87
1167977970,1447576662,39
1167977970,387364605,37
1167977970,416642425,47
1167977970,449438847,41
1167977970,478375456,34
1167977970,541118908,27
1167977970,541870397,38
1167977970,572870540,30
1167977970,5812979082,19
1167977970,5813012006,38
1167977970,5813014873,42
1167977970,5813020409,13
1167977970,5813022281,36
1167977970,5813027103,38
1167977970,5813038224,4
1167977970,5813040233,24
1167977970,5813047446,20
1167977970,5813047647,17
1167977970,5813047793,67
1167977970,5813048896,20
1167977970,5813049948,92
1167977970,5813050767,98
1167977970,5813053866,75
1167977970,5813053988,21
1167977970,5813061251,11
1167977970,5813077544,44
1167977970,5813077556,40
1167977970,5813080838,33
1167977970,632544268,47
1167977970,633546217,27
1167977970,634962055,29
1167977970,665314820,27
1167977970,694920753,40
1167977970,695629525,45
1167977970,695956656,28
1167977970,696362840,32
1167977970,697001770,28
1167977970,725951521,47
1167977970,758419409,37
1167977970,788794171,31
1167977970,789126240,30
1167977970,819828986,29
1167977970,847336755,5
1167977970,910438331,35
1167977970,912545106,21
1167977970,912601268,40
1167977970,941132434,31
1167977970,942491983,31
1167982211,1002507159,18
1167982211,1002852791,9
1167982211,1004017998,7
1167982211,1034219901,6
1167982211,1035045015,6
1167982211,1065410141,4
1167982211,1126647624,7
1167982211,1127476096,4
1167982211,1167295853,49
1167982211,1167295856,37
1167982211,1167295872,39
1167982211,1167295916,51
1167982211,1167300055,42
1167982211,1167300154,63
1167982211,1167300194,56
1167982211,1167304403,52
1167982211,1167632513,53
1167982211,1167645523,49
1167982211,1167645658,6
1167982211,1167891559,34
1167982211,1167895489,4
1167982211,1167896065,3
1167982211,1167904437,5
1167982211,1167995070,7
1167982211,1168664495,11
1167982211,1198006801,39
1167982211,1198667367,3
1167982211,1198693217,40
1167982211,1198931241,41
1167982211,1199699496,3
1167982211,1199712167,3
1167982211,1229965474,38
1167982211,1230026228,60
1167982211,1230026402,48
1167982211,1261000309,54
1167982211,1261056809,58
1167982211,1292846965,50
1167982211,1324145475,37
1167982211,1353544607,3
1167982211,1416900410,44
1167982211,1447576662,11
1167982211,1513674176,44
1167982211,387364605,3
1167982211,416642425,6
1167982211,449438847,7
1167982211,478375456,7
1167982211,541870397,6
1167982211,572870540,12
1167982211,5812979222,46
1167982211,5813012006,7
1167982211,5813014873,11
1167982211,5813022281,4
1167982211,5813027103,6
1167982211,5813040233,4
1167982211,5813061251,9
1167982211,5813077544,10
1167982211,5813080838,3
1167982211,633546217,4
1167982211,634962055,6
1167982211,665314820,5
1167982211,694920753,7
1167982211,695956656,6
1167982211,696362840,4
1167982211,697001770,10
1167982211,724280817,4
1167982211,725951521,3
1167982211,788794171,3
1167982211,789126240,5
1167982211,819828986,4
1167982211,910438331,6
1167982211,912545106,13
1167982211,912601268,3
1167982211,941132434,12
1167982211,942491983,4
1167995070,1004017998,4
1167995070,1035045015,3
1167995070,1065409934,69
1167995070,1065410141,32
1167995070,1094722478,7
1167995070,1105834722,3
1167995070,1127471202,14
1167995070,1127471692,32
1167995070,1127476096,30
1167995070,1127808629,4
1167995070,1128495875,13
1167995070,1137210821,3
1167995070,1137219365,3
1167995070,1167977970,5
1167995070,1168241257,5
1167995070,1168664495,40
1167995070,1198671494,4
1167995070,1198671672,3
1167995070,1198680122,3
1167995070,1199017128,3
1167995070,1199677638,6
1167995070,1220576923,29
1167995070,1220584946,23
1167995070,1230121634,3
1167995070,1230324385,3
1167995070,1260400286,3
1167995070,1261056809,3
1167995070,1320799646,6
1167995070,1324430237,34
1167995070,1353544607,10
1167995070,1536006733,4
1167995070,1599069164,5
1167995070,1599410380,6
1167995070,1600083889,19
1167995070,570461892,29
1167995070,572870540,3
1167995070,5812983734,31
1167995070,5813012006,5
1167995070,5813014873,13
1167995070,5813015999,7
1167995070,5813044670,11
1167995070,5813047793,7
1167995070,5813048042,14
1167995070,5813049948,10
1167995070,5813053866,5
1167995070,5813061383,7
1167995070,5813077544,35
1167995070,5813081686,3
1167995070,5813095667,3
1167995070,632544268,11
1167995070,634608104,12
1167995070,695629525,13
1167995070,724280817,8
1167995070,734581598,10
1167995070,880530613,22
1167995070,880875736,16
1167995070,880880259,10
1167995070,881898734,4
1167995070,910442723,15
1167995070,910442782,8
1167995070,910783731,3
1167995070,910783961,8
1167995070,910796989,18
1167995070,911129339,9
1167995070,911134009,12
1167995070,911138168,8
1167995070,911211196,4
1167995070,911241750,7
1167995070,911470352,4
1167995070,911565419,12
1167995070,911574041,3
1167995070,911578496,13
1167995070,911901802,10
1167995070,911906936,16
1167995070,911911004,3
1167995070,911911193,5
1167995070,911911699,7
1167995070,941469087,10
1167995070,941814787,5
1167995070,942522378,7
1167995070,942587380,6
1167995070,972555509,5
1167995070,972892437,8
1167995070,973566036,31
1168055653,1002507159,16
1168055653,1002852791,8
1168055653,1004017998,13
1168055653,1034219901,11
1168055653,1035045015,10
1168055653,1065410141,7
1168055653,1125964814,16
1168055653,1126647624,5
1168055653,1127476096,12
1168055653,1167995070,7
1168055653,1168392003,39
1168055653,1168392468,29
1168055653,1168664495,8
1168055653,1168923315,4
1168055653,1199289203,30
1168055653,1199427845,36
1168055653,1199431561,40
1168055653,1199432267,24
1168055653,1199625952,44
1168055653,1229369776,5
1168055653,1230121634,13
1168055653,1230125720,37
1168055653,1230319275,13
1168055653,1230324385,44
1168055653,1260400286,14
1168055653,1260422110,4
1168055653,1260754053,19
1168055653,1260828727,3
1168055653,1322470509,3
1168055653,1447576662,22
1168055653,387364605,14
1168055653,416642425,10
1168055653,449438847,8
1168055653,478375456,7
1168055653,541118908,11
1168055653,541870397,12
1168055653,572870540,9
1168055653,5812979230,36
1168055653,5813012006,15
1168055653,5813014873,18
1168055653,5813020455,37
1168055653,5813020585,5
1168055653,5813022281,12
1168055653,5813027103,11
1168055653,5813038224,22
1168055653,5813040233,15
1168055653,5813045050,57
1168055653,5813053983,41
1168055653,5813053988,9
1168055653,5813061251,14
1168055653,5813077544,16
1168055653,5813080838,14
1168055653,632544268,6
1168055653,633546217,11
1168055653,634962055,7
1168055653,665314820,10
1168055653,694920753,8
1168055653,695629525,12
1168055653,695956656,8
1168055653,696362840,14
1168055653,697001770,11
1168055653,725951521,12
1168055653,758419409,15
1168055653,788794171,7
1168055653,789126240,8
1168055653,819828986,12
1168055653,910438331,8
1168055653,912545106,8
1168055653,912601268,9
1168055653,941132434,4
1168055653,942491983,8
1168059800,1002507159,14
1168059800,1002852791,17
1168059800,1004017998,7
1168059800,1034219901,13
1168059800,1035045015,12
1168059800,1065410141,15
1168059800,1105834722,38
1168059800,1106180107,18
1168059800,1125964814,8
1168059800,1126647624,11
1168059800,1127476096,17
1168059800,1136861363,28
1168059800,1137210821,24
1168059800,1137219365,15
1168059800,1167295872,3
1168059800,1167300154,6
1168059800,1167563121,8
1168059800,1167567702,10
1168059800,1167632513,4
1168059800,1167641412,7
1168059800,1167645442,5
1168059800,1167645658,37
1168059800,1167895489,25
1168059800,1167896065,24
1168059800,1167904437,39
1168059800,1167982211,4
1168059800,1167995070,9
1168059800,1168064774,19
1168059800,1168241257,26
1168059800,1168664495,16
1168059800,1168923315,6
1168059800,1198006801,4
1168059800,1198257581,24
1168059800,1198326456,5
1168059800,1198334861,24
1168059800,1198413357,31
1168059800,1198667367,32
1168059800,1198671494,5
1168059800,1198671672,36
1168059800,1198675740,32
1168059800,1198680122,27
1168059800,1198680249,23
1168059800,1198680426,6
1168059800,1198680441,10
1168059800,1198684596,22
1168059800,1198693217,4
1168059800,1198931241,3
1168059800,1198943369,8
1168059800,1199017128,4
1168059800,1199699496,28
1168059800,1199712167,26
1168059800,1199712272,29
1168059800,1229710803,12
1168059800,1230026228,5
1168059800,1230480261,29
1168059800,1261056809,4
1168059800,1292846965,4
1168059800,1292847181,4
1168059800,1324145475,3
1168059800,1416900410,3
1168059800,1447576662,17
1168059800,1513674176,4
1168059800,387364605,18
1168059800,416642425,10
1168059800,449438847,15
1168059800,478375456,17
1168059800,541118908,13
1168059800,541870397,17
1168059800,572870540,16
1168059800,5812979082,8
1168059800,5813012006,12
1168059800,5813014873,7
1168059800,5813020409,26
1168059800,5813022281,11
1168059800,5813027103,8
1168059800,5813040233,14
1168059800,5813047446,22
1168059800,5813047647,24
1168059800,5813047793,4
1168059800,5813048896,17
1168059800,5813049948,8
1168059800,5813050767,4
1168059800,5813061251,13
1168059800,5813077544,12
1168059800,5813080838,4
1168059800,632544268,14
1168059800,633546217,8
1168059800,634962055,16
1168059800,665314820,16
1168059800,694920753,13
1168059800,695629525,23
1168059800,695956656,8
1168059800,696362840,17
1168059800,697001770,19
1168059800,725951521,9
1168059800,758419409,11
1168059800,788794171,12
1168059800,789126240,8
1168059800,819828986,8
1168059800,910438331,10
1168059800,912545106,15
1168059800,912601268,9
1168059800,941132434,13
1168059800,942491983,14
1168064774,1002507159,15
1168064774,1002852791,22
1168064774,1004017998,10
1168064774,1034219901,13
1168064774,1035045015,16
1168064774,1065410141,20
1168064774,1105834722,48
1168064774,1106180107,10
1168064774,1125964814,11
1168064774,1126647624,8
1168064774,1127476096,15
1168064774,1136861363,32
1168064774,1137210821,25
1168064774,1137219365,21
1168064774,1167295853,3
1168064774,1167295872,5
1168064774,1167295916,4
1168064774,1167300154,6
1168064774,1167300194,3
1168064774,1167304403,5
1168064774,1167563121,13
1168064774,1167567702,9
1168064774,1167632513,8
1168064774,1167645442,4
1168064774,1167645658,30
1168064774,1167895489,32
1168064774,1167896065,31
1168064774,1167904437,48
1168064774,1167977970,9
1168064774,1167995070,20
1168064774,1168059800,28
1168064774,1168241257,25
1168064774,1168249921,4
1168064774,1168664495,13
1168064774,1198257581,22
1168064774,1198326456,3
1168064774,1198334861,17
1168064774,1198413357,23
1168064774,1198667367,41
1168064774,1198671494,4
1168064774,1198671672,41
1168064774,1198675740,37
1168064774,1198680122,21
1168064774,1198680249,24
1168064774,1198680426,6
1168064774,1198680441,7
1168064774,1198684596,16
1168064774,1198931241,5
1168064774,1198943369,6
1168064774,1199699496,37
1168064774,1199712167,38
1168064774,1199712272,35
1168064774,1229965474,4
1168064774,1230480261,36
1168064774,1261000309,7
1168064774,1292847181,5
1168064774,1416900410,5
1168064774,1447576662,14
1168064774,1513674176,7
1168064774,387364605,14
1168064774,416642425,13
1168064774,449438847,14
1168064774,478375456,19
1168064774,541118908,8
1168064774,541870397,17
1168064774,572870540,13
1168064774,5812979082,6
1168064774,5813012006,13
1168064774,5813014873,14
1168064774,5813020409,24
1168064774,5813022281,5
1168064774,5813027103,12
1168064774,5813040233,15
1168064774,5813047446,17
1168064774,5813047647,30
1168064774,5813047793,7
1168064774,5813048896,33
1168064774,5813049948,5
1168064774,5813050767,4
1168064774,5813053866,9
1168064774,5813061251,10
1168064774,5813077544,21
1168064774,5813080838,13
1168064774,632544268,14
1168064774,633546217,14
1168064774,634962055,10
1168064774,665314820,9
1168064774,694920753,9
1168064774,695629525,11
1168064774,695956656,8
1168064774,696362840,12
1168064774,697001770,24
1168064774,725951521,7
1168064774,758419409,17
1168064774,788794171,13
1168064774,789126240,6
1168064774,819828986,10
1168064774,910438331,10
1168064774,912545106,19
1168064774,912601268,9
1168064774,941132434,16
1168064774,942491983,15
1168241257,1002507159,13
1168241257,1002852791,15
1168241257,1034219901,16
1168241257,1035045015,12
1168241257,1065410141,13
1168241257,1105834722,33
1168241257,1106180107,13
1168241257,1125964814,5
1168241257,1126647624,8
1168241257,1127476096,12
1168241257,1136861363,40
1168241257,1137210821,43
1168241257,1137219365,15
1168241257,1167300194,3
1168241257,1167563121,16
1168241257,1167567702,11
1168241257,1167645442,4
1168241257,1167645658,33
1168241257,1167891559,3
1168241257,1167895489,28
1168241257,1167896065,25
1168241257,1167904437,32
1168241257,1167995070,15
1168241257,1168059800,23
1168241257,1168064774,22
1168241257,1168249921,10
1168241257,1168664495,20
1168241257,1168923315,6
1168241257,1198257581,18
1168241257,1198326456,3
1168241257,1198334861,23
1168241257,1198413357,35
1168241257,1198667367,30
1168241257,1198671494,8
1168241257,1198671672,32
1168241257,1198675740,27
1168241257,1198680122,18
1168241257,1198680249,17
1168241257,1198680426,11
1168241257,1198680441,8
1168241257,1198684596,15
1168241257,1198931241,4
1168241257,1198943369,7
1168241257,1199017128,3
1168241257,1199699496,26
1168241257,1199712167,35
1168241257,1199712272,26
1168241257,1229369776,3
1168241257,1229710803,3
1168241257,1230026228,4
1168241257,1230480261,29
1168241257,1416900410,3
1168241257,1447576662,16
1168241257,387364605,19
1168241257,416642425,12
1168241257,449438847,14
1168241257,478375456,19
1168241257,541118908,7
1168241257,541870397,10
1168241257,572870540,19
1168241257,5812979082,6
1168241257,5812979222,4
1168241257,5813012006,10
1168241257,5813014873,12
1168241257,5813020409,35
1168241257,5813022281,5
1168241257,5813027103,10
1168241257,5813040233,10
1168241257,5813047446,32
1168241257,5813047647,27
1168241257,5813048896,17
1168241257,5813049948,6
1168241257,5813050767,8
1168241257,5813053866,6
1168241257,5813061251,8
1168241257,5813077544,17
1168241257,5813077556,3
1168241257,5813080838,8
1168241257,632544268,16
1168241257,633546217,10
1168241257,634962055,10
1168241257,665314820,21
1168241257,694920753,12
1168241257,695629525,18
1168241257,695956656,12
1168241257,696362840,10
1168241257,697001770,13
1168241257,725951521,12
1168241257,758419409,15
1168241257,788794171,9
1168241257,789126240,14
1168241257,819828986,10
1168241257,910438331,8
1168241257,912545106,14
1168241257,912601268,8
1168241257,941132434,10
1168241257,942491983,19
1168249921,1002507159,21
1168249921,1002852791,13
1168249921,1004017998,8
1168249921,1034219901,13
1168249921,1035045015,17
1168249921,1065410141,15
1168249921,1105834722,5
1168249921,1106180107,15
1168249921,1125964814,8
1168249921,1126647624,13
1168249921,1127476096,6
1168249921,1136861363,9
1168249921,1137210821,10
1168249921,1137219365,28
1168249921,1167563121,37
1168249921,1167567702,25
1168249921,1167641412,7
1168249921,1167645442,14
1168249921,1167645658,5
1168249921,1167895489,3
1168249921,1167904437,4
1168249921,1167977970,12
1168249921,1167995070,12
1168249921,1168059800,7
1168249921,1168241257,7
1168249921,1168664495,10
1168249921,1168923315,18
1168249921,1198257581,19
1168249921,1198326456,13
1168249921,1198334861,12
1168249921,1198413357,5
1168249921,1198667367,6
1168249921,1198671494,12
1168249921,1198671672,7
1168249921,1198680122,9
1168249921,1198680249,11
1168249921,1198680426,38
1168249921,1198680441,28
1168249921,1198684596,22
1168249921,1198943369,37
1168249921,1199017128,29
1168249921,1199289203,3
1168249921,1199431561,5
1168249921,1199699496,7
1168249921,1199712167,4
1168249921,1199712272,5
1168249921,1229369776,19
1168249921,1229710803,23
1168249921,1230121634,20
1168249921,1230319275,7
1168249921,1260400286,7
1168249921,1260422110,18
1168249921,1260754053,3
1168249921,1261423370,3
1168249921,1261423444,3
1168249921,1261423454,3
1168249921,1261427857,3
1168249921,1261436305,4
1168249921,1292847181,7
1168249921,1447576662,13
1168249921,387364605,16
1168249921,416642425,10
1168249921,449438847,9
1168249921,478375456,10
1168249921,541118908,11
1168249921,541870397,8
1168249921,572870540,17
1168249921,5812979082,25
1168249921,5812983887,7
1168249921,5813012006,15
1168249921,5813014873,11
1168249921,5813020409,9
1168249921,5813022281,6
1168249921,5813027103,15
1168249921,5813038224,3
1168249921,5813040233,12
1168249921,5813045050,4
1168249921,5813047446,13
1168249921,5813047647,9
1168249921,5813047793,14
1168249921,5813048896,6
1168249921,5813049948,7
1168249921,5813050767,11
1168249921,5813053866,17
1168249921,5813053988,13
1168249921,5813061251,4
1168249921,5813077544,13
1168249921,5813077556,15
1168249921,5813080838,12
1168249921,632544268,14
1168249921,633546217,5
1168249921,634962055,10
1168249921,665314820,12
1168249921,694920753,12
1168249921,695629525,15
1168249921,695956656,8
1168249921,696362840,14
1168249921,697001770,10
1168249921,725951521,9
1168249921,758419409,14
1168249921,788794171,16
1168249921,789126240,8
1168249921,819828986,10
1168249921,910438331,4
1168249921,912545106,13
1168249921,912601268,8
1168249921,941132434,10
1168249921,942491983,7
1168392003,1002507159,12
1168392003,1002852791,10
1168392003,1004017998,14
1168392003,1034219901,18
1168392003,1035045015,10
1168392003,1065410141,7
1168392003,1125964814,16
1168392003,1126647624,8
1168392003,1127476096,6
1168392003,1167995070,14
1168392003,1168055653,36
1168392003,1168392468,41
1168392003,1168664495,12
1168392003,1199086313,4
1168392003,1199289203,19
1168392003,1199427845,35
1168392003,1199431561,23
1168392003,1199432267,19
1168392003,1199625952,37
1168392003,1229369776,3
1168392003,1230121634,9
1168392003,1230125720,27
1168392003,1230319275,6
1168392003,1230324385,31
1168392003,1260400286,16
1168392003,1260422110,3
1168392003,1260754053,23
1168392003,1260828727,3
1168392003,1447576662,18
1168392003,387364605,17
1168392003,416642425,13
1168392003,449438847,14
1168392003,478375456,15
1168392003,541118908,14
1168392003,541870397,11
1168392003,572870540,14
1168392003,5812979230,55
1168392003,5813012006,16
1168392003,5813014873,19
1168392003,5813020455,36
1168392003,5813022281,12
1168392003,5813027103,8
1168392003,5813038224,29
1168392003,5813040233,10
1168392003,5813045050,49
1168392003,5813053983,39
1168392003,5813053988,11
1168392003,5813061251,10
1168392003,5813077544,19
1168392003,5813077556,6
1168392003,5813080838,16
1168392003,632544268,10
1168392003,633546217,14
1168392003,634962055,13
1168392003,665314820,6
1168392003,694920753,16
1168392003,695629525,13
1168392003,695956656,12
1168392003,696362840,8
1168392003,697001770,9
1168392003,725951521,12
1168392003,758419409,15
1168392003,788794171,6
1168392003,789126240,10
1168392003,819828986,11
1168392003,910438331,18
1168392003,912545106,12
1168392003,912601268,11
1168392003,941132434,12
1168392003,942491983,11
1168392468,1002507159,15
1168392468,1002852791,13
1168392468,1004017998,11
1168392468,1034219901,11
1168392468,1035045015,10
1168392468,1065410141,7
1168392468,1125964814,11
1168392468,1126647624,6
1168392468,1127476096,7
1168392468,1167995070,16
1168392468,1168055653,14
1168392468,1168392003,33
1168392468,1168664495,5
1168392468,1199086313,4
1168392468,1199289203,22
1168392468,1199427845,31
1168392468,1199431561,19
1168392468,1199432267,18
1168392468,1199625952,31
1168392468,1229288307,3
1168392468,1229369776,3
1168392468,1229710803,3
1168392468,1230121634,9
1168392468,1230125720,30
1168392468,1230319275,11
1168392468,1230324385,27
1168392468,1260400286,14
1168392468,1260422110,4
1168392468,1260754053,10
1168392468,1260828727,6
1168392468,1261169514,4
1168392468,1291435776,3
1168392468,1322129781,4
1168392468,1322470509,5
1168392468,1322470594,3
1168392468,1322811240,3
1168392468,1447576662,21
1168392468,387364605,17
1168392468,416642425,16
1168392468,449438847,9
1168392468,478375456,9
1168392468,541118908,6
1168392468,541870397,8
1168392468,572870540,19
1168392468,5812979230,33
1168392468,5813012006,17
1168392468,5813014873,16
1168392468,5813020455,50
1168392468,5813020585,11
1168392468,5813022281,16
1168392468,5813027103,11
1168392468,5813038224,19
1168392468,5813040233,17
1168392468,5813045050,26
1168392468,5813053983,34
1168392468,5813053988,7
1168392468,5813061251,14
1168392468,5813077544,15
1168392468,5813077556,4
1168392468,5813080838,15
1168392468,632544268,13
1168392468,633546217,19
1168392468,634962055,13
1168392468,665314820,10
1168392468,694920753,16
1168392468,695629525,15
1168392468,695956656,8
1168392468,696362840,8
1168392468,697001770,14
1168392468,725951521,9
1168392468,758419409,18
1168392468,788794171,6
1168392468,789126240,9
1168392468,819828986,7
1168392468,910438331,12
1168392468,912545106,10
1168392468,912601268,5
1168392468,941132434,10
1168392468,942491983,5
1168659995,1125964630,3
1168659995,1125964651,7
1168659995,1125969082,93
1168659995,1155652503,9
1168659995,1217385533,12
1168659995,1218728463,3
1168659995,1218728541,9
1168659995,1218728570,22
1168659995,1218728588,3
1168659995,1218732640,37
1168659995,1218732781,37
1168659995,1218732931,44
1168659995,1219069788,3
1168659995,1219756158,6
1168659995,1248770299,5
1168659995,1249098248,11
1168659995,1249763220,5
1168659995,1250113288,7
1168659995,1601771527,25
1168659995,1630765418,3
1168659995,5812987803,34
1168659995,5812988707,10
1168659995,5813048042,8
1168659995,5813059834,5
1168659995,910442723,11
1168659995,910442752,3
1168659995,910783883,9
1168659995,910783961,5
1168659995,910796989,4
1168659995,911129339,9
1168659995,911134009,7
1168659995,911138168,7
1168659995,911241750,5
1168659995,911565419,4
1168659995,911574041,12
1168659995,911578496,3
1168659995,911578595,3
1168659995,911901802,6
1168659995,911906936,3
1168659995,911911699,9
1168659995,941469087,5
1168659995,942522378,5
1168660239,1032643905,8
1168660239,1125411720,8
1168660239,1168664447,10
1168660239,1187831582,10
1168660239,1187844616,45
1168660239,1188181261,25
1168660239,1199677638,75
1168660239,1219889738,6
1168660239,1220576923,27
1168660239,1220584946,20
1168660239,1251275120,6
1168660239,1599747200,7
1168660239,1599773239,3
1168660239,1600079770,23
1168660239,1600083889,33
1168660239,1661458883,3
1168660239,880530613,5
1168660239,880880259,5
1168660239,881221166,3
1168660239,910796989,4
1168660239,911241750,4
1168660239,911574261,4
1168660239,911911004,6
1168660239,911919044,4
1168660239,911919917,4
1168660239,912243353,4
1168660239,941814787,3
1168660239,973959177,7
1168664447,1032643905,10
1168664447,1158747783,5
1168664447,1168660239,8
1168664447,1187831582,13
1168664447,1187844616,36
1168664447,1188163963,4
1168664447,1188181261,35
1168664447,1199677638,82
1168664447,1219889738,4
1168664447,1220576923,39
1168664447,1220584946,23
1168664447,1251265778,4
1168664447,1251269930,8
1168664447,1251275120,9
1168664447,1251952397,3
1168664447,1282646571,4
1168664447,1291094620,3
1168664447,1599747200,10
1168664447,1600079770,22
1168664447,1600083889,15
1168664447,1661458883,9
1168664447,5812994148,4
1168664447,5813048042,3
1168664447,5813077544,5
1168664447,734581598,6
1168664447,880530613,18
1168664447,880875736,3
1168664447,880880259,10
1168664447,881221166,3
1168664447,910801332,3
1168664447,911138168,5
1168664447,911211196,6
1168664447,911911004,4
1168664447,911919044,10
1168664447,911919917,12
1168664447,941482720,9
1168664447,941814787,6
1168664447,973959177,5
1168664495,1065409934,58
1168664495,1065410141,10
1168664495,1105834722,3
1168664495,1127471202,12
1168664495,1127471692,5
1168664495,1127476096,26
1168664495,1128495875,12
1168664495,1137210821,3
1168664495,1158507458,6
1168664495,1158747783,5
1168664495,1159530101,5
1168664495,1167300055,4
1168664495,1167300154,4
1168664495,1167304403,4
1168664495,1167641412,4
1168664495,1167645523,4
1168664495,1167645658,4
1168664495,1167891559,3
1168664495,1167895489,8
1168664495,1167896065,4
1168664495,1167904437,5
1168664495,1167977970,6
1168664495,1167995070,45
1168664495,1168059800,4
1168664495,1168923315,3
1168664495,1190171884,4
1168664495,1198326456,10
1168664495,1198671494,3
1168664495,1198675740,3
1168664495,1198680122,3
1168664495,1199677638,3
1168664495,1199712272,3
1168664495,1220576923,23
1168664495,1220584946,29
1168664495,1230121634,4
1168664495,1230480261,6
1168664495,1259377221,3
1168664495,1291094620,3
1168664495,1292847181,5
1168664495,1294414279,3
1168664495,1322133296,4
1168664495,1322133531,3
1168664495,1322138079,3
1168664495,1322470462,3
1168664495,1324430237,36
1168664495,1353544607,19
1168664495,1412238418,6
1168664495,1443268440,4
1168664495,1599069164,3
1168664495,1600083889,13
1168664495,570461892,25
1168664495,572870540,6
1168664495,5812979222,4
1168664495,5812983734,29
1168664495,5813012006,4
1168664495,5813014873,14
1168664495,5813015999,6
1168664495,5813038224,3
1168664495,5813044670,7
1168664495,5813047157,11
1168664495,5813047446,5
1168664495,5813047793,10
1168664495,5813048042,10
1168664495,5813048896,3
1168664495,5813053866,4
1168664495,5813077544,56
1168664495,5813081686,10
1168664495,632544268,8
1168664495,634608104,15
1168664495,695629525,6
1168664495,724280817,21
1168664495,734581598,6
1168664495,788794171,3
1168664495,880530613,11
1168664495,880875736,8
1168664495,880880259,14
1168664495,881898734,6
1168664495,910442723,7
1168664495,910442782,6
1168664495,910783731,3
1168664495,910783961,5
1168664495,910796989,9
1168664495,910801332,7
1168664495,911129339,7
1168664495,911134009,12
1168664495,911138168,3
1168664495,911211196,9
1168664495,911241750,7
1168664495,911565419,6
1168664495,911578496,4
1168664495,911901802,6
1168664495,911906936,3
1168664495,911911193,3
1168664495,911919044,3
1168664495,912243353,4
1168664495,941469087,10
1168664495,941482720,3
1168664495,941810314,5
1168664495,941814787,5
1168664495,942587380,8
1168664495,972555509,4
1168664495,972892437,11
1168664495,973566036,33
1168664495,973959177,5
1168923315,1002507159,16
1168923315,1002852791,10
1168923315,1004017998,7
1168923315,1034219901,10
1168923315,1035045015,10
1168923315,1065410141,13
1168923315,1106180107,9
1168923315,1125964814,9
1168923315,1126647624,6
1168923315,1127476096,14
1168923315,1136861363,3
1168923315,1137219365,10
1168923315,1167563121,10
1168923315,1167567702,29
1168923315,1167641412,7
1168923315,1167645442,9
1168923315,1167977970,13
1168923315,1167995070,14
1168923315,1168055653,5
1168923315,1168059800,3
1168923315,1168241257,3
1168923315,1168249921,21
1168923315,1168664495,11
1168923315,1198326456,10
1168923315,1198671494,7
1168923315,1198680122,3
1168923315,1198680249,4
1168923315,1198680426,13
1168923315,1198680441,25
1168923315,1198684596,12
1168923315,1198943369,24
1168923315,1199017128,35
1168923315,1199289203,11
1168923315,1199431561,9
1168923315,1199432267,18
1168923315,1199625952,5
1168923315,1229369776,23
1168923315,1229710803,38
1168923315,1230121634,35
1168923315,1230319275,21
1168923315,1230480261,4
1168923315,1260400286,21
1168923315,1260422110,41
1168923315,1260754053,10
1168923315,1261082560,7
1168923315,1261086734,4
1168923315,1261086755,6
1168923315,1261086863,6
1168923315,1261091124,4
1168923315,1261091157,4
1168923315,1261091174,3
1168923315,1261419142,4
1168923315,1261423370,3
1168923315,1261423444,3
1168923315,1261423454,4
1168923315,1261423480,3
1168923315,1261427857,4
1168923315,1261436305,5
1168923315,1261436508,4
1168923315,1261756007,4
1168923315,1261768832,3
1168923315,1292113218,6
1168923315,1292847181,7
1168923315,1447576662,17
1168923315,387364605,11
1168923315,416642425,10
1168923315,449438847,15
1168923315,478375456,14
1168923315,541118908,19
1168923315,541870397,11
1168923315,572870540,13
1168923315,5812979082,14
1168923315,5812979230,4
1168923315,5812983887,8
1168923315,5813012006,5
1168923315,5813014873,15
1168923315,5813020455,3
1168923315,5813022281,15
1168923315,5813027103,13
1168923315,5813038224,13
1168923315,5813040233,15
1168923315,5813045050,4
1168923315,5813047446,6
1168923315,5813047647,7
1168923315,5813047793,7
1168923315,5813049948,6
1168923315,5813050767,5
1168923315,5813053866,4
1168923315,5813053988,26
1168923315,5813061251,5
1168923315,5813077544,20
1168923315,5813077556,34
1168923315,5813080838,11
1168923315,632544268,16
1168923315,633546217,11
1168923315,634962055,10
1168923315,665314820,7
1168923315,694920753,14
1168923315,695629525,13
1168923315,695956656,3
1168923315,696362840,7
1168923315,697001770,13
1168923315,725951521,11
1168923315,758419409,14
1168923315,788794171,10
1168923315,789126240,10
1168923315,819828986,10
1168923315,910438331,11
1168923315,912545106,14
1168923315,912601268,4
1168923315,941132434,14
1168923315,942491983,11
1169260589,1002852791,3
1169260589,1035045015,5
1169260589,1125964814,3
1169260589,1230738163,48
1169260589,1231675708,61
1169260589,1261760230,44
1169260589,1261760366,4
1169260589,1261760414,6
1169260589,1261768644,78
1169260589,1261768832,33
1169260589,1261772956,43
1169260589,1261773006,36
1169260589,1261773104,30
1169260589,1261773286,3
1169260589,1262101350,13
1169260589,1262114112,4
1169260589,1293136062,3
1169260589,1322811160,3
1169260589,1447576662,8
1169260589,387364605,3
1169260589,416642425,3
1169260589,449438847,3
1169260589,478375456,4
1169260589,541870397,3
1169260589,572870540,5
1169260589,5812984024,3
1169260589,5813012006,3
1169260589,5813022281,4
1169260589,5813080269,3
1169260589,632544268,3
1169260589,633546217,3
1169260589,634962055,5
1169260589,665314820,4
1169260589,694920753,4
1169260589,695629525,3
1169260589,695956656,8
1169260589,696362840,3
1169260589,725951521,3
1169260589,788794171,4
1169260589,941132434,4
1187693355,1310499077,3
1187693355,1410122382,3
1187693355,1504924440,3
1187693355,851493896,3
1187831582,1003672766,8
1187831582,1032643905,13
1187831582,1128092885,7
1187831582,1224936588,9
1187831582,1251275120,9
1187831582,1255638782,6
1187831582,1412238418,13
1187831582,1443268440,6
1187831582,1537634396,17
1187831582,1661458144,7
1187831582,478077561,9
1187831582,539810773,8
1187831582,540493022,5
1187831582,569481415,14
1187831582,570185174,13
1187831582,570518166,9
1187831582,5813015999,7
1187831582,5813081686,6
1187831582,601216096,5
1187831582,696336849,12
1187831582,759084486,12
1187831582,848817674,8
1187831582,849832062,8
1187831582,849844855,7
1187831582,880185131,11
1187831582,880526477,12
1187831582,916974420,4
1187831582,941244280,6
1187831582,942254554,9
1187831582,943921248,13
1187844616,1003318634,8
1187844616,1127471202,18
1187844616,1128495875,19
1187844616,1188181261,9
1187844616,446714544,11
1187844616,5813014062,3
1187844616,632229278,12
1187844616,633943192,4
1187844616,663298610,5
1187844616,695671851,12
1187844616,697355847,5
1187844616,757413552,10
1187844616,758065781,13
1187844616,788111826,8
1187844616,819138239,7
1187844616,880538997,4
1187844616,881527223,6
1187844616,909877092,9
1187844616,911560974,12
1187844616,974627674,8
1188043606,635234035,3
1188043606,851493896,6
1188043606,910447181,7
1188043606,944262351,3
1188043606,948333783,4
1188163963,1125411720,9
1188163963,1160833169,3
1188163963,1349114715,6
1188163963,1380145267,3
1188163963,1410127303,9
1188163963,1410127581,7
1188163963,1410472719,3
1188163963,1441848753,3
1188163963,1504268020,4
1188163963,1568047319,9
1188163963,1598382541,3
1188163963,1599069164,4
1188163963,1599410380,4
1188163963,1599431888,4
1188163963,1661799601,9
1188163963,5812994148,12
1188163963,5812994149,6
1188163963,5813095667,7
1188163963,632600726,6
1188163963,632915714,13
1188163963,633895972,3
1188163963,663225743,3
1188163963,726024758,3
1188163963,759084183,7
1188163963,786013842,3
1188163963,818119357,4
1188163963,848800082,4
1188163963,850829248,5
1188163963,880526292,3
1188163963,880875900,10
1188163963,972624772,7
1188163963,974968796,4
1188181261,1003318634,11
1188181261,1127471202,12
1188181261,1128495875,11
1188181261,1187844616,16
1188181261,446714544,10
1188181261,5813014062,5
1188181261,632229278,5
1188181261,633943192,10
1188181261,663298610,6
1188181261,695671851,10
1188181261,697355847,16
1188181261,757413552,10
1188181261,758065781,16
1188181261,788111826,10
1188181261,819138239,6
1188181261,880538997,8
1188181261,881527223,16
1188181261,909877092,15
1188181261,911504643,11
1188181261,911560974,11
1188181261,974627674,7
1188371481,1410451120,3
1188371481,1599431888,3
1188371481,910447181,3
1188371481,911500529,3
1188716311,1441481281,3
1188716311,1568047319,3
1188716311,911134017,4
1188716311,948333783,3
1189549476,1188163963,3
1189549476,1410127581,5
1189549476,1412164346,3
1189549476,1504268020,5
1189549476,1536006733,4
1189549476,1568047319,3
1189549476,1661799601,4
1189549476,5812994148,6
1189549476,5813095667,4
1189549476,5813128537,6
1189549476,632600726,4
1189549476,633895972,7
1189549476,663950729,5
1189549476,726024758,3
1189549476,759084183,12
1189549476,880875900,3
1189549476,974968796,4
1189882785,1349114715,3
1189882785,880875900,3
1189882785,979752365,3
1189887646,787374226,3
1189887646,880875927,7
1189887646,911569552,3
1189887646,979752365,3
1190171884,1002852791,5
1190171884,1125964814,4
1190171884,1127476096,3
1190171884,1218728570,27
1190171884,1259377221,14
1190171884,1259377325,17
1190171884,1324430237,60
1190171884,1601771527,35
1190171884,5812983734,60
1190171884,5813059834,3
1190171884,5813070465,31
1190171884,697001770,4
1190171884,912545106,4
1190171884,912601268,3
1197993940,1002507131,8
1197993940,1062526223,18
1197993940,1125964630,11
1197993940,1167563121,3
1197993940,1167977970,3
1197993940,1198326456,3
1197993940,1198334861,3
1197993940,1198680441,8
1197993940,1198943369,5
1197993940,1218728570,9
1197993940,1218732640,11
1197993940,1292847181,3
1197993940,1601771527,7
1197993940,416642425,3
1197993940,509410587,6
1197993940,569775058,17
1197993940,570461892,4
1197993940,5813022281,8
1197993940,5813027103,42
1197993940,5813048896,4
1197993940,5813050767,5
1197993940,5813053866,4
1197993940,5813056953,11
1197993940,633546217,6
1197993940,634962055,15
1197993940,663190769,9
1197993940,663562172,18
1197993940,664650297,6
1197993940,665314820,7
1197993940,693755250,10
1197993940,694920753,32
1197993940,695956656,19
1197993940,696362840,18
1197993940,724280817,11
1197993940,725951521,38
1197993940,789126240,48
1197993940,819828986,30
1197993940,847336755,7
1197993940,849421763,17
1197993940,879183317,7
1197993940,910447075,4
1197993940,941123755,12
1197993940,972892437,3
1197993940,973566036,4
1198006801,1002507159,18
1198006801,1002852791,7
1198006801,1004017998,5
1198006801,1034219901,11
1198006801,1035045015,7
1198006801,1065410141,10
1198006801,1105834722,4
1198006801,1125964814,6
1198006801,1126647624,6
1198006801,1127476096,8
1198006801,1167295853,63
1198006801,1167295856,56
1198006801,1167295872,68
1198006801,1167295916,62
1198006801,1167300055,56
1198006801,1167300154,39
1198006801,1167300194,56
1198006801,1167304403,57
1198006801,1167632513,73
1198006801,1167645442,3
1198006801,1167645523,59
1198006801,1167891559,65
1198006801,1167895489,4
1198006801,1167904437,3
1198006801,1167982211,39
1198006801,1167995070,13
1198006801,1168664495,12
1198006801,1198413357,3
1198006801,1198667367,3
1198006801,1198693217,66
1198006801,1198931241,76
1198006801,1229965474,62
1198006801,1230026228,67
1198006801,1230026402,71
1198006801,1261000309,53
1198006801,1261056809,50
1198006801,1292846965,57
1198006801,1318109929,5
1198006801,1324145475,58
1198006801,1353544607,3
1198006801,1416900410,75
1198006801,1447576662,12
1198006801,1513674176,49
1198006801,387364605,7
1198006801,416642425,14
1198006801,449438847,15
1198006801,478375456,12
1198006801,539462336,4
1198006801,541118908,9
1198006801,541870397,5
1198006801,572870540,24
1198006801,5812979222,45
1198006801,5813012006,11
1198006801,5813014873,22
1198006801,5813022281,4
1198006801,5813027103,5
1198006801,5813040233,9
1198006801,5813047157,6
1198006801,5813047647,5
1198006801,5813061251,14
1198006801,5813070465,3
1198006801,5813077544,23
1198006801,5813080838,13
1198006801,632544268,8
1198006801,633546217,6
1198006801,634962055,10
1198006801,665314820,9
1198006801,693755250,3
1198006801,694920753,7
1198006801,695629525,15
1198006801,695956656,6
1198006801,696362840,6
1198006801,697001770,13
1198006801,724280817,4
1198006801,725951521,8
1198006801,758419409,14
1198006801,789126240,5
1198006801,819828986,8
1198006801,910438331,6
1198006801,912545106,13
1198006801,912601268,8
1198006801,941132434,7
1198006801,942491983,8
1198257581,1002507159,12
1198257581,1002852791,14
1198257581,1004017998,10
1198257581,1034219901,15
1198257581,1035045015,13
1198257581,1065410141,11
1198257581,1105834722,24
1198257581,1106180107,32
1198257581,1125964814,9
1198257581,1126647624,7
1198257581,1127476096,11
1198257581,1136861363,13
1198257581,1137210821,20
1198257581,1137219365,20
1198257581,1167563121,25
1198257581,1167567702,15
1198257581,1167641412,3
1198257581,1167645658,28
1198257581,1167895489,28
1198257581,1167896065,16
1198257581,1167904437,15
1198257581,1167977970,14
1198257581,1167995070,17
1198257581,1168059800,17
1198257581,1168064774,20
1198257581,1168241257,14
1198257581,1168249921,10
1198257581,1168664495,9
1198257581,1168923315,8
1198257581,1198326456,7
1198257581,1198334861,30
1198257581,1198413357,12
1198257581,1198667367,19
1198257581,1198671494,4
1198257581,1198671672,22
1198257581,1198675740,22
1198257581,1198680122,31
1198257581,1198680249,30
1198257581,1198680426,13
1198257581,1198680441,14
1198257581,1198684596,28
1198257581,1198943369,15
1198257581,1199017128,14
1198257581,1199699496,18
1198257581,1199712167,16
1198257581,1199712272,18
1198257581,1229369776,5
1198257581,1229710803,6
1198257581,1230480261,18
1198257581,1260422110,6
1198257581,1261086756,3
1198257581,1261436305,3
1198257581,1292113218,3
1198257581,1292466818,3
1198257581,1292847181,12
1198257581,1447576662,18
1198257581,387364605,16
1198257581,416642425,10
1198257581,449438847,18
1198257581,478375456,12
1198257581,541118908,15
1198257581,541870397,9
1198257581,572870540,15
1198257581,5812979082,25
1198257581,5813012006,10
1198257581,5813014873,12
1198257581,5813020409,19
1198257581,5813022281,13
1198257581,5813027103,14
1198257581,5813040233,14
1198257581,5813047446,23
1198257581,5813047647,27
1198257581,5813047793,5
1198257581,5813048896,21
1198257581,5813049948,8
1198257581,5813050767,5
1198257581,5813053866,10
1198257581,5813061251,11
1198257581,5813077544,16
1198257581,5813077556,14
1198257581,5813080838,9
1198257581,632544268,7
1198257581,633546217,10
1198257581,634962055,14
1198257581,665314820,14
1198257581,694920753,12
1198257581,695629525,19
1198257581,695956656,15
1198257581,696362840,8
1198257581,697001770,10
1198257581,725951521,12
1198257581,758419409,14
1198257581,788794171,7
1198257581,789126240,10
1198257581,819828986,8
1198257581,910438331,14
1198257581,912545106,15
1198257581,912601268,11
1198257581,941132434,11
1198257581,942491983,14
1198326456,1002507159,37
1198326456,1002852791,44
1198326456,1004017998,17
1198326456,1034219901,36
1198326456,1035045015,22
1198326456,1065410141,10
1198326456,1105834722,15
1198326456,1106180107,25
1198326456,1125964814,22
1198326456,1126647624,34
1198326456,1127476096,18
1198326456,1136861363,8
1198326456,1137210821,7
1198326456,1137219365,26
1198326456,1167295853,3
1198326456,1167295872,5
1198326456,1167300154,4
1198326456,1167563121,20
1198326456,1167567702,39
1198326456,1167641412,88
1198326456,1167645442,101
1198326456,1167645658,20
1198326456,1167895489,12
1198326456,1167896065,8
1198326456,1167904437,14
1198326456,1167977970,74
1198326456,1167995070,17
1198326456,1168059800,12
1198326456,1168064774,12
1198326456,1168241257,9
1198326456,1168249921,35
1198326456,1168664495,26
1198326456,1168923315,35
1198326456,1198257581,16
1198326456,1198334861,11
1198326456,1198413357,13
1198326456,1198667367,15
1198326456,1198671494,61
1198326456,1198671672,9
1198326456,1198675740,17
1198326456,1198680122,11
1198326456,1198680249,15
1198326456,1198680426,31
1198326456,1198680441,25
1198326456,1198684596,17
1198326456,1198943369,24
1198326456,1199017128,21
1198326456,1199289203,5
1198326456,1199431561,11
1198326456,1199432267,9
1198326456,1199699496,22
1198326456,1199712167,10
1198326456,1199712272,16
1198326456,1229369776,35
1198326456,1229710803,26
1198326456,1230121634,16
1198326456,1230125720,3
1198326456,1230319275,17
1198326456,1230480261,14
1198326456,1260400286,12
1198326456,1260422110,46
1198326456,1260754053,15
1198326456,1292847181,113
1198326456,1447576662,42
1198326456,387364605,46
1198326456,416642425,30
1198326456,449438847,57
1198326456,478375456,34
1198326456,541118908,21
1198326456,541870397,32
1198326456,572870540,49
1198326456,5812979082,18
1198326456,5812979222,3
1198326456,5813012006,12
1198326456,5813014873,40
1198326456,5813020409,12
1198326456,5813022281,32
1198326456,5813027103,34
1198326456,5813038224,8
1198326456,5813040233,31
1198326456,5813047446,14
1198326456,5813047647,16
1198326456,5813047793,79
1198326456,5813048896,32
1198326456,5813049948,87
1198326456,5813050767,87
1198326456,5813053866,101
1198326456,5813053988,18
1198326456,5813061251,24
1198326456,5813077544,43
1198326456,5813077556,23
1198326456,5813080838,21
1198326456,632544268,14
1198326456,633546217,20
1198326456,634962055,24
1198326456,665314820,45
1198326456,693755250,3
1198326456,694920753,29
1198326456,695629525,14
1198326456,695956656,36
1198326456,696362840,32
1198326456,697001770,41
1198326456,725951521,38
1198326456,758419409,42
1198326456,788794171,29
1198326456,789126240,25
1198326456,819828986,19
1198326456,847336755,3
1198326456,910438331,49
1198326456,912545106,42
1198326456,912601268,22
1198326456,941132434,39
1198326456,942491983,38
1198334861,1002507159,15
1198334861,1002852791,18
1198334861,1004017998,14
1198334861,1034219901,14
1198334861,1035045015,11
1198334861,1065410141,13
1198334861,1105834722,22
1198334861,1106180107,21
1198334861,1125964814,6
1198334861,1126647624,11
1198334861,1127476096,11
1198334861,1136861363,19
1198334861,1137210821,25
1198334861,1137219365,23
1198334861,1167295853,3
1198334861,1167300154,6
1198334861,1167563121,20
1198334861,1167567702,6
1198334861,1167641412,3
1198334861,1167645442,3
1198334861,1167645658,21
1198334861,1167895489,28
1198334861,1167896065,13
1198334861,1167904437,22
1198334861,1167977970,11
1198334861,1167995070,13
1198334861,1168059800,26
1198334861,1168064774,20
1198334861,1168241257,23
1198334861,1168249921,18
1198334861,1168664495,9
1198334861,1168923315,6
1198334861,1198257581,19
1198334861,1198326456,3
1198334861,1198413357,27
1198334861,1198667367,18
1198334861,1198671494,6
1198334861,1198671672,26
1198334861,1198675740,19
1198334861,1198680122,33
1198334861,1198680249,32
1198334861,1198680426,12
1198334861,1198680441,20
1198334861,1198684596,17
1198334861,1198931241,3
1198334861,1198943369,13
1198334861,1199017128,10
1198334861,1199699496,19
1198334861,1199712167,17
1198334861,1199712272,22
1198334861,1229710803,6
1198334861,1230480261,20
1198334861,1261091124,3
1198334861,1261423370,3
1198334861,1292847181,9
1198334861,1447576662,14
1198334861,387364605,18
1198334861,416642425,10
1198334861,449438847,13
1198334861,478375456,12
1198334861,541118908,16
1198334861,541870397,15
1198334861,572870540,14
1198334861,5812979082,25
1198334861,5812979222,3
1198334861,5813012006,15
1198334861,5813014873,10
1198334861,5813020409,30
1198334861,5813022281,7
1198334861,5813027103,13
1198334861,5813040233,8
1198334861,5813047446,34
1198334861,5813047647,31
1198334861,5813047793,7
1198334861,5813048896,21
1198334861,5813049948,7
1198334861,5813050767,8
1198334861,5813053866,10
1198334861,5813061251,4
1198334861,5813077544,8
1198334861,5813080838,14
1198334861,632544268,9
1198334861,633546217,11
1198334861,634962055,8
1198334861,665314820,11
1198334861,694920753,10
1198334861,695629525,19
1198334861,695956656,11
1198334861,696362840,9
1198334861,697001770,16
1198334861,725951521,13
1198334861,758419409,12
1198334861,788794171,15
1198334861,789126240,9
1198334861,819828986,12
1198334861,910438331,9
1198334861,912545106,17
1198334861,912601268,16
1198334861,941132434,12
1198334861,942491983,14
1198413357,1002507159,14
1198413357,1002852791,12
1198413357,1004017998,10
1198413357,1034219901,15
1198413357,1035045015,13
1198413357,1065410141,13
1198413357,1105834722,37
1198413357,1106180107,17
1198413357,1125964814,11
1198413357,1126647624,17
1198413357,1127476096,15
1198413357,1136861363,30
1198413357,1137210821,45
1198413357,1137219365,13
1198413357,1167295872,4
1198413357,1167300154,4
1198413357,1167300194,4
1198413357,1167304403,5
1198413357,1167563121,9
1198413357,1167567702,3
1198413357,1167632513,6
1198413357,1167645523,4
1198413357,1167645658,26
1198413357,1167891559,4
1198413357,1167895489,33
1198413357,1167896065,49
1198413357,1167904437,41
1198413357,1167977970,4
1198413357,1167982211,7
1198413357,1167995070,18
1198413357,1168059800,27
1198413357,1168064774,28
1198413357,1168241257,36
1198413357,1168249921,4
1198413357,1168664495,17
1198413357,1168923315,3
1198413357,1198257581,11
1198413357,1198326456,5
1198413357,1198334861,21
1198413357,1198667367,34
1198413357,1198671494,4
1198413357,1198671672,43
1198413357,1198675740,39
1198413357,1198680122,22
1198413357,1198680249,18
1198413357,1198680426,9
1198413357,1198680441,5
1198413357,1198684596,16
1198413357,1198693217,3
1198413357,1198931241,3
1198413357,1198943369,4
1198413357,1199699496,34
1198413357,1199712167,28
1198413357,1199712272,34
1198413357,1229965474,3
1198413357,1230026228,3
1198413357,1230480261,29
1198413357,1261000309,5
1198413357,1261056809,5
1198413357,1292846965,3
1198413357,1292847181,4
1198413357,1324145475,3
1198413357,1416900410,4
1198413357,1447576662,12
1198413357,1513674176,3
1198413357,387364605,18
1198413357,416642425,11
1198413357,449438847,15
1198413357,478375456,6
1198413357,541118908,6
1198413357,541870397,12
1198413357,572870540,14
1198413357,5812979082,10
1198413357,5812979222,3
1198413357,5813012006,13
1198413357,5813014873,12
1198413357,5813020409,30
1198413357,5813022281,4
1198413357,5813027103,11
1198413357,5813040233,8
1198413357,5813047446,10
1198413357,5813047647,26
1198413357,5813048896,20
1198413357,5813049948,3
1198413357,5813053866,4
1198413357,5813061251,4
1198413357,5813077544,17
1198413357,5813080838,6
1198413357,632544268,14
1198413357,633546217,12
1198413357,634962055,8
1198413357,665314820,9
1198413357,694920753,12
1198413357,695629525,14
1198413357,695956656,13
1198413357,696362840,14
1198413357,697001770,11
1198413357,725951521,8
1198413357,758419409,15
1198413357,788794171,14
1198413357,789126240,9
1198413357,819828986,8
1198413357,910438331,6
1198413357,912545106,16
1198413357,941132434,14
1198413357,942491983,14
1198667367,1002507159,15
1198667367,1002852791,14
1198667367,1004017998,5
1198667367,1034219901,14
1198667367,1035045015,10
1198667367,1065410141,15
1198667367,1105834722,36
1198667367,1106180107,12
1198667367,1125964814,11
1198667367,1126647624,14
1198667367,1127476096,11
1198667367,1136861363,35
1198667367,1137210821,33
1198667367,1137219365,18
1198667367,1167295853,4
1198667367,1167295872,5
1198667367,1167295916,5
1198667367,1167300055,3
1198667367,1167300194,6
1198667367,1167304403,7
1198667367,1167563121,10
1198667367,1167632513,7
1198667367,1167641412,5
1198667367,1167645442,5
1198667367,1167645523,3
1198667367,1167645658,42
1198667367,1167891559,5
1198667367,1167895489,44
1198667367,1167896065,47
1198667367,1167904437,57
1198667367,1167977970,8
1198667367,1167982211,4
1198667367,1167995070,19
1198667367,1168059800,31
1198667367,1168064774,50
1198667367,1168241257,34
1198667367,1168249921,10
1198667367,1168664495,21
1198667367,1198006801,8
1198667367,1198257581,16
1198667367,1198326456,9
1198667367,1198334861,22
1198667367,1198413357,41
1198667367,1198671494,6
1198667367,1198671672,44
1198667367,1198675740,28
1198667367,1198680122,20
1198667367,1198680249,16
1198667367,1198680426,7
1198667367,1198680441,5
1198667367,1198684596,19
1198667367,1198931241,5
1198667367,1198943369,5
1198667367,1199017128,5
1198667367,1199699496,38
1198667367,1199712167,53
1198667367,1199712272,41
1198667367,1229710803,3
1198667367,1229965474,3
1198667367,1230026228,4
1198667367,1230026402,3
1198667367,1230480261,49
1198667367,1261000309,3
1198667367,1261056809,4
1198667367,1292846965,4
1198667367,1292847181,10
1198667367,1324145475,4
1198667367,1416900410,7
1198667367,1447576662,14
1198667367,1513674176,6
1198667367,387364605,18
1198667367,416642425,13
1198667367,449438847,18
1198667367,478375456,14
1198667367,541118908,14
1198667367,541870397,17
1198667367,572870540,15
1198667367,5812979082,10
1198667367,5812979222,9
1198667367,5813012006,12
1198667367,5813014873,18
1198667367,5813020409,36
1198667367,5813022281,11
1198667367,5813027103,16
1198667367,5813040233,13
1198667367,5813047446,15
1198667367,5813047647,27
1198667367,5813047793,6
1198667367,5813048896,31
1198667367,5813049948,6
1198667367,5813050767,6
1198667367,5813053866,5
1198667367,5813061251,11
1198667367,5813077544,23
1198667367,5813080838,7
1198667367,632544268,18
1198667367,633546217,13
1198667367,634962055,14
1198667367,665314820,13
1198667367,694920753,10
1198667367,695629525,13
1198667367,695956656,16
1198667367,696362840,9
1198667367,697001770,23
1198667367,725951521,17
1198667367,758419409,15
1198667367,788794171,11
1198667367,789126240,13
1198667367,819828986,12
1198667367,910438331,11
1198667367,912545106,18
1198667367,912601268,11
1198667367,941132434,16
1198667367,942491983,17
1198671494,1002507159,25
1198671494,1002852791,21
1198671494,1004017998,20
1198671494,1034219901,27
1198671494,1035045015,39
1198671494,1065410141,41
1198671494,1105834722,9
1198671494,1106180107,19
1198671494,1125964814,15
1198671494,1126647624,11
1198671494,1127476096,34
1198671494,1136861363,15
1198671494,1137210821,10
1198671494,1137219365,35
1198671494,1167563121,22
1198671494,1167567702,19
1198671494,1167632513,3
1198671494,1167641412,110
1198671494,1167645442,81
1198671494,1167645658,14
1198671494,1167895489,7
1198671494,1167896065,7
1198671494,1167904437,11
1198671494,1167977970,102
1198671494,1167995070,35
1198671494,1168059800,8
1198671494,1168064774,7
1198671494,1168241257,15
1198671494,1168249921,37
1198671494,1168664495,33
1198671494,1168923315,26
1198671494,1198006801,4
1198671494,1198257581,20
1198671494,1198326456,59
1198671494,1198334861,14
1198671494,1198413357,5
1198671494,1198667367,13
1198671494,1198671672,9
1198671494,1198680122,7
1198671494,1198680249,16
1198671494,1198680426,28
1198671494,1198680441,23
1198671494,1198684596,15
1198671494,1198943369,28
1198671494,1199017128,25
1198671494,1199289203,10
1198671494,1199431561,13
1198671494,1199432267,10
1198671494,1199699496,18
1198671494,1199712167,12
1198671494,1199712272,15
1198671494,1229369776,28
1198671494,1229710803,17
1198671494,1230121634,16
1198671494,1230319275,19
1198671494,1230480261,18
1198671494,1260400286,13
1198671494,1260422110,30
1198671494,1260754053,16
1198671494,1292847181,67
1198671494,1447576662,26
1198671494,387364605,36
1198671494,416642425,41
1198671494,449438847,44
1198671494,478375456,31
1198671494,541118908,34
1198671494,541870397,41
1198671494,572870540,30
1198671494,5812979082,23
1198671494,5812979230,5
1198671494,5813012006,39
1198671494,5813014873,42
1198671494,5813020409,15
1198671494,5813022281,25
1198671494,5813027103,34
1198671494,5813038224,3
1198671494,5813040233,23
1198671494,5813045050,3
1198671494,5813047446,10
1198671494,5813047647,11
1198671494,5813047793,92
1198671494,5813048896,11
1198671494,5813049948,81
1198671494,5813050767,73
1198671494,5813053866,88
1198671494,5813053988,21
1198671494,5813061251,8
1198671494,5813077544,43
1198671494,5813077556,24
1198671494,5813080838,38
1198671494,632544268,39
1198671494,633546217,30
1198671494,634962055,28
1198671494,665314820,33
1198671494,694920753,30
1198671494,695629525,56
1198671494,695956656,36
1198671494,696362840,35
1198671494,697001770,11
1198671494,725951521,39
1198671494,758419409,27
1198671494,788794171,30
1198671494,789126240,32
1198671494,819828986,31
1198671494,910438331,34
1198671494,912545106,14
1198671494,912601268,43
1198671494,941132434,29
1198671494,942491983,30
1198671672,1002507159,16
1198671672,1002852791,15
1198671672,1004017998,9
1198671672,1034219901,15
1198671672,1035045015,12
1198671672,1065410141,16
1198671672,1105834722,32
1198671672,1106180107,19
1198671672,1125964814,7
1198671672,1126647624,10
1198671672,1127476096,12
1198671672,1136861363,34
1198671672,1137210821,36
1198671672,1137219365,14
1198671672,1167295853,3
1198671672,1167300055,3
1198671672,1167304403,3
1198671672,1167563121,20
1198671672,1167632513,7
1198671672,1167641412,5
1198671672,1167645442,8
1198671672,1167645523,8
1198671672,1167645658,35
1198671672,1167895489,32
1198671672,1167896065,41
1198671672,1167904437,46
1198671672,1167977970,3
1198671672,1167995070,15
1198671672,1168059800,44
1198671672,1168064774,33
1198671672,1168241257,32
1198671672,1168249921,4
1198671672,1168664495,12
1198671672,1198006801,3
1198671672,1198257581,21
1198671672,1198326456,4
1198671672,1198334861,26
1198671672,1198413357,41
1198671672,1198667367,50
1198671672,1198671494,3
1198671672,1198675740,32
1198671672,1198680122,26
1198671672,1198680249,22
1198671672,1198680426,7
1198671672,1198680441,4
1198671672,1198684596,17
1198671672,1198931241,3
1198671672,1198943369,8
1198671672,1199017128,4
1198671672,1199699496,36
1198671672,1199712167,27
1198671672,1199712272,47
1198671672,1230026402,5
1198671672,1230480261,30
1198671672,1261000309,4
1198671672,1261056809,3
1198671672,1292846965,4
1198671672,1416900410,5
1198671672,1447576662,19
1198671672,1513674176,3
1198671672,387364605,14
1198671672,416642425,12
1198671672,449438847,12
1198671672,478375456,7
1198671672,541118908,4
1198671672,541870397,13
1198671672,572870540,14
1198671672,5812979082,8
1198671672,5812979222,7
1198671672,5813012006,16
1198671672,5813014873,14
1198671672,5813020409,44
1198671672,5813022281,7
1198671672,5813027103,10
1198671672,5813040233,11
1198671672,5813047446,20
1198671672,5813047647,25
1198671672,5813047793,3
1198671672,5813048896,28
1198671672,5813049948,3
1198671672,5813050767,7
1198671672,5813053866,5
1198671672,5813061251,9
1198671672,5813077544,21
1198671672,5813080838,5
1198671672,632544268,19
1198671672,633546217,10
1198671672,634962055,7
1198671672,665314820,15
1198671672,694920753,13
1198671672,695629525,18
1198671672,695956656,12
1198671672,696362840,10
1198671672,697001770,19
1198671672,725951521,13
1198671672,758419409,9
1198671672,788794171,14
1198671672,789126240,13
1198671672,819828986,7
1198671672,910438331,13
1198671672,912545106,18
1198671672,912601268,7
1198671672,941132434,18
1198671672,942491983,20
1198675740,1002507159,16
1198675740,1002852791,15
1198675740,1004017998,7
1198675740,1034219901,13
1198675740,1035045015,16
1198675740,1065410141,15
1198675740,1105834722,39
1198675740,1106180107,14
1198675740,1125964814,13
1198675740,1126647624,11
1198675740,1127476096,13
1198675740,1136861363,31
1198675740,1137210821,36
1198675740,1137219365,14
1198675740,1167300154,4
1198675740,1167563121,11
1198675740,1167567702,7
1198675740,1167632513,5
1198675740,1167641412,4
1198675740,1167645442,3
1198675740,1167645523,5
1198675740,1167645658,29
1198675740,1167895489,31
1198675740,1167896065,39
1198675740,1167904437,32
1198675740,1167977970,3
1198675740,1167995070,17
1198675740,1168059800,39
1198675740,1168064774,30
1198675740,1168241257,43
1198675740,1168249921,5
1198675740,1168664495,16
1198675740,1198006801,3
1198675740,1198257581,13
1198675740,1198326456,4
1198675740,1198334861,15
1198675740,1198413357,28
1198675740,1198667367,29
1198675740,1198671672,35
1198675740,1198680122,23
1198675740,1198680249,19
1198675740,1198680426,3
1198675740,1198684596,18
1198675740,1198943369,4
1198675740,1199699496,37
1198675740,1199712167,50
1198675740,1199712272,22
1198675740,1230480261,32
1198675740,1230742552,3
1198675740,1261056809,3
1198675740,1292847181,5
1198675740,1416900410,4
1198675740,1447576662,11
1198675740,387364605,15
1198675740,416642425,14
1198675740,449438847,18
1198675740,478375456,8
1198675740,541118908,6
1198675740,541870397,14
1198675740,572870540,17
1198675740,5812979082,8
1198675740,5812979222,3
1198675740,5813012006,17
1198675740,5813014873,15
1198675740,5813020409,40
1198675740,5813022281,7
1198675740,5813027103,17
1198675740,5813040233,9
1198675740,5813047446,16
1198675740,5813047647,31
1198675740,5813047793,4
1198675740,5813048896,23
1198675740,5813049948,9
1198675740,5813050767,3
1198675740,5813053866,3
1198675740,5813061251,8
1198675740,5813077544,17
1198675740,5813077556,3
1198675740,5813080838,13
1198675740,632544268,12
1198675740,633546217,10
1198675740,634962055,6
1198675740,665314820,12
1198675740,694920753,6
1198675740,695629525,14
1198675740,695956656,15
1198675740,696362840,6
1198675740,697001770,17
1198675740,725951521,10
1198675740,758419409,19
1198675740,788794171,12
1198675740,789126240,14
1198675740,819828986,9
1198675740,910438331,10
1198675740,912545106,15
1198675740,912601268,10
1198675740,941132434,12
1198675740,942491983,10
1198680122,1002507159,16
1198680122,1002852791,15
1198680122,1004017998,4
1198680122,1034219901,13
1198680122,1035045015,16
1198680122,1065410141,11
1198680122,1105834722,20
1198680122,1106180107,27
1198680122,1125964814,7
1198680122,1126647624,11
1198680122,1127476096,16
1198680122,1136861363,25
1198680122,1137210821,31
1198680122,1137219365,21
1198680122,1167304403,3
1198680122,1167563121,27
1198680122,1167567702,6
1198680122,1167641412,5
1198680122,1167645442,4
1198680122,1167645658,20
1198680122,1167895489,19
1198680122,1167896065,28
1198680122,1167904437,21
1198680122,1167977970,8
1198680122,1167995070,17
1198680122,1168059800,30
1198680122,1168064774,18
1198680122,1168241257,25
1198680122,1168249921,11
1198680122,1168664495,11
1198680122,1168923315,8
1198680122,1198257581,36
1198680122,1198326456,3
1198680122,1198334861,38
1198680122,1198413357,24
1198680122,1198667367,16
1198680122,1198671494,6
1198680122,1198671672,25
1198680122,1198675740,19
1198680122,1198680249,34
1198680122,1198680426,16
1198680122,1198680441,9
1198680122,1198684596,30
1198680122,1198943369,15
1198680122,1199017128,3
1198680122,1199699496,17
1198680122,1199712167,29
1198680122,1199712272,25
1198680122,1229369776,4
1198680122,1229710803,6
1198680122,1230480261,24
1198680122,1261427765,3
1198680122,1261427892,4
1198680122,1292847181,8
1198680122,1447576662,20
1198680122,387364605,21
1198680122,416642425,12
1198680122,449438847,12
1198680122,478375456,10
1198680122,541118908,15
1198680122,541870397,10
1198680122,572870540,15
1198680122,5812979082,12
1198680122,5812979222,3
1198680122,5813012006,11
1198680122,5813014873,15
1198680122,5813020409,30
1198680122,5813022281,9
1198680122,5813027103,10
1198680122,5813040233,9
1198680122,5813047446,24
1198680122,5813047647,24
1198680122,5813047793,7
1198680122,5813048896,23
1198680122,5813049948,7
1198680122,5813050767,9
1198680122,5813053866,4
1198680122,5813061251,7
1198680122,5813077544,12
1198680122,5813080838,14
1198680122,632544268,17
1198680122,633546217,7
1198680122,634962055,10
1198680122,665314820,17
1198680122,694920753,21
1198680122,695629525,14
1198680122,695956656,13
1198680122,696362840,12
1198680122,697001770,19
1198680122,725951521,12
1198680122,758419409,12
1198680122,788794171,11
1198680122,789126240,9
1198680122,819828986,11
1198680122,910438331,12
1198680122,912545106,15
1198680122,912601268,9
1198680122,941132434,11
1198680122,942491983,14
1198680249,1002507159,16
1198680249,1002852791,12
1198680249,1004017998,8
1198680249,1034219901,19
1198680249,1035045015,15
1198680249,1065410141,12
1198680249,1105834722,26
1198680249,1106180107,28
1198680249,1125964814,9
1198680249,1126647624,12
1198680249,1127476096,9
1198680249,1136861363,20
1198680249,1137210821,28
1198680249,1137219365,27
1198680249,1167563121,34
1198680249,1167567702,14
1198680249,1167641412,5
1198680249,1167645442,7
1198680249,1167645658,19
1198680249,1167895489,23
1198680249,1167896065,15
1198680249,1167904437,14
1198680249,1167977970,13
1198680249,1167995070,8
1198680249,1168059800,24
1198680249,1168064774,35
1198680249,1168241257,24
1198680249,1168249921,13
1198680249,1168664495,15
1198680249,1168923315,5
1198680249,1198257581,23
1198680249,1198326456,6
1198680249,1198334861,36
1198680249,1198413357,19
1198680249,1198667367,16
1198680249,1198671494,9
1198680249,1198671672,11
1198680249,1198675740,13
1198680249,1198680122,30
1198680249,1198680426,12
1198680249,1198680441,23
1198680249,1198684596,19
1198680249,1198943369,17
1198680249,1199017128,4
1198680249,1199699496,21
1198680249,1199712167,17
1198680249,1199712272,22
1198680249,1229369776,6
1198680249,1229710803,6
1198680249,1230480261,33
1198680249,1230738163,5
1198680249,1261086756,3
1198680249,1261423480,3
1198680249,1261436508,3
1198680249,1261760187,3
1198680249,1292847181,9
1198680249,1447576662,16
1198680249,387364605,15
1198680249,416642425,13
1198680249,449438847,19
1198680249,478375456,13
1198680249,541118908,6
1198680249,541870397,14
1198680249,572870540,10
1198680249,5812979082,23
1198680249,5813012006,5
1198680249,5813014873,16
1198680249,5813020409,22
1198680249,5813022281,11
1198680249,5813027103,10
1198680249,5813040233,11
1198680249,5813047446,39
1198680249,5813047647,38
1198680249,5813047793,7
1198680249,5813048896,25
1198680249,5813049948,8
1198680249,5813050767,4
1198680249,5813053866,12
1198680249,5813061251,4
1198680249,5813077544,12
1198680249,5813077556,8
1198680249,5813080838,18
1198680249,632544268,11
1198680249,633546217,13
1198680249,634962055,9
1198680249,665314820,14
1198680249,694920753,7
1198680249,695629525,16
1198680249,695956656,11
1198680249,696362840,9
1198680249,697001770,12
1198680249,725951521,11
1198680249,758419409,15
1198680249,788794171,13
1198680249,789126240,13
1198680249,819828986,10
1198680249,910438331,13
1198680249,912545106,13
1198680249,912601268,6
1198680249,941132434,12
1198680249,942491983,18
1198680426,1002507159,11
1198680426,1002852791,11
1198680426,1004017998,4
1198680426,1034219901,14
1198680426,1035045015,13
1198680426,1065410141,17
1198680426,1105834722,13
1198680426,1106180107,25
1198680426,1125964814,19
1198680426,1126647624,14
1198680426,1127476096,5
1198680426,1136861363,6
1198680426,1137210821,5
1198680426,1137219365,25
1198680426,1167563121,30
1198680426,1167567702,32
1198680426,1167641412,4
1198680426,1167645442,10
1198680426,1167645658,6
1198680426,1167895489,6
1198680426,1167896065,4
1198680426,1167904437,7
1198680426,1167977970,15
1198680426,1167995070,8
1198680426,1168059800,8
1198680426,1168064774,6
1198680426,1168241257,8
1198680426,1168249921,30
1198680426,1168664495,7
1198680426,1168923315,27
1198680426,1198257581,11
1198680426,1198326456,9
1198680426,1198334861,7
1198680426,1198413357,6
1198680426,1198667367,5
1198680426,1198671494,15
1198680426,1198671672,3
1198680426,1198675740,11
1198680426,1198680122,10
1198680426,1198680249,12
1198680426,1198680441,18
1198680426,1198684596,13
1198680426,1198943369,29
1198680426,1199017128,42
1198680426,1199289203,5
1198680426,1199432267,4
1198680426,1199699496,5
1198680426,1199712167,7
1198680426,1199712272,4
1198680426,1229369776,19
1198680426,1229710803,24
1198680426,1230121634,16
1198680426,1230319275,5
1198680426,1230480261,4
1198680426,1260400286,5
1198680426,1260422110,21
1198680426,1260754053,3
1198680426,1261082560,4
1198680426,1261086734,3
1198680426,1261086755,5
1198680426,1261086756,4
1198680426,1261086823,3
1198680426,1261091157,4
1198680426,1261419142,4
1198680426,1261423370,3
1198680426,1261423444,4
1198680426,1261760187,3
1198680426,1292847181,7
1198680426,1447576662,24
1198680426,387364605,14
1198680426,416642425,14
1198680426,449438847,14
1198680426,478375456,15
1198680426,541118908,10
1198680426,541870397,15
1198680426,572870540,11
1198680426,5812979082,13
1198680426,5812983887,6
1198680426,5813012006,11
1198680426,5813014873,7
1198680426,5813020409,9
1198680426,5813022281,9
1198680426,5813027103,10
1198680426,5813038224,7
1198680426,5813040233,17
1198680426,5813047446,22
1198680426,5813047647,18
1198680426,5813047793,10
1198680426,5813048896,6
1198680426,5813049948,8
1198680426,5813050767,10
1198680426,5813053866,10
1198680426,5813053988,11
1198680426,5813061251,10
1198680426,5813077544,10
1198680426,5813077556,26
1198680426,5813080838,9
1198680426,632544268,11
1198680426,633546217,8
1198680426,634962055,11
1198680426,665314820,12
1198680426,694920753,8
1198680426,695629525,14
1198680426,695956656,15
1198680426,696362840,7
1198680426,697001770,11
1198680426,725951521,13
1198680426,758419409,12
1198680426,788794171,9
1198680426,789126240,15
1198680426,819828986,11
1198680426,910438331,15
1198680426,912545106,13
1198680426,912601268,11
1198680426,941132434,13
1198680426,942491983,14
1198680441,1002507159,17
1198680441,1002852791,18
1198680441,1004017998,8
1198680441,1034219901,16
1198680441,1035045015,17
1198680441,1065410141,10
1198680441,1105834722,3
1198680441,1106180107,9
1198680441,1125964814,5
1198680441,1126647624,7
1198680441,1127476096,11
1198680441,1136861363,6
1198680441,1137210821,5
1198680441,1137219365,16
1198680441,1167563121,25
1198680441,1167567702,27
1198680441,1167641412,9
1198680441,1167645442,9
1198680441,1167645658,4
1198680441,1167895489,3
1198680441,1167977970,10
1198680441,1167995070,11
1198680441,1168059800,7
1198680441,1168064774,11
1198680441,1168249921,34
1198680441,1168664495,14
1198680441,1168923315,31
1198680441,1198257581,13
1198680441,1198326456,10
1198680441,1198334861,13
1198680441,1198413357,7
1198680441,1198671494,7
1198680441,1198671672,4
1198680441,1198680122,8
1198680441,1198680249,19
1198680441,1198680426,29
1198680441,1198684596,13
1198680441,1198943369,32
1198680441,1199017128,29
1198680441,1199289203,6
1198680441,1199431561,6
1198680441,1199432267,11
1198680441,1199712167,3
1198680441,1199712272,5
1198680441,1229369776,24
1198680441,1229710803,26
1198680441,1230121634,8
1198680441,1230319275,10
1198680441,1230480261,5
1198680441,1260400286,5
1198680441,1260422110,25
1198680441,1261086755,5
1198680441,1261086823,3
1198680441,1261086863,3
1198680441,1261419142,3
1198680441,1261423370,4
1198680441,1261423454,4
1198680441,1261427765,5
1198680441,1261436305,4
1198680441,1261436508,5
1198680441,1261760187,3
1198680441,1292847181,13
1198680441,1447576662,19
1198680441,387364605,18
1198680441,416642425,8
1198680441,449438847,11
1198680441,478375456,15
1198680441,541118908,10
1198680441,541870397,16
1198680441,572870540,18
1198680441,5812979082,20
1198680441,5813012006,10
1198680441,5813014873,11
1198680441,5813020409,7
1198680441,5813022281,12
1198680441,5813027103,14
1198680441,5813040233,9
1198680441,5813047446,18
1198680441,5813047647,7
1198680441,5813047793,13
1198680441,5813048896,11
1198680441,5813049948,14
1198680441,5813050767,7
1198680441,5813053866,13
1198680441,5813053988,14
1198680441,5813061251,6
1198680441,5813077544,18
1198680441,5813077556,20
1198680441,5813080838,12
1198680441,632544268,13
1198680441,633546217,13
1198680441,634962055,4
1198680441,665314820,13
1198680441,694920753,17
1198680441,695629525,13
1198680441,695956656,11
1198680441,696362840,16
1198680441,697001770,12
1198680441,725951521,12
1198680441,758419409,12
1198680441,788794171,13
1198680441,789126240,12
1198680441,819828986,11
1198680441,910438331,11
1198680441,912545106,11
1198680441,912601268,10
1198680441,941132434,11
1198680441,942491983,14
1198684596,1002507159,11
1198684596,1002852791,14
1198684596,1004017998,10
1198684596,1034219901,16
1198684596,1035045015,10
1198684596,1065410141,17
1198684596,1105834722,23
1198684596,1106180107,30
1198684596,1125964814,9
1198684596,1126647624,9
1198684596,1127476096,10
1198684596,1136861363,10
1198684596,1137210821,16
1198684596,1137219365,18
1198684596,1167563121,33
1198684596,1167567702,21
1198684596,1167632513,3
1198684596,1167641412,9
1198684596,1167645442,5
1198684596,1167645658,19
1198684596,1167895489,16
1198684596,1167896065,10
1198684596,1167904437,10
1198684596,1167977970,10
1198684596,1167995070,11
1198684596,1168059800,22
1198684596,1168064774,13
1198684596,1168241257,19
1198684596,1168249921,19
1198684596,1168664495,11
1198684596,1168923315,13
1198684596,1198257581,27
1198684596,1198326456,9
1198684596,1198334861,11
1198684596,1198413357,5
1198684596,1198667367,13
1198684596,1198671494,13
1198684596,1198671672,13
1198684596,1198675740,13
1198684596,1198680122,27
1198684596,1198680249,24
1198684596,1198680426,18
1198684596,1198680441,18
1198684596,1198943369,16
1198684596,1199017128,22
1198684596,1199699496,17
1198684596,1199712167,10
1198684596,1199712272,13
1198684596,1229369776,8
1198684596,1229710803,8
1198684596,1230121634,6
1198684596,1230480261,15
1198684596,1260422110,4
1198684596,1261082560,4
1198684596,1261086823,3
1198684596,1261086863,4
1198684596,1261091157,3
1198684596,1261091174,3
1198684596,1261423454,5
1198684596,1261436305,3
1198684596,1261756007,4
1198684596,1261768644,7
1198684596,1292847181,10
1198684596,1447576662,21
1198684596,387364605,23
1198684596,416642425,12
1198684596,449438847,15
1198684596,478375456,8
1198684596,541118908,13
1198684596,541870397,20
1198684596,572870540,20
1198684596,5812979082,39
1198684596,5812983887,3
1198684596,5813012006,10
1198684596,5813014873,15
1198684596,5813020409,24
1198684596,5813020587,3
1198684596,5813022281,18
1198684596,5813027103,8
1198684596,5813040233,10
1198684596,5813047446,29
1198684596,5813047647,31
1198684596,5813047793,11
1198684596,5813048896,18
1198684596,5813049948,9
1198684596,5813050767,9
1198684596,5813053866,5
1198684596,5813061251,7
1198684596,5813077544,13
1198684596,5813077556,8
1198684596,5813080272,3
1198684596,5813080838,6
1198684596,632544268,17
1198684596,633546217,13
1198684596,634962055,13
1198684596,665314820,8
1198684596,694920753,15
1198684596,695629525,14
1198684596,695956656,13
1198684596,696362840,15
1198684596,697001770,23
1198684596,724280817,3
1198684596,725951521,6
1198684596,758419409,13
1198684596,788794171,6
1198684596,789126240,9
1198684596,819828986,10
1198684596,910438331,12
1198684596,912545106,16
1198684596,912601268,7
1198684596,941132434,7
1198684596,942491983,11
1198693217,1002507159,12
1198693217,1002852791,11
1198693217,1004017998,6
1198693217,1034219901,10
1198693217,1035045015,12
1198693217,1062526223,3
1198693217,1065410141,10
1198693217,1125964814,11
1198693217,1126647624,9
1198693217,1127476096,9
1198693217,1167295853,57
1198693217,1167295856,62
1198693217,1167295872,61
1198693217,1167295916,51
1198693217,1167300055,45
1198693217,1167300154,50
1198693217,1167300194,50
1198693217,1167304403,49
1198693217,1167632513,55
1198693217,1167645523,48
1198693217,1167891559,69
1198693217,1167982211,39
1198693217,1167995070,13
1198693217,1168241257,3
1198693217,1168664495,13
1198693217,1198006801,75
1198693217,1198931241,74
1198693217,1199699496,3
1198693217,1218728570,3
1198693217,1229965474,57
1198693217,1230026228,60
1198693217,1230026402,60
1198693217,1261000309,75
1198693217,1261056809,51
1198693217,1292846965,47
1198693217,1324145475,61
1198693217,1416900410,57
1198693217,1447576662,10
1198693217,1513674176,58
1198693217,387364605,7
1198693217,416642425,8
1198693217,449438847,6
1198693217,478375456,7
1198693217,541870397,6
1198693217,572870540,18
1198693217,5812979222,39
1198693217,5813012006,8
1198693217,5813014873,8
1198693217,5813022281,3
1198693217,5813027103,10
1198693217,5813040233,6
1198693217,5813047157,3
1198693217,5813061251,21
1198693217,5813070465,5
1198693217,5813077544,14
1198693217,5813080838,9
1198693217,633546217,11
1198693217,634962055,9
1198693217,665314820,10
1198693217,694920753,7
1198693217,695629525,15
1198693217,695956656,12
1198693217,696362840,8
1198693217,697001770,14
1198693217,725951521,5
1198693217,758419409,8
1198693217,789126240,3
1198693217,819828986,9
1198693217,849421763,6
1198693217,910438331,6
1198693217,912545106,10
1198693217,912601268,8
1198693217,941132434,7
1198693217,942491983,9
1198931241,1002507159,11
1198931241,1002852791,10
1198931241,1004017998,7
1198931241,1034219901,6
1198931241,1035045015,14
1198931241,1065410141,11
1198931241,1125964814,10
1198931241,1126647624,6
1198931241,1127476096,9
1198931241,1136861363,3
1198931241,1167295853,56
1198931241,1167295856,83
1198931241,1167295872,60
1198931241,1167295916,66
1198931241,1167300055,76
1198931241,1167300154,27
1198931241,1167300194,58
1198931241,1167304403,43
1198931241,1167632513,53
1198931241,1167641412,3
1198931241,1167645523,51
1198931241,1167891559,66
1198931241,1167896065,3
1198931241,1167904437,6
1198931241,1167982211,41
1198931241,1167995070,11
1198931241,1168064774,3
1198931241,1168664495,17
1198931241,1198006801,64
1198931241,1198413357,3
1198931241,1198667367,3
1198931241,1198693217,49
1198931241,1199712167,3
1198931241,1229965474,59
1198931241,1230026228,73
1198931241,1230026402,64
1198931241,1261000309,79
1198931241,1261056809,63
1198931241,1292846965,53
1198931241,1324145475,62
1198931241,1416900410,63
1198931241,1447576662,15
1198931241,1513674176,63
1198931241,1601771527,4
1198931241,387364605,6
1198931241,416642425,7
1198931241,449438847,9
1198931241,478375456,8
1198931241,541118908,6
1198931241,541870397,3
1198931241,572870540,15
1198931241,5812979222,43
1198931241,5813012006,15
1198931241,5813014873,15
1198931241,5813022281,8
1198931241,5813027103,4
1198931241,5813040233,15
1198931241,5813047647,5
1198931241,5813061251,13
1198931241,5813077544,14
1198931241,5813080838,10
1198931241,632544268,11
1198931241,633546217,8
1198931241,634962055,11
1198931241,665314820,14
1198931241,694920753,8
1198931241,695629525,13
1198931241,695956656,9
1198931241,696362840,5
1198931241,697001770,13
1198931241,724280817,6
1198931241,725951521,3
1198931241,758419409,12
1198931241,788794171,4
1198931241,789126240,4
1198931241,819828986,8
1198931241,849421763,3
1198931241,910438331,7
1198931241,912545106,4
1198931241,912601268,10
1198931241,941132434,7
1198931241,942491983,9
1198943369,1002507159,19
1198943369,1002852791,13
1198943369,1004017998,12
1198943369,1034219901,16
1198943369,1035045015,10
1198943369,1065410141,16
1198943369,1105834722,6
1198943369,1106180107,22
1198943369,1125964814,5
1198943369,1126647624,8
1198943369,1127476096,12
1198943369,1136861363,7
1198943369,1137210821,10
1198943369,1137219365,21
1198943369,1167563121,30
1198943369,1167567702,35
1198943369,1167641412,8
1198943369,1167645442,6
1198943369,1167645658,5
1198943369,1167904437,5
1198943369,1167977970,16
1198943369,1167995070,17
1198943369,1168059800,10
1198943369,1168064774,5
1198943369,1168241257,6
1198943369,1168249921,37
1198943369,1168664495,15
1198943369,1168923315,33
1198943369,1198257581,18
1198943369,1198326456,8
1198943369,1198334861,13
1198943369,1198413357,7
1198943369,1198667367,7
1198943369,1198671494,7
1198943369,1198671672,5
1198943369,1198675740,5
1198943369,1198680122,17
1198943369,1198680249,15
1198943369,1198680426,32
1198943369,1198680441,30
1198943369,1198684596,21
1198943369,1199017128,42
1198943369,1199289203,3
1198943369,1199431561,7
1198943369,1199432267,11
1198943369,1199699496,3
1198943369,1199712167,3
1198943369,1199712272,16
1198943369,1229369776,17
1198943369,1229710803,28
1198943369,1230121634,17
1198943369,1230319275,7
1198943369,1230480261,6
1198943369,1260400286,8
1198943369,1260422110,19
1198943369,1260754053,4
1198943369,1261082560,3
1198943369,1261086734,3
1198943369,1261086755,7
1198943369,1261086756,5
1198943369,1261086863,4
1198943369,1261091124,5
1198943369,1261091157,3
1198943369,1261423370,3
1198943369,1261423480,3
1198943369,1261436305,7
1198943369,1292847181,7
1198943369,1447576662,25
1198943369,387364605,16
1198943369,416642425,5
1198943369,449438847,20
1198943369,478375456,12
1198943369,541118908,9
1198943369,541870397,9
1198943369,572870540,17
1198943369,5812979082,27
1198943369,5813012006,10
1198943369,5813014873,19
1198943369,5813020409,11
1198943369,5813020587,3
1198943369,5813022281,5
1198943369,5813027103,13
1198943369,5813038224,4
1198943369,5813040233,16
1198943369,5813047446,20
1198943369,5813047647,6
1198943369,5813047793,14
1198943369,5813048896,5
1198943369,5813049948,11
1198943369,5813050767,4
1198943369,5813053866,5
1198943369,5813053988,18
1198943369,5813061251,5
1198943369,5813077544,13
1198943369,5813077556,18
1198943369,5813080838,12
1198943369,632544268,13
1198943369,633546217,7
1198943369,634962055,13
1198943369,665314820,14
1198943369,694920753,9
1198943369,695629525,15
1198943369,695956656,10
1198943369,696362840,11
1198943369,697001770,13
1198943369,725951521,7
1198943369,758419409,11
1198943369,788794171,14
1198943369,789126240,13
1198943369,819828986,12
1198943369,910438331,17
1198943369,912545106,15
1198943369,912601268,11
1198943369,941132434,14
1198943369,942491983,14
1199017128,1002507159,12
1199017128,1002852791,10
1199017128,1004017998,6
1199017128,1034219901,8
1199017128,1035045015,11
1199017128,1065410141,9
1199017128,1106180107,8
1199017128,1125964814,9
1199017128,1126647624,9
1199017128,1127476096,11
1199017128,1137210821,5
1199017128,1137219365,10
1199017128,1167563121,16
1199017128,1167567702,26
1199017128,1167641412,4
1199017128,1167645442,3
1199017128,1167904437,3
1199017128,1167977970,9
1199017128,1167995070,13
1199017128,1168055653,3
1199017128,1168059800,3
1199017128,1168249921,19
1199017128,1168664495,11
1199017128,1168923315,35
1199017128,1198257581,3
1199017128,1198326456,5
1199017128,1198334861,7
1199017128,1198667367,5
1199017128,1198671494,5
1199017128,1198671672,4
1199017128,1198680249,5
1199017128,1198680426,31
1199017128,1198680441,28
1199017128,1198684596,11
1199017128,1198943369,31
1199017128,1199289203,9
1199017128,1199431561,7
1199017128,1199432267,8
1199017128,1199699496,3
1199017128,1199712272,4
1199017128,1229369776,28
1199017128,1229710803,30
1199017128,1230121634,25
1199017128,1230125720,6
1199017128,1230319275,14
1199017128,1260400286,16
1199017128,1260422110,30
1199017128,1260754053,5
1199017128,1261082560,6
1199017128,1261086734,9
1199017128,1261086755,8
1199017128,1261086756,6
1199017128,1261086823,4
1199017128,1261086863,7
1199017128,1261091124,4
1199017128,1261091157,6
1199017128,1261091174,6
1199017128,1261419142,7
1199017128,1261423370,7
1199017128,1261423444,6
1199017128,1261423454,4
1199017128,1261423480,5
1199017128,1261427765,3
1199017128,1261427857,7
1199017128,1261436305,9
1199017128,1261436508,5
1199017128,1261756007,7
1199017128,1261760187,3
1199017128,1261768832,4
1199017128,1292113218,14
1199017128,1292847181,3
1199017128,1447576662,14
1199017128,387364605,17
1199017128,416642425,11
1199017128,449438847,14
1199017128,478375456,9
1199017128,541118908,6
1199017128,541870397,9
1199017128,572870540,20
1199017128,5812979082,20
1199017128,5812983887,10
1199017128,5813012006,15
1199017128,5813014873,9
1199017128,5813022281,12
1199017128,5813027103,13
1199017128,5813038224,6
1199017128,5813040233,11
1199017128,5813047446,15
1199017128,5813047647,5
1199017128,5813047793,12
1199017128,5813049948,4
1199017128,5813050767,6
1199017128,5813053866,6
1199017128,5813053988,22
1199017128,5813077544,15
1199017128,5813077556,18
1199017128,5813080838,9
1199017128,632544268,21
1199017128,633546217,11
1199017128,634962055,13
1199017128,665314820,4
1199017128,694920753,10
1199017128,695629525,7
1199017128,695956656,8
1199017128,696362840,11
1199017128,697001770,10
1199017128,725951521,9
1199017128,758419409,10
1199017128,788794171,7
1199017128,789126240,10
1199017128,819828986,9
1199017128,910438331,13
1199017128,912545106,16
1199017128,912601268,11
1199017128,941132434,14
1199017128,942491983,8
1199086313,1002507159,12
1199086313,1002852791,18
1199086313,1004017998,5
1199086313,1034219901,7
1199086313,1035045015,14
1199086313,1065410141,6
1199086313,1125964814,11
1199086313,1126647624,4
1199086313,1127476096,5
1199086313,1167995070,8
1199086313,1168392468,5
1199086313,1168664495,8
1199086313,1229288307,35
1199086313,1230125720,3
1199086313,1230324385,3
1199086313,1260327246,4
1199086313,1260828727,32
1199086313,1261169514,22
1199086313,1261768913,3
1199086313,1291435776,24
1199086313,1291780710,3
1199086313,1322470509,37
1199086313,1322470594,42
1199086313,1322474586,36
1199086313,1322811232,3
1199086313,1322811240,26
1199086313,1447576662,14
1199086313,387364605,10
1199086313,416642425,13
1199086313,449438847,12
1199086313,478375456,15
1199086313,541118908,10
1199086313,541870397,10
1199086313,572870540,12
1199086313,5812979230,3
1199086313,5812979459,19
1199086313,5813012006,11
1199086313,5813014873,16
1199086313,5813020455,4
1199086313,5813020568,16
1199086313,5813020585,42
1199086313,5813022281,14
1199086313,5813027103,9
1199086313,5813040233,12
1199086313,5813053983,3
1199086313,5813061251,13
1199086313,5813077544,19
1199086313,5813080838,17
1199086313,632544268,15
1199086313,633546217,11
1199086313,634962055,10
1199086313,665314820,19
1199086313,694920753,20
1199086313,695629525,16
1199086313,695956656,16
1199086313,696362840,18
1199086313,697001770,9
1199086313,725951521,9
1199086313,758419409,17
1199086313,788794171,7
1199086313,789126240,11
1199086313,819828986,7
1199086313,910438331,9
1199086313,912545106,15
1199086313,912601268,6
1199086313,941132434,12
1199086313,942491983,15
1199289203,1002507159,15
1199289203,1002852791,12
1199289203,1004017998,9
1199289203,1034219901,10
1199289203,1035045015,14
1199289203,1065410141,10
1199289203,1125964814,10
1199289203,1126647624,6
1199289203,1127476096,7
1199289203,1167995070,7
1199289203,1168055653,36
1199289203,1168392003,34
1199289203,1168392468,30
1199289203,1168664495,3
1199289203,1168923315,5
1199289203,1199427845,28
1199289203,1199431561,21
1199289203,1199432267,43
1199289203,1199625952,37
1199289203,1229369776,12
1199289203,1229710803,4
1199289203,1230121634,16
1199289203,1230125720,29
1199289203,1230319275,16
1199289203,1230324385,36
1199289203,1260400286,26
1199289203,1260422110,17
1199289203,1260754053,33
1199289203,1447576662,20
1199289203,387364605,12
1199289203,416642425,10
1199289203,449438847,14
1199289203,478375456,12
1199289203,541118908,15
1199289203,541870397,13
1199289203,572870540,15
1199289203,5812979230,22
1199289203,5813012006,15
1199289203,5813014873,19
1199289203,5813020455,29
1199289203,5813022281,14
1199289203,5813027103,16
1199289203,5813038224,29
1199289203,5813040233,14
1199289203,5813045050,33
1199289203,5813053983,33
1199289203,5813053988,35
1199289203,5813061251,10
1199289203,5813077544,18
1199289203,5813077556,5
1199289203,5813080838,18
1199289203,632544268,9
1199289203,633546217,12
1199289203,634962055,12
1199289203,665314820,3
1199289203,694920753,15
1199289203,695629525,12
1199289203,695956656,9
1199289203,696362840,8
1199289203,697001770,11
1199289203,725951521,13
1199289203,758419409,15
1199289203,788794171,12
1199289203,789126240,8
1199289203,819828986,13
1199289203,910438331,12
1199289203,912545106,13
1199289203,912601268,10
1199289203,941132434,5
1199289203,942491983,6
1199427845,1002507159,11
1199427845,1002852791,16
1199427845,1004017998,13
1199427845,1034219901,13
1199427845,1035045015,10
1199427845,1065410141,7
1199427845,1125964814,7
1199427845,1126647624,7
1199427845,1127476096,13
1199427845,1167995070,6
1199427845,1168055653,38
1199427845,1168392003,32
1199427845,1168392468,40
1199427845,1168664495,12
1199427845,1199289203,24
1199427845,1199431561,18
1199427845,1199432267,18
1199427845,1199625952,37
1199427845,1229288307,3
1199427845,1230121634,13
1199427845,1230125720,21
1199427845,1230319275,6
1199427845,1230324385,29
1199427845,1260400286,13
1199427845,1260754053,20
1199427845,1322470368,3
1199427845,1322474586,5
1199427845,1447576662,19
1199427845,387364605,11
1199427845,416642425,9
1199427845,449438847,12
1199427845,478375456,10
1199427845,541118908,7
1199427845,541870397,7
1199427845,572870540,13
1199427845,5812979230,39
1199427845,5813012006,18
1199427845,5813014873,15
1199427845,5813020455,34
1199427845,5813022281,14
1199427845,5813027103,12
1199427845,5813038224,20
1199427845,5813040233,13
1199427845,5813045050,35
1199427845,5813053983,35
1199427845,5813053988,13
1199427845,5813061251,16
1199427845,5813077544,11
1199427845,5813080838,15
1199427845,632544268,10
1199427845,633546217,11
1199427845,634962055,8
1199427845,665314820,10
1199427845,694920753,12
1199427845,695629525,11
1199427845,695956656,15
1199427845,696362840,12
1199427845,697001770,11
1199427845,725951521,9
1199427845,758419409,21
1199427845,788794171,12
1199427845,789126240,10
1199427845,819828986,11
1199427845,910438331,18
1199427845,912545106,9
1199427845,912601268,14
1199427845,941132434,5
1199427845,942491983,5
1199431561,1002507159,17
1199431561,1002852791,10
1199431561,1004017998,11
1199431561,1034219901,10
1199431561,1035045015,11
1199431561,1065410141,8
1199431561,1125964814,16
1199431561,1126647624,4
1199431561,1127476096,6
1199431561,1167567702,3
1199431561,1167995070,12
1199431561,1168055653,52
1199431561,1168249921,3
1199431561,1168392003,25
1199431561,1168392468,30
1199431561,1168664495,11
1199431561,1168923315,5
1199431561,1199289203,28
1199431561,1199427845,24
1199431561,1199432267,34
1199431561,1199625952,35
1199431561,1229369776,7
1199431561,1229710803,5
1199431561,1230121634,15
1199431561,1230125720,49
1199431561,1230319275,26
1199431561,1230324385,40
1199431561,1260400286,27
1199431561,1260422110,11
1199431561,1260754053,30
1199431561,1447576662,22
1199431561,387364605,22
1199431561,416642425,8
1199431561,449438847,18
1199431561,478375456,12
1199431561,541118908,9
1199431561,541870397,8
1199431561,572870540,17
1199431561,5812979230,34
1199431561,5813012006,15
1199431561,5813014873,22
1199431561,5813020455,29
1199431561,5813022281,17
1199431561,5813027103,11
1199431561,5813038224,34
1199431561,5813040233,14
1199431561,5813045050,36
1199431561,5813053983,26
1199431561,5813053988,21
1199431561,5813061251,8
1199431561,5813077544,24
1199431561,5813077556,19
1199431561,5813080838,17
1199431561,632544268,15
1199431561,633546217,8
1199431561,634962055,8
1199431561,665314820,8
1199431561,694920753,17
1199431561,695629525,12
1199431561,695956656,12
1199431561,696362840,9
1199431561,697001770,16
1199431561,725951521,18
1199431561,758419409,18
1199431561,788794171,8
1199431561,789126240,9
1199431561,819828986,8
1199431561,910438331,12
1199431561,912545106,6
1199431561,912601268,8
1199431561,941132434,11
1199431561,942491983,9
1199432267,1002507159,13
1199432267,1002852791,10
1199432267,1004017998,7
1199432267,1034219901,12
1199432267,1035045015,5
1199432267,1065410141,5
1199432267,1125964814,14
1199432267,1126647624,3
1199432267,1127476096,13
1199432267,1167995070,7
1199432267,1168055653,31
1199432267,1168392003,36
1199432267,1168392468,20
1199432267,1168664495,9
1199432267,1198326456,4
1199432267,1198943369,4
1199432267,1199017128,6
1199432267,1199289203,38
1199432267,1199427845,28
1199432267,1199431561,31
1199432267,1199625952,30
1199432267,1229369776,9
1199432267,1229710803,4
1199432267,1230121634,33
1199432267,1230125720,36
1199432267,1230319275,25
1199432267,1230324385,31
1199432267,1260400286,31
1199432267,1260422110,11
1199432267,1260754053,31
1199432267,1260828727,3
1199432267,1261768832,4
1199432267,1447576662,18
1199432267,387364605,12
1199432267,416642425,8
1199432267,449438847,13
1199432267,478375456,13
1199432267,541118908,13
1199432267,541870397,10
1199432267,572870540,14
1199432267,5812979230,29
1199432267,5813012006,15
1199432267,5813014873,22
1199432267,5813020455,22
1199432267,5813022281,17
1199432267,5813027103,10
1199432267,5813038224,51
1199432267,5813040233,12
1199432267,5813045050,28
1199432267,5813053983,18
1199432267,5813053988,37
1199432267,5813061251,9
1199432267,5813077544,17
1199432267,5813077556,15
1199432267,5813080838,15
1199432267,632544268,15
1199432267,633546217,10
1199432267,634962055,8
1199432267,665314820,8
1199432267,694920753,14
1199432267,695629525,13
1199432267,695956656,11
1199432267,696362840,11
1199432267,697001770,6
1199432267,725951521,10
1199432267,758419409,20
1199432267,788794171,9
1199432267,789126240,11
1199432267,819828986,9
1199432267,910438331,8
1199432267,912545106,11
1199432267,912601268,10
1199432267,941132434,5
1199432267,942491983,8
1199625952,1002507159,9
1199625952,1002852791,17
1199625952,1004017998,16
1199625952,1034219901,16
1199625952,1035045015,11
1199625952,1065410141,7
1199625952,1125964814,15
1199625952,1126647624,6
1199625952,1127476096,7
1199625952,1167995070,9
1199625952,1168055653,32
1199625952,1168392003,33
1199625952,1168392468,32
1199625952,1168664495,8
1199625952,1199289203,28
1199625952,1199427845,38
1199625952,1199431561,21
1199625952,1199432267,18
1199625952,1229369776,4
1199625952,1230121634,17
1199625952,1230125720,33
1199625952,1230319275,7
1199625952,1230324385,48
1199625952,1260400286,15
1199625952,1260422110,5
1199625952,1260754053,27
1199625952,1260828727,3
1199625952,1322470368,4
1199625952,1322474586,5
1199625952,1447576662,24
1199625952,387364605,12
1199625952,416642425,10
1199625952,449438847,12
1199625952,478375456,14
1199625952,541118908,10
1199625952,541870397,10
1199625952,572870540,14
1199625952,5812979230,52
1199625952,5813012006,21
1199625952,5813014873,23
1199625952,5813020455,42
1199625952,5813020568,3
1199625952,5813022281,13
1199625952,5813027103,18
1199625952,5813038224,24
1199625952,5813040233,20
1199625952,5813045050,37
1199625952,5813053983,39
1199625952,5813053988,15
1199625952,5813061251,9
1199625952,5813077544,15
1199625952,5813077556,3
1199625952,5813080838,16
1199625952,632544268,13
1199625952,633546217,9
1199625952,634962055,12
1199625952,665314820,13
1199625952,694920753,19
1199625952,695629525,14
1199625952,695956656,7
1199625952,696362840,12
1199625952,697001770,11
1199625952,725951521,11
1199625952,758419409,19
1199625952,788794171,7
1199625952,789126240,8
1199625952,819828986,9
1199625952,910438331,9
1199625952,912545106,9
1199625952,912601268,8
1199625952,941132434,9
1199625952,942491983,14
1199677638,1004014587,5
1199677638,1035045015,3
1199677638,1128088594,7
1199677638,1168660239,5
1199677638,1168664447,7
1199677638,1259377221,12
1199677638,1259377325,13
1199677638,1324430237,71
1199677638,449438847,3
1199677638,572870540,4
1199677638,5812983734,83
1199677638,5813014873,5
1199677638,5813047157,15
1199677638,5813070465,3
1199677638,724280817,11
1199677638,789126240,3
1199677638,848761388,4
1199677638,974300015,6
1199699496,1002507159,25
1199699496,1002852791,24
1199699496,1004017998,7
1199699496,1034219901,18
1199699496,1035045015,13
1199699496,1065410141,12
1199699496,1105834722,36
1199699496,1106180107,24
1199699496,1125964814,9
1199699496,1126647624,16
1199699496,1127476096,14
1199699496,1136861363,46
1199699496,1137210821,44
1199699496,1137219365,9
1199699496,1167295853,3
1199699496,1167295872,4
1199699496,1167295916,4
1199699496,1167300154,6
1199699496,1167304403,6
1199699496,1167563121,10
1199699496,1167567702,4
1199699496,1167641412,6
1199699496,1167645442,7
1199699496,1167645658,32
1199699496,1167895489,34
1199699496,1167896065,38
1199699496,1167904437,41
1199699496,1167977970,7
1199699496,1167982211,4
1199699496,1167995070,14
1199699496,1168059800,45
1199699496,1168064774,26
1199699496,1168241257,37
1199699496,1168249921,10
1199699496,1168664495,13
1199699496,1168923315,4
1199699496,1198257581,25
1199699496,1198326456,7
1199699496,1198334861,19
1199699496,1198413357,38
1199699496,1198667367,33
1199699496,1198671494,5
1199699496,1198671672,40
1199699496,1198675740,36
1199699496,1198680122,29
1199699496,1198680249,23
1199699496,1198680426,7
1199699496,1198680441,8
1199699496,1198684596,16
1199699496,1199712167,32
1199699496,1199712272,35
1199699496,1230026402,3
1199699496,1230480261,47
1199699496,1261056809,7
1199699496,1292847181,10
1199699496,1416900410,3
1199699496,1447576662,20
1199699496,1513674176,3
1199699496,387364605,13
1199699496,416642425,13
1199699496,449438847,15
1199699496,478375456,10
1199699496,541118908,10
1199699496,541870397,9
1199699496,572870540,13
1199699496,5812979082,8
1199699496,5812979222,4
1199699496,5813012006,12
1199699496,5813014873,19
1199699496,5813020409,31
1199699496,5813022281,8
1199699496,5813027103,15
1199699496,5813040233,8
1199699496,5813047446,28
1199699496,5813047647,37
1199699496,5813047793,7
1199699496,5813048896,36
1199699496,5813049948,7
1199699496,5813050767,3
1199699496,5813053866,5
1199699496,5813061251,9
1199699496,5813077544,16
1199699496,5813080838,9
1199699496,632544268,13
1199699496,633546217,14
1199699496,634962055,4
1199699496,665314820,14
1199699496,694920753,11
1199699496,695629525,15
1199699496,695956656,12
1199699496,696362840,13
1199699496,697001770,21
1199699496,725951521,21
1199699496,758419409,16
1199699496,788794171,10
1199699496,789126240,7
1199699496,819828986,10
1199699496,910438331,12
1199699496,912545106,18
1199699496,912601268,15
1199699496,941132434,22
1199699496,942491983,11
1199712167,1002507159,10
1199712167,1002852791,18
1199712167,1034219901,14
1199712167,1035045015,13
1199712167,1065410141,13
1199712167,1105834722,36
1199712167,1106180107,13
1199712167,1125964814,14
1199712167,1126647624,10
1199712167,1127476096,13
1199712167,1136861363,54
1199712167,1137210821,24
1199712167,1137219365,10
1199712167,1167295853,7
1199712167,1167295872,6
1199712167,1167295916,4
1199712167,1167300055,6
1199712167,1167300154,6
1199712167,1167300194,7
1199712167,1167304403,4
1199712167,1167563121,10
1199712167,1167567702,5
1199712167,1167632513,11
1199712167,1167641412,3
1199712167,1167645442,4
1199712167,1167645523,6
1199712167,1167645658,36
1199712167,1167891559,3
1199712167,1167895489,45
1199712167,1167896065,54
1199712167,1167904437,51
1199712167,1167982211,4
1199712167,1167995070,15
1199712167,1168059800,35
1199712167,1168064774,44
1199712167,1168241257,26
1199712167,1168664495,13
1199712167,1198006801,3
1199712167,1198257581,11
1199712167,1198326456,6
1199712167,1198334861,17
1199712167,1198413357,34
1199712167,1198667367,47
1199712167,1198671494,4
1199712167,1198671672,35
1199712167,1198675740,34
1199712167,1198680122,29
1199712167,1198680249,15
1199712167,1198680426,4
1199712167,1198680441,3
1199712167,1198684596,14
1199712167,1198693217,3
1199712167,1198931241,3
1199712167,1198943369,4
1199712167,1199699496,30
1199712167,1199712272,33
1199712167,1229965474,4
1199712167,1230026228,3
1199712167,1230026402,4
1199712167,1230480261,49
1199712167,1261000309,3
1199712167,1261056809,9
1199712167,1292847181,4
1199712167,1324145475,6
1199712167,1416900410,5
1199712167,1447576662,23
1199712167,1513674176,10
1199712167,387364605,11
1199712167,416642425,11
1199712167,449438847,16
1199712167,478375456,12
1199712167,541118908,9
1199712167,541870397,11
1199712167,572870540,18
1199712167,5812979222,4
1199712167,5813012006,12
1199712167,5813014873,14
1199712167,5813020409,34
1199712167,5813022281,7
1199712167,5813027103,6
1199712167,5813040233,6
1199712167,5813047446,14
1199712167,5813047647,28
1199712167,5813048896,19
1199712167,5813050767,5
1199712167,5813053866,3
1199712167,5813061251,9
1199712167,5813077544,16
1199712167,5813080838,6
1199712167,632544268,14
1199712167,633546217,10
1199712167,634962055,7
1199712167,665314820,13
1199712167,694920753,8
1199712167,695629525,13
1199712167,695956656,14
1199712167,696362840,10
1199712167,697001770,20
1199712167,725951521,13
1199712167,758419409,17
1199712167,788794171,14
1199712167,789126240,9
1199712167,819828986,12
1199712167,910438331,16
1199712167,912545106,15
1199712167,912601268,12
1199712167,941132434,15
1199712167,942491983,18
1199712272,1002507159,16
1199712272,1002852791,12
1199712272,1004017998,13
1199712272,1034219901,17
1199712272,1035045015,13
1199712272,1065410141,17
1199712272,1105834722,37
1199712272,1106180107,18
1199712272,1125964814,11
1199712272,1126647624,10
1199712272,1127476096,11
1199712272,1136861363,31
1199712272,1137210821,29
1199712272,1137219365,14
1199712272,1167295853,5
1199712272,1167295856,3
1199712272,1167295872,4
1199712272,1167295916,4
1199712272,1167300055,5
1199712272,1167300154,4
1199712272,1167300194,5
1199712272,1167304403,3
1199712272,1167563121,15
1199712272,1167567702,9
1199712272,1167641412,5
1199712272,1167645442,5
1199712272,1167645523,3
1199712272,1167645658,29
1199712272,1167895489,38
1199712272,1167896065,26
1199712272,1167904437,31
1199712272,1167977970,12
1199712272,1167995070,14
1199712272,1168059800,30
1199712272,1168064774,40
1199712272,1168241257,22
1199712272,1168249921,6
1199712272,1168664495,19
1199712272,1198006801,5
1199712272,1198257581,21
1199712272,1198326456,6
1199712272,1198334861,29
1199712272,1198413357,36
1199712272,1198667367,45
1199712272,1198671494,3
1199712272,1198671672,29
1199712272,1198675740,34
1199712272,1198680122,31
1199712272,1198680249,20
1199712272,1198680426,9
1199712272,1198680441,11
1199712272,1198684596,14
1199712272,1198943369,11
1199712272,1199017128,4
1199712272,1199699496,35
1199712272,1199712167,35
1199712272,1229369776,3
1199712272,1230026402,5
1199712272,1230480261,37
1199712272,1261056809,7
1199712272,1447576662,16
1199712272,387364605,25
1199712272,416642425,21
1199712272,449438847,25
1199712272,478375456,14
1199712272,541118908,9
1199712272,541870397,21
1199712272,569775058,3
1199712272,572870540,19
1199712272,5812979082,8
1199712272,5812979222,5
1199712272,5813012006,16
1199712272,5813014873,8
1199712272,5813020409,33
1199712272,5813022281,9
1199712272,5813027103,10
1199712272,5813040233,12
1199712272,5813047446,15
1199712272,5813047647,35
1199712272,5813048896,28
1199712272,5813050767,5
1199712272,5813053866,5
1199712272,5813061251,4
1199712272,5813077544,16
1199712272,5813080838,17
1199712272,632544268,18
1199712272,633546217,11
1199712272,634962055,14
1199712272,665314820,15
1199712272,694920753,13
1199712272,695629525,19
1199712272,695956656,16
1199712272,696362840,14
1199712272,697001770,21
1199712272,725951521,8
1199712272,758419409,7
1199712272,788794171,11
1199712272,789126240,11
1199712272,819828986,10
1199712272,910438331,15
1199712272,912545106,15
1199712272,912601268,9
1199712272,941132434,12
1199712272,942491983,15
1200049187,1002507159,6
1200049187,1002852791,4
1200049187,1034219901,10
1200049187,1035045015,6
1200049187,1065410141,3
1200049187,1125964814,6
1200049187,1126647624,5
1200049187,1167995070,4
1200049187,1168664495,3
1200049187,1200057627,21
1200049187,1230712894,23
1200049187,1230712956,34
1200049187,1230738118,32
1200049187,1230738237,28
1200049187,1230738247,31
1200049187,1230742431,24
1200049187,1230742517,28
1200049187,1230742552,16
1200049187,1231066662,27
1200049187,1231066732,25
1200049187,1231066741,29
1200049187,1231070792,17
1200049187,1231070863,25
1200049187,1231079482,43
1200049187,1231675708,4
1200049187,1261751722,30
1200049187,1261768644,3
1200049187,1262101350,6
1200049187,1447576662,6
1200049187,387364605,10
1200049187,416642425,3
1200049187,449438847,5
1200049187,478375456,13
1200049187,541118908,7
1200049187,541870397,4
1200049187,572870540,9
1200049187,5812979604,39
1200049187,5813012006,7
1200049187,5813014873,3
1200049187,5813020453,43
1200049187,5813027103,9
1200049187,5813040233,6
1200049187,5813049931,40
1200049187,5813077544,10
1200049187,5813080838,4
1200049187,634962055,6
1200049187,665314820,5
1200049187,695629525,4
1200049187,695956656,4
1200049187,696362840,7
1200049187,725951521,4
1200049187,758419409,6
1200049187,819828986,7
1200049187,910438331,3
1200049187,912545106,3
1200049187,912601268,4
1200049187,941132434,4
1200049187,942491983,3
1200053009,1167282562,3
1200053009,1381484065,9
1200053009,760094565,3
1200053009,850194651,4
1200053009,880875840,5
1200053009,882239837,5
1200053009,916284630,3
1200053009,948333783,3
1200057627,1002507159,7
1200057627,1002852791,3
1200057627,1004017998,7
1200057627,1034219901,5
1200057627,1065410141,3
1200057627,1125964814,4
1200057627,1126647624,3
1200057627,1167995070,5
1200057627,1168664495,5
1200057627,1169260589,3
1200057627,1200049187,35
1200057627,1230712894,23
1200057627,1230712956,30
1200057627,1230738118,31
1200057627,1230738237,14
1200057627,1230738247,25
1200057627,1230742431,14
1200057627,1230742517,25
1200057627,1230742552,14
1200057627,1231066662,31
1200057627,1231066732,22
1200057627,1231066741,27
1200057627,1231070792,16
1200057627,1231070863,23
1200057627,1231079482,26
1200057627,1231675708,3
1200057627,1261751722,25
1200057627,1262101350,6
1200057627,387364605,5
1200057627,478375456,9
1200057627,541118908,5
1200057627,541870397,3
1200057627,572870540,4
1200057627,5812979604,35
1200057627,5813012006,4
1200057627,5813020453,32
1200057627,5813027103,5
1200057627,5813040233,3
1200057627,5813049931,25
1200057627,5813077544,6
1200057627,5813080838,4
1200057627,665314820,8
1200057627,696362840,7
1200057627,697001770,3
1200057627,725951521,3
1200057627,758419409,3
1200057627,788794171,3
1200057627,912601268,3
1200057627,941132434,5
1200057627,942491983,5
1217372569,1200053009,3
1217372569,666308023,3
1217372569,787374226,3
1217372569,882239837,3
1217372569,979752365,3
1217385533,1126301255,7
1217385533,1126310776,3
1217385533,1155652503,8
1217385533,1218728541,10
1217385533,1224254476,4
1217385533,1255297613,4
1217385533,1286315568,11
1217385533,1443579770,8
1217385533,1472205673,7
1217385533,1566644645,5
1217385533,1661458144,3
1217385533,1662166202,8
1217385533,541119189,5
1217385533,5813050000,10
1217385533,5813056934,15
1217385533,663558074,8
1217385533,663898692,5
1217385533,692852666,6
1217385533,818063189,8
1217385533,849763224,5
1217385533,879442155,13
1217385533,879748663,4
1217385533,882533209,12
1217385533,909777910,8
1217385533,971506655,16
1217385533,972871918,6
1217394039,1155302782,3
1217394039,1156663078,7
1217394039,1218728541,3
1217394039,1248765883,3
1217394039,1410450511,6
1217394039,1473202957,3
1217394039,1504924440,5
1217394039,1534616361,3
1217394039,1568047319,4
1217394039,1631131487,3
1217394039,1661799601,3
1217394039,5813016167,4
1217394039,5813023615,7
1217394039,633895972,6
1217394039,662840966,7
1217394039,663225743,9
1217394039,755644082,4
1217394039,759084183,9
1217394039,786013842,9
1217394039,849421893,5
1218728463,1218728544,3
1218728463,1248770299,3
1218728541,1002507170,11
1218728541,1126301255,9
1218728541,1126310776,6
1218728541,1126310969,3
1218728541,1155652503,9
1218728541,1217385533,18
1218728541,1224249917,7
1218728541,1224254476,7
1218728541,1255297613,9
1218728541,1411862814,3
1218728541,1443579770,9
1218728541,1472205673,9
1218728541,1566644645,9
1218728541,1662166202,13
1218728541,541119189,6
1218728541,5813050000,11
1218728541,5813056934,13
1218728541,663558074,13
1218728541,663898692,6
1218728541,692852666,11
1218728541,818063189,11
1218728541,849763224,10
1218728541,879442155,15
1218728541,879748663,10
1218728541,882533209,10
1218728541,909777910,12
1218728541,941132270,4
1218728541,971506655,9
1218728541,972871918,10
1218728544,1217394039,3
1218728544,1249763220,4
1218728544,1568047319,3
1218728544,5812988707,3
1218728544,755644082,4
1218728570,1002507131,9
1218728570,1002507159,11
1218728570,1002852791,26
1218728570,1034219901,4
1218728570,1062526223,20
1218728570,1105834722,3
1218728570,1125964630,9
1218728570,1125964814,35
1218728570,1126647624,31
1218728570,1137210821,3
1218728570,1167300154,3
1218728570,1167645442,5
1218728570,1167645658,4
1218728570,1167895489,4
1218728570,1168059800,4
1218728570,1197993940,5
1218728570,1198326456,3
1218728570,1198667367,3
1218728570,1198680426,5
1218728570,1199712272,4
1218728570,1218732640,13
1218728570,1447576662,20
1218728570,1601771527,22
1218728570,509410587,4
1218728570,569775058,14
1218728570,570461892,4
1218728570,572870540,7
1218728570,5813040233,19
1218728570,5813050767,3
1218728570,5813053866,7
1218728570,5813053988,3
1218728570,5813061251,24
1218728570,5813070465,10
1218728570,663190769,3
1218728570,663562172,11
1218728570,693755250,17
1218728570,697001770,40
1218728570,724280817,14
1218728570,847336755,4
1218728570,849421763,33
1218728570,910447075,4
1218728570,912545106,34
1218728570,941123755,7
1218728570,972892437,6
1218728570,973566036,21
1218728588,1126310716,5
1218728588,1126310807,3
1218728588,1167282562,7
1218728588,1200032115,7
1218728588,1200053009,3
1218728588,1249763220,3
1218728588,1410451120,5
1218728588,1628744095,3
1218728588,1629093706,3
1218728588,5813014573,3
1218728588,666308023,9
1218728588,666994301,12
1218728588,724228740,3
1218728588,877702431,4
1218728588,941132430,10
1218732640,1002507131,22
1218732640,1002507159,34
1218732640,1002852791,51
1218732640,1034219901,26
1218732640,1062526223,16
1218732640,1125964630,33
1218732640,1125964814,56
1218732640,1126647624,54
1218732640,1167641412,4
1218732640,1167977970,3
1218732640,1167995070,5
1218732640,1168659995,6
1218732640,1197993940,11
1218732640,1198006801,3
1218732640,1218728570,16
1218732640,1291094620,10
1218732640,1291094742,7
1218732640,1291099014,4
1218732640,1291103485,7
1218732640,1291444314,8
1218732640,1294082002,6
1218732640,1294414279,5
1218732640,1322129437,5
1218732640,1322129610,5
1218732640,1322129730,8
1218732640,1322129781,7
1218732640,1322133296,6
1218732640,1322133768,8
1218732640,1322133825,6
1218732640,1322133858,5
1218732640,1322133891,5
1218732640,1322137688,3
1218732640,1322138079,6
1218732640,1322466938,7
1218732640,1322470368,4
1218732640,1322470462,5
1218732640,1355806197,3
1218732640,1447576662,76
1218732640,1508334312,9
1218732640,1601771527,8
1218732640,387364605,13
1218732640,449438847,8
1218732640,509410587,12
1218732640,569775058,4
1218732640,570461892,13
1218732640,572870540,55
1218732640,5813014873,26
1218732640,5813040233,57
1218732640,5813047157,6
1218732640,5813056953,24
1218732640,5813059835,6
1218732640,5813061251,51
1218732640,5813070465,4
1218732640,5813077544,18
1218732640,663190769,22
1218732640,663562172,11
1218732640,693755250,10
1218732640,697001770,70
1218732640,724280817,12
1218732640,758419409,7
1218732640,847336755,19
1218732640,849421763,19
1218732640,910438331,4
1218732640,910447075,22
1218732640,912545106,64
1218732640,941123755,4
1218732640,972892437,17
1218732640,973566036,6
1218732781,1002848124,12
1218732781,1094934199,12
1218732781,1126306451,13
1218732781,1218732931,13
1218732781,5813014062,6
1218732781,664235541,10
1218732781,695270840,5
1218732781,786013801,9
1218732781,786013856,6
1218732781,786674282,8
1218732781,786989348,9
1218732781,786989395,5
1218732781,817346903,13
1218732781,819073675,9
1218732781,850104005,12
1218732781,878380399,12
1218732781,910447220,14
1218732781,911504643,7
1218732781,974627674,4
1218732931,1002848124,13
1218732931,1094934199,16
1218732931,1126306451,12
1218732931,1218732781,9
1218732931,5813014062,9
1218732931,664235541,9
1218732931,695270840,7
1218732931,758065781,8
1218732931,786013801,15
1218732931,786013856,9
1218732931,786674282,10
1218732931,786989348,5
1218732931,786989395,6
1218732931,817346903,15
1218732931,819073675,5
1218732931,850104005,6
1218732931,878380399,18
1218732931,910447220,14
1218732931,911504643,6
1218732931,940791383,6
1218733141,1249098248,3
1218733141,1249763220,3
1218733141,1250113288,7
1218733141,1310499077,3
1218733141,1631486122,4
1218733141,786679162,3
1219069439,1125969082,103
1219069439,1155652503,6
1219069439,1217385533,10
1219069439,1218728463,3
1219069439,1218728541,13
1219069439,1218728570,31
1219069439,1218732640,53
1219069439,1218732781,63
1219069439,1218732931,45
1219069439,1219069788,5
1219069439,1219756158,3
1219069439,1248424794,4
1219069439,1248770299,5
1219069439,1249098248,4
1219069439,1249763220,11
1219069439,1250113157,4
1219069439,1250113288,5
1219069439,1310499077,4
1219069439,1601771527,32
1219069439,5812987803,39
1219069439,5812988707,4
1219069439,5813059834,3
1219069439,604242162,4
1219069439,880875736,4
1219069439,910442723,7
1219069439,910442752,3
1219069439,910442782,5
1219069439,910783731,3
1219069439,910783883,4
1219069439,910783961,5
1219069439,910796989,3
1219069439,911129339,9
1219069439,911134009,4
1219069439,911138168,6
1219069439,911578595,3
1219069439,911901802,5
1219069439,911911193,9
1219069439,942522378,8
1219069788,1155652503,3
1219069788,1167282562,7
1219069788,1200032115,6
1219069788,1200053009,10
1219069788,1217372569,5
1219069788,1219410844,5
1219069788,1248770299,6
1219069788,1249763220,6
1219069788,1249763369,3
1219069788,1410105306,3
1219069788,1410122586,3
1219069788,1410122892,3
1219069788,1473207713,3
1219069788,1570806389,4
1219069788,1599436552,3
1219069788,1628744095,6
1219069788,666308023,6
1219069788,692857189,8
1219069788,723546819,3
1219069788,786679162,4
1219069788,817683388,5
1219069788,878725581,3
1219069788,940808800,6
1219069788,941132430,5
1219410844,1167282562,4
1219410844,1200032115,3
1219410844,1200053009,8
1219410844,1250113288,3
1219410844,1410122892,3
1219410844,1414617465,3
1219410844,1473241269,3
1219410844,1599436552,3
1219410844,1628743785,4
1219410844,666308023,14
1219410844,666994301,8
1219410844,786000969,3
1219410844,878725581,3
1219410844,940808800,3
1219410844,941132430,4
1219756158,1156999846,3
1219756158,1157000178,3
1219756158,1167282562,15
1219756158,1200032115,4
1219756158,1200053009,9
1219756158,1219069788,3
1219756158,1219410844,3
1219756158,1410450514,3
1219756158,1410451120,4
1219756158,1441485464,3
1219756158,1473207713,4
1219756158,1628744095,3
1219756158,1631486122,4
1219756158,571826184,5
1219756158,5812987339,4
1219756158,666308023,15
1219756158,666994301,6
1219756158,723546819,4
1219756158,878725581,3
1219756158,940808800,4
1219756158,941132430,10
1219889738,1004700437,4
1219889738,1034711992,3
1219889738,1094722478,6
1219889738,1159530101,3
1219889738,1258073453,11
1219889738,1282305753,4
1219889738,1312308001,7
1219889738,1380145201,3
1219889738,1380149563,3
1219889738,1380149683,4
1219889738,1441503748,5
1219889738,1472542572,4
1219889738,1534616158,4
1219889738,1599069164,4
1219889738,1599747200,4
1219889738,1660776511,3
1219889738,1661458883,7
1219889738,5813041556,5
1219889738,5813127522,8
1219889738,632911211,4
1219889738,693651381,7
1219889738,693979726,3
1219889738,694670373,3
1219889738,757694775,5
1219889738,818119357,5
1219889738,848800043,4
1219889738,850492366,4
1219889738,880526292,3
1219889738,880875840,4
1219889738,881216816,3
1219889738,911215499,6
1219889738,912898873,3
1219889738,941939879,5
1219889738,942254492,4
1220576923,1004017998,35
1220576923,1035045015,64
1220576923,1065410141,68
1220576923,1125964814,3
1220576923,1127471692,30
1220576923,1127476096,76
1220576923,1167977970,5
1220576923,1167995070,82
1220576923,1168664447,4
1220576923,1168664495,80
1220576923,1198326456,3
1220576923,1198671494,4
1220576923,1220584946,20
1220576923,1291094620,3
1220576923,1291094742,5
1220576923,1291099014,6
1220576923,1291103485,6
1220576923,1291435551,8
1220576923,1291444314,9
1220576923,1294082002,7
1220576923,1294414279,8
1220576923,1318109929,16
1220576923,1322129437,9
1220576923,1322129610,4
1220576923,1322129724,4
1220576923,1322129730,3
1220576923,1322129781,7
1220576923,1322133296,3
1220576923,1322133531,8
1220576923,1322133768,3
1220576923,1322133825,7
1220576923,1322133891,5
1220576923,1322137688,6
1220576923,1322138079,4
1220576923,1322466938,4
1220576923,1322470368,3
1220576923,1322470462,12
1220576923,1352823209,5
1220576923,1353544607,21
1220576923,1355806197,5
1220576923,1380495496,19
1220576923,1447576662,14
1220576923,1508334312,32
1220576923,1600083889,10
1220576923,1631450739,10
1220576923,387023620,7
1220576923,416642425,5
1220576923,478375456,13
1220576923,508793049,20
1220576923,539462336,9
1220576923,541118908,11
1220576923,541870397,5
1220576923,570461892,14
1220576923,572870540,28
1220576923,5813012006,61
1220576923,5813014873,50
1220576923,5813040233,4
1220576923,5813047157,14
1220576923,5813059835,10
1220576923,5813061251,3
1220576923,5813070465,17
1220576923,5813077544,78
1220576923,5813080838,44
1220576923,5813080979,22
1220576923,632544268,79
1220576923,634608104,33
1220576923,664645558,16
1220576923,664650297,3
1220576923,695629525,102
1220576923,697001770,3
1220576923,757055317,15
1220576923,788794171,5
1220576923,849482511,17
1220576923,879183317,6
1220576923,912601268,7
1220576923,972892437,5
1220576923,973566036,12
1220581302,1004700437,3
1220581302,1158507458,4
1220581302,1251952397,3
1220581302,1258073453,13
1220581302,1282300415,4
1220581302,693979726,3
1220581302,757694775,7
1220581302,818119357,3
1220581302,850194651,11
1220581302,880526398,4
1220581302,880875840,3
1220581302,912894972,4
1220581302,941939879,10
1220584946,1004017998,6
1220584946,1035045015,22
1220584946,1065410141,36
1220584946,1105834722,4
1220584946,1127471692,10
1220584946,1127476096,51
1220584946,1137210821,3
1220584946,1167300154,3
1220584946,1167641412,4
1220584946,1167895489,3
1220584946,1167977970,6
1220584946,1167995070,36
1220584946,1168064774,3
1220584946,1168664495,41
1220584946,1198326456,3
1220584946,1198671494,6
1220584946,1198671672,3
1220584946,1198675740,4
1220584946,1198943369,3
1220584946,1199699496,9
1220584946,1220576923,15
1220584946,1230480261,4
1220584946,1261000309,3
1220584946,1318109929,30
1220584946,1353544607,19
1220584946,1380495496,6
1220584946,1508334312,8
1220584946,1600083889,37
1220584946,1631450739,27
1220584946,387023620,13
1220584946,508793049,9
1220584946,539462336,5
1220584946,5813012006,28
1220584946,5813014873,5
1220584946,5813047157,12
1220584946,5813047793,6
1220584946,5813049948,5
1220584946,5813070465,24
1220584946,5813077544,24
1220584946,5813080979,8
1220584946,632544268,35
1220584946,634608104,8
1220584946,664645558,6
1220584946,664650297,6
1220584946,695629525,39
1220584946,849482511,5
1220584946,879183317,11
1220584946,973566036,10
1223640877,1255638782,9
1223640877,1472537557,4
1223640877,1600079770,24
1223640877,478427368,24
1223640877,5813014505,25
1223640877,5813044670,26
1223640877,5813061383,3
1223640877,5813122799,5
1223640877,601216096,5
1223640877,601557317,11
1223640877,604242162,22
1223640877,632600726,3
1223640877,664645558,3
1223640877,848817674,5
1223640877,849844855,5
1223640877,910442752,4
1223640877,911897818,16
1223640877,911897964,23
1223640877,911906936,3
1223640877,912894991,21
1223640877,916974420,6
1224249917,1126301255,5
1224249917,1126310776,5
1224249917,1155652503,4
1224249917,1217385533,6
1224249917,1218728541,6
1224249917,1255297613,3
1224249917,1411862814,5
1224249917,1443579770,5
1224249917,1472205673,3
1224249917,1566644645,4
1224249917,1662166202,6
1224249917,541119189,4
1224249917,5813050000,5
1224249917,5813056934,8
1224249917,663558074,6
1224249917,663898692,5
1224249917,692852666,6
1224249917,818063189,8
1224249917,849763224,6
1224249917,879442155,10
1224249917,879748663,7
1224249917,971506655,8
1224249917,972871918,4
1224254476,1126301255,3
1224254476,1126310776,5
1224254476,1126310969,3
1224254476,1155652503,7
1224254476,1217385533,7
1224254476,1218728541,9
1224254476,1224249917,10
1224254476,1255297613,5
1224254476,1286315568,4
1224254476,1411862814,7
1224254476,1443579770,3
1224254476,1472205673,6
1224254476,1566644645,9
1224254476,1662166202,5
1224254476,541119189,5
1224254476,5813050000,7
1224254476,5813056934,9
1224254476,663558074,4
1224254476,663898692,4
1224254476,692852666,11
1224254476,818063189,6
1224254476,849763224,8
1224254476,879442155,7
1224254476,909777910,8
1224254476,941132270,4
1224254476,971506655,6
1224254476,972871918,9
1224936588,1032643905,7
1224936588,1187831582,7
1224936588,1251275120,3
1224936588,1255638782,8
1224936588,1412238418,5
1224936588,1443268440,5
1224936588,1537634396,11
1224936588,1661458144,7
1224936588,539810773,5
1224936588,540493022,7
1224936588,569481415,9
1224936588,570185174,9
1224936588,5813015999,3
1224936588,5813081686,7
1224936588,696336849,7
1224936588,759084486,5
1224936588,848817674,5
1224936588,849832062,4
1224936588,849844855,5
1224936588,880185131,8
1224936588,880526477,4
1224936588,916974420,11
1224936588,941244280,4
1224936588,942254554,3
1229288307,1002507159,17
1229288307,1002852791,19
1229288307,1004017998,6
1229288307,1034219901,7
1229288307,1035045015,23
1229288307,1065410141,10
1229288307,1125964814,13
1229288307,1126647624,7
1229288307,1127476096,6
1229288307,1167995070,10
1229288307,1168392003,6
1229288307,1168392468,6
1229288307,1168664495,14
1229288307,1199086313,42
1229288307,1199427845,3
1229288307,1260400286,6
1229288307,1260828727,39
1229288307,1261169514,26
1229288307,1291435776,36
1229288307,1291780710,4
1229288307,1322470368,4
1229288307,1322470509,43
1229288307,1322470594,25
1229288307,1322474586,33
1229288307,1322811232,7
1229288307,1322811240,21
1229288307,1323156554,4
1229288307,1447576662,18
1229288307,387364605,18
1229288307,416642425,8
1229288307,449438847,7
1229288307,478375456,17
1229288307,541118908,13
1229288307,541870397,11
1229288307,572870540,9
1229288307,5812979459,22
1229288307,5813012006,18
1229288307,5813014873,13
1229288307,5813020455,9
1229288307,5813020568,24
1229288307,5813020585,46
1229288307,5813022281,11
1229288307,5813027103,15
1229288307,5813040233,7
1229288307,5813053983,3
1229288307,5813061251,12
1229288307,5813077544,21
1229288307,5813080838,18
1229288307,632544268,12
1229288307,633546217,10
1229288307,634962055,11
1229288307,665314820,13
1229288307,694920753,12
1229288307,695629525,23
1229288307,695956656,21
1229288307,696362840,13
1229288307,697001770,6
1229288307,725951521,18
1229288307,758419409,20
1229288307,788794171,11
1229288307,789126240,10
1229288307,819828986,17
1229288307,910438331,16
1229288307,912545106,18
1229288307,912601268,11
1229288307,941132434,8
1229288307,942491983,13
1229369776,1002507159,14
1229369776,1002852791,7
1229369776,1004017998,11
1229369776,1034219901,7
1229369776,1035045015,13
1229369776,1065410141,11
1229369776,1106180107,3
1229369776,1125964814,8
1229369776,1126647624,8
1229369776,1127476096,8
1229369776,1137219365,4
1229369776,1167563121,4
1229369776,1167567702,9
1229369776,1167641412,7
1229369776,1167645442,5
1229369776,1167977970,14
1229369776,1167995070,13
1229369776,1168055653,11
1229369776,1168064774,3
1229369776,1168249921,8
1229369776,1168392003,11
1229369776,1168392468,6
1229369776,1168664495,9
1229369776,1168923315,26
1229369776,1198257581,5
1229369776,1198326456,8
1229369776,1198671494,5
1229369776,1198680426,11
1229369776,1198680441,17
1229369776,1198684596,9
1229369776,1198943369,10
1229369776,1199017128,20
1229369776,1199289203,19
1229369776,1199427845,8
1229369776,1199431561,27
1229369776,1199432267,29
1229369776,1199625952,12
1229369776,1199712272,3
1229369776,1229710803,20
1229369776,1230121634,50
1229369776,1230125720,10
1229369776,1230319275,42
1229369776,1230324385,7
1229369776,1260400286,23
1229369776,1260422110,34
1229369776,1260754053,25
1229369776,1261082560,3
1229369776,1261086755,3
1229369776,1261086863,3
1229369776,1292847181,5
1229369776,1447576662,17
1229369776,387364605,16
1229369776,416642425,11
1229369776,449438847,16
1229369776,478375456,8
1229369776,541118908,13
1229369776,541870397,15
1229369776,572870540,15
1229369776,5812979082,6
1229369776,5812979230,10
1229369776,5813012006,9
1229369776,5813014873,17
1229369776,5813020455,9
1229369776,5813022281,17
1229369776,5813027103,10
1229369776,5813038224,21
1229369776,5813040233,15
1229369776,5813045050,6
1229369776,5813047446,3
1229369776,5813047793,3
1229369776,5813049948,9
1229369776,5813050767,8
1229369776,5813053866,6
1229369776,5813053988,43
1229369776,5813061251,10
1229369776,5813077544,11
1229369776,5813077556,39
1229369776,5813080838,13
1229369776,632544268,14
1229369776,633546217,14
1229369776,634962055,8
1229369776,665314820,7
1229369776,694920753,17
1229369776,695629525,10
1229369776,695956656,9
1229369776,696362840,9
1229369776,697001770,9
1229369776,725951521,14
1229369776,758419409,15
1229369776,788794171,12
1229369776,789126240,13
1229369776,819828986,9
1229369776,910438331,11
1229369776,912545106,6
1229369776,912601268,12
1229369776,941132434,3
1229369776,942491983,13
1229710803,1002507159,12
1229710803,1002852791,8
1229710803,1004017998,10
1229710803,1034219901,10
1229710803,1035045015,9
1229710803,1065410141,10
1229710803,1106180107,7
1229710803,1125964814,7
1229710803,1126647624,6
1229710803,1127476096,12
1229710803,1137210821,4
1229710803,1137219365,12
1229710803,1167563121,8
1229710803,1167567702,10
1229710803,1167645442,4
1229710803,1167645658,3
1229710803,1167977970,8
1229710803,1167995070,10
1229710803,1168055653,9
1229710803,1168241257,3
1229710803,1168249921,12
1229710803,1168392468,4
1229710803,1168664495,15
1229710803,1168923315,36
1229710803,1198326456,9
1229710803,1198334861,3
1229710803,1198667367,3
1229710803,1198671494,5
1229710803,1198680122,4
1229710803,1198680249,3
1229710803,1198680426,23
1229710803,1198680441,18
1229710803,1198684596,5
1229710803,1198943369,19
1229710803,1199017128,30
1229710803,1199289203,24
1229710803,1199431561,17
1229710803,1199432267,21
1229710803,1199625952,5
1229710803,1199712272,4
1229710803,1229369776,25
1229710803,1230121634,45
1229710803,1230125720,8
1229710803,1230319275,21
1229710803,1230324385,4
1229710803,1260400286,19
1229710803,1260422110,39
1229710803,1260754053,12
1229710803,1261082560,5
1229710803,1261086734,4
1229710803,1261086755,4
1229710803,1261086756,4
1229710803,1261091174,3
1229710803,1261423370,4
1229710803,1261423454,3
1229710803,1261436305,3
1229710803,1261436508,4
1229710803,1261756007,4
1229710803,1292847181,4
1229710803,1447576662,20
1229710803,387364605,13
1229710803,416642425,14
1229710803,449438847,13
1229710803,478375456,7
1229710803,541118908,13
1229710803,541870397,15
1229710803,572870540,16
1229710803,5812979082,13
1229710803,5812979230,4
1229710803,5812983887,4
1229710803,5813012006,13
1229710803,5813014873,10
1229710803,5813020409,4
1229710803,5813020455,3
1229710803,5813022281,5
1229710803,5813027103,10
1229710803,5813038224,22
1229710803,5813040233,11
1229710803,5813045050,4
1229710803,5813047446,3
1229710803,5813047647,4
1229710803,5813049948,10
1229710803,5813050767,4
1229710803,5813053866,8
1229710803,5813053983,4
1229710803,5813053988,28
1229710803,5813061251,7
1229710803,5813077544,13
1229710803,5813077556,29
1229710803,5813080838,10
1229710803,632544268,10
1229710803,633546217,15
1229710803,634962055,14
1229710803,693755250,3
1229710803,694920753,10
1229710803,695629525,16
1229710803,695956656,5
1229710803,696362840,10
1229710803,697001770,9
1229710803,725951521,7
1229710803,758419409,11
1229710803,788794171,3
1229710803,789126240,10
1229710803,819828986,8
1229710803,910438331,12
1229710803,912545106,12
1229710803,912601268,6
1229710803,941132434,9
1229710803,942491983,6
1229965474,1002507159,16
1229965474,1002852791,7
1229965474,1004017998,5
1229965474,1034219901,8
1229965474,1035045015,8
1229965474,1065410141,11
1229965474,1125964814,7
1229965474,1126647624,6
1229965474,1127476096,11
1229965474,1167295853,40
1229965474,1167295856,72
1229965474,1167295872,67
1229965474,1167295916,61
1229965474,1167300055,54
1229965474,1167300154,50
1229965474,1167300194,48
1229965474,1167304403,38
1229965474,1167632513,33
1229965474,1167645523,40
1229965474,1167891559,52
1229965474,1167904437,3
1229965474,1167982211,48
1229965474,1167995070,14
1229965474,1168064774,4
1229965474,1168664495,16
1229965474,1198006801,63
1229965474,1198693217,59
1229965474,1198931241,80
1229965474,1199699496,4
1229965474,1199712167,4
1229965474,1230026228,56
1229965474,1230026402,47
1229965474,1261000309,68
1229965474,1261056809,54
1229965474,1292846965,56
1229965474,1318109929,5
1229965474,1324145475,68
1229965474,1353544607,4
1229965474,1416900410,65
1229965474,1447576662,10
1229965474,1513674176,61
1229965474,1600083889,3
1229965474,1601771527,6
1229965474,387364605,7
1229965474,416642425,8
1229965474,449438847,15
1229965474,478375456,11
1229965474,539462336,4
1229965474,541118908,6
1229965474,541870397,5
1229965474,572870540,9
1229965474,5812979222,56
1229965474,5813012006,4
1229965474,5813014873,11
1229965474,5813022281,10
1229965474,5813027103,7
1229965474,5813040233,5
1229965474,5813047157,4
1229965474,5813047647,8
1229965474,5813061251,9
1229965474,5813070465,5
1229965474,5813077544,15
1229965474,5813080838,11
1229965474,632544268,6
1229965474,633546217,9
1229965474,634962055,8
1229965474,665314820,11
1229965474,694920753,5
1229965474,695629525,14
1229965474,695956656,10
1229965474,696362840,6
1229965474,697001770,14
1229965474,724280817,4
1229965474,725951521,9
1229965474,758419409,8
1229965474,788794171,5
1229965474,789126240,5
1229965474,819828986,12
1229965474,849421763,4
1229965474,910438331,6
1229965474,912545106,9
1229965474,912601268,9
1229965474,941132434,8
1229965474,942491983,7
1229965474,973566036,6
1230026228,1002507159,12
1230026228,1002852791,12
1230026228,1004017998,3
1230026228,1034219901,8
1230026228,1035045015,6
1230026228,1062526223,3
1230026228,1065410141,14
1230026228,1125964814,7
1230026228,1126647624,9
1230026228,1127476096,8
1230026228,1167295853,64
1230026228,1167295856,45
1230026228,1167295872,58
1230026228,1167295916,48
1230026228,1167300055,78
1230026228,1167300154,48
1230026228,1167300194,73
1230026228,1167304403,47
1230026228,1167632513,56
1230026228,1167645523,71
1230026228,1167891559,58
1230026228,1167895489,3
1230026228,1167982211,58
1230026228,1167995070,13
1230026228,1168664495,16
1230026228,1197993940,3
1230026228,1198006801,67
1230026228,1198693217,60
1230026228,1198931241,66
1230026228,1229965474,56
1230026228,1230026402,59
1230026228,1230480261,3
1230026228,1261000309,48
1230026228,1261056809,61
1230026228,1292846965,65
1230026228,1318109929,3
1230026228,1324145475,63
1230026228,1416900410,51
1230026228,1447576662,10
1230026228,1513674176,49
1230026228,1631450739,4
1230026228,387364605,11
1230026228,416642425,12
1230026228,449438847,10
1230026228,478375456,10
1230026228,539462336,5
1230026228,541118908,6
1230026228,541870397,6
1230026228,572870540,12
1230026228,5812979222,63
1230026228,5813012006,16
1230026228,5813014873,12
1230026228,5813022281,8
1230026228,5813027103,6
1230026228,5813040233,7
1230026228,5813047647,8
1230026228,5813061251,6
1230026228,5813077544,15
1230026228,5813080838,7
1230026228,632544268,3
1230026228,633546217,5
1230026228,634962055,9
1230026228,665314820,10
1230026228,693755250,3
1230026228,694920753,9
1230026228,695629525,11
1230026228,695956656,10
1230026228,696362840,8
1230026228,697001770,12
1230026228,724280817,3
1230026228,725951521,7
1230026228,758419409,9
1230026228,788794171,6
1230026228,789126240,3
1230026228,819828986,11
1230026228,849421763,3
1230026228,910438331,11
1230026228,912545106,10
1230026228,912601268,4
1230026228,941132434,8
1230026228,942491983,8
1230026228,973566036,5
1230026402,1002507159,14
1230026402,1002852791,17
1230026402,1034219901,6
1230026402,1035045015,10
1230026402,1065410141,11
1230026402,1125964814,5
1230026402,1126647624,7
1230026402,1127476096,12
1230026402,1167295853,59
1230026402,1167295856,63
1230026402,1167295872,60
1230026402,1167295916,55
1230026402,1167300055,58
1230026402,1167300154,50
1230026402,1167300194,64
1230026402,1167304403,47
1230026402,1167632513,38
1230026402,1167645523,45
1230026402,1167891559,70
1230026402,1167904437,3
1230026402,1167982211,45
1230026402,1167995070,12
1230026402,1168664495,9
1230026402,1197993940,3
1230026402,1198006801,63
1230026402,1198693217,57
1230026402,1198931241,71
1230026402,1220584946,3
1230026402,1229965474,75
1230026402,1230026228,39
1230026402,1261000309,63
1230026402,1261056809,46
1230026402,1292846965,40
1230026402,1318109929,3
1230026402,1324145475,58
1230026402,1416900410,56
1230026402,1447576662,11
1230026402,1513674176,54
1230026402,387364605,7
1230026402,416642425,8
1230026402,449438847,15
1230026402,478375456,9
1230026402,541118908,3
1230026402,541870397,5
1230026402,572870540,12
1230026402,5812979222,46
1230026402,5813012006,5
1230026402,5813014873,12
1230026402,5813022281,7
1230026402,5813040233,6
1230026402,5813047647,6
1230026402,5813061251,7
1230026402,5813077544,17
1230026402,5813080838,8
1230026402,632544268,3
1230026402,633546217,5
1230026402,634962055,7
1230026402,665314820,11
1230026402,694920753,11
1230026402,695629525,17
1230026402,695956656,10
1230026402,696362840,4
1230026402,697001770,17
1230026402,725951521,6
1230026402,758419409,7
1230026402,788794171,7
1230026402,789126240,6
1230026402,819828986,11
1230026402,849421763,4
1230026402,910438331,10
1230026402,912545106,12
1230026402,912601268,7
1230026402,941132434,4
1230026402,942491983,8
1230026402,973566036,5
1230121634,1002507159,12
1230121634,1002852791,14
1230121634,1004017998,11
1230121634,1034219901,10
1230121634,1035045015,12
1230121634,1065410141,10
1230121634,1125964814,12
1230121634,1126647624,9
1230121634,1127476096,8
1230121634,1167563121,4
1230121634,1167567702,10
1230121634,1167645442,4
1230121634,1167995070,7
1230121634,1168055653,23
1230121634,1168249921,10
1230121634,1168392003,20
1230121634,1168392468,18
1230121634,1168664495,10
1230121634,1168923315,22
1230121634,1198257581,3
1230121634,1198671494,6
1230121634,1198680426,4
1230121634,1198680441,4
1230121634,1198943369,6
1230121634,1199017128,12
1230121634,1199289203,22
1230121634,1199427845,16
1230121634,1199431561,26
1230121634,1199432267,52
1230121634,1199625952,24
1230121634,1229369776,23
1230121634,1229710803,17
1230121634,1230125720,33
1230121634,1230319275,40
1230121634,1230324385,17
1230121634,1260400286,36
1230121634,1260422110,29
1230121634,1260754053,30
1230121634,1322470368,5
1230121634,1447576662,26
1230121634,387364605,17
1230121634,416642425,8
1230121634,449438847,12
1230121634,478375456,12
1230121634,541118908,16
1230121634,541870397,11
1230121634,572870540,19
1230121634,5812979082,4
1230121634,5812979230,19
1230121634,5813012006,12
1230121634,5813014873,12
1230121634,5813020455,9
1230121634,5813022281,18
1230121634,5813027103,9
1230121634,5813038224,48
1230121634,5813040233,16
1230121634,5813045050,14
1230121634,5813050767,3
1230121634,5813053983,15
1230121634,5813053988,46
1230121634,5813061251,7
1230121634,5813077544,12
1230121634,5813077556,24
1230121634,5813080838,15
1230121634,632544268,12
1230121634,633546217,6
1230121634,634962055,11
1230121634,665314820,3
1230121634,694920753,12
1230121634,695629525,7
1230121634,695956656,9
1230121634,696362840,12
1230121634,697001770,10
1230121634,725951521,10
1230121634,758419409,18
1230121634,788794171,6
1230121634,789126240,13
1230121634,819828986,7
1230121634,910438331,13
1230121634,912545106,17
1230121634,912601268,18
1230121634,941132434,4
1230121634,942491983,9
1230125720,1002507159,17
1230125720,1002852791,14
1230125720,1004017998,10
1230125720,1034219901,10
1230125720,1035045015,9
1230125720,1065410141,5
1230125720,1125964814,10
1230125720,1126647624,7
1230125720,1127476096,12
1230125720,1167995070,8
1230125720,1168055653,40
1230125720,1168392003,40
1230125720,1168392468,30
1230125720,1168664495,12
1230125720,1199289203,20
1230125720,1199427845,30
1230125720,1199431561,22
1230125720,1199432267,22
1230125720,1199625952,36
1230125720,1229369776,6
1230125720,1230121634,14
1230125720,1230319275,15
1230125720,1230324385,24
1230125720,1260400286,13
1230125720,1260422110,7
1230125720,1260754053,20
1230125720,1447576662,17
1230125720,387364605,14
1230125720,416642425,10
1230125720,449438847,9
1230125720,478375456,11
1230125720,541118908,9
1230125720,541870397,3
1230125720,572870540,12
1230125720,5812979230,37
1230125720,5813012006,10
1230125720,5813014873,18
1230125720,5813020455,38
1230125720,5813022281,9
1230125720,5813027103,13
1230125720,5813038224,35
1230125720,5813040233,13
1230125720,5813045050,39
1230125720,5813053983,24
1230125720,5813053988,22
1230125720,5813061251,6
1230125720,5813077544,20
1230125720,5813077556,6
1230125720,5813080838,15
1230125720,632544268,15
1230125720,633546217,9
1230125720,634962055,13
1230125720,665314820,6
1230125720,694920753,8
1230125720,695629525,13
1230125720,695956656,9
1230125720,696362840,11
1230125720,697001770,5
1230125720,725951521,8
1230125720,758419409,12
1230125720,788794171,4
1230125720,789126240,9
1230125720,819828986,9
1230125720,910438331,22
1230125720,912545106,7
1230125720,912601268,5
1230125720,941132434,8
1230125720,942491983,12
1230319275,1002507159,8
1230319275,1002852791,11
1230319275,1004017998,15
1230319275,1034219901,11
1230319275,1035045015,8
1230319275,1125964814,8
1230319275,1126647624,4
1230319275,1127476096,6
1230319275,1167563121,3
1230319275,1167995070,13
1230319275,1168055653,15
1230319275,1168249921,3
1230319275,1168392003,20
1230319275,1168392468,13
1230319275,1168664495,12
1230319275,1168923315,4
1230319275,1198943369,6
1230319275,1199017128,6
1230319275,1199289203,25
1230319275,1199427845,15
1230319275,1199431561,36
1230319275,1199432267,46
1230319275,1199625952,18
1230319275,1229369776,19
1230319275,1229710803,12
1230319275,1230121634,46
1230319275,1230125720,18
1230319275,1230324385,16
1230319275,1260400286,26
1230319275,1260422110,24
1230319275,1260754053,34
1230319275,1447576662,18
1230319275,387364605,10
1230319275,416642425,15
1230319275,449438847,11
1230319275,478375456,15
1230319275,541118908,12
1230319275,541870397,12
1230319275,572870540,13
1230319275,5812979230,20
1230319275,5813012006,11
1230319275,5813014873,19
1230319275,5813020455,13
1230319275,5813022281,12
1230319275,5813027103,15
1230319275,5813038224,29
1230319275,5813040233,14
1230319275,5813045050,17
1230319275,5813047793,4
1230319275,5813049948,4
1230319275,5813053983,22
1230319275,5813053988,38
1230319275,5813061251,4
1230319275,5813077544,16
1230319275,5813077556,27
1230319275,5813080838,27
1230319275,632544268,9
1230319275,633546217,10
1230319275,634962055,8
1230319275,665314820,6
1230319275,694920753,17
1230319275,695629525,11
1230319275,695956656,8
1230319275,696362840,8
1230319275,697001770,13
1230319275,725951521,14
1230319275,758419409,15
1230319275,788794171,7
1230319275,789126240,5
1230319275,819828986,8
1230319275,910438331,8
1230319275,912545106,7
1230319275,912601268,13
1230319275,941132434,6
1230319275,942491983,8
1230324385,1002507159,16
1230324385,1002852791,7
1230324385,1004017998,16
1230324385,1034219901,8
1230324385,1035045015,9
1230324385,1065410141,8
1230324385,1125964814,11
1230324385,1126647624,4
1230324385,1127476096,9
1230324385,1167995070,15
1230324385,1168055653,32
1230324385,1168392003,31
1230324385,1168392468,44
1230324385,1168664495,6
1230324385,1199086313,3
1230324385,1199289203,29
1230324385,1199427845,38
1230324385,1199431561,23
1230324385,1199432267,18
1230324385,1199625952,43
1230324385,1230121634,8
1230324385,1230125720,34
1230324385,1230319275,5
1230324385,1260400286,12
1230324385,1260754053,25
1230324385,1260828727,3
1230324385,1261169514,4
1230324385,1261768832,5
1230324385,1322470509,3
1230324385,1447576662,20
1230324385,387364605,13
1230324385,416642425,17
1230324385,449438847,12
1230324385,478375456,9
1230324385,541118908,10
1230324385,541870397,9
1230324385,572870540,10
1230324385,5812979230,30
1230324385,5813012006,16
1230324385,5813014873,16
1230324385,5813020455,38
1230324385,5813020585,4
1230324385,5813022281,14
1230324385,5813027103,13
1230324385,5813038224,24
1230324385,5813040233,16
1230324385,5813045050,32
1230324385,5813053983,34
1230324385,5813053988,15
1230324385,5813061251,11
1230324385,5813077544,11
1230324385,5813077556,3
1230324385,5813080838,16
1230324385,632544268,17
1230324385,633546217,9
1230324385,634962055,12
1230324385,665314820,9
1230324385,694920753,14
1230324385,695629525,12
1230324385,695956656,7
1230324385,696362840,10
1230324385,697001770,7
1230324385,725951521,20
1230324385,758419409,19
1230324385,788794171,10
1230324385,789126240,17
1230324385,819828986,11
1230324385,910438331,11
1230324385,912545106,6
1230324385,912601268,9
1230324385,941132434,4
1230324385,942491983,5
1230480261,1002507159,18
1230480261,1002852791,14
1230480261,1004017998,11
1230480261,1034219901,15
1230480261,1035045015,16
1230480261,1065410141,10
1230480261,1105834722,37
1230480261,1106180107,18
1230480261,1125964814,5
1230480261,1126647624,15
1230480261,1127476096,12
1230480261,1136861363,41
1230480261,1137210821,21
1230480261,1137219365,8
1230480261,1167295853,4
1230480261,1167295872,5
1230480261,1167295916,3
1230480261,1167300055,4
1230480261,1167300154,3
1230480261,1167300194,12
1230480261,1167304403,3
1230480261,1167563121,15
1230480261,1167567702,3
1230480261,1167632513,7
1230480261,1167645658,40
1230480261,1167891559,7
1230480261,1167895489,39
1230480261,1167896065,41
1230480261,1167904437,45
1230480261,1167977970,8
1230480261,1167995070,17
1230480261,1168059800,40
1230480261,1168064774,24
1230480261,1168241257,37
1230480261,1168249921,3
1230480261,1168664495,20
1230480261,1198006801,5
1230480261,1198257581,14
1230480261,1198326456,4
1230480261,1198334861,13
1230480261,1198413357,27
1230480261,1198667367,42
1230480261,1198671494,5
1230480261,1198671672,29
1230480261,1198675740,32
1230480261,1198680122,20
1230480261,1198680249,14
1230480261,1198680426,4
1230480261,1198680441,4
1230480261,1198684596,9
1230480261,1198693217,4
1230480261,1198943369,5
1230480261,1199699496,35
1230480261,1199712167,35
1230480261,1199712272,44
1230480261,1230026228,5
1230480261,1230026402,3
1230480261,1261000309,6
1230480261,1261056809,3
1230480261,1292846965,7
1230480261,1292847181,4
1230480261,1324145475,4
1230480261,1447576662,17
1230480261,1513674176,4
1230480261,387364605,15
1230480261,416642425,11
1230480261,449438847,17
1230480261,478375456,19
1230480261,541118908,9
1230480261,541870397,18
1230480261,572870540,18
1230480261,5812979222,9
1230480261,5813012006,13
1230480261,5813014873,13
1230480261,5813020409,20
1230480261,5813022281,14
1230480261,5813027103,10
1230480261,5813040233,4
1230480261,5813047446,13
1230480261,5813047647,30
1230480261,5813047793,5
1230480261,5813048896,24
1230480261,5813049948,5
1230480261,5813050767,4
1230480261,5813053866,6
1230480261,5813061251,7
1230480261,5813077544,24
1230480261,5813080838,8
1230480261,632544268,13
1230480261,633546217,11
1230480261,634962055,7
1230480261,665314820,15
1230480261,694920753,14
1230480261,695629525,15
1230480261,695956656,11
1230480261,696362840,12
1230480261,697001770,19
1230480261,725951521,13
1230480261,758419409,9
1230480261,788794171,14
1230480261,789126240,11
1230480261,819828986,10
1230480261,910438331,9
1230480261,912545106,18
1230480261,912601268,13
1230480261,941132434,11
1230480261,942491983,11
1230712894,1002507159,5
1230712894,1002852791,3
1230712894,1004017998,5
1230712894,1034219901,7
1230712894,1126647624,4
1230712894,1167995070,4
1230712894,1200049187,24
1230712894,1200057627,25
1230712894,1230712956,34
1230712894,1230738118,31
1230712894,1230738237,17
1230712894,1230738247,30
1230712894,1230742431,20
1230712894,1230742517,28
1230712894,1230742552,26
1230712894,1231066662,25
1230712894,1231066732,19
1230712894,1231066741,24
1230712894,1231070792,13
1230712894,1231070863,29
1230712894,1231079482,27
1230712894,1261751722,16
1230712894,1261760230,5
1230712894,1261760414,3
1230712894,1261768644,5
1230712894,1261772956,4
1230712894,1261773104,5
1230712894,1262101350,3
1230712894,1262114188,3
1230712894,387364605,5
1230712894,449438847,3
1230712894,478375456,5
1230712894,541870397,4
1230712894,572870540,5
1230712894,5812979604,39
1230712894,5813012006,4
1230712894,5813020453,28
1230712894,5813040233,7
1230712894,5813049931,28
1230712894,5813061251,4
1230712894,5813077544,6
1230712894,5813080838,3
1230712894,632544268,3
1230712894,634962055,7
1230712894,665314820,3
1230712894,694920753,7
1230712894,695629525,3
1230712894,695956656,3
1230712894,696362840,7
1230712894,758419409,3
1230712894,788794171,4
1230712894,819828986,5
1230712894,910438331,4
1230712894,912545106,4
1230712894,912601268,6
1230712894,941132434,10
1230712894,942491983,4
1230712956,1002507159,8
1230712956,1002852791,3
1230712956,1004017998,3
1230712956,1034219901,9
1230712956,1035045015,5
1230712956,1065410141,5
1230712956,1125964814,3
1230712956,1126647624,7
1230712956,1127476096,4
1230712956,1200049187,37
1230712956,1200057627,22
1230712956,1230712894,25
1230712956,1230738118,23
1230712956,1230738237,26
1230712956,1230738247,24
1230712956,1230742431,17
1230712956,1230742517,21
1230712956,1230742552,16
1230712956,1231066662,29
1230712956,1231066732,29
1230712956,1231066741,21
1230712956,1231070792,18
1230712956,1231070863,18
1230712956,1231079482,26
1230712956,1261751722,16
1230712956,1261760230,3
1230712956,1261760489,5
1230712956,1261768644,4
1230712956,1261772956,3
1230712956,1262101350,4
1230712956,1447576662,6
1230712956,387364605,3
1230712956,416642425,6
1230712956,449438847,3
1230712956,478375456,6
1230712956,541118908,7
1230712956,541870397,11
1230712956,572870540,4
1230712956,5812979604,29
1230712956,5813012006,3
1230712956,5813020453,26
1230712956,5813027103,4
1230712956,5813040233,4
1230712956,5813049931,34
1230712956,5813077544,3
1230712956,5813080838,4
1230712956,632544268,5
1230712956,633546217,3
1230712956,634962055,3
1230712956,665314820,5
1230712956,694920753,3
1230712956,695956656,3
1230712956,696362840,4
1230712956,725951521,5
1230712956,758419409,4
1230712956,788794171,3
1230712956,912545106,4
1230712956,912601268,3
1230712956,941132434,6
1230712956,942491983,3
1230738118,1002507159,12
1230738118,1002852791,4
1230738118,1004017998,3
1230738118,1034219901,12
1230738118,1035045015,8
1230738118,1065410141,5
1230738118,1126647624,4
1230738118,1127476096,6
1230738118,1167995070,11
1230738118,1168664495,4
1230738118,1200049187,28
1230738118,1200057627,29
1230738118,1230712894,22
1230738118,1230712956,32
1230738118,1230738163,3
1230738118,1230738237,23
1230738118,1230738247,29
1230738118,1230742431,27
1230738118,1230742517,32
1230738118,1230742552,25
1230738118,1231066662,30
1230738118,1231066732,38
1230738118,1231066741,27
1230738118,1231070792,32
1230738118,1231070863,23
1230738118,1231079482,26
1230738118,1231675708,4
1230738118,1261751722,37
1230738118,1261760489,5
1230738118,1261768644,5
1230738118,1261773006,3
1230738118,1262101350,4
1230738118,1447576662,6
1230738118,387364605,5
1230738118,416642425,7
1230738118,449438847,3
1230738118,478375456,8
1230738118,541118908,13
1230738118,541870397,4
1230738118,572870540,10
1230738118,5812979604,33
1230738118,5812984024,3
1230738118,5813012006,3
1230738118,5813014873,6
1230738118,5813020453,23
1230738118,5813040233,8
1230738118,5813049931,24
1230738118,5813077544,5
1230738118,5813080838,4
1230738118,632544268,3
1230738118,634962055,9
1230738118,665314820,3
1230738118,695629525,3
1230738118,758419409,5
1230738118,788794171,7
1230738118,789126240,4
1230738118,912545106,5
1230738118,941132434,4
1230738118,942491983,4
1230738163,1034219901,3
1230738163,1035045015,3
1230738163,1125964814,5
1230738163,1127471692,3
1230738163,1127476096,8
1230738163,1167995070,7
1230738163,1168664495,3
1230738163,1169260589,83
1230738163,1231675708,57
1230738163,1261091174,4
1230738163,1261760230,41
1230738163,1261760366,3
1230738163,1261760414,3
1230738163,1261768644,64
1230738163,1261768832,48
1230738163,1261772956,34
1230738163,1261773006,49
1230738163,1261773104,18
1230738163,1262101350,9
1230738163,1262114112,4
1230738163,1262114202,4
1230738163,1291780631,3
1230738163,1292799162,3
1230738163,1292803650,4
1230738163,1323156554,3
1230738163,1355810793,3
1230738163,1447576662,10
1230738163,387364605,4
1230738163,416642425,4
1230738163,449438847,3
1230738163,478375456,8
1230738163,541118908,6
1230738163,541870397,4
1230738163,572870540,9
1230738163,5812979684,4
1230738163,5813012006,3
1230738163,5813014873,6
1230738163,5813022281,5
1230738163,5813027103,5
1230738163,5813077544,10
1230738163,5813080838,5
1230738163,632544268,4
1230738163,634962055,11
1230738163,665314820,4
1230738163,694920753,3
1230738163,695629525,4
1230738163,695956656,11
1230738163,696362840,4
1230738163,697001770,3
1230738163,725951521,4
1230738163,788794171,3
1230738163,789126240,3
1230738163,819828986,6
1230738163,912545106,3
1230738163,912601268,3
1230738163,941132434,3
1230738163,942491983,7
1230738237,1002507159,12
1230738237,1002852791,4
1230738237,1034219901,11
1230738237,1035045015,6
1230738237,1065410141,3
1230738237,1125964814,3
1230738237,1126647624,6
1230738237,1168664495,7
1230738237,1200049187,25
1230738237,1200057627,18
1230738237,1230712894,25
1230738237,1230712956,25
1230738237,1230738118,30
1230738237,1230738247,34
1230738237,1230742431,16
1230738237,1230742517,17
1230738237,1230742552,27
1230738237,1231066662,30
1230738237,1231066732,44
1230738237,1231066741,23
1230738237,1231070792,30
1230738237,1231070863,27
1230738237,1231079482,34
1230738237,1261751722,23
1230738237,1261760414,6
1230738237,1261773006,3
1230738237,1262101350,8
1230738237,1262114188,4
1230738237,1447576662,3
1230738237,387364605,3
1230738237,449438847,4
1230738237,478375456,7
1230738237,541118908,4
1230738237,541870397,6
1230738237,572870540,7
1230738237,5812979604,33
1230738237,5813012006,6
1230738237,5813020453,29
1230738237,5813027103,7
1230738237,5813040233,6
1230738237,5813049931,19
1230738237,5813077544,6
1230738237,634962055,3
1230738237,665314820,3
1230738237,695629525,4
1230738237,695956656,3
1230738237,696362840,4
1230738237,697001770,4
1230738237,725951521,5
1230738237,758419409,3
1230738237,788794171,5
1230738237,789126240,6
1230738237,910438331,4
1230738237,912545106,3
1230738237,941132434,7
1230738237,942491983,5
1230738247,1002507159,8
1230738247,1034219901,6
1230738247,1126647624,3
1230738247,1127476096,3
1230738247,1167995070,6
1230738247,1168664495,5
1230738247,1200049187,35
1230738247,1200057627,19
1230738247,1230712894,33
1230738247,1230712956,24
1230738247,1230738118,22
1230738247,1230738237,33
1230738247,1230742431,25
1230738247,1230742517,48
1230738247,1230742552,29
1230738247,1231066662,45
1230738247,1231066732,37
1230738247,1231066741,18
1230738247,1231070792,24
1230738247,1231070863,43
1230738247,1231079482,36
1230738247,1261751722,35
1230738247,1261760230,4
1230738247,1261768644,3
1230738247,1261773006,3
1230738247,1262101350,12
1230738247,1447576662,4
1230738247,449438847,3
1230738247,478375456,7
1230738247,541118908,8
1230738247,541870397,3
1230738247,572870540,9
1230738247,5812979604,33
1230738247,5813012006,6
1230738247,5813020453,26
1230738247,5813022281,3
1230738247,5813027103,4
1230738247,5813040233,10
1230738247,5813049931,32
1230738247,5813061251,5
1230738247,5813077544,7
1230738247,632544268,4
1230738247,633546217,3
1230738247,634962055,6
1230738247,695629525,6
1230738247,696362840,7
1230738247,697001770,5
1230738247,758419409,4
1230738247,788794171,4
1230738247,910438331,3
1230738247,912545106,4
1230738247,912601268,4
1230738247,941132434,3
1230738247,942491983,5
1230742431,1002507159,5
1230742431,1004017998,5
1230742431,1034219901,10
1230742431,1065410141,6
1230742431,1127476096,5
1230742431,1167995070,8
1230742431,1168664495,3
1230742431,1200049187,30
1230742431,1200057627,22
1230742431,1230712894,33
1230742431,1230712956,30
1230742431,1230738118,36
1230742431,1230738237,21
1230742431,1230738247,22
1230742431,1230742517,39
1230742431,1230742552,20
1230742431,1231066662,17
1230742431,1231066732,12
1230742431,1231066741,30
1230742431,1231070792,25
1230742431,1231070863,20
1230742431,1231079482,36
1230742431,1261423534,3
1230742431,1261751722,15
1230742431,1261760230,3
1230742431,1261772956,3
1230742431,1261773104,4
1230742431,1262101350,4
1230742431,1262114112,3
1230742431,1447576662,3
1230742431,387364605,5
1230742431,416642425,3
1230742431,449438847,4
1230742431,478375456,6
1230742431,541118908,4
1230742431,541870397,5
1230742431,572870540,6
1230742431,5812979604,30
1230742431,5813012006,3
1230742431,5813014873,4
1230742431,5813020453,27
1230742431,5813022281,3
1230742431,5813049931,39
1230742431,5813077544,4
1230742431,5813080838,6
1230742431,632544268,4
1230742431,633546217,3
1230742431,634962055,6
1230742431,665314820,3
1230742431,695629525,3
1230742431,695956656,6
1230742431,696362840,4
1230742431,725951521,4
1230742431,758419409,4
1230742431,788794171,5
1230742431,819828986,7
1230742431,910438331,7
1230742431,941132434,6
1230742431,942491983,4
1230742517,1002507159,8
1230742517,1002852791,3
1230742517,1034219901,7
1230742517,1035045015,8
1230742517,1065410141,5
1230742517,1125964814,6
1230742517,1126647624,4
1230742517,1127476096,4
1230742517,1167995070,8
1230742517,1168664495,11
1230742517,1169260589,3
1230742517,1200049187,16
1230742517,1200057627,23
1230742517,1230712894,19
1230742517,1230712956,17
1230742517,1230738118,29
1230742517,1230738237,20
1230742517,1230738247,29
1230742517,1230742431,26
1230742517,1230742552,35
1230742517,1231066662,33
1230742517,1231066732,26
1230742517,1231066741,22
1230742517,1231070792,24
1230742517,1231070863,31
1230742517,1231079482,25
1230742517,1261751722,23
1230742517,1261773006,6
1230742517,1261773104,3
1230742517,1262101350,8
1230742517,1262105601,3
1230742517,1447576662,3
1230742517,416642425,4
1230742517,449438847,4
1230742517,478375456,6
1230742517,541118908,10
1230742517,541870397,7
1230742517,572870540,10
1230742517,5812979604,25
1230742517,5813012006,7
1230742517,5813014873,6
1230742517,5813020453,22
1230742517,5813027103,4
1230742517,5813040233,7
1230742517,5813049931,30
1230742517,5813077544,12
1230742517,5813080838,4
1230742517,632544268,4
1230742517,634962055,6
1230742517,665314820,4
1230742517,694920753,4
1230742517,695629525,6
1230742517,696362840,3
1230742517,697001770,3
1230742517,758419409,6
1230742517,788794171,3
1230742517,819828986,3
1230742517,910438331,5
1230742517,912545106,5
1230742517,941132434,7
1230742517,942491983,6
1230742552,1002507159,7
1230742552,1002852791,4
1230742552,1034219901,7
1230742552,1126647624,9
1230742552,1127476096,7
1230742552,1167995070,3
1230742552,1168664495,3
1230742552,1169260589,8
1230742552,1200049187,23
1230742552,1200057627,10
1230742552,1230712894,19
1230742552,1230712956,18
1230742552,1230738118,22
1230742552,1230738237,23
1230742552,1230738247,25
1230742552,1230742431,16
1230742552,1230742517,39
1230742552,1231066662,30
1230742552,1231066732,27
1230742552,1231066741,24
1230742552,1231070792,21
1230742552,1231070863,26
1230742552,1231079482,22
1230742552,1231675708,6
1230742552,1261751722,32
1230742552,1261760414,3
1230742552,1261760489,4
1230742552,1261768644,10
1230742552,1261772956,9
1230742552,1261773104,12
1230742552,1262101350,3
1230742552,1447576662,9
1230742552,387364605,5
1230742552,449438847,9
1230742552,478375456,6
1230742552,541118908,6
1230742552,541870397,5
1230742552,572870540,13
1230742552,5812979604,26
1230742552,5813014873,8
1230742552,5813020453,26
1230742552,5813022281,3
1230742552,5813040233,7
1230742552,5813049931,22
1230742552,5813061251,3
1230742552,5813077544,12
1230742552,5813080838,4
1230742552,632544268,3
1230742552,633546217,3
1230742552,634962055,5
1230742552,695629525,4
1230742552,695956656,3
1230742552,696362840,6
1230742552,697001770,4
1230742552,758419409,3
1230742552,788794171,3
1230742552,789126240,5
1230742552,910438331,4
1230742552,912545106,8
1230742552,912601268,9
1230742552,941132434,7
1230742552,942491983,5
1231066662,1002507159,11
1231066662,1002852791,4
1231066662,1004017998,4
1231066662,1034219901,10
1231066662,1065410141,8
1231066662,1125964814,3
1231066662,1126647624,6
1231066662,1127476096,4
1231066662,1167995070,5
1231066662,1168664495,7
1231066662,1200049187,18
1231066662,1200057627,18
1231066662,1230712894,13
1231066662,1230712956,33
1231066662,1230738118,32
1231066662,1230738237,39
1231066662,1230738247,43
1231066662,1230742431,15
1231066662,1230742517,34
1231066662,1230742552,33
1231066662,1231066732,27
1231066662,1231066741,26
1231066662,1231070792,27
1231066662,1231070863,34
1231066662,1231079482,26
1231066662,1231675708,9
1231066662,1261751722,29
1231066662,1261760230,5
1231066662,1261760489,4
1231066662,1261768644,6
1231066662,1261772956,3
1231066662,1261773006,3
1231066662,1261773286,4
1231066662,1262101350,3
1231066662,1262105575,3
1231066662,1447576662,4
1231066662,387364605,8
1231066662,449438847,4
1231066662,478375456,4
1231066662,541118908,4
1231066662,541870397,5
1231066662,572870540,9
1231066662,5812979604,23
1231066662,5813012006,8
1231066662,5813014873,6
1231066662,5813020453,26
1231066662,5813040233,8
1231066662,5813049931,21
1231066662,5813061251,4
1231066662,5813077544,13
1231066662,5813080838,6
1231066662,632544268,4
1231066662,665314820,4
1231066662,694920753,4
1231066662,695629525,3
1231066662,696362840,6
1231066662,725951521,3
1231066662,758419409,4
1231066662,788794171,3
1231066662,789126240,3
1231066662,819828986,5
1231066662,910438331,7
1231066662,912545106,12
1231066662,912601268,4
1231066662,941132434,5
1231066732,1002507159,5
1231066732,1002852791,8
1231066732,1004017998,3
1231066732,1034219901,8
1231066732,1035045015,4
1231066732,1126647624,6
1231066732,1127476096,7
1231066732,1167995070,5
1231066732,1168664495,4
1231066732,1200049187,35
1231066732,1200057627,26
1231066732,1230712894,24
1231066732,1230712956,33
1231066732,1230738118,32
1231066732,1230738237,37
1231066732,1230738247,30
1231066732,1230742431,14
1231066732,1230742517,29
1231066732,1230742552,40
1231066732,1231066662,34
1231066732,1231066741,29
1231066732,1231070792,18
1231066732,1231070863,24
1231066732,1231079482,40
1231066732,1231675708,3
1231066732,1261751722,28
1231066732,1261768644,6
1231066732,1261772956,3
1231066732,1262101350,7
1231066732,1447576662,3
1231066732,387364605,4
1231066732,416642425,4
1231066732,449438847,5
1231066732,478375456,8
1231066732,541118908,7
1231066732,541870397,11
1231066732,572870540,7
1231066732,5812979604,29
1231066732,5813012006,3
1231066732,5813020453,35
1231066732,5813040233,5
1231066732,5813049931,19
1231066732,5813077544,5
1231066732,5813080838,3
1231066732,632544268,3
1231066732,634962055,6
1231066732,665314820,3
1231066732,694920753,4
1231066732,695956656,4
1231066732,758419409,6
1231066732,788794171,5
1231066732,910438331,5
1231066732,912545106,3
1231066732,941132434,5
1231066732,942491983,8
1231066741,1002507159,8
1231066741,1004017998,4
1231066741,1034219901,10
1231066741,1035045015,9
1231066741,1065410141,3
1231066741,1126647624,3
1231066741,1127476096,3
1231066741,1167995070,9
1231066741,1168664495,5
1231066741,1200049187,24
1231066741,1200057627,22
1231066741,1230712894,30
1231066741,1230712956,30
1231066741,1230738118,34
1231066741,1230738237,19
1231066741,1230738247,25
1231066741,1230742431,27
1231066741,1230742517,31
1231066741,1230742552,31
1231066741,1231066662,25
1231066741,1231066732,23
1231066741,1231070792,23
1231066741,1231070863,30
1231066741,1231079482,19
1231066741,1261423534,4
1231066741,1261751722,26
1231066741,1261760230,4
1231066741,1261760489,4
1231066741,1261773104,3
1231066741,1262101350,3
1231066741,1447576662,3
1231066741,387364605,4
1231066741,416642425,6
1231066741,478375456,3
1231066741,541118908,8
1231066741,541870397,9
1231066741,572870540,5
1231066741,5812979604,32
1231066741,5813012006,8
1231066741,5813014873,6
1231066741,5813020453,19
1231066741,5813022281,7
1231066741,5813040233,6
1231066741,5813049931,19
1231066741,5813061251,6
1231066741,5813077544,5
1231066741,5813080838,4
1231066741,632544268,5
1231066741,634962055,3
1231066741,695629525,7
1231066741,696362840,10
1231066741,697001770,4
1231066741,725951521,3
1231066741,788794171,6
1231066741,910438331,5
1231066741,912601268,4
1231066741,941132434,6
1231070792,1002507159,12
1231070792,1002852791,3
1231070792,1004017998,8
1231070792,1034219901,10
1231070792,1035045015,10
1231070792,1065410141,5
1231070792,1126647624,7
1231070792,1127476096,9
1231070792,1167995070,5
1231070792,1168664495,4
1231070792,1200049187,20
1231070792,1200057627,14
1231070792,1230712894,22
1231070792,1230712956,29
1231070792,1230738118,35
1231070792,1230738237,18
1231070792,1230738247,27
1231070792,1230742431,15
1231070792,1230742517,33
1231070792,1230742552,30
1231070792,1231066662,32
1231070792,1231066732,23
1231070792,1231066741,24
1231070792,1231070863,30
1231070792,1231079482,17
1231070792,1261751722,30
1231070792,1261760230,3
1231070792,1261760489,4
1231070792,1261768644,6
1231070792,1262114188,3
1231070792,1447576662,5
1231070792,387364605,4
1231070792,449438847,4
1231070792,478375456,7
1231070792,541118908,6
1231070792,541870397,4
1231070792,572870540,8
1231070792,5812979604,17
1231070792,5813012006,7
1231070792,5813014873,6
1231070792,5813020453,33
1231070792,5813022281,4
1231070792,5813027103,5
1231070792,5813040233,5
1231070792,5813049931,11
1231070792,5813077544,8
1231070792,5813080838,4
1231070792,632544268,4
1231070792,634962055,5
1231070792,665314820,8
1231070792,694920753,6
1231070792,695629525,6
1231070792,696362840,8
1231070792,697001770,3
1231070792,725951521,3
1231070792,758419409,6
1231070792,788794171,5
1231070792,789126240,3
1231070792,912545106,6
1231070792,912601268,3
1231070792,942491983,6
1231070863,1002507159,10
1231070863,1034219901,6
1231070863,1035045015,9
1231070863,1065410141,7
1231070863,1125964814,4
1231070863,1126647624,10
1231070863,1127476096,11
1231070863,1167995070,8
1231070863,1168664495,6
1231070863,1169260589,5
1231070863,1200049187,26
1231070863,1200057627,14
1231070863,1230712894,24
1231070863,1230712956,19
1231070863,1230738118,25
1231070863,1230738163,5
1231070863,1230738237,26
1231070863,1230738247,35
1231070863,1230742431,22
1231070863,1230742517,30
1231070863,1230742552,24
1231070863,1231066662,24
1231070863,1231066732,26
1231070863,1231066741,31
1231070863,1231070792,25
1231070863,1231079482,23
1231070863,1261751722,25
1231070863,1261760225,3
1231070863,1261760230,4
1231070863,1261768644,7
1231070863,1261773104,5
1231070863,1262101350,3
1231070863,1355810793,3
1231070863,449438847,3
1231070863,541118908,5
1231070863,572870540,8
1231070863,5812979604,31
1231070863,5813012006,9
1231070863,5813014873,6
1231070863,5813020453,24
1231070863,5813040233,6
1231070863,5813049931,17
1231070863,5813061251,3
1231070863,5813077544,6
1231070863,5813080838,5
1231070863,632544268,5
1231070863,634962055,7
1231070863,665314820,5
1231070863,695629525,9
1231070863,695956656,3
1231070863,696362840,8
1231070863,725951521,3
1231070863,758419409,3
1231070863,788794171,3
1231070863,789126240,3
1231070863,910438331,4
1231070863,912545106,8
1231070863,941132434,5
1231070863,942491983,3
1231079482,1002507159,8
1231079482,1034219901,14
1231079482,1035045015,4
1231079482,1065410141,5
1231079482,1126647624,4
1231079482,1127476096,5
1231079482,1168664495,3
1231079482,1200049187,33
1231079482,1200057627,22
1231079482,1230712894,33
1231079482,1230712956,30
1231079482,1230738118,27
1231079482,1230738237,31
1231079482,1230738247,35
1231079482,1230742431,34
1231079482,1230742517,23
1231079482,1230742552,26
1231079482,1231066662,34
1231079482,1231066732,29
1231079482,1231066741,30
1231079482,1231070792,19
1231079482,1231070863,35
1231079482,1261423534,3
1231079482,1261751722,20
1231079482,1261760414,3
1231079482,1261760489,3
1231079482,1261772956,3
1231079482,1261773006,3
1231079482,1447576662,3
1231079482,387364605,7
1231079482,478375456,8
1231079482,541118908,11
1231079482,541870397,6
1231079482,572870540,10
1231079482,5812979604,24
1231079482,5813012006,5
1231079482,5813014873,5
1231079482,5813020453,30
1231079482,5813027103,3
1231079482,5813040233,5
1231079482,5813049931,23
1231079482,5813061251,3
1231079482,5813077544,4
1231079482,5813080838,5
1231079482,633546217,4
1231079482,634962055,4
1231079482,665314820,7
1231079482,695629525,3
1231079482,695956656,8
1231079482,697001770,3
1231079482,758419409,9
1231079482,788794171,3
1231079482,819828986,4
1231079482,910438331,4
1231079482,912545106,6
1231079482,912601268,4
1231079482,941132434,7
1231079482,942491983,7
1231675708,1169260589,46
1231675708,1230738163,21
1231675708,1231066732,3
1231675708,1261760225,8
1231675708,1261760230,29
1231675708,1261760366,5
1231675708,1261760414,29
1231675708,1261760489,21
1231675708,1261764527,11
1231675708,1261764557,6
1231675708,1261764651,3
1231675708,1261768644,62
1231675708,1261768832,17
1231675708,1261772956,23
1231675708,1261773006,48
1231675708,1261773104,38
1231675708,1261773286,23
1231675708,1261773330,11
1231675708,1262101350,24
1231675708,1262105552,3
1231675708,1262105575,10
1231675708,1262105601,10
1231675708,1262105630,3
1231675708,1262114112,7
1231675708,1262114188,3
1231675708,1262114202,6
1231675708,1292807819,4
1231675708,1293136062,7
1231675708,1355810793,9
1231675708,5812984024,9
1231675708,5813077544,3
1231675708,5813080269,6
1231675708,634962055,5
1231675708,695956656,3
1231675708,819828986,3
1231675708,942491983,3
1248424794,1218733141,3
1248424794,1248770299,4
1248424794,1249763220,4
1248424794,1441144493,3
1248424794,1441485832,3
1248424794,1599431888,4
1248424794,1599436552,3
1248424794,1629085008,4
1248424794,5812987321,3
1248424794,5812987334,3
1248424794,786000969,3
1248424794,940791093,3
1248765883,1200053009,3
1248765883,1258073453,3
1248765883,666308023,4
1248765883,666994301,3
1248765883,757694775,3
1248770299,1126310841,3
1248770299,1155302782,5
1248770299,1249098248,3
1248770299,1249763220,3
1248770299,1310499077,12
1248770299,1410122382,4
1248770299,1410122586,5
1248770299,1410450949,7
1248770299,1441481281,7
1248770299,1441485832,3
1248770299,1473202957,8
1248770299,1504924440,7
1248770299,1535652862,3
1248770299,1568047319,6
1248770299,1597683387,7
1248770299,1599431888,9
1248770299,1599436552,3
1248770299,1629085008,4
1248770299,1630765418,3
1248770299,5812987321,3
1248770299,5812987327,7
1248770299,5812994149,3
1248770299,724276536,6
1248770299,755644082,6
1248770299,786000969,3
1248770299,850829248,3
1248770299,943226223,3
1249098248,1155302782,3
1249098248,1160833169,3
1249098248,1200032115,6
1249098248,1218728463,3
1249098248,1248770299,6
1249098248,1250113157,3
1249098248,1310499077,4
1249098248,1410122586,3
1249098248,1410122892,5
1249098248,1410450514,3
1249098248,1410450949,4
1249098248,1410451120,5
1249098248,1441485633,4
1249098248,1473202957,5
1249098248,1473207713,3
1249098248,1599431888,7
1249098248,1599436552,6
1249098248,1628744095,3
1249098248,1629085008,7
1249098248,5812988707,3
1249098248,692857189,7
1249098248,724276536,4
1249098248,755644082,3
1249098248,786000969,5
1249098248,851170296,3
1249763220,1126301622,4
1249763220,1126310716,4
1249763220,1200032115,8
1249763220,1248765883,5
1249763220,1249098248,9
1249763220,1310499077,3
1249763220,1410122586,5
1249763220,1410451120,3
1249763220,1441144493,6
1249763220,1441485942,9
1249763220,1473202957,4
1249763220,1473207713,3
1249763220,1599431888,6
1249763220,1599436552,5
1249763220,1629093706,5
1249763220,1630765418,10
1249763220,572167406,3
1249763220,5812987327,4
1249763220,666308023,5
1249763220,666994301,9
1249763220,692857189,5
1249763220,724228740,4
1249763220,724276536,4
1249763220,786000969,6
1249763220,816682053,5
1249763220,847712250,7
1249763220,940808800,3
1249763220,943933727,5
1249763369,1167282562,3
1249763369,666308023,4
1249763369,941132430,3
1249763369,943933727,3
1250113157,1155302782,3
1250113157,1249098248,3
1250113157,1249763220,3
1250113157,1410122892,4
1250113157,1410450949,4
1250113157,1441485942,3
1250113157,1535298439,3
1250113157,1597683387,4
1250113157,1599431888,3
1250113157,1599436552,7
1250113157,724276536,3
1250113288,1126301622,3
1250113288,1167282562,4
1250113288,1217372569,6
1250113288,1218728544,3
1250113288,1248770299,3
1250113288,1249098248,9
1250113288,1249763369,6
1250113288,1310499077,6
1250113288,1410122586,3
1250113288,1410450949,3
1250113288,1441144493,3
1250113288,1441481281,4
1250113288,1473207713,7
1250113288,1473241269,3
1250113288,1597722005,3
1250113288,1599431888,4
1250113288,1599436552,6
1250113288,1628743785,3
1250113288,1628744095,6
1250113288,1629085008,7
1250113288,1629093706,5
1250113288,5813014573,3
1250113288,666308023,8
1250113288,666994301,5
1250113288,692857189,5
1250113288,724228740,3
1250113288,758069811,3
1250113288,786000969,3
1250113288,817683388,3
1250113288,878725581,3
1250113288,940808800,3
1250113288,941132430,7
1250113288,942539535,4
1251265590,1004700437,3
1251265590,1158507458,3
1251265590,1219889738,3
1251265590,848800043,4
1251265590,848800082,4
1251265778,1125411720,3
1251265778,5813128537,3
1251269930,1004700437,6
1251269930,1094722478,3
1251269930,1125411720,3
1251269930,1219889738,8
1251269930,1258073453,6
1251269930,1282300415,3
1251269930,1380149683,4
1251269930,1599747200,4
1251269930,1660776511,3
1251269930,1661122416,3
1251269930,1661458883,4
1251269930,5812994149,3
1251269930,5813041556,5
1251269930,632911211,4
1251269930,694665957,3
1251269930,756049717,3
1251269930,757694775,8
1251269930,818119357,3
1251269930,848800043,3
1251269930,848800082,4
1251269930,850194651,8
1251269930,879844206,3
1251269930,880526292,3
1251269930,880526308,3
1251269930,880875840,9
1251269930,881216816,3
1251269930,941939879,10
1251275120,1003672766,3
1251275120,1032643905,7
1251275120,1128092885,4
1251275120,1187831582,8
1251275120,1224936588,5
1251275120,1255638782,4
1251275120,1412238418,5
1251275120,1443268440,10
1251275120,1537634396,4
1251275120,1661458144,9
1251275120,478077561,5
1251275120,539810773,5
1251275120,540493022,5
1251275120,569481415,8
1251275120,570185174,11
1251275120,570518166,5
1251275120,5813015999,10
1251275120,5813081686,6
1251275120,601216096,5
1251275120,696336849,7
1251275120,759084486,7
1251275120,849844855,3
1251275120,880185131,7
1251275120,880526477,4
1251275120,941244280,7
1251275120,942254554,6
1251275120,943921248,8
1251952397,1004700437,6
1251952397,1034711992,3
1251952397,1158507458,3
1251952397,1251269930,3
1251952397,1258073453,12
1251952397,1442931671,3
1251952397,1660776511,3
1251952397,664313308,3
1251952397,757694775,10
1251952397,850194651,9
1251952397,880875840,9
1251952397,941939879,10
1251952397,972624772,3
1255297613,1126301255,8
1255297613,1126310776,4
1255297613,1126310969,6
1255297613,1155652503,7
1255297613,1217385533,6
1255297613,1218728541,5
1255297613,1224249917,5
1255297613,1224254476,8
1255297613,1286315568,9
1255297613,1411862814,7
1255297613,1443579770,3
1255297613,1472205673,6
1255297613,1566644645,8
1255297613,1662166202,6
1255297613,541119189,3
1255297613,5813050000,7
1255297613,5813056934,5
1255297613,663558074,11
1255297613,692852666,15
1255297613,818063189,9
1255297613,849763224,5
1255297613,879442155,8
1255297613,879748663,6
1255297613,881458145,3
1255297613,881458181,4
1255297613,909777910,8
1255297613,941132270,3
1255297613,971506655,9
1255638782,1032643905,3
1255638782,1187831582,7
1255638782,1224936588,7
1255638782,1251275120,8
1255638782,1412238418,4
1255638782,1443268440,9
1255638782,1537634396,11
1255638782,1661458144,6
1255638782,478077561,5
1255638782,539810773,8
1255638782,540493022,11
1255638782,569481415,12
1255638782,570185174,10
1255638782,570518166,5
1255638782,5813015999,4
1255638782,5813081686,9
1255638782,601216096,5
1255638782,696336849,7
1255638782,759084486,5
1255638782,848817674,4
1255638782,849844855,6
1255638782,880185131,8
1255638782,880526477,4
1255638782,916974420,8
1255638782,941244280,10
1255638782,943921248,5
1256376704,1008028537,3
1256376704,1034711992,3
1256376704,1094722478,7
1256376704,1159530101,3
1256376704,1219889738,3
1256376704,1282305753,3
1256376704,1287411513,4
1256376704,1320799646,3
1256376704,1380145201,4
1256376704,1380149563,3
1256376704,1410127303,4
1256376704,1441503748,5
1256376704,1442931758,3
1256376704,1472542572,4
1256376704,1599747200,4
1256376704,1661458883,4
1256376704,5812994149,5
1256376704,5813037879,3
1256376704,5813041556,3
1256376704,5813127522,3
1256376704,5813128416,3
1256376704,632911211,3
1256376704,693651381,4
1256376704,694670373,4
1256376704,757055403,7
1256376704,758743604,3
1256376704,760094565,4
1256376704,818119357,3
1256376704,848817674,3
1256376704,850492366,3
1256376704,850855138,5
1256376704,880526292,5
1256376704,911215499,4
1256376704,912238927,4
1256376704,912488890,9
1258686925,1004700437,3
1258686925,666994301,3
1258686925,789130596,4
1258686925,912925080,3
1258686925,916284630,3
1258686925,941939879,4
1258686925,944262351,4
1259377221,1002848661,25
1259377221,1004014587,26
1259377221,1062526223,16
1259377221,1065409934,19
1259377221,1125969082,14
1259377221,1128088594,19
1259377221,1190171884,25
1259377221,1197993940,15
1259377221,1199677638,15
1259377221,1218728570,7
1259377221,1220584946,13
1259377221,1259377325,4
1259377221,1318109929,20
1259377221,1324430237,6
1259377221,1353544607,16
1259377221,1600083889,17
1259377221,1601771527,9
1259377221,1631450739,16
1259377221,387023620,14
1259377221,539462336,10
1259377221,569775058,18
1259377221,5813014882,21
1259377221,5813047157,13
1259377221,5813059834,18
1259377221,5813070465,12
1259377221,5813077544,5
1259377221,663562172,13
1259377221,664650297,9
1259377221,693755250,15
1259377221,724280817,12
1259377221,848761388,13
1259377221,849421763,17
1259377221,879183317,6
1259377221,880875861,18
1259377221,881898734,22
1259377221,912147912,35
1259377221,941123755,20
1259377221,942173776,18
1259377221,942587380,30
1259377221,972555509,28
1259377221,973566036,12
1259377221,974239375,29
1259377221,974300015,20
1259377325,1002848661,26
1259377325,1004014587,23
1259377325,1062526223,18
1259377325,1065409934,17
1259377325,1125969082,12
1259377325,1128088594,14
1259377325,1190171884,18
1259377325,1197993940,10
1259377325,1199677638,20
1259377325,1218728570,13
1259377325,1220584946,21
1259377325,1318109929,13
1259377325,1324430237,4
1259377325,1353544607,17
1259377325,1600083889,16
1259377325,1601771527,9
1259377325,1631450739,8
1259377325,387023620,7
1259377325,539462336,8
1259377325,569775058,12
1259377325,5813014882,20
1259377325,5813047157,21
1259377325,5813059834,15
1259377325,5813070465,9
1259377325,5813077544,9
1259377325,663562172,16
1259377325,664650297,10
1259377325,693755250,10
1259377325,724280817,15
1259377325,848761388,20
1259377325,849421763,16
1259377325,879183317,12
1259377325,880875861,17
1259377325,881898734,25
1259377325,912147912,18
1259377325,941123755,13
1259377325,942173776,20
1259377325,942587380,14
1259377325,972555509,35
1259377325,973566036,21
1259377325,974239375,27
1259377325,974300015,17
1260327246,1002507159,9
1260327246,1004017998,6
1260327246,1034219901,6
1260327246,1035045015,9
1260327246,1065410141,3
1260327246,1125964814,15
1260327246,1126647624,8
1260327246,1127476096,4
1260327246,1167995070,10
1260327246,1168392468,3
1260327246,1168659995,3
1260327246,1168664447,5
1260327246,1168664495,7
1260327246,1199086313,9
1260327246,1229288307,10
1260327246,1230121634,3
1260327246,1230738163,5
1260327246,1260828727,7
1260327246,1261169514,14
1260327246,1261764651,3
1260327246,1261768913,5
1260327246,1291366237,22
1260327246,1291435776,10
1260327246,1291780675,4
1260327246,1291780710,3
1260327246,1292458303,3
1260327246,1292794996,5
1260327246,1292799346,4
1260327246,1292807819,4
1260327246,1322470368,3
1260327246,1322470509,9
1260327246,1322470594,10
1260327246,1322474586,8
1260327246,1322811128,57
1260327246,1322811160,34
1260327246,1322811232,56
1260327246,1322811240,23
1260327246,1323156554,63
1260327246,1447576662,10
1260327246,416642425,8
1260327246,449438847,13
1260327246,478375456,13
1260327246,541118908,8
1260327246,541870397,6
1260327246,572870540,13
1260327246,5812979459,23
1260327246,5812979684,3
1260327246,5813012006,7
1260327246,5813014873,10
1260327246,5813020568,30
1260327246,5813020585,10
1260327246,5813022281,7
1260327246,5813027103,11
1260327246,5813040233,11
1260327246,5813061251,11
1260327246,5813077544,7
1260327246,5813080838,15
1260327246,632544268,8
1260327246,633546217,11
1260327246,634962055,13
1260327246,665314820,14
1260327246,694920753,10
1260327246,695629525,9
1260327246,695956656,7
1260327246,696362840,12
1260327246,697001770,8
1260327246,725951521,21
1260327246,758419409,13
1260327246,788794171,9
1260327246,819828986,8
1260327246,910438331,7
1260327246,912545106,16
1260327246,912601268,5
1260327246,941132434,8
1260327246,942491983,12
1260400286,1002507159,9
1260400286,1002852791,10
1260400286,1004017998,11
1260400286,1034219901,11
1260400286,1035045015,12
1260400286,1065410141,4
1260400286,1125964814,11
1260400286,1126647624,9
1260400286,1127476096,12
1260400286,1167995070,11
1260400286,1168055653,19
1260400286,1168392003,32
1260400286,1168392468,18
1260400286,1168664495,9
1260400286,1168923315,7
1260400286,1199017128,3
1260400286,1199289203,26
1260400286,1199427845,26
1260400286,1199431561,41
1260400286,1199432267,43
1260400286,1199625952,38
1260400286,1229369776,14
1260400286,1229710803,6
1260400286,1230121634,33
1260400286,1230125720,27
1260400286,1230319275,23
1260400286,1230324385,30
1260400286,1260422110,13
1260400286,1260754053,28
1260400286,1291435776,3
1260400286,1292847181,3
1260400286,1322811240,3
1260400286,1447576662,15
1260400286,387364605,15
1260400286,416642425,4
1260400286,449438847,12
1260400286,478375456,9
1260400286,541118908,12
1260400286,541870397,17
1260400286,572870540,11
1260400286,5812979230,27
1260400286,5813012006,15
1260400286,5813014873,18
1260400286,5813020455,14
1260400286,5813022281,10
1260400286,5813027103,13
1260400286,5813038224,32
1260400286,5813040233,16
1260400286,5813045050,29
1260400286,5813053983,22
1260400286,5813053988,27
1260400286,5813061251,8
1260400286,5813077544,13
1260400286,5813077556,11
1260400286,5813080838,13
1260400286,632544268,14
1260400286,633546217,8
1260400286,634962055,9
1260400286,665314820,4
1260400286,694920753,17
1260400286,695629525,12
1260400286,695956656,9
1260400286,696362840,9
1260400286,697001770,11
1260400286,725951521,12
1260400286,758419409,9
1260400286,788794171,9
1260400286,789126240,13
1260400286,819828986,9
1260400286,910438331,10
1260400286,912545106,6
1260400286,912601268,13
1260400286,941132434,8
1260400286,942491983,7
1260422110,1002507159,15
1260422110,1002852791,15
1260422110,1004017998,13
1260422110,1034219901,5
1260422110,1035045015,13
1260422110,1065410141,7
1260422110,1125964814,6
1260422110,1126647624,11
1260422110,1127476096,11
1260422110,1167563121,7
1260422110,1167567702,14
1260422110,1167645442,5
1260422110,1167977970,6
1260422110,1167995070,17
1260422110,1168055653,9
1260422110,1168249921,8
1260422110,1168392003,19
1260422110,1168392468,12
1260422110,1168664495,13
1260422110,1168923315,32
1260422110,1198257581,3
1260422110,1198326456,10
1260422110,1198671494,6
1260422110,1198680122,4
1260422110,1198680426,13
1260422110,1198680441,11
1260422110,1198943369,14
1260422110,1199017128,27
1260422110,1199289203,41
1260422110,1199427845,6
1260422110,1199431561,17
1260422110,1199432267,41
1260422110,1199625952,12
1260422110,1229369776,33
1260422110,1229710803,25
1260422110,1230121634,56
1260422110,1230125720,15
1260422110,1230319275,38
1260422110,1230324385,6
1260422110,1260400286,41
1260422110,1260754053,24
1260422110,1261086755,6
1260422110,1261436508,4
1260422110,1261768832,5
1260422110,1292847181,8
1260422110,1447576662,17
1260422110,387364605,19
1260422110,416642425,13
1260422110,449438847,13
1260422110,478375456,12
1260422110,541118908,9
1260422110,541870397,12
1260422110,572870540,22
1260422110,5812979082,5
1260422110,5812979230,13
1260422110,5813012006,14
1260422110,5813014873,11
1260422110,5813020455,8
1260422110,5813022281,8
1260422110,5813027103,14
1260422110,5813038224,14
1260422110,5813040233,14
1260422110,5813045050,7
1260422110,5813047446,3
1260422110,5813047793,7
1260422110,5813049948,6
1260422110,5813053866,3
1260422110,5813053983,6
1260422110,5813053988,52
1260422110,5813061251,9
1260422110,5813077544,11
1260422110,5813077556,37
1260422110,5813080838,15
1260422110,632544268,8
1260422110,633546217,14
1260422110,634962055,9
1260422110,665314820,4
1260422110,694920753,9
1260422110,695629525,9
1260422110,695956656,10
1260422110,696362840,9
1260422110,697001770,11
1260422110,725951521,9
1260422110,758419409,11
1260422110,788794171,11
1260422110,789126240,13
1260422110,819828986,13
1260422110,910438331,12
1260422110,912545106,8
1260422110,912601268,16
1260422110,941132434,14
1260422110,942491983,7
1260754053,1002507159,19
1260754053,1002852791,13
1260754053,1004017998,13
1260754053,1034219901,15
1260754053,1035045015,14
1260754053,1065410141,11
1260754053,1125964814,13
1260754053,1126647624,4
1260754053,1127476096,6
1260754053,1167567702,3
1260754053,1167995070,9
1260754053,1168055653,38
1260754053,1168392003,35
1260754053,1168392468,17
1260754053,1168664495,8
1260754053,1168923315,6
1260754053,1199289203,40
1260754053,1199427845,24
1260754053,1199431561,32
1260754053,1199432267,38
1260754053,1199625952,32
1260754053,1229369776,13
1260754053,1229710803,7
1260754053,1230121634,31
1260754053,1230125720,31
1260754053,1230319275,17
1260754053,1230324385,35
1260754053,1260400286,27
1260754053,1260422110,11
1260754053,1261169514,3
1260754053,1447576662,19
1260754053,387364605,17
1260754053,416642425,12
1260754053,449438847,12
1260754053,478375456,11
1260754053,541118908,11
1260754053,541870397,10
1260754053,572870540,15
1260754053,5812979230,21
1260754053,5813012006,14
1260754053,5813014873,23
1260754053,5813020455,26
1260754053,5813022281,11
1260754053,5813027103,14
1260754053,5813038224,41
1260754053,5813040233,15
1260754053,5813045050,39
1260754053,5813053983,27
1260754053,5813053988,18
1260754053,5813061251,7
1260754053,5813077544,13
1260754053,5813077556,8
1260754053,5813080838,19
1260754053,632544268,12
1260754053,633546217,10
1260754053,634962055,12
1260754053,665314820,8
1260754053,694920753,15
1260754053,695629525,10
1260754053,695956656,7
1260754053,696362840,9
1260754053,697001770,8
1260754053,725951521,12
1260754053,758419409,13
1260754053,788794171,9
1260754053,789126240,10
1260754053,819828986,6
1260754053,910438331,4
1260754053,912601268,12
1260754053,941132434,10
1260754053,942491983,12
1260828727,1002507159,11
1260828727,1002852791,20
1260828727,1034219901,9
1260828727,1035045015,15
1260828727,1065410141,6
1260828727,1125964814,15
1260828727,1126647624,13
1260828727,1127476096,7
1260828727,1167995070,15
1260828727,1168055653,4
1260828727,1168392468,5
1260828727,1168664447,3
1260828727,1168664495,13
1260828727,1199086313,32
1260828727,1199427845,4
1260828727,1219069439,3
1260828727,1229288307,31
1260828727,1261169514,19
1260828727,1291435776,29
1260828727,1322470509,39
1260828727,1322470594,30
1260828727,1322474586,37
1260828727,1322811128,4
1260828727,1322811232,4
1260828727,1322811240,17
1260828727,1352823209,4
1260828727,1447576662,18
1260828727,387364605,6
1260828727,416642425,16
1260828727,449438847,9
1260828727,478375456,19
1260828727,541118908,17
1260828727,541870397,12
1260828727,572870540,20
1260828727,5812979230,5
1260828727,5812979459,15
1260828727,5813012006,16
1260828727,5813014873,4
1260828727,5813020455,6
1260828727,5813020568,11
1260828727,5813020585,40
1260828727,5813022281,10
1260828727,5813027103,12
1260828727,5813040233,8
1260828727,5813061251,9
1260828727,5813077544,16
1260828727,5813080838,23
1260828727,632544268,12
1260828727,633546217,7
1260828727,634962055,11
1260828727,665314820,16
1260828727,694920753,20
1260828727,695629525,11
1260828727,695956656,18
1260828727,696362840,22
1260828727,697001770,10
1260828727,725951521,16
1260828727,758419409,23
1260828727,788794171,9
1260828727,789126240,8
1260828727,819828986,12
1260828727,910438331,11
1260828727,912545106,14
1260828727,912601268,11
1260828727,941132434,7
1260828727,942491983,12
1261000309,1002507159,9
1261000309,1002852791,13
1261000309,1004017998,4
1261000309,1034219901,6
1261000309,1035045015,14
1261000309,1062526223,3
1261000309,1065410141,12
1261000309,1125964814,7
1261000309,1126647624,13
1261000309,1127476096,16
1261000309,1167295853,60
1261000309,1167295856,58
1261000309,1167295872,63
1261000309,1167295916,55
1261000309,1167300055,54
1261000309,1167300154,46
1261000309,1167300194,56
1261000309,1167304403,45
1261000309,1167632513,40
1261000309,1167645523,38
1261000309,1167891559,69
1261000309,1167982211,48
1261000309,1167995070,10
1261000309,1168664495,20
1261000309,1198006801,50
1261000309,1198693217,75
1261000309,1198931241,83
1261000309,1199699496,3
1261000309,1229965474,67
1261000309,1230026228,41
1261000309,1230026402,50
1261000309,1261056809,46
1261000309,1292846965,54
1261000309,1324145475,55
1261000309,1353544607,5
1261000309,1416900410,69
1261000309,1447576662,13
1261000309,1513674176,61
1261000309,1600083889,3
1261000309,1601771527,5
1261000309,387364605,9
1261000309,416642425,7
1261000309,449438847,12
1261000309,478375456,8
1261000309,541118908,7
1261000309,541870397,6
1261000309,572870540,12
1261000309,5812979222,44
1261000309,5813012006,7
1261000309,5813014873,12
1261000309,5813022281,7
1261000309,5813040233,8
1261000309,5813047157,3
1261000309,5813047647,3
1261000309,5813061251,10
1261000309,5813070465,3
1261000309,5813077544,19
1261000309,5813080838,4
1261000309,632544268,8
1261000309,633546217,9
1261000309,634962055,7
1261000309,663562172,3
1261000309,665314820,15
1261000309,693755250,4
1261000309,694920753,8
1261000309,695629525,9
1261000309,695956656,7
1261000309,696362840,6
1261000309,697001770,15
1261000309,724280817,6
1261000309,725951521,6
1261000309,758419409,10
1261000309,788794171,7
1261000309,789126240,4
1261000309,819828986,7
1261000309,849421763,5
1261000309,910438331,6
1261000309,912545106,6
1261000309,912601268,7
1261000309,941132434,5
1261000309,942491983,10
1261000309,973566036,7
1261056809,1002507159,16
1261056809,1002852791,13
1261056809,1004017998,5
1261056809,1034219901,6
1261056809,1035045015,9
1261056809,1065410141,6
1261056809,1125964814,11
1261056809,1126647624,6
1261056809,1127476096,12
1261056809,1136861363,5
1261056809,1167295853,59
1261056809,1167295856,39
1261056809,1167295872,61
1261056809,1167295916,49
1261056809,1167300055,54
1261056809,1167300154,52
1261056809,1167300194,51
1261056809,1167304403,52
1261056809,1167632513,74
1261056809,1167645523,56
1261056809,1167645658,5
1261056809,1167891559,65
1261056809,1167895489,7
1261056809,1167982211,50
1261056809,1167995070,6
1261056809,1168664495,14
1261056809,1198006801,58
1261056809,1198413357,4
1261056809,1198667367,3
1261056809,1198671672,4
1261056809,1198680249,3
1261056809,1198693217,51
1261056809,1198931241,50
1261056809,1199699496,3
1261056809,1199712272,4
1261056809,1229965474,60
1261056809,1230026228,54
1261056809,1230026402,48
1261056809,1230480261,4
1261056809,1261000309,54
1261056809,1292846965,46
1261056809,1324145475,40
1261056809,1353544607,3
1261056809,1416900410,61
1261056809,1447576662,10
1261056809,1513674176,52
1261056809,387364605,12
1261056809,416642425,10
1261056809,449438847,11
1261056809,478375456,6
1261056809,541118908,5
1261056809,541870397,4
1261056809,572870540,17
1261056809,5812979222,56
1261056809,5813012006,9
1261056809,5813014873,14
1261056809,5813022281,6
1261056809,5813027103,6
1261056809,5813040233,4
1261056809,5813047647,5
1261056809,5813061251,7
1261056809,5813077544,15
1261056809,5813080838,10
1261056809,632544268,10
1261056809,633546217,6
1261056809,634962055,11
1261056809,665314820,13
1261056809,693755250,4
1261056809,694920753,7
1261056809,695629525,9
1261056809,695956656,11
1261056809,696362840,8
1261056809,697001770,7
1261056809,725951521,4
1261056809,758419409,7
1261056809,788794171,5
1261056809,789126240,5
1261056809,819828986,14
1261056809,849421763,4
1261056809,910438331,6
1261056809,912545106,9
1261056809,912601268,7
1261056809,941132434,9
1261056809,942491983,8
1261082560,1002507159,5
1261082560,1002852791,5
1261082560,1034219901,5
1261082560,1035045015,4
1261082560,1065410141,7
1261082560,1127476096,5
1261082560,1167995070,5
1261082560,1168664495,5
1261082560,1199017128,3
1261082560,1229369776,3
1261082560,1261086734,28
1261082560,1261086755,42
1261082560,1261086756,20
1261082560,1261086823,40
1261082560,1261086863,41
1261082560,1261091124,23
1261082560,1261091157,34
1261082560,1261091174,31
1261082560,1261419142,34
1261082560,1261423370,33
1261082560,1261423444,38
1261082560,1261423454,30
1261082560,1261423480,34
1261082560,1261423507,15
1261082560,1261423534,3
1261082560,1261427765,31
1261082560,1261427857,13
1261082560,1261427892,10
1261082560,1261427999,8
1261082560,1261432052,14
1261082560,1261436305,39
1261082560,1261436508,22
1261082560,1261756007,20
1261082560,1261760187,33
1261082560,1261773304,15
1261082560,1292113218,26
1261082560,1292121433,8
1261082560,1447576662,5
1261082560,387364605,3
1261082560,478375456,4
1261082560,541118908,7
1261082560,541870397,8
1261082560,572870540,9
1261082560,5812983887,21
1261082560,5813012006,5
1261082560,5813014873,3
1261082560,5813020587,20
1261082560,5813022281,7
1261082560,5813027103,4
1261082560,5813040233,6
1261082560,5813061251,3
1261082560,5813077544,3
1261082560,5813080272,6
1261082560,5813080838,4
1261082560,632544268,10
1261082560,633546217,4
1261082560,634962055,3
1261082560,695629525,3
1261082560,695956656,3
1261082560,696362840,3
1261082560,697001770,9
1261082560,725951521,3
1261082560,788794171,4
1261082560,789126240,5
1261082560,819828986,3
1261082560,910438331,3
1261082560,912545106,6
1261082560,912601268,4
1261082560,942491983,5
1261086734,1002507159,5
1261086734,1002852791,4
1261086734,1004017998,3
1261086734,1034219901,5
1261086734,1035045015,5
1261086734,1125964814,5
1261086734,1126647624,3
1261086734,1127476096,6
1261086734,1168664495,9
1261086734,1198257581,3
1261086734,1230738163,5
1261086734,1261082560,24
1261086734,1261086755,23
1261086734,1261086756,49
1261086734,1261086823,14
1261086734,1261086863,25
1261086734,1261091124,55
1261086734,1261091157,16
1261086734,1261091174,30
1261086734,1261419142,10
1261086734,1261423370,40
1261086734,1261423444,27
1261086734,1261423454,3
1261086734,1261423480,15
1261086734,1261427765,12
1261086734,1261427857,65
1261086734,1261427892,3
1261086734,1261436305,19
1261086734,1261436508,59
1261086734,1261756007,59
1261086734,1261760187,7
1261086734,1261764651,3
1261086734,1261768913,4
1261086734,1261773304,3
1261086734,1291780675,3
1261086734,1292113218,35
1261086734,1292121433,4
1261086734,1292466818,4
1261086734,1292799346,5
1261086734,1292803650,11
1261086734,1292807819,3
1261086734,1292816565,10
1261086734,1447576662,8
1261086734,387364605,8
1261086734,416642425,4
1261086734,449438847,4
1261086734,478375456,6
1261086734,541118908,6
1261086734,541870397,3
1261086734,572870540,10
1261086734,5812983887,51
1261086734,5813012006,5
1261086734,5813014873,6
1261086734,5813020587,7
1261086734,5813022281,5
1261086734,5813027103,8
1261086734,5813040233,4
1261086734,5813053988,4
1261086734,5813061251,4
1261086734,5813077544,7
1261086734,5813080838,6
1261086734,632544268,4
1261086734,633546217,6
1261086734,634962055,5
1261086734,665314820,3
1261086734,694920753,3
1261086734,695629525,7
1261086734,695956656,7
1261086734,697001770,10
1261086734,725951521,6
1261086734,758419409,5
1261086734,788794171,7
1261086734,789126240,4
1261086734,819828986,4
1261086734,910438331,3
1261086734,912545106,3
1261086734,912601268,3
1261086734,941132434,5
1261086734,942491983,4
1261086755,1002507159,3
1261086755,1002852791,6
1261086755,1004017998,4
1261086755,1034219901,5
1261086755,1035045015,6
1261086755,1065410141,3
1261086755,1125964814,5
1261086755,1127476096,5
1261086755,1167995070,12
1261086755,1168664495,7
1261086755,1199017128,3
1261086755,1260422110,3
1261086755,1261082560,27
1261086755,1261086734,29
1261086755,1261086756,45
1261086755,1261086823,21
1261086755,1261086863,43
1261086755,1261091124,26
1261086755,1261091157,20
1261086755,1261091174,36
1261086755,1261419142,23
1261086755,1261423370,49
1261086755,1261423444,17
1261086755,1261423454,21
1261086755,1261423480,29
1261086755,1261423507,15
1261086755,1261427765,26
1261086755,1261427857,34
1261086755,1261427892,5
1261086755,1261427999,4
1261086755,1261432052,5
1261086755,1261436305,43
1261086755,1261436508,39
1261086755,1261756007,27
1261086755,1261760187,14
1261086755,1261773304,7
1261086755,1292113218,34
1261086755,1292121433,7
1261086755,1447576662,6
1261086755,387364605,8
1261086755,449438847,6
1261086755,478375456,6
1261086755,541118908,6
1261086755,541870397,8
1261086755,572870540,6
1261086755,5812983887,27
1261086755,5813014873,10
1261086755,5813020587,16
1261086755,5813022281,5
1261086755,5813027103,6
1261086755,5813040233,10
1261086755,5813077544,7
1261086755,5813080272,9
1261086755,5813080838,5
1261086755,632544268,7
1261086755,633546217,5
1261086755,634962055,4
1261086755,695629525,5
1261086755,696362840,3
1261086755,697001770,5
1261086755,725951521,4
1261086755,758419409,3
1261086755,788794171,4
1261086755,789126240,8
1261086755,819828986,6
1261086755,910438331,7
1261086755,941132434,3
1261086755,942491983,3
1261086756,1002507159,4
1261086756,1004017998,5
1261086756,1034219901,3
1261086756,1035045015,7
1261086756,1125964814,7
1261086756,1127476096,5
1261086756,1167563121,3
1261086756,1167995070,5
1261086756,1168249921,3
1261086756,1168664495,6
1261086756,1199017128,4
1261086756,1230738163,3
1261086756,1261082560,21
1261086756,1261086734,46
1261086756,1261086755,34
1261086756,1261086823,16
1261086756,1261086863,39
1261086756,1261091124,46
1261086756,1261091157,19
1261086756,1261091174,29
1261086756,1261419142,17
1261086756,1261423370,42
1261086756,1261423444,31
1261086756,1261423454,13
1261086756,1261423480,23
1261086756,1261423507,13
1261086756,1261427765,23
1261086756,1261427857,43
1261086756,1261427999,3
1261086756,1261432168,3
1261086756,1261436305,32
1261086756,1261436508,41
1261086756,1261756007,42
1261086756,1261760187,19
1261086756,1261768832,3
1261086756,1261773304,13
1261086756,1292113218,32
1261086756,1292121433,7
1261086756,1292466818,7
1261086756,1292803650,3
1261086756,1292816565,4
1261086756,1293135946,3
1261086756,1447576662,4
1261086756,387364605,8
1261086756,416642425,5
1261086756,449438847,3
1261086756,478375456,5
1261086756,541870397,5
1261086756,572870540,10
1261086756,5812983887,46
1261086756,5813012006,4
1261086756,5813014873,6
1261086756,5813020587,8
1261086756,5813022281,5
1261086756,5813027103,4
1261086756,5813040233,4
1261086756,5813061251,3
1261086756,5813077544,6
1261086756,632544268,6
1261086756,633546217,9
1261086756,634962055,6
1261086756,695629525,7
1261086756,695956656,4
1261086756,696362840,4
1261086756,697001770,7
1261086756,725951521,3
1261086756,758419409,4
1261086756,788794171,4
1261086756,819828986,6
1261086756,910438331,4
1261086756,912545106,7
1261086756,912601268,3
1261086756,941132434,5
1261086756,942491983,3
1261086823,1002507159,4
1261086823,1004017998,3
1261086823,1034219901,3
1261086823,1035045015,5
1261086823,1167995070,4
1261086823,1168664495,7
1261086823,1198943369,3
1261086823,1261082560,36
1261086823,1261086734,13
1261086823,1261086755,27
1261086823,1261086756,19
1261086823,1261086863,34
1261086823,1261091124,18
1261086823,1261091157,37
1261086823,1261091174,31
1261086823,1261419142,31
1261086823,1261423370,19
1261086823,1261423444,31
1261086823,1261423454,29
1261086823,1261423480,31
1261086823,1261423507,21
1261086823,1261423534,12
1261086823,1261427765,35
1261086823,1261427857,16
1261086823,1261427892,17
1261086823,1261427999,6
1261086823,1261432052,10
1261086823,1261432158,3
1261086823,1261432168,4
1261086823,1261436305,37
1261086823,1261436508,21
1261086823,1261756007,17
1261086823,1261760187,28
1261086823,1261773304,17
1261086823,1261773414,3
1261086823,1292113218,34
1261086823,1292121433,16
1261086823,1292458366,6
1261086823,1447576662,6
1261086823,387364605,5
1261086823,416642425,3
1261086823,449438847,6
1261086823,478375456,7
1261086823,541118908,7
1261086823,541870397,3
1261086823,572870540,9
1261086823,5812979686,3
1261086823,5812983887,29
1261086823,5813012006,9
1261086823,5813014873,5
1261086823,5813020587,22
1261086823,5813022281,3
1261086823,5813027103,6
1261086823,5813040233,6
1261086823,5813077544,6
1261086823,5813080272,17
1261086823,5813080838,8
1261086823,632544268,10
1261086823,633546217,4
1261086823,695629525,3
1261086823,696362840,3
1261086823,697001770,4
1261086823,725951521,5
1261086823,788794171,4
1261086823,789126240,3
1261086823,819828986,5
1261086823,910438331,3
1261086823,912545106,5
1261086823,912601268,5
1261086823,941132434,5
1261086863,1002507159,5
1261086863,1002852791,5
1261086863,1004017998,5
1261086863,1034219901,6
1261086863,1035045015,6
1261086863,1065410141,6
1261086863,1125964814,7
1261086863,1126647624,3
1261086863,1127476096,5
1261086863,1137219365,3
1261086863,1167995070,5
1261086863,1168664495,6
1261086863,1168923315,4
1261086863,1261082560,34
1261086863,1261086734,38
1261086863,1261086755,47
1261086863,1261086756,51
1261086863,1261086823,26
1261086863,1261091124,38
1261086863,1261091157,26
1261086863,1261091174,40
1261086863,1261419142,29
1261086863,1261423370,42
1261086863,1261423444,31
1261086863,1261423454,20
1261086863,1261423480,27
1261086863,1261423507,13
1261086863,1261423534,6
1261086863,1261427765,23
1261086863,1261427857,46
1261086863,1261427892,6
1261086863,1261432168,3
1261086863,1261436305,39
1261086863,1261436508,52
1261086863,1261756007,42
1261086863,1261760187,18
1261086863,1261773304,9
1261086863,1292113218,46
1261086863,1292121433,3
1261086863,1292803650,3
1261086863,1447576662,3
1261086863,387364605,7
1261086863,416642425,3
1261086863,449438847,3
1261086863,478375456,6
1261086863,541118908,7
1261086863,541870397,7
1261086863,572870540,10
1261086863,5812983887,57
1261086863,5813012006,3
1261086863,5813014873,7
1261086863,5813020587,7
1261086863,5813027103,7
1261086863,5813040233,8
1261086863,5813061251,5
1261086863,5813077544,6
1261086863,5813080272,3
1261086863,5813080838,7
1261086863,632544268,7
1261086863,633546217,12
1261086863,634962055,6
1261086863,694920753,5
1261086863,695629525,9
1261086863,695956656,7
1261086863,696362840,5
1261086863,697001770,6
1261086863,725951521,5
1261086863,758419409,3
1261086863,788794171,3
1261086863,789126240,8
1261086863,819828986,5
1261086863,912545106,10
1261086863,912601268,3
1261086863,941132434,10
1261086863,942491983,3
1261091124,1002507159,7
1261091124,1002852791,3
1261091124,1004017998,4
1261091124,1034219901,5
1261091124,1035045015,4
1261091124,1065410141,5
1261091124,1125964814,3
1261091124,1126647624,6
1261091124,1127476096,5
1261091124,1167995070,3
1261091124,1168664495,4
1261091124,1199017128,3
1261091124,1230121634,5
1261091124,1261082560,13
1261091124,1261086734,55
1261091124,1261086755,29
1261091124,1261086756,44
1261091124,1261086823,12
1261091124,1261086863,39
1261091124,1261091157,7
1261091124,1261091174,47
1261091124,1261419142,16
1261091124,1261423370,54
1261091124,1261423444,23
1261091124,1261423454,9
1261091124,1261423480,8
1261091124,1261423507,4
1261091124,1261427765,10
1261091124,1261427857,59
1261091124,1261427892,3
1261091124,1261432158,3
1261091124,1261436305,36
1261091124,1261436508,54
1261091124,1261756007,65
1261091124,1261760187,10
1261091124,1261768913,3
1261091124,1261773304,4
1261091124,1291780710,3
1261091124,1292113218,30
1261091124,1292445517,3
1261091124,1292803650,3
1261091124,1292816565,11
1261091124,1447576662,7
1261091124,387364605,5
1261091124,416642425,4
1261091124,449438847,7
1261091124,478375456,5
1261091124,541118908,10
1261091124,541870397,8
1261091124,572870540,8
1261091124,5812983887,53
1261091124,5813012006,5
1261091124,5813014873,5
1261091124,5813020587,3
1261091124,5813022281,4
1261091124,5813027103,4
1261091124,5813040233,12
1261091124,5813061251,5
1261091124,5813077556,3
1261091124,5813080838,14
1261091124,632544268,10
1261091124,633546217,7
1261091124,634962055,8
1261091124,665314820,3
1261091124,695629525,8
1261091124,695956656,6
1261091124,696362840,4
1261091124,697001770,6
1261091124,725951521,5
1261091124,758419409,4
1261091124,788794171,3
1261091124,789126240,8
1261091124,819828986,9
1261091124,910438331,6
1261091124,912601268,5
1261091124,941132434,4
1261091124,942491983,3
1261091157,1002507159,6
1261091157,1002852791,3
1261091157,1004017998,3
1261091157,1034219901,3
1261091157,1065410141,6
1261091157,1125964814,6
1261091157,1126647624,6
1261091157,1127476096,3
1261091157,1167995070,4
1261091157,1168664495,3
1261091157,1261082560,40
1261091157,1261086734,19
1261091157,1261086755,20
1261091157,1261086756,22
1261091157,1261086823,38
1261091157,1261086863,28
1261091157,1261091124,15
1261091157,1261091174,24
1261091157,1261419142,37
1261091157,1261423370,33
1261091157,1261423444,31
1261091157,1261423454,32
1261091157,1261423480,37
1261091157,1261423507,20
1261091157,1261423534,17
1261091157,1261427765,31
1261091157,1261427857,11
1261091157,1261427892,12
1261091157,1261427999,13
1261091157,1261432052,14
1261091157,1261432159,3
1261091157,1261432168,8
1261091157,1261436305,30
1261091157,1261436508,19
1261091157,1261756007,18
1261091157,1261760187,34
1261091157,1261773304,16
1261091157,1292113218,25
1261091157,1292121433,8
1261091157,1292445517,3
1261091157,1292458366,4
1261091157,1292466818,4
1261091157,1447576662,5
1261091157,387364605,7
1261091157,449438847,4
1261091157,478375456,3
1261091157,541118908,8
1261091157,541870397,4
1261091157,572870540,7
1261091157,5812983887,33
1261091157,5813014873,5
1261091157,5813020587,20
1261091157,5813027103,6
1261091157,5813040233,7
1261091157,5813061251,3
1261091157,5813077544,7
1261091157,5813080272,22
1261091157,5813080838,5
1261091157,632544268,10
1261091157,633546217,5
1261091157,634962055,4
1261091157,665314820,3
1261091157,694920753,6
1261091157,695629525,4
1261091157,695956656,4
1261091157,696362840,3
1261091157,697001770,7
1261091157,725951521,3
1261091157,788794171,5
1261091157,789126240,6
1261091157,819828986,7
1261091157,910438331,6
1261091157,912545106,4
1261091157,941132434,7
1261091157,942491983,4
1261091174,1002507159,5
1261091174,1002852791,3
1261091174,1004017998,6
1261091174,1034219901,6
1261091174,1035045015,8
1261091174,1065410141,4
1261091174,1125964814,5
1261091174,1167995070,6
1261091174,1168664495,8
1261091174,1168923315,3
1261091174,1199017128,3
1261091174,1230738163,4
1261091174,1260422110,3
1261091174,1261082560,29
1261091174,1261086734,36
1261091174,1261086755,40
1261091174,1261086756,42
1261091174,1261086823,27
1261091174,1261086863,33
1261091174,1261091124,42
1261091174,1261091157,29
1261091174,1261419142,19
1261091174,1261423370,53
1261091174,1261423444,26
1261091174,1261423454,33
1261091174,1261423480,22
1261091174,1261423507,7
1261091174,1261427765,20
1261091174,1261427857,45
1261091174,1261427892,3
1261091174,1261432052,4
1261091174,1261436305,37
1261091174,1261436508,48
1261091174,1261756007,46
1261091174,1261760187,12
1261091174,1261768859,3
1261091174,1261768913,3
1261091174,1261773304,6
1261091174,1292113218,38
1261091174,1292121433,5
1261091174,1447576662,5
1261091174,387364605,12
1261091174,449438847,7
1261091174,478375456,8
1261091174,541118908,6
1261091174,541870397,7
1261091174,572870540,9
1261091174,5812983887,30
1261091174,5813014873,8
1261091174,5813020587,15
1261091174,5813040233,7
1261091174,5813077544,9
1261091174,5813080272,7
1261091174,5813080838,10
1261091174,632544268,7
1261091174,633546217,4
1261091174,634962055,6
1261091174,665314820,3
1261091174,694920753,3
1261091174,695629525,7
1261091174,695956656,4
1261091174,696362840,5
1261091174,697001770,6
1261091174,725951521,4
1261091174,758419409,6
1261091174,789126240,6
1261091174,819828986,11
1261091174,910438331,6
1261091174,912545106,8
1261091174,912601268,5
1261091174,941132434,4
1261169514,1002507159,13
1261169514,1002852791,15
1261169514,1004017998,7
1261169514,1034219901,11
1261169514,1035045015,16
1261169514,1065410141,15
1261169514,1125964814,15
1261169514,1126647624,3
1261169514,1127476096,10
1261169514,1167995070,18
1261169514,1168392468,3
1261169514,1168664495,11
1261169514,1199086313,36
1261169514,1199427845,3
1261169514,1199432267,3
1261169514,1219069439,3
1261169514,1229288307,26
1261169514,1230324385,4
1261169514,1260327246,12
1261169514,1260400286,3
1261169514,1260828727,40
1261169514,1262105637,3
1261169514,1291435776,31
1261169514,1291780631,3
1261169514,1322129781,3
1261169514,1322470509,38
1261169514,1322470594,37
1261169514,1322474586,37
1261169514,1322811128,10
1261169514,1322811232,12
1261169514,1322811240,34
1261169514,1447576662,15
1261169514,387364605,12
1261169514,416642425,18
1261169514,449438847,6
1261169514,478375456,27
1261169514,541118908,14
1261169514,541870397,11
1261169514,572870540,17
1261169514,5812979459,24
1261169514,5813012006,12
1261169514,5813014873,13
1261169514,5813020455,5
1261169514,5813020568,29
1261169514,5813020585,33
1261169514,5813022281,15
1261169514,5813027103,19
1261169514,5813040233,12
1261169514,5813061251,20
1261169514,5813077544,16
1261169514,5813080838,18
1261169514,632544268,16
1261169514,633546217,6
1261169514,634962055,16
1261169514,665314820,17
1261169514,694920753,13
1261169514,695629525,20
1261169514,695956656,17
1261169514,696362840,17
1261169514,697001770,14
1261169514,725951521,14
1261169514,758419409,17
1261169514,788794171,11
1261169514,789126240,5
1261169514,819828986,11
1261169514,910438331,9
1261169514,912545106,11
1261169514,912601268,8
1261169514,941132434,9
1261169514,942491983,11
1261419142,1002507159,7
1261419142,1002852791,4
1261419142,1004017998,4
1261419142,1034219901,6
1261419142,1035045015,4
1261419142,1125964814,4
1261419142,1126647624,6
1261419142,1127476096,3
1261419142,1167995070,3
1261419142,1168664495,4
1261419142,1168923315,3
1261419142,1198943369,4
1261419142,1261082560,30
1261419142,1261086734,15
1261419142,1261086755,34
1261419142,1261086756,13
1261419142,1261086823,24
1261419142,1261086863,27
1261419142,1261091124,10
1261419142,1261091157,39
1261419142,1261091174,24
1261419142,1261423370,21
1261419142,1261423444,22
1261419142,1261423454,30
1261419142,1261423480,33
1261419142,1261423507,26
1261419142,1261423534,10
1261419142,1261427765,36
1261419142,1261427857,18
1261419142,1261427892,14
1261419142,1261427999,8
1261419142,1261432052,11
1261419142,1261432076,3
1261419142,1261432158,4
1261419142,1261432159,5
1261419142,1261432168,5
1261419142,1261436305,27
1261419142,1261436508,22
1261419142,1261756007,18
1261419142,1261760187,39
1261419142,1261773304,26
1261419142,1261773414,6
1261419142,1292113218,19
1261419142,1292121433,14
1261419142,1292458366,10
1261419142,1447576662,7
1261419142,387364605,7
1261419142,416642425,3
1261419142,449438847,6
1261419142,478375456,4
1261419142,541118908,7
1261419142,572870540,10
1261419142,5812979686,3
1261419142,5812983887,16
1261419142,5813020587,38
1261419142,5813022281,5
1261419142,5813027103,4
1261419142,5813040233,8
1261419142,5813077544,7
1261419142,5813080272,13
1261419142,5813080838,4
1261419142,632544268,12
1261419142,633546217,6
1261419142,634962055,4
1261419142,694920753,8
1261419142,695629525,6
1261419142,697001770,6
1261419142,725951521,4
1261419142,788794171,4
1261419142,789126240,5
1261419142,819828986,4
1261419142,910438331,3
1261419142,912545106,6
1261419142,912601268,5
1261419142,941132434,6
1261419142,942491983,3
1261423370,1002852791,5
1261423370,1004017998,10
1261423370,1034219901,6
1261423370,1035045015,9
1261423370,1065410141,5
1261423370,1125964814,8
1261423370,1126647624,4
1261423370,1127476096,4
1261423370,1167995070,3
1261423370,1168664495,5
1261423370,1199017128,7
1261423370,1229710803,3
1261423370,1261082560,18
1261423370,1261086734,41
1261423370,1261086755,40
1261423370,1261086756,40
1261423370,1261086823,24
1261423370,1261086863,38
1261423370,1261091124,41
1261423370,1261091157,17
1261423370,1261091174,38
1261423370,1261419142,20
1261423370,1261423444,31
1261423370,1261423454,20
1261423370,1261423480,17
1261423370,1261423507,10
1261423370,1261427765,20
1261423370,1261427857,50
1261423370,1261427892,5
1261423370,1261432052,4
1261423370,1261436305,31
1261423370,1261436508,38
1261423370,1261756007,51
1261423370,1261760187,11
1261423370,1261773304,5
1261423370,1292113218,40
1261423370,1292121433,3
1261423370,1292445517,3
1261423370,1292458366,4
1261423370,387364605,9
1261423370,449438847,6
1261423370,478375456,8
1261423370,541118908,8
1261423370,541870397,4
1261423370,572870540,11
1261423370,5812983887,52
1261423370,5813012006,5
1261423370,5813014873,7
1261423370,5813020587,9
1261423370,5813022281,5
1261423370,5813027103,8
1261423370,5813040233,7
1261423370,5813061251,5
1261423370,5813077544,3
1261423370,5813080272,5
1261423370,5813080838,11
1261423370,632544268,10
1261423370,633546217,7
1261423370,634962055,5
1261423370,665314820,3
1261423370,695629525,8
1261423370,695956656,8
1261423370,696362840,7
1261423370,697001770,5
1261423370,725951521,3
1261423370,758419409,4
1261423370,788794171,4
1261423370,789126240,11
1261423370,819828986,5
1261423370,910438331,4
1261423370,912545106,5
1261423370,912601268,6
1261423370,941132434,6
1261423444,1002507159,4
1261423444,1002852791,3
1261423444,1034219901,6
1261423444,1035045015,6
1261423444,1065410141,5
1261423444,1125964814,4
1261423444,1126647624,4
1261423444,1127476096,5
1261423444,1167567702,3
1261423444,1167995070,4
1261423444,1168664495,9
1261423444,1168923315,3
1261423444,1199017128,3
1261423444,1230121634,3
1261423444,1261082560,42
1261423444,1261086734,35
1261423444,1261086755,26
1261423444,1261086756,33
1261423444,1261086823,29
1261423444,1261086863,46
1261423444,1261091124,26
1261423444,1261091157,40
1261423444,1261091174,38
1261423444,1261419142,30
1261423444,1261423370,29
1261423444,1261423454,27
1261423444,1261423480,35
1261423444,1261423507,19
1261423444,1261423534,5
1261423444,1261427765,25
1261423444,1261427857,29
1261423444,1261427892,9
1261423444,1261427999,7
1261423444,1261432052,11
1261423444,1261432158,7
1261423444,1261436305,38
1261423444,1261436508,27
1261423444,1261756007,34
1261423444,1261760187,22
1261423444,1261773304,22
1261423444,1261773414,4
1261423444,1262105552,3
1261423444,1292113218,35
1261423444,1292121433,8
1261423444,1292466818,4
1261423444,1447576662,5
1261423444,387364605,8
1261423444,416642425,5
1261423444,449438847,4
1261423444,478375456,6
1261423444,541118908,9
1261423444,541870397,3
1261423444,572870540,9
1261423444,5812983887,39
1261423444,5813012006,3
1261423444,5813014873,7
1261423444,5813020587,15
1261423444,5813022281,3
1261423444,5813040233,5
1261423444,5813077544,6
1261423444,5813080272,12
1261423444,5813080838,9
1261423444,632544268,4
1261423444,633546217,6
1261423444,634962055,8
1261423444,665314820,4
1261423444,694920753,3
1261423444,695629525,7
1261423444,697001770,4
1261423444,725951521,4
1261423444,758419409,5
1261423444,788794171,5
1261423444,789126240,6
1261423444,819828986,11
1261423444,910438331,4
1261423444,912545106,5
1261423444,912601268,7
1261423444,941132434,6
1261423454,1002507159,4
1261423454,1004017998,5
1261423454,1034219901,9
1261423454,1035045015,4
1261423454,1125964814,6
1261423454,1126647624,6
1261423454,1127476096,5
1261423454,1167995070,5
1261423454,1168664495,3
1261423454,1261082560,34
1261423454,1261086734,9
1261423454,1261086755,30
1261423454,1261086756,18
1261423454,1261086823,46
1261423454,1261086863,29
1261423454,1261091124,13
1261423454,1261091157,27
1261423454,1261091174,26
1261423454,1261419142,30
1261423454,1261423370,17
1261423454,1261423444,35
1261423454,1261423480,36
1261423454,1261423507,41
1261423454,1261423534,17
1261423454,1261427765,34
1261423454,1261427857,14
1261423454,1261427892,25
1261423454,1261427999,10
1261423454,1261432052,23
1261423454,1261432158,8
1261423454,1261432159,3
1261423454,1261432168,4
1261423454,1261436305,33
1261423454,1261436508,18
1261423454,1261756007,10
1261423454,1261760187,33
1261423454,1261773304,26
1261423454,1292113218,19
1261423454,1292121433,21
1261423454,1292445517,3
1261423454,1292458366,12
1261423454,1292466818,6
1261423454,1447576662,5
1261423454,387364605,4
1261423454,416642425,3
1261423454,449438847,10
1261423454,478375456,8
1261423454,541118908,9
1261423454,541870397,5
1261423454,572870540,9
1261423454,5812983887,21
1261423454,5813012006,3
1261423454,5813014873,8
1261423454,5813020587,37
1261423454,5813027103,4
1261423454,5813040233,12
1261423454,5813061251,3
1261423454,5813077544,9
1261423454,5813080272,21
1261423454,5813080838,4
1261423454,632544268,5
1261423454,633546217,4
1261423454,634962055,5
1261423454,694920753,3
1261423454,695629525,7
1261423454,696362840,5
1261423454,697001770,5
1261423454,725951521,5
1261423454,788794171,6
1261423454,789126240,3
1261423454,912545106,8
1261423454,912601268,3
1261423454,941132434,4
1261423454,942491983,6
1261423480,1002507159,3
1261423480,1002852791,4
1261423480,1004017998,4
1261423480,1034219901,8
1261423480,1035045015,11
1261423480,1065410141,6
1261423480,1125964814,6
1261423480,1167995070,3
1261423480,1168664495,6
1261423480,1261082560,46
1261423480,1261086734,24
1261423480,1261086755,32
1261423480,1261086756,28
1261423480,1261086823,35
1261423480,1261086863,28
1261423480,1261091124,12
1261423480,1261091157,39
1261423480,1261091174,22
1261423480,1261419142,35
1261423480,1261423370,31
1261423480,1261423444,28
1261423480,1261423454,40
1261423480,1261423507,26
1261423480,1261423534,10
1261423480,1261427765,34
1261423480,1261427857,32
1261423480,1261427892,24
1261423480,1261427999,9
1261423480,1261432052,12
1261423480,1261432158,5
1261423480,1261432159,4
1261423480,1261436305,41
1261423480,1261436508,18
1261423480,1261756007,15
1261423480,1261760187,25
1261423480,1261773304,21
1261423480,1292113218,33
1261423480,1292121433,9
1261423480,1292458366,11
1261423480,1447576662,4
1261423480,416642425,3
1261423480,449438847,7
1261423480,541118908,6
1261423480,541870397,4
1261423480,572870540,6
1261423480,5812983887,27
1261423480,5813012006,6
1261423480,5813014873,4
1261423480,5813020587,18
1261423480,5813022281,6
1261423480,5813027103,3
1261423480,5813040233,6
1261423480,5813077544,3
1261423480,5813080272,17
1261423480,5813080838,5
1261423480,632544268,9
1261423480,633546217,3
1261423480,665314820,3
1261423480,693755250,3
1261423480,694920753,3
1261423480,695629525,3
1261423480,695956656,3
1261423480,697001770,4
1261423480,758419409,4
1261423480,788794171,4
1261423480,789126240,5
1261423480,819828986,5
1261423480,910438331,5
1261423480,912545106,4
1261423480,912601268,6
1261423480,942491983,3
1261423507,1002507159,4
1261423507,1002852791,5
1261423507,1004017998,5
1261423507,1034219901,4
1261423507,1035045015,7
1261423507,1065410141,5
1261423507,1125964814,6
1261423507,1126647624,3
1261423507,1127476096,3
1261423507,1168664495,3
1261423507,1261082560,28
1261423507,1261086734,4
1261423507,1261086755,30
1261423507,1261086756,9
1261423507,1261086823,32
1261423507,1261086863,13
1261423507,1261091124,4
1261423507,1261091157,29
1261423507,1261091174,27
1261423507,1261419142,29
1261423507,1261423370,12
1261423507,1261423444,26
1261423507,1261423454,48
1261423507,1261423480,32
1261423507,1261423534,30
1261423507,1261427765,37
1261423507,1261427857,4
1261423507,1261427885,5
1261423507,1261427892,24
1261423507,1261427999,13
1261423507,1261432052,26
1261423507,1261432158,7
1261423507,1261432159,4
1261423507,1261432168,8
1261423507,1261436305,26
1261423507,1261436508,9
1261423507,1261756007,7
1261423507,1261760187,39
1261423507,1261773304,29
1261423507,1261773414,5
1261423507,1292113218,23
1261423507,1292121433,17
1261423507,1292445517,7
1261423507,1292458366,12
1261423507,1292466818,10
1261423507,1447576662,4
1261423507,387364605,5
1261423507,449438847,7
1261423507,478375456,5
1261423507,541118908,9
1261423507,572870540,7
1261423507,5812979686,3
1261423507,5812983887,9
1261423507,5813014873,5
1261423507,5813020587,34
1261423507,5813022281,9
1261423507,5813027103,7
1261423507,5813040233,3
1261423507,5813080272,35
1261423507,5813080838,5
1261423507,632544268,5
1261423507,633546217,6
1261423507,634962055,5
1261423507,665314820,3
1261423507,695629525,7
1261423507,695956656,3
1261423507,696362840,4
1261423507,725951521,7
1261423507,788794171,7
1261423507,789126240,5
1261423507,819828986,4
1261423507,910438331,3
1261423507,912545106,5
1261423507,941132434,4
1261423534,1002852791,4
1261423534,1035045015,5
1261423534,1125964814,9
1261423534,1168664495,7
1261423534,1261082560,10
1261423534,1261086734,3
1261423534,1261086755,11
1261423534,1261086823,8
1261423534,1261086863,5
1261423534,1261091157,17
1261423534,1261419142,12
1261423534,1261423444,11
1261423534,1261423454,27
1261423534,1261423480,15
1261423534,1261423507,25
1261423534,1261427765,16
1261423534,1261427885,13
1261423534,1261427892,44
1261423534,1261427999,34
1261423534,1261432052,57
1261423534,1261432076,3
1261423534,1261432158,30
1261423534,1261432159,29
1261423534,1261432168,21
1261423534,1261436305,14
1261423534,1261436508,4
1261423534,1261760187,22
1261423534,1261768859,7
1261423534,1261773304,43
1261423534,1261773414,15
1261423534,1292121433,42
1261423534,1292445517,17
1261423534,1292458366,51
1261423534,1292466818,34
1261423534,1447576662,5
1261423534,387364605,6
1261423534,449438847,6
1261423534,478375456,9
1261423534,541118908,5
1261423534,541870397,5
1261423534,572870540,5
1261423534,5812979686,18
1261423534,5813014873,4
1261423534,5813020587,25
1261423534,5813022281,4
1261423534,5813040233,7
1261423534,5813061251,3
1261423534,5813077544,5
1261423534,5813080272,54
1261423534,5813080838,3
1261423534,632544268,7
1261423534,634962055,3
1261423534,695629525,7
1261423534,695956656,9
1261423534,696362840,6
1261423534,697001770,3
1261423534,725951521,6
1261423534,758419409,3
1261423534,788794171,6
1261423534,789126240,4
1261423534,912545106,5
1261423534,912601268,3
1261427765,1002507159,6
1261427765,1002852791,8
1261427765,1004017998,3
1261427765,1034219901,7
1261427765,1065410141,4
1261427765,1125964814,5
1261427765,1126647624,3
1261427765,1167563121,3
1261427765,1167567702,3
1261427765,1167995070,5
1261427765,1168664495,6
1261427765,1261082560,24
1261427765,1261086734,17
1261427765,1261086755,30
1261427765,1261086756,24
1261427765,1261086823,35
1261427765,1261086863,39
1261427765,1261091124,24
1261427765,1261091157,44
1261427765,1261091174,26
1261427765,1261419142,33
1261427765,1261423370,23
1261427765,1261423444,19
1261427765,1261423454,38
1261427765,1261423480,38
1261427765,1261423507,19
1261427765,1261423534,8
1261427765,1261427857,16
1261427765,1261427892,19
1261427765,1261427999,6
1261427765,1261432052,20
1261427765,1261432076,4
1261427765,1261432158,3
1261427765,1261432159,3
1261427765,1261432168,5
1261427765,1261436305,36
1261427765,1261436508,27
1261427765,1261756007,15
1261427765,1261760187,32
1261427765,1261773304,21
1261427765,1292113218,22
1261427765,1292121433,15
1261427765,1292458366,11
1261427765,1292466818,6
1261427765,1447576662,3
1261427765,387364605,3
1261427765,449438847,5
1261427765,478375456,7
1261427765,541118908,8
1261427765,541870397,5
1261427765,572870540,9
1261427765,5812983887,18
1261427765,5813012006,3
1261427765,5813020587,25
1261427765,5813022281,3
1261427765,5813027103,4
1261427765,5813040233,9
1261427765,5813061251,3
1261427765,5813077544,9
1261427765,5813080272,12
1261427765,5813080838,4
1261427765,632544268,4
1261427765,633546217,4
1261427765,634962055,9
1261427765,665314820,5
1261427765,694920753,7
1261427765,695629525,6
1261427765,695956656,4
1261427765,697001770,8
1261427765,725951521,6
1261427765,758419409,6
1261427765,789126240,3
1261427765,819828986,4
1261427765,910438331,7
1261427765,912545106,5
1261427765,912601268,3
1261427765,941132434,5
1261427857,1002852791,5
1261427857,1004017998,5
1261427857,1034219901,5
1261427857,1035045015,11
1261427857,1065410141,4
1261427857,1125964814,7
1261427857,1126647624,4
1261427857,1127476096,4
1261427857,1167567702,3
1261427857,1167995070,5
1261427857,1168664495,8
1261427857,1168923315,4
1261427857,1198943369,3
1261427857,1199017128,5
1261427857,1230738163,3
1261427857,1261082560,12
1261427857,1261086734,60
1261427857,1261086755,36
1261427857,1261086756,43
1261427857,1261086823,18
1261427857,1261086863,35
1261427857,1261091124,57
1261427857,1261091157,7
1261427857,1261091174,40
1261427857,1261419142,19
1261427857,1261423370,43
1261427857,1261423444,21
1261427857,1261423454,10
1261427857,1261423480,13
1261427857,1261423507,5
1261427857,1261423534,3
1261427857,1261427765,10
1261427857,1261432052,3
1261427857,1261436305,17
1261427857,1261436508,61
1261427857,1261756007,60
1261427857,1261760187,9
1261427857,1261760414,3
1261427857,1261768644,4
1261427857,1261773304,4
1261427857,1261773414,4
1261427857,1262105630,3
1261427857,1262105637,3
1261427857,1291780710,3
1261427857,1292113218,22
1261427857,1292799162,3
1261427857,1292799346,4
1261427857,1292803650,9
1261427857,1292816565,10
1261427857,1447576662,8
1261427857,387364605,4
1261427857,449438847,10
1261427857,478375456,9
1261427857,541118908,5
1261427857,541870397,4
1261427857,572870540,11
1261427857,5812983887,67
1261427857,5813014873,9
1261427857,5813020587,5
1261427857,5813022281,3
1261427857,5813027103,8
1261427857,5813040233,5
1261427857,5813061251,4
1261427857,5813077544,5
1261427857,5813080272,3
1261427857,5813080838,4
1261427857,632544268,7
1261427857,633546217,3
1261427857,634962055,6
1261427857,665314820,5
1261427857,694920753,3
1261427857,695629525,5
1261427857,696362840,5
1261427857,697001770,8
1261427857,725951521,5
1261427857,758419409,5
1261427857,788794171,3
1261427857,789126240,5
1261427857,819828986,5
1261427857,910438331,4
1261427857,912545106,6
1261427857,912601268,5
1261427857,941132434,7
1261427885,1002507159,5
1261427885,1002852791,9
1261427885,1035045015,7
1261427885,1065410141,3
1261427885,1127476096,6
1261427885,1261419142,3
1261427885,1261423454,4
1261427885,1261423534,17
1261427885,1261427892,3
1261427885,1261427999,13
1261427885,1261432052,8
1261427885,1261432076,66
1261427885,1261432158,45
1261427885,1261432159,50
1261427885,1261432168,30
1261427885,1261760187,5
1261427885,1261768859,60
1261427885,1261768880,53
1261427885,1261773304,4
1261427885,1261773414,55
1261427885,1291366237,16
1261427885,1292121433,13
1261427885,1292445517,35
1261427885,1292458303,60
1261427885,1292458366,16
1261427885,1292466818,26
1261427885,1322811160,9
1261427885,1447576662,4
1261427885,387364605,5
1261427885,449438847,4
1261427885,478375456,8
1261427885,541118908,8
1261427885,541870397,4
1261427885,572870540,9
1261427885,5812979686,59
1261427885,5813012006,5
1261427885,5813014873,3
1261427885,5813020587,3
1261427885,5813022281,4
1261427885,5813040233,7
1261427885,5813061251,4
1261427885,5813077544,3
1261427885,5813080272,9
1261427885,5813080838,5
1261427885,632544268,6
1261427885,634962055,8
1261427885,695629525,3
1261427885,697001770,3
1261427885,725951521,3
1261427885,758419409,3
1261427885,788794171,8
1261427885,912545106,4
1261427885,941132434,3
1261427892,1002507159,4
1261427892,1004017998,4
1261427892,1035045015,6
1261427892,1065410141,3
1261427892,1125964814,7
1261427892,1126647624,5
1261427892,1167995070,4
1261427892,1261082560,20
1261427892,1261086734,3
1261427892,1261086755,5
1261427892,1261086756,8
1261427892,1261086823,22
1261427892,1261086863,14
1261427892,1261091157,18
1261427892,1261091174,6
1261427892,1261419142,20
1261427892,1261423370,4
1261427892,1261423444,11
1261427892,1261423454,31
1261427892,1261423480,19
1261427892,1261423507,25
1261427892,1261423534,35
1261427892,1261427765,17
1261427892,1261427857,6
1261427892,1261427999,31
1261427892,1261432052,42
1261427892,1261432158,9
1261427892,1261432159,10
1261427892,1261432168,20
1261427892,1261436305,16
1261427892,1261760187,24
1261427892,1261768859,5
1261427892,1261773304,41
1261427892,1261773414,8
1261427892,1292113218,12
1261427892,1292121433,48
1261427892,1292445517,6
1261427892,1292458366,26
1261427892,1292466818,16
1261427892,1447576662,3
1261427892,449438847,4
1261427892,541118908,8
1261427892,572870540,7
1261427892,5812979686,6
1261427892,5812983887,5
1261427892,5813014873,3
1261427892,5813020587,34
1261427892,5813022281,3
1261427892,5813040233,3
1261427892,5813080272,47
1261427892,5813080838,5
1261427892,632544268,6
1261427892,634962055,3
1261427892,694920753,3
1261427892,695629525,6
1261427892,697001770,7
1261427892,725951521,3
1261427892,912545106,5
1261427999,1002507159,5
1261427999,1002852791,3
1261427999,1034219901,6
1261427999,1035045015,10
1261427999,1125964814,4
1261427999,1167995070,4
1261427999,1168664495,3
1261427999,1261082560,14
1261427999,1261086755,4
1261427999,1261086756,8
1261427999,1261086823,6
1261427999,1261086863,6
1261427999,1261091157,15
1261427999,1261091174,4
1261427999,1261419142,6
1261427999,1261423444,8
1261427999,1261423454,26
1261427999,1261423480,15
1261427999,1261423507,23
1261427999,1261423534,45
1261427999,1261427765,15
1261427999,1261427885,11
1261427999,1261427892,33
1261427999,1261432052,32
1261427999,1261432076,5
1261427999,1261432158,9
1261427999,1261432159,24
1261427999,1261432168,32
1261427999,1261436305,6
1261427999,1261760187,18
1261427999,1261768880,3
1261427999,1261773304,29
1261427999,1261773414,20
1261427999,1292121433,56
1261427999,1292445517,19
1261427999,1292458303,6
1261427999,1292458366,45
1261427999,1292466818,32
1261427999,1447576662,3
1261427999,387364605,3
1261427999,449438847,4
1261427999,541118908,5
1261427999,541870397,5
1261427999,572870540,6
1261427999,5812979686,16
1261427999,5813012006,3
1261427999,5813014873,4
1261427999,5813020587,23
1261427999,5813022281,3
1261427999,5813027103,6
1261427999,5813040233,4
1261427999,5813077544,5
1261427999,5813080272,46
1261427999,5813080838,5
1261427999,632544268,3
1261427999,633546217,5
1261427999,634962055,3
1261427999,694920753,3
1261427999,695629525,4
1261427999,695956656,3
1261427999,697001770,3
1261427999,725951521,3
1261427999,788794171,7
1261427999,819828986,6
1261427999,910438331,7
1261427999,912545106,4
1261427999,941132434,4
1261432052,1002852791,6
1261432052,1034219901,6
1261432052,1035045015,9
1261432052,1125964814,7
1261432052,1126647624,5
1261432052,1127476096,3
1261432052,1167995070,3
1261432052,1168664495,4
1261432052,1261082560,9
1261432052,1261086734,4
1261432052,1261086755,15
1261432052,1261086756,5
1261432052,1261086823,19
1261432052,1261091124,3
1261432052,1261091157,16
1261432052,1261419142,18
1261432052,1261423370,3
1261432052,1261423444,12
1261432052,1261423454,24
1261432052,1261423480,16
1261432052,1261423507,35
1261432052,1261423534,40
1261432052,1261427765,24
1261432052,1261427857,4
1261432052,1261427885,5
1261432052,1261427892,31
1261432052,1261427999,36
1261432052,1261432076,4
1261432052,1261432158,11
1261432052,1261432159,11
1261432052,1261432168,28
1261432052,1261436305,12
1261432052,1261436508,5
1261432052,1261756007,4
1261432052,1261760187,19
1261432052,1261768859,3
1261432052,1261773304,39
1261432052,1261773414,20
1261432052,1292113218,4
1261432052,1292121433,36
1261432052,1292445517,7
1261432052,1292458366,30
1261432052,1292466818,26
1261432052,1447576662,4
1261432052,387364605,5
1261432052,449438847,3
1261432052,478375456,4
1261432052,541118908,7
1261432052,541870397,3
1261432052,572870540,8
1261432052,5812979686,7
1261432052,5812983887,3
1261432052,5813012006,3
1261432052,5813020587,34
1261432052,5813022281,6
1261432052,5813027103,7
1261432052,5813040233,7
1261432052,5813077544,6
1261432052,5813080272,66
1261432052,5813080838,4
1261432052,632544268,8
1261432052,633546217,5
1261432052,634962055,7
1261432052,695629525,5
1261432052,695956656,4
1261432052,725951521,3
1261432052,788794171,6
1261432052,789126240,3
1261432052,910438331,5
1261432052,912545106,4
1261432052,912601268,4
1261432052,941132434,3
1261432076,1002507159,3
1261432076,1004017998,3
1261432076,1034219901,5
1261432076,1035045015,5
1261432076,1125964814,5
1261432076,1127476096,5
1261432076,1167995070,3
1261432076,1168664495,4
1261432076,1261419142,3
1261432076,1261423454,5
1261432076,1261423507,3
1261432076,1261423534,12
1261432076,1261427857,3
1261432076,1261427885,56
1261432076,1261427999,10
1261432076,1261432052,6
1261432076,1261432158,26
1261432076,1261432159,50
1261432076,1261432168,26
1261432076,1261768859,59
1261432076,1261768880,81
1261432076,1261773304,3
1261432076,1261773414,28
1261432076,1291366237,26
1261432076,1292121433,6
1261432076,1292445517,40
1261432076,1292458303,74
1261432076,1292458366,14
1261432076,1292466818,24
1261432076,1322811160,12
1261432076,1447576662,8
1261432076,387364605,5
1261432076,449438847,4
1261432076,478375456,8
1261432076,541118908,3
1261432076,572870540,10
1261432076,5812979686,62
1261432076,5813012006,4
1261432076,5813014873,5
1261432076,5813020587,3
1261432076,5813027103,4
1261432076,5813077544,3
1261432076,5813080272,6
1261432076,5813080838,9
1261432076,632544268,5
1261432076,633546217,4
1261432076,634962055,3
1261432076,695629525,6
1261432076,697001770,6
1261432076,725951521,3
1261432076,758419409,4
1261432076,788794171,6
1261432076,789126240,3
1261432076,912545106,6
1261432076,912601268,3
1261432076,941132434,4
1261432076,942491983,4
1261432158,1002507159,4
1261432158,1004017998,3
1261432158,1035045015,6
1261432158,1125964814,3
1261432158,1127476096,3
1261432158,1168664495,3
1261432158,1261082560,5
1261432158,1261086823,6
1261432158,1261091124,4
1261432158,1261091157,5
1261432158,1261419142,7
1261432158,1261423444,5
1261432158,1261423454,11
1261432158,1261423480,6
1261432158,1261423507,15
1261432158,1261423534,38
1261432158,1261427765,5
1261432158,1261427885,35
1261432158,1261427892,13
1261432158,1261427999,23
1261432158,1261432052,28
1261432158,1261432076,27
1261432158,1261432159,47
1261432158,1261432168,51
1261432158,1261760187,10
1261432158,1261768859,22
1261432158,1261768880,23
1261432158,1261773304,15
1261432158,1261773414,39
1261432158,1291366237,7
1261432158,1292121433,22
1261432158,1292445517,38
1261432158,1292458303,20
1261432158,1292458366,44
1261432158,1292466818,46
1261432158,1447576662,4
1261432158,387364605,9
1261432158,416642425,5
1261432158,449438847,5
1261432158,478375456,4
1261432158,541118908,6
1261432158,572870540,4
1261432158,5812979686,47
1261432158,5813012006,3
1261432158,5813014873,4
1261432158,5813020587,13
1261432158,5813027103,6
1261432158,5813040233,6
1261432158,5813077544,7
1261432158,5813080272,31
1261432158,5813080838,8
1261432158,632544268,8
1261432158,634962055,5
1261432158,665314820,3
1261432158,695956656,3
1261432158,697001770,6
1261432158,725951521,4
1261432158,758419409,3
1261432158,819828986,8
1261432158,910438331,3
1261432158,912545106,4
1261432158,912601268,3
1261432158,941132434,5
1261432159,1002507159,6
1261432159,1002852791,3
1261432159,1034219901,4
1261432159,1035045015,5
1261432159,1125964814,6
1261432159,1127476096,3
1261432159,1167995070,4
1261432159,1168664495,6
1261432159,1261091157,6
1261432159,1261091174,3
1261432159,1261419142,5
1261432159,1261423444,4
1261432159,1261423454,6
1261432159,1261423480,6
1261432159,1261423507,10
1261432159,1261423534,28
1261432159,1261427765,10
1261432159,1261427885,46
1261432159,1261427892,14
1261432159,1261427999,31
1261432159,1261432052,16
1261432159,1261432076,48
1261432159,1261432158,40
1261432159,1261432168,33
1261432159,1261760187,5
1261432159,1261768859,31
1261432159,1261768880,27
1261432159,1261773304,16
1261432159,1261773414,45
1261432159,1291366237,4
1261432159,1292121433,17
1261432159,1292445517,45
1261432159,1292458303,23
1261432159,1292458366,40
1261432159,1292466818,47
1261432159,1447576662,5
1261432159,387364605,8
1261432159,449438847,4
1261432159,478375456,7
1261432159,541118908,4
1261432159,572870540,8
1261432159,5812979686,52
1261432159,5813012006,5
1261432159,5813014873,3
1261432159,5813020587,9
1261432159,5813022281,3
1261432159,5813027103,4
1261432159,5813040233,4
1261432159,5813077544,10
1261432159,5813080272,15
1261432159,5813080838,6
1261432159,632544268,3
1261432159,634962055,4
1261432159,695629525,3
1261432159,695956656,4
1261432159,696362840,6
1261432159,725951521,4
1261432159,758419409,4
1261432159,788794171,4
1261432159,819828986,3
1261432159,910438331,3
1261432159,912545106,3
1261432159,941132434,3
1261432159,942491983,8
1261432168,1002507159,4
1261432168,1002852791,4
1261432168,1004017998,4
1261432168,1034219901,7
1261432168,1035045015,3
1261432168,1125964814,4
1261432168,1127476096,4
1261432168,1167995070,3
1261432168,1168664495,7
1261432168,1261086755,5
1261432168,1261086823,3
1261432168,1261091157,4
1261432168,1261419142,5
1261432168,1261423454,12
1261432168,1261423480,5
1261432168,1261423507,13
1261432168,1261423534,33
1261432168,1261427765,9
1261432168,1261427885,25
1261432168,1261427892,30
1261432168,1261427999,39
1261432168,1261432052,38
1261432168,1261432076,20
1261432168,1261432158,48
1261432168,1261432159,41
1261432168,1261436305,5
1261432168,1261760187,4
1261432168,1261768859,12
1261432168,1261768880,21
1261432168,1261773304,22
1261432168,1261773414,36
1261432168,1292121433,35
1261432168,1292445517,31
1261432168,1292458303,7
1261432168,1292458366,58
1261432168,1292466818,53
1261432168,1447576662,6
1261432168,387364605,3
1261432168,416642425,3
1261432168,449438847,5
1261432168,478375456,4
1261432168,541118908,7
1261432168,541870397,4
1261432168,572870540,8
1261432168,5812979686,40
1261432168,5812983887,4
1261432168,5813014873,3
1261432168,5813020587,16
1261432168,5813027103,8
1261432168,5813040233,3
1261432168,5813061251,5
1261432168,5813077544,8
1261432168,5813080272,36
1261432168,5813080838,6
1261432168,632544268,4
1261432168,634962055,4
1261432168,695629525,8
1261432168,695956656,5
1261432168,696362840,4
1261432168,725951521,5
1261432168,788794171,4
1261432168,789126240,3
1261432168,912545106,10
1261432168,942491983,4
1261436305,1002507159,6
1261436305,1002852791,6
1261436305,1004017998,3
1261436305,1034219901,6
1261436305,1035045015,3
1261436305,1065410141,4
1261436305,1125964814,4
1261436305,1126647624,5
1261436305,1127476096,6
1261436305,1167995070,7
1261436305,1198943369,3
1261436305,1261082560,41
1261436305,1261086734,25
1261436305,1261086755,51
1261436305,1261086756,41
1261436305,1261086823,35
1261436305,1261086863,50
1261436305,1261091124,39
1261436305,1261091157,33
1261436305,1261091174,52
1261436305,1261419142,28
1261436305,1261423370,44
1261436305,1261423444,40
1261436305,1261423454,30
1261436305,1261423480,33
1261436305,1261423507,24
1261436305,1261423534,7
1261436305,1261427765,26
1261436305,1261427857,28
1261436305,1261427892,13
1261436305,1261427999,4
1261436305,1261432052,9
1261436305,1261432158,4
1261436305,1261436508,31
1261436305,1261756007,17
1261436305,1261760187,23
1261436305,1261773304,18
1261436305,1292113218,41
1261436305,1292121433,11
1261436305,1292458366,3
1261436305,1447576662,3
1261436305,387364605,8
1261436305,416642425,4
1261436305,449438847,9
1261436305,478375456,7
1261436305,541118908,4
1261436305,541870397,8
1261436305,572870540,7
1261436305,5812983887,34
1261436305,5813012006,5
1261436305,5813014873,4
1261436305,5813020587,23
1261436305,5813022281,8
1261436305,5813027103,7
1261436305,5813040233,4
1261436305,5813077544,8
1261436305,5813080272,7
1261436305,5813080838,8
1261436305,632544268,7
1261436305,633546217,5
1261436305,634962055,6
1261436305,694920753,5
1261436305,695629525,7
1261436305,695956656,5
1261436305,697001770,5
1261436305,725951521,4
1261436305,758419409,5
1261436305,788794171,5
1261436305,789126240,3
1261436305,819828986,3
1261436305,910438331,7
1261436305,912545106,4
1261436305,941132434,7
1261436508,1002507159,5
1261436508,1002852791,7
1261436508,1004017998,5
1261436508,1034219901,3
1261436508,1035045015,5
1261436508,1125964814,11
1261436508,1126647624,3
1261436508,1127476096,5
1261436508,1167995070,7
1261436508,1168249921,3
1261436508,1168664495,5
1261436508,1198680122,3
1261436508,1199017128,4
1261436508,1261082560,21
1261436508,1261086734,62
1261436508,1261086755,27
1261436508,1261086756,50
1261436508,1261086823,13
1261436508,1261086863,43
1261436508,1261091124,53
1261436508,1261091157,16
1261436508,1261091174,42
1261436508,1261419142,10
1261436508,1261423370,42
1261436508,1261423444,34
1261436508,1261423454,10
1261436508,1261423480,18
1261436508,1261423507,8
1261436508,1261427765,12
1261436508,1261427857,68
1261436508,1261427892,5
1261436508,1261436305,27
1261436508,1261756007,51
1261436508,1261760187,13
1261436508,1261768913,6
1261436508,1261773304,8
1261436508,1291780631,3
1261436508,1292113218,37
1261436508,1292458366,3
1261436508,1292799346,4
1261436508,1292803650,4
1261436508,1292816565,7
1261436508,1447576662,8
1261436508,387364605,7
1261436508,449438847,7
1261436508,478375456,4
1261436508,541118908,7
1261436508,541870397,5
1261436508,572870540,6
1261436508,5812983887,63
1261436508,5813012006,5
1261436508,5813014873,8
1261436508,5813020587,7
1261436508,5813022281,3
1261436508,5813027103,4
1261436508,5813040233,8
1261436508,5813061251,5
1261436508,5813077544,9
1261436508,5813080838,8
1261436508,632544268,10
1261436508,634962055,6
1261436508,665314820,4
1261436508,695629525,7
1261436508,695956656,3
1261436508,696362840,3
1261436508,697001770,8
1261436508,725951521,4
1261436508,758419409,6
1261436508,789126240,5
1261436508,910438331,5
1261436508,912545106,8
1261436508,912601268,5
1261436508,941132434,10
1261436508,942491983,4
1261751722,1002507159,8
1261751722,1002852791,9
1261751722,1004017998,3
1261751722,1034219901,8
1261751722,1035045015,5
1261751722,1065410141,5
1261751722,1126647624,10
1261751722,1127476096,3
1261751722,1167295872,6
1261751722,1167995070,3
1261751722,1168664495,6
1261751722,1169260589,3
1261751722,1200049187,14
1261751722,1200057627,14
1261751722,1230712894,15
1261751722,1230712956,14
1261751722,1230738118,28
1261751722,1230738163,3
1261751722,1230738237,15
1261751722,1230738247,25
1261751722,1230742431,14
1261751722,1230742517,31
1261751722,1230742552,31
1261751722,1231066662,23
1261751722,1231066732,30
1261751722,1231066741,23
1261751722,1231070792,29
1261751722,1231070863,26
1261751722,1231079482,31
1261751722,1231675708,5
1261751722,1261760230,5
1261751722,1261760414,5
1261751722,1261768644,7
1261751722,1261772956,3
1261751722,1261773104,9
1261751722,1262101350,5
1261751722,1447576662,5
1261751722,387364605,10
1261751722,416642425,5
1261751722,449438847,7
1261751722,478375456,8
1261751722,541118908,6
1261751722,541870397,5
1261751722,572870540,20
1261751722,5812979604,26
1261751722,5813012006,4
1261751722,5813014873,5
1261751722,5813020453,21
1261751722,5813022281,5
1261751722,5813027103,8
1261751722,5813040233,10
1261751722,5813049931,26
1261751722,5813077544,13
1261751722,632544268,4
1261751722,633546217,3
1261751722,634962055,5
1261751722,695629525,5
1261751722,695956656,3
1261751722,696362840,3
1261751722,697001770,3
1261751722,758419409,7
1261751722,788794171,8
1261751722,789126240,4
1261751722,819828986,3
1261751722,910438331,3
1261751722,912545106,4
1261751722,912601268,6
1261751722,941132434,7
1261756007,1002507159,8
1261756007,1004017998,8
1261756007,1034219901,7
1261756007,1035045015,7
1261756007,1065410141,8
1261756007,1125964814,4
1261756007,1126647624,3
1261756007,1167995070,3
1261756007,1168664495,4
1261756007,1168923315,4
1261756007,1199017128,3
1261756007,1261082560,25
1261756007,1261086734,88
1261756007,1261086755,32
1261756007,1261086756,45
1261756007,1261086823,8
1261756007,1261086863,31
1261756007,1261091124,58
1261756007,1261091157,11
1261756007,1261091174,44
1261756007,1261419142,13
1261756007,1261423370,39
1261756007,1261423444,26
1261756007,1261423454,8
1261756007,1261423480,7
1261756007,1261423507,3
1261756007,1261427765,11
1261756007,1261427857,52
1261756007,1261427892,4
1261756007,1261432052,5
1261756007,1261436305,22
1261756007,1261436508,58
1261756007,1261760187,15
1261756007,1261773304,5
1261756007,1262105637,4
1261756007,1262114188,4
1261756007,1262114202,3
1261756007,1291780631,6
1261756007,1291780675,4
1261756007,1291780710,4
1261756007,1292113218,35
1261756007,1292799162,4
1261756007,1292799346,4
1261756007,1292803650,5
1261756007,1292816565,11
1261756007,1447576662,5
1261756007,387364605,8
1261756007,416642425,4
1261756007,449438847,6
1261756007,478375456,7
1261756007,541118908,7
1261756007,541870397,5
1261756007,572870540,8
1261756007,5812979684,6
1261756007,5812983887,56
1261756007,5813012006,3
1261756007,5813014873,8
1261756007,5813020587,8
1261756007,5813022281,3
1261756007,5813027103,4
1261756007,5813040233,4
1261756007,5813061251,3
1261756007,5813077544,9
1261756007,5813080272,3
1261756007,5813080838,6
1261756007,632544268,9
1261756007,633546217,7
1261756007,634962055,6
1261756007,665314820,3
1261756007,695629525,5
1261756007,695956656,8
1261756007,696362840,3
1261756007,697001770,5
1261756007,725951521,4
1261756007,758419409,4
1261756007,788794171,4
1261756007,789126240,6
1261756007,819828986,4
1261756007,912545106,3
1261756007,912601268,5
1261756007,941132434,5
1261756007,942491983,8
1261760187,1034219901,4
1261760187,1035045015,5
1261760187,1065410141,4
1261760187,1125964814,7
1261760187,1167995070,4
1261760187,1168664495,5
1261760187,1261082560,48
1261760187,1261086734,16
1261760187,1261086755,14
1261760187,1261086756,25
1261760187,1261086823,36
1261760187,1261086863,22
1261760187,1261091124,15
1261760187,1261091157,44
1261760187,1261091174,19
1261760187,1261419142,29
1261760187,1261423370,15
1261760187,1261423444,31
1261760187,1261423454,35
1261760187,1261423480,31
1261760187,1261423507,40
1261760187,1261423534,21
1261760187,1261427765,33
1261760187,1261427857,9
1261760187,1261427892,18
1261760187,1261427999,15
1261760187,1261432052,17
1261760187,1261432168,6
1261760187,1261436305,19
1261760187,1261436508,14
1261760187,1261756007,11
1261760187,1261773304,27
1261760187,1261773414,4
1261760187,1292113218,21
1261760187,1292121433,19
1261760187,1292458366,11
1261760187,1292466818,7
1261760187,1447576662,8
1261760187,387364605,4
1261760187,449438847,7
1261760187,478375456,3
1261760187,541118908,8
1261760187,541870397,5
1261760187,572870540,6
1261760187,5812979082,4
1261760187,5812983887,22
1261760187,5813020587,37
1261760187,5813022281,4
1261760187,5813027103,3
1261760187,5813040233,8
1261760187,5813077544,13
1261760187,5813080272,26
1261760187,5813080838,3
1261760187,632544268,11
1261760187,633546217,7
1261760187,695629525,7
1261760187,695956656,5
1261760187,697001770,4
1261760187,725951521,4
1261760187,758419409,3
1261760187,788794171,5
1261760187,789126240,7
1261760187,819828986,4
1261760187,910438331,3
1261760187,912545106,5
1261760187,912601268,3
1261760187,942491983,5
1261760225,1261760230,4
1261760225,1261760366,27
1261760225,1261760414,8
1261760225,1261760448,16
1261760225,1261760489,10
1261760225,1261764527,12
1261760225,1261764557,23
1261760225,1261764651,31
1261760225,1261768913,14
1261760225,1261773006,3
1261760225,1261773104,6
1261760225,1261773286,9
1261760225,1261773330,9
1261760225,1262105552,24
1261760225,1262105575,18
1261760225,1262105601,21
1261760225,1262105630,19
1261760225,1262105637,11
1261760225,1262114112,17
1261760225,1262114188,9
1261760225,1262114202,30
1261760225,1291780631,8
1261760225,1291780675,8
1261760225,1291780710,10
1261760225,1292794996,18
1261760225,1292799162,21
1261760225,1292799346,24
1261760225,1292803650,16
1261760225,1292807819,20
1261760225,1292816565,17
1261760225,1293135946,24
1261760225,1293136062,12
1261760225,1355810793,12
1261760225,5812979684,19
1261760225,5812984024,9
1261760225,5813080269,9
1261760230,1169260589,32
1261760230,1230738163,19
1261760230,1231675708,27
1261760230,1261760225,6
1261760230,1261760366,14
1261760230,1261760414,42
1261760230,1261760448,10
1261760230,1261760489,38
1261760230,1261764527,22
1261760230,1261764557,7
1261760230,1261768644,34
1261760230,1261768832,13
1261760230,1261772956,21
1261760230,1261773006,43
1261760230,1261773104,58
1261760230,1261773286,38
1261760230,1261773330,25
1261760230,1262101350,54
1261760230,1262105552,4
1261760230,1262105575,24
1261760230,1262105601,13
1261760230,1262105630,3
1261760230,1262114112,7
1261760230,1292807819,5
1261760230,1293135946,5
1261760230,1293136062,12
1261760230,1355810793,14
1261760230,5812979604,5
1261760230,5812984024,24
1261760230,5813080269,13
1261760366,1231675708,4
1261760366,1261760225,24
1261760366,1261760414,10
1261760366,1261760448,32
1261760366,1261760489,13
1261760366,1261764527,14
1261760366,1261764557,33
1261760366,1261764651,22
1261760366,1261768913,7
1261760366,1261773104,3
1261760366,1261773286,25
1261760366,1261773330,12
1261760366,1262101350,3
1261760366,1262105552,33
1261760366,1262105575,17
1261760366,1262105601,23
1261760366,1262105630,21
1261760366,1262105637,19
1261760366,1262114112,20
1261760366,1262114188,25
1261760366,1262114202,21
1261760366,1291780631,8
1261760366,1291780675,11
1261760366,1291780710,8
1261760366,1292794996,12
1261760366,1292799162,14
1261760366,1292799346,12
1261760366,1292803650,26
1261760366,1292807819,19
1261760366,1292816565,10
1261760366,1293135946,19
1261760366,1293136062,15
1261760366,1355810793,18
1261760366,1447576662,4
1261760366,541118908,3
1261760366,5812979684,22
1261760366,5812984024,19
1261760366,5813077544,4
1261760366,5813080269,13
1261760366,912545106,3
1261760414,1169260589,6
1261760414,1230712894,4
1261760414,1231675708,8
1261760414,1261760225,33
1261760414,1261760230,17
1261760414,1261760366,22
1261760414,1261760448,31
1261760414,1261760489,43
1261760414,1261764527,19
1261760414,1261764557,19
1261760414,1261764651,9
1261760414,1261768644,6
1261760414,1261768913,4
1261760414,1261772956,9
1261760414,1261773006,11
1261760414,1261773104,27
1261760414,1261773286,20
1261760414,1261773330,36
1261760414,1262101350,34
1261760414,1262105552,20
1261760414,1262105575,40
1261760414,1262105601,23
1261760414,1262105630,12
1261760414,1262105637,3
1261760414,1262114112,17
1261760414,1262114188,6
1261760414,1262114202,10
1261760414,1291780631,6
1261760414,1291780710,3
1261760414,1292794996,3
1261760414,1292799162,6
1261760414,1292799346,4
1261760414,1292803650,3
1261760414,1292807819,9
1261760414,1292816565,5
1261760414,1293135946,13
1261760414,1293136062,25
1261760414,1355810793,26
1261760414,5812979684,8
1261760414,5812984024,22
1261760414,5813020453,3
1261760414,5813080269,17
1261760448,1261760225,20
1261760448,1261760366,27
1261760448,1261760414,9
1261760448,1261760489,10
1261760448,1261764527,8
1261760448,1261764557,26
1261760448,1261764651,24
1261760448,1261768913,8
1261760448,1261773104,6
1261760448,1261773286,15
1261760448,1261773330,13
1261760448,1262105552,24
1261760448,1262105575,20
1261760448,1262105601,14
1261760448,1262105630,30
1261760448,1262105637,19
1261760448,1262114112,19
1261760448,1262114188,16
1261760448,1262114202,22
1261760448,1291780631,8
1261760448,1291780675,7
1261760448,1291780710,10
1261760448,1292794996,11
1261760448,1292799162,21
1261760448,1292799346,15
1261760448,1292803650,20
1261760448,1292807819,16
1261760448,1292816565,12
1261760448,1293135946,30
1261760448,1293136062,17
1261760448,1355810793,11
1261760448,1447576662,4
1261760448,572870540,5
1261760448,5812979684,18
1261760448,5812984024,13
1261760448,5813014873,4
1261760448,5813077544,5
1261760448,5813080269,7
1261760448,695629525,3
1261760448,695956656,3
1261760489,1169260589,3
1261760489,1231079482,3
1261760489,1231675708,17
1261760489,1261760225,31
1261760489,1261760230,20
1261760489,1261760366,35
1261760489,1261760414,36
1261760489,1261760448,31
1261760489,1261764527,39
1261760489,1261764557,20
1261760489,1261764651,6
1261760489,1261772956,9
1261760489,1261773006,7
1261760489,1261773104,19
1261760489,1261773286,32
1261760489,1261773330,32
1261760489,1262101350,41
1261760489,1262105552,20
1261760489,1262105575,29
1261760489,1262105601,32
1261760489,1262105630,14
1261760489,1262114112,23
1261760489,1262114188,6
1261760489,1262114202,16
1261760489,1291780675,3
1261760489,1291780710,5
1261760489,1292794996,6
1261760489,1292799346,6
1261760489,1292803650,6
1261760489,1292807819,9
1261760489,1292816565,3
1261760489,1293135946,9
1261760489,1293136062,28
1261760489,1355810793,32
1261760489,5812979684,10
1261760489,5812984024,41
1261760489,5813080269,34
1261764527,1261086734,4
1261764527,1261760225,20
1261764527,1261760366,26
1261764527,1261760414,14
1261764527,1261760448,16
1261764527,1261760489,19
1261764527,1261764557,19
1261764527,1261764651,16
1261764527,1261768913,9
1261764527,1261772956,3
1261764527,1261773104,11
1261764527,1261773286,25
1261764527,1261773330,24
1261764527,1262101350,13
1261764527,1262105552,17
1261764527,1262105575,21
1261764527,1262105601,22
1261764527,1262105630,22
1261764527,1262105637,11
1261764527,1262114112,34
1261764527,1262114188,18
1261764527,1262114202,17
1261764527,1291780631,10
1261764527,1291780675,17
1261764527,1291780710,18
1261764527,1292794996,14
1261764527,1292799162,15
1261764527,1292799346,22
1261764527,1292803650,21
1261764527,1292807819,13
1261764527,1292816565,17
1261764527,1293135946,16
1261764527,1293136062,22
1261764527,1355810793,19
1261764527,5812979684,17
1261764527,5812984024,25
1261764527,5813080269,13
1261764557,1002852791,5
1261764557,1168664495,4
1261764557,1231675708,3
1261764557,1261760225,15
1261764557,1261760366,29
1261764557,1261760414,8
1261764557,1261760448,22
1261764557,1261760489,6
1261764557,1261764527,10
1261764557,1261764651,19
1261764557,1261768644,3
1261764557,1261768832,6
1261764557,1261768913,16
1261764557,1261772956,3
1261764557,1261773104,3
1261764557,1261773286,13
1261764557,1261773330,16
1261764557,1262101350,8
1261764557,1262105552,25
1261764557,1262105575,16
1261764557,1262105601,14
1261764557,1262105630,28
1261764557,1262105637,15
1261764557,1262114112,31
1261764557,1262114188,13
1261764557,1262114202,27
1261764557,1291780631,8
1261764557,1291780675,10
1261764557,1291780710,8
1261764557,1292794996,19
1261764557,1292799162,10
1261764557,1292799346,13
1261764557,1292803650,24
1261764557,1292807819,30
1261764557,1292816565,12
1261764557,1293135946,18
1261764557,1293136062,18
1261764557,1355810793,10
1261764557,1447576662,4
1261764557,572870540,5
1261764557,5812979684,27
1261764557,5812984024,17
1261764557,5813077544,3
1261764557,5813080269,8
1261764557,695956656,4
1261764557,789126240,4
1261764557,819828986,3
1261764651,1002852791,3
1261764651,1004017998,4
1261764651,1035045015,4
1261764651,1125964814,3
1261764651,1168664495,4
1261764651,1231675708,4
1261764651,1261760225,17
1261764651,1261760366,11
1261764651,1261760414,4
1261764651,1261760448,14
1261764651,1261760489,3
1261764651,1261764527,9
1261764651,1261764557,11
1261764651,1261768913,18
1261764651,1261773286,6
1261764651,1261773330,7
1261764651,1262105552,17
1261764651,1262105575,10
1261764651,1262105601,12
1261764651,1262105630,22
1261764651,1262105637,24
1261764651,1262114112,11
1261764651,1262114188,29
1261764651,1262114202,24
1261764651,1291780631,29
1261764651,1291780675,22
1261764651,1291780710,25
1261764651,1292794996,18
1261764651,1292799162,31
1261764651,1292799346,14
1261764651,1292803650,21
1261764651,1292807819,26
1261764651,1292816565,15
1261764651,1293135946,16
1261764651,1293136062,13
1261764651,1322811128,4
1261764651,1355810793,8
1261764651,1447576662,9
1261764651,387364605,6
1261764651,416642425,3
1261764651,449438847,3
1261764651,478375456,3
1261764651,541118908,7
1261764651,572870540,8
1261764651,5812979684,29
1261764651,5812984024,7
1261764651,5813012006,3
1261764651,5813014873,6
1261764651,5813027103,6
1261764651,5813040233,3
1261764651,5813077544,6
1261764651,5813080269,9
1261764651,5813080838,7
1261764651,632544268,4
1261764651,634962055,6
1261764651,694920753,7
1261764651,695629525,3
1261764651,695956656,7
1261764651,697001770,5
1261764651,725951521,4
1261764651,758419409,6
1261764651,819828986,4
1261764651,910438331,5
1261764651,912545106,3
1261764651,941132434,3
1261768644,1125964814,3
1261768644,1168664495,3
1261768644,1169260589,72
1261768644,1230738163,54
1261768644,1231070792,3
1261768644,1231675708,80
1261768644,1261427885,3
1261768644,1261432076,3
1261768644,1261760230,52
1261768644,1261760414,3
1261768644,1261760448,3
1261768644,1261760489,3
1261768644,1261768832,29
1261768644,1261768859,10
1261768644,1261768880,6
1261768644,1261772956,54
1261768644,1261773006,55
1261768644,1261773104,35
1261768644,1261773286,3
1261768644,1261773330,4
1261768644,1262101350,17
1261768644,1262105552,3
1261768644,1262105637,4
1261768644,1262114188,5
1261768644,1291366237,3
1261768644,1291780631,4
1261768644,1291780675,3
1261768644,1292458303,5
1261768644,1292794996,3
1261768644,1293135946,4
1261768644,1293136062,3
1261768644,1322811160,5
1261768644,1355810793,7
1261768644,1447576662,8
1261768644,572870540,3
1261768644,5812979604,3
1261768644,5813014873,3
1261768644,5813080838,4
1261768644,632544268,3
1261768644,633546217,4
1261768644,634962055,6
1261768644,695956656,5
1261768644,696362840,4
1261768644,819828986,3
1261768644,941132434,3
1261768644,942491983,3
1261768832,1002507159,3
1261768832,1002852791,4
1261768832,1004017998,3
1261768832,1034219901,4
1261768832,1125964814,7
1261768832,1126647624,3
1261768832,1127471692,6
1261768832,1127476096,4
1261768832,1168664495,4
1261768832,1169260589,52
1261768832,1218732640,3
1261768832,1230738163,53
1261768832,1231675708,34
1261768832,1261436508,4
1261768832,1261760230,23
1261768832,1261760414,4
1261768832,1261760448,3
1261768832,1261764557,3
1261768832,1261768644,35
1261768832,1261772956,21
1261768832,1261773006,36
1261768832,1261773104,17
1261768832,1262101350,3
1261768832,1262105637,4
1261768832,1292799162,3
1261768832,1292799346,3
1261768832,1292816565,3
1261768832,1322470368,5
1261768832,1322811128,3
1261768832,1323156554,3
1261768832,1352823209,3
1261768832,1447576662,11
1261768832,1508334312,3
1261768832,387364605,4
1261768832,416642425,5
1261768832,449438847,4
1261768832,478375456,7
1261768832,508793049,3
1261768832,509410587,5
1261768832,541118908,7
1261768832,541870397,3
1261768832,570461892,3
1261768832,572870540,6
1261768832,5812979684,3
1261768832,5812983887,5
1261768832,5813012006,4
1261768832,5813014873,9
1261768832,5813022281,4
1261768832,5813040233,6
1261768832,5813056953,5
1261768832,5813061251,4
1261768832,5813077544,6
1261768832,5813080838,5
1261768832,632544268,5
1261768832,633546217,4
1261768832,634608104,6
1261768832,634962055,7
1261768832,695629525,3
1261768832,695956656,6
1261768832,696362840,3
1261768832,758419409,5
1261768832,819828986,5
1261768832,849482511,3
1261768832,910447075,4
1261768832,912545106,5
1261768832,941132434,3
1261768832,972892437,10
1261768859,1002507159,4
1261768859,1002852791,7
1261768859,1004017998,4
1261768859,1034219901,4
1261768859,1035045015,7
1261768859,1065410141,4
1261768859,1125964814,3
1261768859,1126647624,3
1261768859,1127476096,9
1261768859,1167995070,6
1261768859,1168664495,6
1261768859,1261086823,3
1261768859,1261091174,3
1261768859,1261423454,4
1261768859,1261423507,6
1261768859,1261423534,7
1261768859,1261427857,3
1261768859,1261427885,55
1261768859,1261427892,5
1261768859,1261427999,7
1261768859,1261432052,5
1261768859,1261432076,49
1261768859,1261432158,42
1261768859,1261432159,44
1261768859,1261432168,16
1261768859,1261768644,4
1261768859,1261768880,73
1261768859,1261773304,5
1261768859,1261773414,32
1261768859,1291366237,35
1261768859,1292121433,6
1261768859,1292445517,43
1261768859,1292458303,61
1261768859,1292458366,17
1261768859,1292466818,14
1261768859,1322811160,21
1261768859,1447576662,6
1261768859,387364605,4
1261768859,416642425,4
1261768859,449438847,6
1261768859,478375456,9
1261768859,541118908,7
1261768859,541870397,4
1261768859,572870540,9
1261768859,5812979686,47
1261768859,5813012006,8
1261768859,5813014873,5
1261768859,5813020587,3
1261768859,5813022281,6
1261768859,5813027103,4
1261768859,5813040233,5
1261768859,5813077544,8
1261768859,5813080272,3
1261768859,5813080838,11
1261768859,632544268,6
1261768859,633546217,4
1261768859,634962055,9
1261768859,695629525,6
1261768859,695956656,3
1261768859,696362840,3
1261768859,697001770,6
1261768859,725951521,3
1261768859,758419409,3
1261768859,788794171,6
1261768859,819828986,5
1261768859,912545106,8
1261768859,941132434,4
1261768859,942491983,6
1261768880,1002507159,3
1261768880,1002852791,7
1261768880,1004017998,5
1261768880,1034219901,9
1261768880,1035045015,8
1261768880,1065410141,4
1261768880,1125964814,4
1261768880,1127476096,9
1261768880,1167995070,6
1261768880,1168664495,4
1261768880,1261423534,4
1261768880,1261427885,45
1261768880,1261427892,4
1261768880,1261427999,6
1261768880,1261432076,81
1261768880,1261432158,26
1261768880,1261432159,33
1261768880,1261432168,25
1261768880,1261768859,86
1261768880,1261773414,36
1261768880,1291366237,40
1261768880,1292121433,4
1261768880,1292445517,51
1261768880,1292458303,70
1261768880,1292458366,13
1261768880,1292466818,23
1261768880,1292799346,4
1261768880,1322811128,5
1261768880,1322811160,23
1261768880,1323156554,6
1261768880,1447576662,7
1261768880,387364605,8
1261768880,416642425,3
1261768880,449438847,5
1261768880,478375456,11
1261768880,541118908,5
1261768880,541870397,3
1261768880,572870540,14
1261768880,5812979686,52
1261768880,5813012006,8
1261768880,5813014873,7
1261768880,5813020587,4
1261768880,5813022281,5
1261768880,5813027103,5
1261768880,5813040233,8
1261768880,5813061251,3
1261768880,5813077544,16
1261768880,5813080272,4
1261768880,5813080838,5
1261768880,632544268,5
1261768880,633546217,5
1261768880,634962055,9
1261768880,694920753,5
1261768880,695629525,7
1261768880,695956656,3
1261768880,697001770,4
1261768880,725951521,6
1261768880,758419409,10
1261768880,788794171,5
1261768880,819828986,6
1261768880,912545106,8
1261768880,941132434,5
1261768880,942491983,4
1261768913,1002507159,7
1261768913,1002852791,5
1261768913,1004017998,8
1261768913,1034219901,6
1261768913,1035045015,4
1261768913,1065410141,3
1261768913,1125964814,8
1261768913,1167995070,3
1261768913,1168664495,8
1261768913,1169260589,3
1261768913,1230738163,5
1261768913,1231675708,3
1261768913,1261086734,3
1261768913,1261091124,5
1261768913,1261169514,4
1261768913,1261427857,4
1261768913,1261436508,5
1261768913,1261760366,12
1261768913,1261760414,5
1261768913,1261760448,8
1261768913,1261764527,5
1261768913,1261764557,7
1261768913,1261764651,22
1261768913,1261768832,6
1261768913,1261773330,3
1261768913,1262105552,12
1261768913,1262105575,4
1261768913,1262105630,19
1261768913,1262105637,28
1261768913,1262114112,5
1261768913,1262114188,33
1261768913,1262114202,23
1261768913,1291366237,4
1261768913,1291780631,58
1261768913,1291780675,66
1261768913,1291780710,57
1261768913,1292794996,51
1261768913,1292799162,40
1261768913,1292799346,37
1261768913,1292803650,38
1261768913,1292807819,43
1261768913,1292816565,37
1261768913,1293135946,17
1261768913,1322470509,3
1261768913,1322811128,10
1261768913,1322811240,7
1261768913,1323156554,5
1261768913,1447576662,16
1261768913,387364605,8
1261768913,416642425,4
1261768913,449438847,10
1261768913,478375456,4
1261768913,541118908,9
1261768913,541870397,6
1261768913,572870540,10
1261768913,5812979459,4
1261768913,5812979684,31
1261768913,5813012006,5
1261768913,5813014873,12
1261768913,5813022281,5
1261768913,5813027103,8
1261768913,5813040233,3
1261768913,5813061251,8
1261768913,5813077544,11
1261768913,5813080838,7
1261768913,632544268,8
1261768913,634962055,8
1261768913,665314820,5
1261768913,694920753,5
1261768913,695629525,4
1261768913,695956656,6
1261768913,696362840,8
1261768913,697001770,7
1261768913,725951521,3
1261768913,758419409,13
1261768913,788794171,5
1261768913,789126240,6
1261768913,819828986,7
1261768913,910438331,16
1261768913,912545106,7
1261768913,912601268,5
1261768913,941132434,9
1261768913,942491983,7
1261772956,1169260589,26
1261772956,1230738163,18
1261772956,1230742431,3
1261772956,1230742517,3
1261772956,1231675708,28
1261772956,1261760225,10
1261772956,1261760230,26
1261772956,1261760366,13
1261772956,1261760414,38
1261772956,1261760448,12
1261772956,1261760489,23
1261772956,1261764527,17
1261772956,1261764557,11
1261772956,1261764651,5
1261772956,1261768644,42
1261772956,1261768832,9
1261772956,1261773006,29
1261772956,1261773104,32
1261772956,1261773286,23
1261772956,1261773330,19
1261772956,1262101350,32
1261772956,1262105552,6
1261772956,1262105575,18
1261772956,1262105601,19
1261772956,1262105630,3
1261772956,1262114112,18
1261772956,1262114188,7
1261772956,1262114202,5
1261772956,1292799162,4
1261772956,1292803650,3
1261772956,1293135946,4
1261772956,1293136062,19
1261772956,1355810793,10
1261772956,5812984024,18
1261772956,5813080269,14
1261773006,1169260589,41
1261773006,1230738163,22
1261773006,1231675708,41
1261773006,1261760225,14
1261773006,1261760230,49
1261773006,1261760366,11
1261773006,1261760414,33
1261773006,1261760448,7
1261773006,1261760489,29
1261773006,1261764527,15
1261773006,1261764557,8
1261773006,1261764651,3
1261773006,1261768644,39
1261773006,1261768832,21
1261773006,1261772956,26
1261773006,1261773104,45
1261773006,1261773286,20
1261773006,1261773330,14
1261773006,1262101350,26
1261773006,1262105575,12
1261773006,1262105601,15
1261773006,1262105630,3
1261773006,1262114112,13
1261773006,1262114188,4
1261773006,1262114202,4
1261773006,1292803650,4
1261773006,1293136062,11
1261773006,1355810793,8
1261773006,5812984024,24
1261773006,5813080269,7
1261773104,1169260589,14
1261773104,1230738163,8
1261773104,1230742552,5
1261773104,1231070863,3
1261773104,1231079482,3
1261773104,1231675708,18
1261773104,1261760225,14
1261773104,1261760230,28
1261773104,1261760366,18
1261773104,1261760414,43
1261773104,1261760448,21
1261773104,1261760489,37
1261773104,1261764527,15
1261773104,1261764557,9
1261773104,1261768644,14
1261773104,1261768832,4
1261773104,1261772956,15
1261773104,1261773006,17
1261773104,1261773286,41
1261773104,1261773330,36
1261773104,1262101350,36
1261773104,1262105552,8
1261773104,1262105575,31
1261773104,1262105601,25
1261773104,1262105630,12
1261773104,1262105637,4
1261773104,1262114112,24
1261773104,1262114188,7
1261773104,1262114202,12
1261773104,1292794996,3
1261773104,1292799162,3
1261773104,1292799346,3
1261773104,1292803650,7
1261773104,1292807819,3
1261773104,1293135946,12
1261773104,1293136062,24
1261773104,1355810793,25
1261773104,5812979684,4
1261773104,5812984024,32
1261773104,5813080269,22
1261773286,1231675708,4
1261773286,1261760225,31
1261773286,1261760230,4
1261773286,1261760366,46
1261773286,1261760414,22
1261773286,1261760448,29
1261773286,1261760489,27
1261773286,1261764527,34
1261773286,1261764557,31
1261773286,1261764651,8
1261773286,1261768913,6
1261773286,1261772956,5
1261773286,1261773006,6
1261773286,1261773104,14
1261773286,1261773330,24
1261773286,1262101350,18
1261773286,1262105552,28
1261773286,1262105575,38
1261773286,1262105601,30
1261773286,1262105630,29
1261773286,1262105637,15
1261773286,1262114112,39
1261773286,1262114188,18
1261773286,1262114202,13
1261773286,1291780631,7
1261773286,1291780675,9
1261773286,1291780710,5
1261773286,1292121433,3
1261773286,1292794996,9
1261773286,1292799162,13
1261773286,1292799346,13
1261773286,1292803650,17
1261773286,1292807819,13
1261773286,1292816565,12
1261773286,1293135946,13
1261773286,1293136062,24
1261773286,1355810793,29
1261773286,5812979684,23
1261773286,5812984024,29
1261773286,5813080269,18
1261773304,1002507159,3
1261773304,1002852791,4
1261773304,1034219901,5
1261773304,1035045015,6
1261773304,1125964814,3
1261773304,1167995070,4
1261773304,1168664495,6
1261773304,1261082560,23
1261773304,1261086734,5
1261773304,1261086755,6
1261773304,1261086756,8
1261773304,1261086823,31
1261773304,1261086863,20
1261773304,1261091124,6
1261773304,1261091157,33
1261773304,1261091174,11
1261773304,1261419142,35
1261773304,1261423370,3
1261773304,1261423444,26
1261773304,1261423454,25
1261773304,1261423480,23
1261773304,1261423507,23
1261773304,1261423534,38
1261773304,1261427765,35
1261773304,1261427857,4
1261773304,1261427885,6
1261773304,1261427892,33
1261773304,1261427999,19
1261773304,1261432052,33
1261773304,1261432158,10
1261773304,1261432159,10
1261773304,1261432168,12
1261773304,1261436305,16
1261773304,1261436508,11
1261773304,1261756007,4
1261773304,1261760187,33
1261773304,1261768859,3
1261773304,1261773414,14
1261773304,1292113218,9
1261773304,1292121433,32
1261773304,1292445517,9
1261773304,1292458366,24
1261773304,1292466818,20
1261773304,1447576662,3
1261773304,449438847,6
1261773304,478375456,7
1261773304,541118908,5
1261773304,572870540,5
1261773304,5812979686,6
1261773304,5812983887,7
1261773304,5813020587,29
1261773304,5813022281,3
1261773304,5813040233,8
1261773304,5813061251,3
1261773304,5813077544,6
1261773304,5813080272,45
1261773304,632544268,6
1261773304,633546217,4
1261773304,634962055,4
1261773304,665314820,4
1261773304,694920753,7
1261773304,695629525,4
1261773304,725951521,3
1261773304,758419409,3
1261773304,788794171,4
1261773304,789126240,4
1261773304,819828986,3
1261773304,912601268,3
1261773304,941132434,3
1261773304,942491983,3
1261773330,1261760225,15
1261773330,1261760230,5
1261773330,1261760366,27
1261773330,1261760414,27
1261773330,1261760448,26
1261773330,1261760489,21
1261773330,1261764527,40
1261773330,1261764557,27
1261773330,1261764651,14
1261773330,1261768913,11
1261773330,1261773104,16
1261773330,1261773286,27
1261773330,1262101350,20
1261773330,1262105552,22
1261773330,1262105575,29
1261773330,1262105601,24
1261773330,1262105630,15
1261773330,1262105637,14
1261773330,1262114112,32
1261773330,1262114188,16
1261773330,1262114202,16
1261773330,1291780631,14
1261773330,1291780675,13
1261773330,1291780710,9
1261773330,1292794996,12
1261773330,1292799162,12
1261773330,1292799346,19
1261773330,1292803650,17
1261773330,1292807819,9
1261773330,1292816565,9
1261773330,1293135946,18
1261773330,1293136062,20
1261773330,1355810793,20
1261773330,5812979684,16
1261773330,5812984024,27
1261773330,5813080269,22
1261773414,1002507159,3
1261773414,1002852791,5
1261773414,1034219901,5
1261773414,1035045015,4
1261773414,1125964814,5
1261773414,1127476096,3
1261773414,1261082560,3
1261773414,1261086823,3
1261773414,1261091174,3
1261773414,1261419142,6
1261773414,1261423444,4
1261773414,1261423454,4
1261773414,1261423507,11
1261773414,1261423534,32
1261773414,1261427765,8
1261773414,1261427885,49
1261773414,1261427892,15
1261773414,1261427999,29
1261773414,1261432052,26
1261773414,1261432076,33
1261773414,1261432158,47
1261773414,1261432159,44
1261773414,1261432168,42
1261773414,1261760187,8
1261773414,1261768859,24
1261773414,1261768880,29
1261773414,1261773304,17
1261773414,1291366237,6
1261773414,1292121433,16
1261773414,1292445517,45
1261773414,1292458303,23
1261773414,1292458366,31
1261773414,1292466818,38
1261773414,1447576662,5
1261773414,387364605,6
1261773414,449438847,3
1261773414,478375456,7
1261773414,541118908,5
1261773414,541870397,7
1261773414,572870540,6
1261773414,5812979686,44
1261773414,5813020587,10
1261773414,5813022281,4
1261773414,5813027103,5
1261773414,5813040233,4
1261773414,5813077544,7
1261773414,5813080272,16
1261773414,5813080838,5
1261773414,632544268,8
1261773414,633546217,3
1261773414,634962055,5
1261773414,665314820,5
1261773414,695629525,6
1261773414,695956656,4
1261773414,696362840,4
1261773414,697001770,5
1261773414,758419409,7
1261773414,788794171,5
1261773414,819828986,4
1261773414,912545106,5
1261773414,941132434,3
1262101350,1169260589,10
1262101350,1200049187,5
1262101350,1200057627,3
1262101350,1230712894,5
1262101350,1230712956,6
1262101350,1230738118,7
1262101350,1230738163,4
1262101350,1230738237,5
1262101350,1230738247,9
1262101350,1230742431,3
1262101350,1230742517,5
1262101350,1230742552,4
1262101350,1231066662,6
1262101350,1231066732,4
1262101350,1231066741,4
1262101350,1231079482,3
1262101350,1231675708,10
1262101350,1261086734,3
1262101350,1261751722,5
1262101350,1261760225,12
1262101350,1261760230,20
1262101350,1261760366,19
1262101350,1261760414,37
1262101350,1261760448,15
1262101350,1261760489,56
1262101350,1261764527,28
1262101350,1261764557,12
1262101350,1261764651,3
1262101350,1261768644,5
1262101350,1261772956,11
1262101350,1261773006,11
1262101350,1261773104,35
1262101350,1261773286,16
1262101350,1261773330,26
1262101350,1262105552,8
1262101350,1262105575,18
1262101350,1262105601,32
1262101350,1262105630,8
1262101350,1262114112,15
1262101350,1262114188,4
1262101350,1262114202,10
1262101350,1292807819,4
1262101350,1293136062,24
1262101350,1355810793,17
1262101350,5812984024,24
1262101350,5813020453,7
1262101350,5813049931,3
1262101350,5813080269,16
1262105552,1002852791,3
1262105552,1034219901,4
1262105552,1035045015,3
1262105552,1230738163,3
1262105552,1261760225,27
1262105552,1261760366,23
1262105552,1261760414,9
1262105552,1261760448,33
1262105552,1261760489,11
1262105552,1261764527,8
1262105552,1261764557,27
1262105552,1261764651,30
1262105552,1261768913,26
1262105552,1261773286,15
1262105552,1261773330,5
1262105552,1262105575,17
1262105552,1262105601,22
1262105552,1262105630,31
1262105552,1262105637,19
1262105552,1262114112,24
1262105552,1262114188,22
1262105552,1262114202,24
1262105552,1291780631,6
1262105552,1291780675,13
1262105552,1291780710,9
1262105552,1292794996,22
1262105552,1292799162,13
1262105552,1292799346,15
1262105552,1292803650,19
1262105552,1292807819,43
1262105552,1292816565,18
1262105552,1293135946,30
1262105552,1293136062,10
1262105552,1355810793,19
1262105552,1447576662,5
1262105552,449438847,4
1262105552,541118908,3
1262105552,541870397,3
1262105552,572870540,3
1262105552,5812979684,22
1262105552,5812984024,15
1262105552,5813014873,5
1262105552,5813027103,4
1262105552,5813040233,3
1262105552,5813077544,5
1262105552,5813080269,11
1262105552,5813080838,4
1262105552,632544268,5
1262105552,633546217,3
1262105552,695629525,3
1262105552,819828986,4
1262105552,912545106,3
1262105552,941132434,4
1262105552,942491983,4
1262105575,1261760225,22
1262105575,1261760230,3
1262105575,1261760366,35
1262105575,1261760414,21
1262105575,1261760448,33
1262105575,1261760489,20
1262105575,1261764527,14
1262105575,1261764557,30
1262105575,1261764651,14
1262105575,1261768913,4
1262105575,1261773104,9
1262105575,1261773286,21
1262105575,1261773330,14
1262105575,1262101350,15
1262105575,1262105552,35
1262105575,1262105601,16
1262105575,1262105630,24
1262105575,1262105637,11
1262105575,1262114112,18
1262105575,1262114188,18
1262105575,1262114202,19
1262105575,1291780631,7
1262105575,1291780675,11
1262105575,1291780710,6
1262105575,1292794996,6
1262105575,1292799162,9
1262105575,1292799346,5
1262105575,1292803650,16
1262105575,1292807819,10
1262105575,1292816565,8
1262105575,1293135946,14
1262105575,1293136062,19
1262105575,1355810793,19
1262105575,1447576662,3
1262105575,5812979684,23
1262105575,5812984024,19
1262105575,5813080269,16
1262105575,819828986,3
1262105601,1168664495,3
1262105601,1169260589,3
1262105601,1231675708,3
1262105601,1261760225,14
1262105601,1261760230,3
1262105601,1261760366,32
1262105601,1261760414,15
1262105601,1261760448,38
1262105601,1261760489,18
1262105601,1261764527,15
1262105601,1261764557,32
1262105601,1261764651,18
1262105601,1261768913,7
1262105601,1261772956,7
1262105601,1261773104,7
1262105601,1261773286,20
1262105601,1261773330,21
1262105601,1262101350,11
1262105601,1262105552,34
1262105601,1262105575,17
1262105601,1262105630,32
1262105601,1262105637,9
1262105601,1262114112,35
1262105601,1262114188,14
1262105601,1262114202,26
1262105601,1291780631,7
1262105601,1291780710,12
1262105601,1292794996,7
1262105601,1292799162,13
1262105601,1292799346,12
1262105601,1292803650,13
1262105601,1292807819,15
1262105601,1292816565,17
1262105601,1293135946,24
1262105601,1293136062,11
1262105601,1355810793,18
1262105601,5812979684,20
1262105601,5812984024,19
1262105601,5813077544,4
1262105601,5813080269,21
1262105630,1004017998,3
1262105630,1065410141,3
1262105630,1168664495,3
1262105630,1231675708,3
1262105630,1261760225,12
1262105630,1261760366,19
1262105630,1261760414,4
1262105630,1261760448,22
1262105630,1261760489,6
1262105630,1261764527,8
1262105630,1261764557,24
1262105630,1261764651,24
1262105630,1261768913,17
1262105630,1261772956,3
1262105630,1261773104,3
1262105630,1261773286,13
1262105630,1261773330,8
1262105630,1262105552,26
1262105630,1262105575,14
1262105630,1262105601,14
1262105630,1262105637,24
1262105630,1262114112,23
1262105630,1262114188,36
1262105630,1262114202,25
1262105630,1291780631,17
1262105630,1291780675,18
1262105630,1291780710,22
1262105630,1292794996,16
1262105630,1292799162,30
1262105630,1292799346,21
1262105630,1292803650,10
1262105630,1292807819,36
1262105630,1292816565,10
1262105630,1293135946,21
1262105630,1293136062,15
1262105630,1355810793,12
1262105630,1447576662,4
1262105630,449438847,5
1262105630,572870540,5
1262105630,5812979684,17
1262105630,5812984024,13
1262105630,5813027103,4
1262105630,5813077544,6
1262105630,5813080269,11
1262105630,695956656,3
1262105630,696362840,4
1262105630,697001770,4
1262105630,725951521,3
1262105630,788794171,3
1262105630,789126240,4
1262105630,819828986,4
1262105637,1002852791,6
1262105637,1034219901,5
1262105637,1035045015,4
1262105637,1065410141,4
1262105637,1125964814,3
1262105637,1127476096,3
1262105637,1168664495,7
1262105637,1230738163,3
1262105637,1261427857,3
1262105637,1261760225,6
1262105637,1261760366,14
1262105637,1261760448,8
1262105637,1261764527,6
1262105637,1261764557,6
1262105637,1261764651,31
1262105637,1261768644,3
1262105637,1261768913,34
1262105637,1261773286,3
1262105637,1261773330,3
1262105637,1262105552,12
1262105637,1262105575,3
1262105637,1262105601,5
1262105637,1262105630,21
1262105637,1262114112,11
1262105637,1262114188,28
1262105637,1262114202,24
1262105637,1291780631,36
1262105637,1291780675,28
1262105637,1291780710,30
1262105637,1292794996,33
1262105637,1292799162,30
1262105637,1292799346,29
1262105637,1292803650,20
1262105637,1292807819,29
1262105637,1292816565,32
1262105637,1293135946,18
1262105637,1293136062,5
1262105637,1355810793,4
1262105637,1447576662,6
1262105637,387364605,5
1262105637,416642425,4
1262105637,449438847,3
1262105637,541118908,8
1262105637,541870397,4
1262105637,572870540,5
1262105637,5812979684,23
1262105637,5812984024,3
1262105637,5813012006,7
1262105637,5813014873,9
1262105637,5813022281,4
1262105637,5813027103,5
1262105637,5813040233,3
1262105637,5813077544,6
1262105637,5813080269,6
1262105637,5813080838,4
1262105637,632544268,6
1262105637,633546217,5
1262105637,634962055,8
1262105637,694920753,4
1262105637,695629525,5
1262105637,695956656,6
1262105637,696362840,4
1262105637,725951521,6
1262105637,758419409,5
1262105637,789126240,3
1262105637,819828986,5
1262105637,910438331,5
1262105637,912545106,4
1262105637,912601268,3
1262105637,941132434,3
1262105637,942491983,4
1262114112,1231675708,4
1262114112,1261760225,21
1262114112,1261760366,32
1262114112,1261760414,6
1262114112,1261760448,24
1262114112,1261760489,13
1262114112,1261764527,9
1262114112,1261764557,42
1262114112,1261764651,16
1262114112,1261768913,14
1262114112,1261772956,5
1262114112,1261773104,5
1262114112,1261773286,17
1262114112,1261773330,15
1262114112,1262101350,4
1262114112,1262105552,31
1262114112,1262105575,10
1262114112,1262105601,23
1262114112,1262105630,23
1262114112,1262105637,17
1262114112,1262114188,10
1262114112,1262114202,30
1262114112,1291780631,7
1262114112,1291780675,10
1262114112,1291780710,14
1262114112,1292794996,7
1262114112,1292799162,14
1262114112,1292799346,19
1262114112,1292803650,24
1262114112,1292807819,21
1262114112,1292816565,11
1262114112,1293135946,27
1262114112,1293136062,13
1262114112,1355810793,9
1262114112,5812979684,23
1262114112,5812984024,18
1262114112,5813077544,3
1262114112,5813080269,15
1262114188,1002507159,4
1262114188,1004017998,4
1262114188,1034219901,7
1262114188,1035045015,3
1262114188,1125964814,3
1262114188,1127476096,3
1262114188,1167995070,3
1262114188,1168664495,3
1262114188,1261760225,9
1262114188,1261760366,20
1262114188,1261760448,17
1262114188,1261760489,4
1262114188,1261764527,9
1262114188,1261764557,16
1262114188,1261764651,38
1262114188,1261768832,5
1262114188,1261768913,44
1262114188,1261773286,6
1262114188,1261773330,5
1262114188,1262101350,3
1262114188,1262105552,20
1262114188,1262105575,5
1262114188,1262105601,8
1262114188,1262105630,33
1262114188,1262105637,37
1262114188,1262114112,9
1262114188,1262114202,37
1262114188,1291780631,34
1262114188,1291780675,28
1262114188,1291780710,40
1262114188,1292794996,35
1262114188,1292799162,34
1262114188,1292799346,19
1262114188,1292803650,18
1262114188,1292807819,48
1262114188,1292816565,21
1262114188,1293135946,42
1262114188,1293136062,7
1262114188,1322811128,4
1262114188,1355810793,3
1262114188,1447576662,13
1262114188,387364605,5
1262114188,416642425,3
1262114188,449438847,4
1262114188,541118908,7
1262114188,541870397,4
1262114188,572870540,8
1262114188,5812979684,24
1262114188,5812984024,8
1262114188,5813012006,4
1262114188,5813014873,11
1262114188,5813020568,4
1262114188,5813022281,3
1262114188,5813027103,7
1262114188,5813040233,4
1262114188,5813077544,3
1262114188,5813080269,7
1262114188,5813080838,4
1262114188,632544268,7
1262114188,634962055,6
1262114188,695629525,3
1262114188,695956656,5
1262114188,696362840,3
1262114188,697001770,6
1262114188,725951521,3
1262114188,788794171,5
1262114188,789126240,3
1262114188,819828986,4
1262114188,910438331,5
1262114188,912601268,3
1262114188,941132434,3
1262114188,942491983,6
1262114202,1034219901,3
1262114202,1035045015,4
1262114202,1168664495,3
1262114202,1261760225,17
1262114202,1261760366,16
1262114202,1261760414,4
1262114202,1261760448,23
1262114202,1261760489,4
1262114202,1261764527,12
1262114202,1261764557,16
1262114202,1261764651,29
1262114202,1261768913,20
1262114202,1261773286,5
1262114202,1261773330,5
1262114202,1262101350,3
1262114202,1262105552,22
1262114202,1262105575,7
1262114202,1262105601,12
1262114202,1262105630,26
1262114202,1262105637,29
1262114202,1262114112,18
1262114202,1262114188,48
1262114202,1291780631,20
1262114202,1291780675,29
1262114202,1291780710,36
1262114202,1292794996,23
1262114202,1292799162,28
1262114202,1292799346,16
1262114202,1292803650,22
1262114202,1292807819,36
1262114202,1292816565,21
1262114202,1293135946,23
1262114202,1293136062,12
1262114202,1355810793,5
1262114202,1447576662,4
1262114202,541118908,4
1262114202,541870397,3
1262114202,572870540,8
1262114202,5812979684,16
1262114202,5812984024,16
1262114202,5813027103,4
1262114202,5813040233,3
1262114202,5813077544,3
1262114202,5813080269,11
1262114202,634962055,3
1262114202,695956656,4
1262114202,725951521,4
1262114202,819828986,7
1282300415,1004700437,5
1282300415,1158507458,3
1282300415,1220581302,3
1282300415,1258073453,12
1282300415,1380149683,3
1282300415,1661122416,3
1282300415,757694775,14
1282300415,850194651,10
1282300415,879844206,5
1282300415,880875840,7
1282300415,881216816,4
1282300415,941939879,9
1282305753,1004700437,7
1282305753,1256376704,3
1282305753,1258073453,5
1282305753,693651381,4
1282305753,848800043,3
1282305753,941939879,4
1282646571,1158507458,3
1282646571,1410472719,3
1282646571,1504268020,3
1282646571,1599772916,3
1282646571,1630462217,3
1282646571,727035427,3
1282646571,911215499,3
1282991279,1158507458,4
1282991279,1251265590,3
1282991279,1251269930,3
1282991279,1258073453,5
1282991279,1567382512,3
1282991279,1661458883,3
1282991279,693979726,3
1282991279,757694775,3
1282991279,880875840,5
1282991279,913235746,3
1282991279,941939879,5
1286315568,1126310776,10
1286315568,1126310969,6
1286315568,1155652503,8
1286315568,1218728541,4
1286315568,1224249917,3
1286315568,1224254476,4
1286315568,1255297613,4
1286315568,1443579770,5
1286315568,1472205673,12
1286315568,1566644645,6
1286315568,1662166202,5
1286315568,541119189,11
1286315568,5813050000,6
1286315568,5813056934,6
1286315568,663558074,8
1286315568,663898692,4
1286315568,692852666,9
1286315568,818063189,5
1286315568,849763224,9
1286315568,879442155,9
1286315568,879748663,5
1286315568,909777910,9
1286315568,941132270,4
1286315568,971506655,9
1286315568,972871918,7
1287411513,912488890,3
1291094620,1002507131,14
1291094620,1002507159,8
1291094620,1002852791,6
1291094620,1004017998,9
1291094620,1034219901,7
1291094620,1035045015,14
1291094620,1062526223,3
1291094620,1065410141,5
1291094620,1125964630,10
1291094620,1125964814,5
1291094620,1126647624,6
1291094620,1127471692,22
1291094620,1127476096,6
1291094620,1167995070,3
1291094620,1168664447,4
1291094620,1168664495,8
1291094620,1218732640,21
1291094620,1220576923,25
1291094620,1291099014,5
1291094620,1291103485,5
1291094620,1291435551,4
1291094620,1291435693,3
1291094620,1294414279,11
1291094620,1322129781,3
1291094620,1322133296,4
1291094620,1322133891,3
1291094620,1322137688,4
1291094620,1322138079,4
1291094620,1322142804,4
1291094620,1322466938,3
1291094620,1322470368,4
1291094620,1322470462,4
1291094620,1352823209,4
1291094620,1380495496,15
1291094620,1447576662,8
1291094620,1508334312,12
1291094620,387364605,3
1291094620,416642425,10
1291094620,449438847,6
1291094620,478375456,8
1291094620,508793049,17
1291094620,509410587,25
1291094620,541118908,8
1291094620,541870397,10
1291094620,570461892,25
1291094620,572870540,11
1291094620,5813012006,9
1291094620,5813014873,8
1291094620,5813022281,4
1291094620,5813027103,10
1291094620,5813040233,10
1291094620,5813056953,20
1291094620,5813061251,4
1291094620,5813077544,7
1291094620,5813080838,11
1291094620,5813080979,12
1291094620,632544268,10
1291094620,633546217,4
1291094620,634608104,15
1291094620,634962055,4
1291094620,663190769,13
1291094620,664645558,13
1291094620,665314820,3
1291094620,694920753,6
1291094620,695629525,5
1291094620,695956656,6
1291094620,696362840,5
1291094620,697001770,7
1291094620,725951521,5
1291094620,757055317,8
1291094620,758419409,6
1291094620,788794171,10
1291094620,789126240,3
1291094620,819828986,6
1291094620,847336755,9
1291094620,849482511,12
1291094620,910438331,8
1291094620,910447075,14
1291094620,912545106,8
1291094620,912601268,7
1291094620,941132434,8
1291094620,942491983,5
1291094620,972892437,20
1291094742,1002507131,6
1291094742,1002507159,12
1291094742,1002852791,7
1291094742,1004017998,10
1291094742,1034219901,13
1291094742,1035045015,9
1291094742,1065410141,8
1291094742,1125964630,3
1291094742,1125964814,8
1291094742,1126647624,3
1291094742,1127471692,5
1291094742,1127476096,5
1291094742,1167995070,9
1291094742,1168664495,8
1291094742,1218732640,8
1291094742,1220576923,5
1291094742,1291094620,5
1291094742,1291099014,3
1291094742,1291103485,3
1291094742,1291435693,7
1291094742,1291444314,4
1291094742,1294082002,6
1291094742,1294414279,3
1291094742,1322129437,4
1291094742,1322129724,3
1291094742,1322129730,3
1291094742,1322129781,3
1291094742,1322133531,3
1291094742,1322133768,3
1291094742,1322133858,4
1291094742,1322466938,6
1291094742,1322470368,3
1291094742,1380495496,4
1291094742,1447576662,13
1291094742,1508334312,8
1291094742,387364605,11
1291094742,416642425,16
1291094742,449438847,6
1291094742,478375456,17
1291094742,508793049,3
1291094742,541118908,6
1291094742,541870397,11
1291094742,570461892,6
1291094742,572870540,16
1291094742,5813012006,14
1291094742,5813014873,15
1291094742,5813022281,9
1291094742,5813027103,12
1291094742,5813040233,15
1291094742,5813059835,4
1291094742,5813061251,8
1291094742,5813077544,15
1291094742,5813080838,13
1291094742,5813080979,3
1291094742,632544268,9
1291094742,633546217,9
1291094742,634608104,4
1291094742,634962055,10
1291094742,663190769,5
1291094742,664645558,5
1291094742,665314820,11
1291094742,694920753,13
1291094742,695629525,13
1291094742,695956656,13
1291094742,696362840,16
1291094742,697001770,6
1291094742,757055317,5
1291094742,758419409,7
1291094742,788794171,10
1291094742,789126240,13
1291094742,819828986,15
1291094742,847336755,3
1291094742,910438331,9
1291094742,912545106,14
1291094742,912601268,6
1291094742,941132434,7
1291094742,942491983,15
1291099014,1002507159,6
1291099014,1002852791,6
1291099014,1004017998,12
1291099014,1034219901,7
1291099014,1035045015,11
1291099014,1065410141,9
1291099014,1125964630,5
1291099014,1125964814,4
1291099014,1126647624,6
1291099014,1127471692,3
1291099014,1127476096,7
1291099014,1167995070,13
1291099014,1168664495,8
1291099014,1218732640,4
1291099014,1291094620,4
1291099014,1291435551,5
1291099014,1291435693,8
1291099014,1294414279,7
1291099014,1322129437,4
1291099014,1322129724,5
1291099014,1322129730,5
1291099014,1322133296,6
1291099014,1322133531,8
1291099014,1322133768,5
1291099014,1322133825,6
1291099014,1322133858,5
1291099014,1322138079,3
1291099014,1322466938,5
1291099014,1322470462,3
1291099014,1352823209,6
1291099014,1355806197,3
1291099014,1380495496,6
1291099014,1447576662,10
1291099014,1508334312,3
1291099014,387364605,10
1291099014,416642425,7
1291099014,449438847,10
1291099014,478375456,17
1291099014,508793049,5
1291099014,541118908,17
1291099014,541870397,5
1291099014,572870540,14
1291099014,5813012006,11
1291099014,5813014873,11
1291099014,5813022281,8
1291099014,5813027103,11
1291099014,5813040233,14
1291099014,5813056953,3
1291099014,5813059835,5
1291099014,5813061251,8
1291099014,5813077544,10
1291099014,5813080838,6
1291099014,5813080979,7
1291099014,632544268,8
1291099014,633546217,8
1291099014,634608104,5
1291099014,634962055,12
1291099014,663190769,5
1291099014,664645558,4
1291099014,665314820,10
1291099014,694920753,11
1291099014,695629525,10
1291099014,695956656,10
1291099014,696362840,14
1291099014,697001770,4
1291099014,725951521,12
1291099014,758419409,8
1291099014,788794171,6
1291099014,789126240,8
1291099014,819828986,8
1291099014,847336755,8
1291099014,910438331,6
1291099014,910447075,5
1291099014,912545106,11
1291099014,912601268,11
1291099014,941132434,5
1291099014,942491983,8
1291099014,972892437,4
1291103485,1002507159,8
1291103485,1002852791,4
1291103485,1004017998,7
1291103485,1034219901,5
1291103485,1035045015,11
1291103485,1065409934,3
1291103485,1065410141,10
1291103485,1126647624,6
1291103485,1127476096,10
1291103485,1167995070,9
1291103485,1168660239,4
1291103485,1168664495,6
1291103485,1291094620,21
1291103485,1291094742,13
1291103485,1291099014,17
1291103485,1291435551,7
1291103485,1291435693,17
1291103485,1294082002,9
1291103485,1294414279,6
1291103485,1322129437,6
1291103485,1322129610,14
1291103485,1322129724,19
1291103485,1322129730,19
1291103485,1322129781,8
1291103485,1322133296,7
1291103485,1322133531,13
1291103485,1322133768,9
1291103485,1322133825,7
1291103485,1322133858,8
1291103485,1322133891,14
1291103485,1322137688,19
1291103485,1322138079,7
1291103485,1322142804,6
1291103485,1322466938,8
1291103485,1322470368,5
1291103485,1322470462,4
1291103485,1352823209,7
1291103485,1353168228,7
1291103485,1355806197,7
1291103485,1447576662,5
1291103485,387364605,6
1291103485,416642425,12
1291103485,449438847,4
1291103485,478375456,12
1291103485,541118908,12
1291103485,541870397,9
1291103485,572870540,13
1291103485,5813012006,10
1291103485,5813014873,10
1291103485,5813022281,4
1291103485,5813027103,12
1291103485,5813040233,6
1291103485,5813059835,9
1291103485,5813061251,10
1291103485,5813077544,18
1291103485,5813080838,15
1291103485,632544268,4
1291103485,633546217,11
1291103485,634962055,10
1291103485,665314820,5
1291103485,694920753,12
1291103485,695629525,11
1291103485,695956656,12
1291103485,696362840,8
1291103485,697001770,12
1291103485,725951521,9
1291103485,757055317,3
1291103485,758419409,13
1291103485,788794171,7
1291103485,789126240,7
1291103485,819828986,10
1291103485,910438331,9
1291103485,910447075,3
1291103485,912545106,7
1291103485,912601268,8
1291103485,941132434,8
1291103485,942491983,9
1291103485,972892437,4
1291366237,1002852791,11
1291366237,1004017998,6
1291366237,1034219901,7
1291366237,1035045015,8
1291366237,1065410141,5
1291366237,1125964814,9
1291366237,1126647624,11
1291366237,1127476096,7
1291366237,1167995070,11
1291366237,1168664495,7
1291366237,1168923315,3
1291366237,1169260589,3
1291366237,1260327246,37
1291366237,1261086734,3
1291366237,1261086756,3
1291366237,1261427885,10
1291366237,1261432076,30
1291366237,1261432158,6
1291366237,1261764651,5
1291366237,1261768644,4
1291366237,1261768832,4
1291366237,1261768859,22
1291366237,1261768880,25
1291366237,1261768913,3
1291366237,1261773414,9
1291366237,1262105637,3
1291366237,1291780631,4
1291366237,1291780675,6
1291366237,1292121433,3
1291366237,1292445517,6
1291366237,1292458303,28
1291366237,1292799346,3
1291366237,1292816565,3
1291366237,1322811128,51
1291366237,1322811160,104
1291366237,1322811232,36
1291366237,1322811240,3
1291366237,1323156554,49
1291366237,1447576662,18
1291366237,387364605,13
1291366237,416642425,5
1291366237,449438847,13
1291366237,478375456,9
1291366237,541118908,9
1291366237,541870397,8
1291366237,572870540,14
1291366237,5812979686,12
1291366237,5813012006,5
1291366237,5813014873,11
1291366237,5813022281,4
1291366237,5813027103,9
1291366237,5813040233,6
1291366237,5813061251,4
1291366237,5813077544,17
1291366237,5813080838,13
1291366237,632544268,8
1291366237,633546217,6
1291366237,634962055,10
1291366237,665314820,3
1291366237,694920753,7
1291366237,695629525,15
1291366237,695956656,12
1291366237,696362840,4
1291366237,697001770,6
1291366237,725951521,5
1291366237,758419409,5
1291366237,788794171,8
1291366237,819828986,5
1291366237,910438331,4
1291366237,912545106,12
1291366237,912601268,7
1291366237,941132434,3
1291366237,942491983,10
1291435551,1002507159,10
1291435551,1002852791,8
1291435551,1004017998,5
1291435551,1034219901,6
1291435551,1035045015,7
1291435551,1065410141,7
1291435551,1125964630,5
1291435551,1125964814,12
1291435551,1126647624,6
1291435551,1127471692,4
1291435551,1127476096,7
1291435551,1167995070,12
1291435551,1168664495,7
1291435551,1219069439,4
1291435551,1220576923,3
1291435551,1291094620,10
1291435551,1291094742,18
1291435551,1291099014,12
1291435551,1291103485,4
1291435551,1291435693,20
1291435551,1291444314,7
1291435551,1294082002,16
1291435551,1294414279,6
1291435551,1322129437,6
1291435551,1322129610,21
1291435551,1322129724,14
1291435551,1322129730,11
1291435551,1322129781,10
1291435551,1322133296,6
1291435551,1322133531,8
1291435551,1322133768,7
1291435551,1322133825,9
1291435551,1322133858,11
1291435551,1322133891,8
1291435551,1322137688,19
1291435551,1322138079,10
1291435551,1322142804,3
1291435551,1322466938,3
1291435551,1322470368,5
1291435551,1322470462,7
1291435551,1352823209,6
1291435551,1353168228,5
1291435551,1355806197,11
1291435551,1447576662,16
1291435551,387364605,10
1291435551,416642425,7
1291435551,449438847,9
1291435551,478375456,9
1291435551,541118908,14
1291435551,541870397,4
1291435551,572870540,9
1291435551,5813012006,13
1291435551,5813014873,5
1291435551,5813022281,7
1291435551,5813027103,8
1291435551,5813040233,5
1291435551,5813056953,5
1291435551,5813059835,12
1291435551,5813061251,4
1291435551,5813077544,12
1291435551,5813080838,9
1291435551,632544268,7
1291435551,633546217,7
1291435551,634608104,5
1291435551,634962055,11
1291435551,663190769,3
1291435551,665314820,7
1291435551,694920753,8
1291435551,695629525,9
1291435551,695956656,9
1291435551,696362840,13
1291435551,697001770,12
1291435551,725951521,9
1291435551,758419409,12
1291435551,788794171,3
1291435551,789126240,5
1291435551,819828986,4
1291435551,910438331,9
1291435551,912545106,6
1291435551,912601268,11
1291435551,941132434,7
1291435551,942491983,9
1291435551,942587380,4
1291435693,1002507159,7
1291435693,1002852791,8
1291435693,1004017998,11
1291435693,1034219901,7
1291435693,1035045015,15
1291435693,1065410141,3
1291435693,1125964630,5
1291435693,1125964814,8
1291435693,1126647624,9
1291435693,1127471692,10
1291435693,1127476096,9
1291435693,1167995070,10
1291435693,1168664495,5
1291435693,1218732640,8
1291435693,1220576923,8
1291435693,1291094620,3
1291435693,1291099014,3
1291435693,1291103485,3
1291435693,1291435551,7
1291435693,1294082002,5
1291435693,1322129610,4
1291435693,1322129724,7
1291435693,1322129730,4
1291435693,1322129781,7
1291435693,1322133296,5
1291435693,1322133768,5
1291435693,1322133825,3
1291435693,1322133858,4
1291435693,1322137688,6
1291435693,1322138079,3
1291435693,1322470368,3
1291435693,1322470462,3
1291435693,1352823209,3
1291435693,1355806197,4
1291435693,1380495496,5
1291435693,1447576662,18
1291435693,1508334312,4
1291435693,387364605,6
1291435693,416642425,18
1291435693,449438847,4
1291435693,478375456,17
1291435693,508793049,7
1291435693,509410587,4
1291435693,541118908,5
1291435693,541870397,15
1291435693,570461892,6
1291435693,572870540,20
1291435693,5813012006,7
1291435693,5813014873,12
1291435693,5813022281,9
1291435693,5813027103,11
1291435693,5813040233,11
1291435693,5813056953,4
1291435693,5813059835,3
1291435693,5813061251,8
1291435693,5813077544,14
1291435693,5813080838,13
1291435693,632544268,18
1291435693,633546217,6
1291435693,634608104,7
1291435693,634962055,11
1291435693,663190769,5
1291435693,664645558,4
1291435693,665314820,4
1291435693,694920753,11
1291435693,695629525,20
1291435693,695956656,12
1291435693,696362840,19
1291435693,697001770,7
1291435693,725951521,13
1291435693,758419409,3
1291435693,788794171,8
1291435693,789126240,5
1291435693,819828986,16
1291435693,847336755,3
1291435693,910438331,10
1291435693,910447075,9
1291435693,912545106,15
1291435693,912601268,12
1291435693,941132434,4
1291435693,942491983,6
1291435693,972892437,10
1291435776,1002507159,10
1291435776,1002852791,16
1291435776,1004017998,6
1291435776,1034219901,15
1291435776,1035045015,16
1291435776,1065410141,9
1291435776,1125964814,16
1291435776,1126647624,5
1291435776,1127476096,10
1291435776,1167995070,14
1291435776,1168659995,4
1291435776,1168664495,9
1291435776,1199086313,31
1291435776,1229288307,34
1291435776,1260327246,5
1291435776,1260828727,38
1291435776,1261169514,35
1291435776,1291780710,3
1291435776,1322470509,32
1291435776,1322470594,35
1291435776,1322474586,47
1291435776,1322811240,22
1291435776,1323156554,5
1291435776,1447576662,20
1291435776,387364605,7
1291435776,416642425,11
1291435776,449438847,4
1291435776,478375456,15
1291435776,541118908,12
1291435776,541870397,3
1291435776,572870540,17
1291435776,5812979230,3
1291435776,5812979459,18
1291435776,5813012006,11
1291435776,5813014873,10
1291435776,5813020455,6
1291435776,5813020568,19
1291435776,5813020585,27
1291435776,5813022281,11
1291435776,5813027103,11
1291435776,5813040233,7
1291435776,5813045050,3
1291435776,5813053983,4
1291435776,5813061251,22
1291435776,5813077544,18
1291435776,5813080838,20
1291435776,632544268,14
1291435776,633546217,9
1291435776,634962055,15
1291435776,665314820,14
1291435776,694920753,11
1291435776,695629525,16
1291435776,695956656,13
1291435776,696362840,21
1291435776,697001770,12
1291435776,725951521,11
1291435776,758419409,17
1291435776,788794171,11
1291435776,789126240,9
1291435776,819828986,6
1291435776,910438331,12
1291435776,912545106,19
1291435776,912601268,14
1291435776,941132434,7
1291435776,942491983,11
1291444314,1002507159,10
1291444314,1002852791,5
1291444314,1004017998,15
1291444314,1034219901,5
1291444314,1035045015,11
1291444314,1065410141,5
1291444314,1125964630,5
1291444314,1125964814,6
1291444314,1127471692,4
1291444314,1127476096,6
1291444314,1167995070,10
1291444314,1168664495,11
1291444314,1218732640,4
1291444314,1229288307,3
1291444314,1261768832,5
1291444314,1291094620,16
1291444314,1291094742,15
1291444314,1291099014,13
1291444314,1291435551,6
1291444314,1291435693,13
1291444314,1294082002,6
1291444314,1294414279,9
1291444314,1322129437,11
1291444314,1322129610,13
1291444314,1322129724,11
1291444314,1322129730,19
1291444314,1322129781,5
1291444314,1322133296,9
1291444314,1322133531,8
1291444314,1322133768,8
1291444314,1322133825,11
1291444314,1322133858,4
1291444314,1322133891,11
1291444314,1322137688,16
1291444314,1322138079,13
1291444314,1322142804,4
1291444314,1322466938,8
1291444314,1322470368,10
1291444314,1322470462,13
1291444314,1352823209,15
1291444314,1353168228,5
1291444314,1355806197,10
1291444314,1447576662,9
1291444314,1508334312,5
1291444314,387364605,5
1291444314,416642425,6
1291444314,449438847,9
1291444314,478375456,10
1291444314,508793049,4
1291444314,541118908,14
1291444314,541870397,5
1291444314,572870540,11
1291444314,5813012006,12
1291444314,5813014873,7
1291444314,5813020568,4
1291444314,5813022281,7
1291444314,5813027103,13
1291444314,5813040233,8
1291444314,5813056953,4
1291444314,5813059835,6
1291444314,5813061251,10
1291444314,5813077544,15
1291444314,5813080838,12
1291444314,632544268,11
1291444314,633546217,8
1291444314,634962055,4
1291444314,663190769,3
1291444314,665314820,10
1291444314,694920753,7
1291444314,695629525,10
1291444314,695956656,7
1291444314,696362840,6
1291444314,697001770,7
1291444314,725951521,4
1291444314,757055317,4
1291444314,758419409,6
1291444314,788794171,8
1291444314,789126240,5
1291444314,819828986,6
1291444314,847336755,6
1291444314,910438331,5
1291444314,910447075,6
1291444314,912545106,6
1291444314,912601268,5
1291444314,941132434,10
1291444314,942491983,6
1291444314,972892437,5
1291780631,1002852791,6
1291780631,1004017998,5
1291780631,1034219901,4
1291780631,1035045015,7
1291780631,1065410141,5
1291780631,1127476096,9
1291780631,1167995070,3
1291780631,1168664495,9
1291780631,1230738163,5
1291780631,1261086734,6
1291780631,1261086756,3
1291780631,1261169514,3
1291780631,1261427857,3
1291780631,1261436508,3
1291780631,1261756007,6
1291780631,1261760187,3
1291780631,1261760225,5
1291780631,1261760366,5
1291780631,1261760414,3
1291780631,1261760448,5
1291780631,1261760489,6
1291780631,1261764557,12
1291780631,1261764651,26
1291780631,1261768832,3
1291780631,1261768913,72
1291780631,1261773286,3
1291780631,1262105552,8
1291780631,1262105575,4
1291780631,1262105630,11
1291780631,1262105637,30
1291780631,1262114188,44
1291780631,1262114202,17
1291780631,1291780675,33
1291780631,1291780710,61
1291780631,1292794996,48
1291780631,1292799162,34
1291780631,1292799346,37
1291780631,1292803650,27
1291780631,1292807819,27
1291780631,1292816565,54
1291780631,1293135946,20
1291780631,1293136062,4
1291780631,1322811232,5
1291780631,1322811240,4
1291780631,1447576662,10
1291780631,387364605,9
1291780631,416642425,4
1291780631,449438847,9
1291780631,478375456,4
1291780631,541118908,12
1291780631,541870397,8
1291780631,572870540,9
1291780631,5812979684,22
1291780631,5812983887,3
1291780631,5812984024,7
1291780631,5813012006,8
1291780631,5813014873,13
1291780631,5813020568,3
1291780631,5813020585,3
1291780631,5813027103,8
1291780631,5813040233,5
1291780631,5813061251,4
1291780631,5813077544,7
1291780631,5813080269,3
1291780631,5813080838,9
1291780631,632544268,7
1291780631,633546217,7
1291780631,634962055,5
1291780631,665314820,3
1291780631,694920753,4
1291780631,695629525,6
1291780631,695956656,13
1291780631,696362840,7
1291780631,697001770,4
1291780631,725951521,8
1291780631,758419409,9
1291780631,788794171,4
1291780631,819828986,5
1291780631,910438331,8
1291780631,912545106,6
1291780631,912601268,3
1291780631,941132434,6
1291780631,942491983,12
1291780675,1002507159,6
1291780675,1002852791,9
1291780675,1004017998,7
1291780675,1035045015,7
1291780675,1125964814,3
1291780675,1168664495,6
1291780675,1169260589,4
1291780675,1230738163,3
1291780675,1261086734,9
1291780675,1261427857,5
1291780675,1261760225,4
1291780675,1261760366,8
1291780675,1261760448,11
1291780675,1261764557,5
1291780675,1261764651,20
1291780675,1261768832,3
1291780675,1261768913,57
1291780675,1261773286,4
1291780675,1261773330,3
1291780675,1262105552,14
1291780675,1262105575,5
1291780675,1262105630,19
1291780675,1262105637,25
1291780675,1262114188,27
1291780675,1262114202,23
1291780675,1291780631,39
1291780675,1291780710,41
1291780675,1292794996,37
1291780675,1292799162,30
1291780675,1292799346,39
1291780675,1292803650,44
1291780675,1292807819,22
1291780675,1292816565,22
1291780675,1293135946,22
1291780675,1293136062,4
1291780675,1322811160,3
1291780675,1355810793,4
1291780675,1447576662,9
1291780675,387364605,7
1291780675,449438847,4
1291780675,541118908,4
1291780675,541870397,3
1291780675,572870540,13
1291780675,5812979684,20
1291780675,5813014873,11
1291780675,5813022281,6
1291780675,5813027103,10
1291780675,5813061251,5
1291780675,5813077544,6
1291780675,5813080269,4
1291780675,5813080838,7
1291780675,633546217,6
1291780675,634962055,7
1291780675,665314820,5
1291780675,694920753,5
1291780675,695956656,7
1291780675,696362840,3
1291780675,697001770,8
1291780675,725951521,6
1291780675,758419409,8
1291780675,788794171,3
1291780675,789126240,4
1291780675,819828986,5
1291780675,912545106,7
1291780675,912601268,4
1291780675,941132434,5
1291780675,942491983,8
1291780710,1002507159,7
1291780710,1002852791,10
1291780710,1004017998,5
1291780710,1034219901,3
1291780710,1035045015,9
1291780710,1065410141,7
1291780710,1125964814,8
1291780710,1127476096,4
1291780710,1167995070,3
1291780710,1168664495,14
1291780710,1230738163,3
1291780710,1261086734,3
1291780710,1261756007,5
1291780710,1261760225,6
1291780710,1261760366,12
1291780710,1261760448,7
1291780710,1261764527,7
1291780710,1261764557,11
1291780710,1261764651,19
1291780710,1261768832,3
1291780710,1261768913,48
1291780710,1261773286,3
1291780710,1262105552,12
1291780710,1262105575,3
1291780710,1262105630,15
1291780710,1262105637,21
1291780710,1262114112,13
1291780710,1262114188,44
1291780710,1262114202,17
1291780710,1291780631,52
1291780710,1291780675,45
1291780710,1292794996,43
1291780710,1292799162,53
1291780710,1292799346,29
1291780710,1292803650,30
1291780710,1292807819,38
1291780710,1292816565,29
1291780710,1293135946,23
1291780710,1293136062,8
1291780710,1322811128,3
1291780710,1322811232,3
1291780710,1322811240,3
1291780710,1323156554,3
1291780710,1447576662,8
1291780710,387364605,6
1291780710,416642425,4
1291780710,449438847,6
1291780710,541118908,8
1291780710,541870397,5
1291780710,572870540,10
1291780710,5812979459,6
1291780710,5812979684,27
1291780710,5812984024,3
1291780710,5813012006,4
1291780710,5813014873,11
1291780710,5813022281,7
1291780710,5813027103,5
1291780710,5813040233,4
1291780710,5813053988,3
1291780710,5813061251,7
1291780710,5813077544,9
1291780710,5813080838,7
1291780710,632544268,9
1291780710,633546217,4
1291780710,634962055,9
1291780710,665314820,3
1291780710,694920753,9
1291780710,695629525,4
1291780710,695956656,7
1291780710,696362840,5
1291780710,697001770,10
1291780710,725951521,12
1291780710,758419409,7
1291780710,788794171,4
1291780710,789126240,8
1291780710,819828986,11
1291780710,910438331,6
1291780710,912545106,7
1291780710,912601268,6
1291780710,941132434,5
1291780710,942491983,6
1292113218,1002507159,7
1292113218,1034219901,10
1292113218,1035045015,5
1292113218,1125964814,4
1292113218,1127476096,3
1292113218,1167995070,7
1292113218,1168664495,4
1292113218,1199017128,4
1292113218,1230738163,3
1292113218,1261082560,33
1292113218,1261086734,40
1292113218,1261086755,44
1292113218,1261086756,39
1292113218,1261086823,29
1292113218,1261086863,49
1292113218,1261091124,32
1292113218,1261091157,25
1292113218,1261091174,50
1292113218,1261419142,20
1292113218,1261423370,50
1292113218,1261423444,37
1292113218,1261423454,20
1292113218,1261423480,21
1292113218,1261423507,20
1292113218,1261423534,3
1292113218,1261427765,20
1292113218,1261427857,33
1292113218,1261427892,6
1292113218,1261432159,3
1292113218,1261432168,3
1292113218,1261436305,34
1292113218,1261436508,42
1292113218,1261756007,36
1292113218,1261760187,9
1292113218,1261768859,3
1292113218,1261773304,10
1292113218,1292121433,6
1292113218,1292458366,4
1292113218,1292466818,3
1292113218,1447576662,5
1292113218,387364605,7
1292113218,416642425,5
1292113218,449438847,9
1292113218,478375456,4
1292113218,541118908,6
1292113218,541870397,3
1292113218,572870540,10
1292113218,5812983887,36
1292113218,5813014873,6
1292113218,5813020587,13
1292113218,5813027103,6
1292113218,5813040233,7
1292113218,5813077544,7
1292113218,5813080838,5
1292113218,632544268,5
1292113218,633546217,5
1292113218,634962055,4
1292113218,694920753,3
1292113218,695629525,10
1292113218,695956656,4
1292113218,697001770,7
1292113218,725951521,5
1292113218,758419409,5
1292113218,788794171,4
1292113218,789126240,7
1292113218,819828986,7
1292113218,910438331,3
1292113218,912545106,4
1292113218,912601268,5
1292113218,941132434,4
1292113218,942491983,5
1292121433,1002507159,3
1292121433,1002852791,3
1292121433,1004017998,3
1292121433,1034219901,6
1292121433,1035045015,8
1292121433,1125964814,5
1292121433,1126647624,5
1292121433,1167995070,3
1292121433,1168664495,5
1292121433,1261082560,13
1292121433,1261086755,9
1292121433,1261086756,8
1292121433,1261086823,26
1292121433,1261086863,3
1292121433,1261091124,3
1292121433,1261091157,13
1292121433,1261091174,10
1292121433,1261419142,20
1292121433,1261423370,4
1292121433,1261423444,7
1292121433,1261423454,25
1292121433,1261423480,14
1292121433,1261423507,23
1292121433,1261423534,48
1292121433,1261427765,28
1292121433,1261427885,9
1292121433,1261427892,61
1292121433,1261427999,58
1292121433,1261432052,40
1292121433,1261432076,4
1292121433,1261432158,8
1292121433,1261432159,22
1292121433,1261432168,23
1292121433,1261436305,8
1292121433,1261756007,3
1292121433,1261760187,27
1292121433,1261768880,3
1292121433,1261773304,39
1292121433,1261773414,12
1292121433,1292445517,13
1292121433,1292458303,4
1292121433,1292458366,46
1292121433,1292466818,23
1292121433,1447576662,5
1292121433,387364605,5
1292121433,449438847,6
1292121433,478375456,4
1292121433,541118908,7
1292121433,541870397,5
1292121433,572870540,4
1292121433,5812979686,4
1292121433,5813012006,3
1292121433,5813020587,35
1292121433,5813022281,4
1292121433,5813040233,5
1292121433,5813080272,63
1292121433,5813080838,4
1292121433,632544268,6
1292121433,633546217,4
1292121433,634962055,6
1292121433,695629525,5
1292121433,695956656,3
1292121433,696362840,3
1292121433,697001770,6
1292121433,725951521,5
1292121433,758419409,4
1292121433,788794171,3
1292121433,819828986,5
1292121433,910438331,4
1292121433,912545106,3
1292121433,912601268,3
1292121433,941132434,4
1292121433,942491983,3
1292423935,1003672766,3
1292423935,882533209,3
1292423935,911565319,3
1292445517,1002507159,4
1292445517,1002852791,4
1292445517,1004017998,4
1292445517,1034219901,3
1292445517,1035045015,5
1292445517,1065410141,3
1292445517,1125964814,5
1292445517,1127476096,3
1292445517,1167995070,5
1292445517,1168664495,7
1292445517,1261086823,6
1292445517,1261423454,6
1292445517,1261423480,3
1292445517,1261423507,8
1292445517,1261423534,31
1292445517,1261427765,4
1292445517,1261427885,39
1292445517,1261427892,10
1292445517,1261427999,32
1292445517,1261432052,14
1292445517,1261432076,41
1292445517,1261432158,44
1292445517,1261432159,47
1292445517,1261432168,48
1292445517,1261760187,5
1292445517,1261768859,40
1292445517,1261768880,42
1292445517,1261773304,10
1292445517,1261773414,54
1292445517,1291366237,3
1292445517,1292121433,20
1292445517,1292458303,25
1292445517,1292458366,43
1292445517,1292466818,41
1292445517,1447576662,6
1292445517,387364605,3
1292445517,449438847,6
1292445517,478375456,6
1292445517,541118908,4
1292445517,541870397,5
1292445517,572870540,5
1292445517,5812979686,51
1292445517,5813022281,3
1292445517,5813027103,5
1292445517,5813040233,7
1292445517,5813077544,10
1292445517,5813080272,19
1292445517,5813080838,4
1292445517,632544268,5
1292445517,665314820,3
1292445517,695629525,7
1292445517,788794171,7
1292445517,819828986,3
1292445517,912545106,4
1292445517,941132434,3
1292458303,1002507159,3
1292458303,1002852791,6
1292458303,1004017998,3
1292458303,1035045015,12
1292458303,1065410141,5
1292458303,1127476096,5
1292458303,1167995070,3
1292458303,1168664495,4
1292458303,1230738163,3
1292458303,1260327246,4
1292458303,1261423534,8
1292458303,1261427885,52
1292458303,1261432076,94
1292458303,1261432158,36
1292458303,1261432159,26
1292458303,1261432168,16
1292458303,1261436508,3
1292458303,1261768644,4
1292458303,1261768859,65
1292458303,1261768880,78
1292458303,1261768913,3
1292458303,1261773414,34
1292458303,1291366237,39
1292458303,1292121433,3
1292458303,1292445517,28
1292458303,1292458366,10
1292458303,1292466818,19
1292458303,1322811160,26
1292458303,1323156554,4
1292458303,1447576662,11
1292458303,387364605,3
1292458303,416642425,3
1292458303,449438847,8
1292458303,478375456,7
1292458303,541118908,7
1292458303,541870397,5
1292458303,572870540,12
1292458303,5812979686,47
1292458303,5813012006,8
1292458303,5813014873,6
1292458303,5813022281,7
1292458303,5813027103,5
1292458303,5813040233,6
1292458303,5813077544,9
1292458303,5813080272,6
1292458303,5813080838,5
1292458303,632544268,6
1292458303,633546217,3
1292458303,634962055,5
1292458303,665314820,4
1292458303,695629525,5
1292458303,695956656,7
1292458303,696362840,5
1292458303,697001770,3
1292458303,725951521,3
1292458303,758419409,7
1292458303,788794171,3
1292458303,910438331,5
1292458303,912545106,4
1292458303,941132434,5
1292458303,942491983,3
1292458366,1002507159,3
1292458366,1004017998,4
1292458366,1034219901,6
1292458366,1035045015,5
1292458366,1127476096,3
1292458366,1168664495,4
1292458366,1261086755,4
1292458366,1261086756,3
1292458366,1261086823,3
1292458366,1261091157,3
1292458366,1261419142,7
1292458366,1261423444,4
1292458366,1261423454,8
1292458366,1261423480,9
1292458366,1261423507,15
1292458366,1261423534,50
1292458366,1261427765,11
1292458366,1261427857,3
1292458366,1261427885,14
1292458366,1261427892,29
1292458366,1261427999,63
1292458366,1261432052,36
1292458366,1261432076,13
1292458366,1261432158,33
1292458366,1261432159,36
1292458366,1261432168,48
1292458366,1261760187,8
1292458366,1261768859,9
1292458366,1261768880,8
1292458366,1261773304,30
1292458366,1261773414,32
1292458366,1292121433,43
1292458366,1292445517,34
1292458366,1292458303,5
1292458366,1292466818,40
1292458366,387364605,3
1292458366,416642425,3
1292458366,478375456,9
1292458366,541118908,3
1292458366,572870540,3
1292458366,5812979686,28
1292458366,5813020587,17
1292458366,5813027103,3
1292458366,5813040233,5
1292458366,5813077544,6
1292458366,5813080272,51
1292458366,5813080838,5
1292458366,632544268,7
1292458366,634962055,3
1292458366,695629525,4
1292458366,695956656,4
1292458366,696362840,4
1292458366,788794171,7
1292458366,910438331,3
1292458366,912545106,4
1292458366,941132434,3
1292466818,1002507159,4
1292466818,1034219901,4
1292466818,1035045015,5
1292466818,1126647624,3
1292466818,1127476096,3
1292466818,1167995070,6
1292466818,1168664495,5
1292466818,1261082560,7
1292466818,1261086756,3
1292466818,1261086823,4
1292466818,1261086863,3
1292466818,1261091157,7
1292466818,1261423444,5
1292466818,1261423454,12
1292466818,1261423480,5
1292466818,1261423507,13
1292466818,1261423534,41
1292466818,1261427765,11
1292466818,1261427857,3
1292466818,1261427885,14
1292466818,1261427892,26
1292466818,1261427999,49
1292466818,1261432052,35
1292466818,1261432076,17
1292466818,1261432158,41
1292466818,1261432159,35
1292466818,1261432168,49
1292466818,1261760187,9
1292466818,1261768859,10
1292466818,1261768880,12
1292466818,1261773304,29
1292466818,1261773414,28
1292466818,1292121433,32
1292466818,1292445517,30
1292466818,1292458303,11
1292466818,1292458366,47
1292466818,1447576662,5
1292466818,387364605,4
1292466818,449438847,4
1292466818,478375456,6
1292466818,572870540,7
1292466818,5812979686,31
1292466818,5813012006,4
1292466818,5813014873,3
1292466818,5813020587,17
1292466818,5813022281,4
1292466818,5813027103,5
1292466818,5813040233,7
1292466818,5813080272,43
1292466818,5813080838,3
1292466818,632544268,6
1292466818,634962055,3
1292466818,665314820,4
1292466818,694920753,4
1292466818,695629525,4
1292466818,697001770,4
1292466818,725951521,3
1292466818,758419409,4
1292466818,788794171,6
1292466818,910438331,3
1292466818,912545106,6
1292466818,942491983,4
1292794996,1002507159,7
1292794996,1002852791,8
1292794996,1004017998,5
1292794996,1034219901,5
1292794996,1035045015,8
1292794996,1065410141,5
1292794996,1125964814,3
1292794996,1168664495,6
1292794996,1199427845,3
1292794996,1260422110,3
1292794996,1261086755,3
1292794996,1261760225,9
1292794996,1261760366,8
1292794996,1261760448,7
1292794996,1261764527,3
1292794996,1261764557,15
1292794996,1261764651,22
1292794996,1261768913,52
1292794996,1262105552,22
1292794996,1262105575,5
1292794996,1262105601,3
1292794996,1262105630,20
1292794996,1262105637,31
1292794996,1262114112,5
1292794996,1262114188,35
1292794996,1262114202,25
1292794996,1291435776,3
1292794996,1291780631,41
1292794996,1291780675,39
1292794996,1291780710,52
1292794996,1292799162,32
1292794996,1292799346,32
1292794996,1292803650,17
1292794996,1292807819,23
1292794996,1292816565,19
1292794996,1293135946,15
1292794996,1293136062,4
1292794996,1322470509,3
1292794996,1322811160,3
1292794996,1322811240,3
1292794996,1355810793,3
1292794996,1447576662,6
1292794996,449438847,5
1292794996,541118908,4
1292794996,541870397,5
1292794996,572870540,11
1292794996,5812979684,20
1292794996,5812984024,5
1292794996,5813012006,7
1292794996,5813014873,7
1292794996,5813020568,4
1292794996,5813022281,4
1292794996,5813027103,7
1292794996,5813040233,4
1292794996,5813061251,6
1292794996,5813077544,9
1292794996,5813080269,5
1292794996,5813080838,6
1292794996,632544268,5
1292794996,633546217,5
1292794996,634962055,9
1292794996,665314820,7
1292794996,695629525,6
1292794996,695956656,5
1292794996,696362840,5
1292794996,697001770,6
1292794996,725951521,8
1292794996,758419409,8
1292794996,819828986,6
1292794996,910438331,9
1292794996,912545106,6
1292794996,912601268,6
1292794996,941132434,3
1292794996,942491983,3
1292799162,1002507159,4
1292799162,1002852791,6
1292799162,1004017998,9
1292799162,1034219901,7
1292799162,1035045015,5
1292799162,1065410141,4
1292799162,1168664495,8
1292799162,1261760225,12
1292799162,1261760366,12
1292799162,1261760414,3
1292799162,1261760448,9
1292799162,1261760489,3
1292799162,1261764527,3
1292799162,1261764557,9
1292799162,1261764651,20
1292799162,1261768913,38
1292799162,1261773330,4
1292799162,1262101350,3
1292799162,1262105552,16
1292799162,1262105601,3
1292799162,1262105630,26
1292799162,1262105637,31
1292799162,1262114112,13
1292799162,1262114188,30
1292799162,1262114202,23
1292799162,1291780631,36
1292799162,1291780675,34
1292799162,1291780710,50
1292799162,1292794996,28
1292799162,1292799346,21
1292799162,1292803650,26
1292799162,1292807819,34
1292799162,1292816565,25
1292799162,1293135946,31
1292799162,1293136062,4
1292799162,1322811232,3
1292799162,1355810793,9
1292799162,1447576662,9
1292799162,387364605,6
1292799162,449438847,5
1292799162,478375456,3
1292799162,541118908,5
1292799162,541870397,4
1292799162,572870540,11
1292799162,5812979459,3
1292799162,5812979684,28
1292799162,5812984024,8
1292799162,5813014873,7
1292799162,5813027103,3
1292799162,5813040233,3
1292799162,5813061251,3
1292799162,5813077544,7
1292799162,5813080269,8
1292799162,5813080838,8
1292799162,632544268,3
1292799162,633546217,3
1292799162,634962055,5
1292799162,695629525,3
1292799162,695956656,4
1292799162,696362840,5
1292799162,697001770,6
1292799162,725951521,6
1292799162,758419409,4
1292799162,819828986,7
1292799162,910438331,6
1292799162,941132434,4
1292799162,942491983,4
1292799346,1002507159,5
1292799346,1002852791,6
1292799346,1004017998,4
1292799346,1034219901,3
1292799346,1035045015,3
1292799346,1167995070,6
1292799346,1168664495,5
1292799346,1199086313,3
1292799346,1260327246,4
1292799346,1261086734,11
1292799346,1261091124,3
1292799346,1261423370,3
1292799346,1261427857,10
1292799346,1261756007,8
1292799346,1261760225,7
1292799346,1261760366,9
1292799346,1261760448,9
1292799346,1261760489,3
1292799346,1261764527,5
1292799346,1261764557,12
1292799346,1261764651,14
1292799346,1261768913,48
1292799346,1261773286,4
1292799346,1261773330,4
1292799346,1262105552,21
1292799346,1262105575,7
1292799346,1262105601,9
1292799346,1262105630,22
1292799346,1262105637,38
1292799346,1262114112,10
1292799346,1262114188,34
1292799346,1262114202,14
1292799346,1291780631,41
1292799346,1291780675,41
1292799346,1291780710,46
1292799346,1292794996,40
1292799346,1292799162,25
1292799346,1292803650,44
1292799346,1292807819,29
1292799346,1292816565,41
1292799346,1293135946,19
1292799346,1293136062,12
1292799346,1322811160,3
1292799346,1355810793,6
1292799346,1447576662,10
1292799346,387364605,7
1292799346,449438847,3
1292799346,478375456,4
1292799346,541118908,8
1292799346,541870397,3
1292799346,572870540,9
1292799346,5812979684,26
1292799346,5812983887,3
1292799346,5812984024,6
1292799346,5813012006,5
1292799346,5813014873,8
1292799346,5813027103,8
1292799346,5813077544,9
1292799346,5813080269,6
1292799346,5813080838,9
1292799346,632544268,4
1292799346,633546217,3
1292799346,634962055,9
1292799346,665314820,9
1292799346,695629525,3
1292799346,695956656,9
1292799346,696362840,3
1292799346,697001770,7
1292799346,725951521,4
1292799346,758419409,7
1292799346,788794171,3
1292799346,789126240,5
1292799346,819828986,8
1292799346,910438331,6
1292799346,912545106,6
1292799346,912601268,5
1292799346,942491983,5
1292803650,1002507159,8
1292803650,1002852791,12
1292803650,1004017998,5
1292803650,1035045015,4
1292803650,1125964814,3
1292803650,1127476096,3
1292803650,1168664495,6
1292803650,1169260589,5
1292803650,1230121634,3
1292803650,1230738163,8
1292803650,1261086734,9
1292803650,1261419142,4
1292803650,1261427857,7
1292803650,1261436508,5
1292803650,1261756007,8
1292803650,1261760225,6
1292803650,1261760366,28
1292803650,1261760448,14
1292803650,1261764527,8
1292803650,1261764557,19
1292803650,1261764651,20
1292803650,1261768832,3
1292803650,1261768913,35
1292803650,1261773104,3
1292803650,1261773286,5
1292803650,1261773330,4
1292803650,1262105552,20
1292803650,1262105575,11
1292803650,1262105601,6
1292803650,1262105630,18
1292803650,1262105637,23
1292803650,1262114112,15
1292803650,1262114188,29
1292803650,1262114202,19
1292803650,1291780631,32
1292803650,1291780675,47
1292803650,1291780710,29
1292803650,1292794996,25
1292803650,1292799162,27
1292803650,1292799346,51
1292803650,1292807819,35
1292803650,1292816565,46
1292803650,1293135946,20
1292803650,1293136062,11
1292803650,1322470368,5
1292803650,1322811160,3
1292803650,1355810793,6
1292803650,1447576662,13
1292803650,387364605,13
1292803650,449438847,4
1292803650,541118908,8
1292803650,572870540,7
1292803650,5812979684,28
1292803650,5812984024,3
1292803650,5813012006,5
1292803650,5813014873,8
1292803650,5813027103,7
1292803650,5813061251,4
1292803650,5813077544,7
1292803650,5813080269,12
1292803650,5813080838,4
1292803650,632544268,5
1292803650,633546217,3
1292803650,634962055,10
1292803650,665314820,4
1292803650,695629525,3
1292803650,695956656,9
1292803650,697001770,7
1292803650,725951521,8
1292803650,758419409,4
1292803650,789126240,4
1292803650,819828986,6
1292803650,910438331,3
1292803650,912545106,6
1292803650,912601268,4
1292803650,941132434,5
1292803650,942491983,6
1292807819,1002507159,3
1292807819,1002852791,4
1292807819,1004017998,7
1292807819,1034219901,4
1292807819,1035045015,6
1292807819,1127476096,5
1292807819,1167995070,3
1292807819,1168664495,6
1292807819,1169260589,3
1292807819,1261760225,12
1292807819,1261760366,9
1292807819,1261760414,3
1292807819,1261760448,19
1292807819,1261764527,6
1292807819,1261764557,21
1292807819,1261764651,27
1292807819,1261768913,32
1292807819,1261773286,6
1292807819,1261773330,4
1292807819,1262105552,33
1292807819,1262105575,10
1292807819,1262105601,10
1292807819,1262105630,33
1292807819,1262105637,46
1292807819,1262114112,11
1292807819,1262114188,47
1292807819,1262114202,36
1292807819,1291780631,18
1292807819,1291780675,32
1292807819,1291780710,35
1292807819,1292794996,28
1292807819,1292799162,43
1292807819,1292799346,27
1292807819,1292803650,26
1292807819,1292816565,18
1292807819,1293135946,30
1292807819,1293136062,6
1292807819,1355810793,8
1292807819,1447576662,8
1292807819,387364605,5
1292807819,449438847,4
1292807819,541118908,5
1292807819,541870397,4
1292807819,572870540,8
1292807819,5812979684,15
1292807819,5812984024,9
1292807819,5813014873,8
1292807819,5813027103,10
1292807819,5813040233,7
1292807819,5813061251,8
1292807819,5813077544,6
1292807819,5813080269,8
1292807819,5813080838,4
1292807819,634962055,6
1292807819,695956656,6
1292807819,725951521,4
1292807819,758419409,4
1292807819,789126240,6
1292807819,819828986,8
1292807819,910438331,5
1292807819,912601268,3
1292807819,942491983,3
1292816565,1002507159,3
1292816565,1002852791,6
1292816565,1034219901,8
1292816565,1035045015,6
1292816565,1125964814,4
1292816565,1126647624,3
1292816565,1127476096,6
1292816565,1167995070,4
1292816565,1168664495,8
1292816565,1169260589,3
1292816565,1230738163,7
1292816565,1261086734,13
1292816565,1261086756,8
1292816565,1261091124,12
1292816565,1261091174,4
1292816565,1261427857,13
1292816565,1261436508,6
1292816565,1261756007,8
1292816565,1261760225,7
1292816565,1261760366,8
1292816565,1261760448,7
1292816565,1261764527,6
1292816565,1261764557,10
1292816565,1261764651,23
1292816565,1261768644,3
1292816565,1261768913,38
1292816565,1261773286,9
1292816565,1261773330,7
1292816565,1262105552,17
1292816565,1262105601,9
1292816565,1262105630,16
1292816565,1262105637,33
1292816565,1262114112,9
1292816565,1262114188,26
1292816565,1262114202,18
1292816565,1291780631,49
1292816565,1291780675,39
1292816565,1291780710,37
1292816565,1292113218,3
1292816565,1292794996,34
1292816565,1292799162,31
1292816565,1292799346,44
1292816565,1292803650,50
1292816565,1292807819,25
1292816565,1293135946,15
1292816565,1293136062,7
1292816565,1322811128,4
1292816565,1355810793,4
1292816565,1447576662,12
1292816565,387364605,7
1292816565,416642425,5
1292816565,449438847,6
1292816565,478375456,4
1292816565,541118908,8
1292816565,541870397,6
1292816565,572870540,9
1292816565,5812979684,16
1292816565,5812983887,4
1292816565,5812984024,7
1292816565,5813014873,8
1292816565,5813022281,6
1292816565,5813027103,5
1292816565,5813040233,7
1292816565,5813061251,5
1292816565,5813077544,6
1292816565,5813080269,7
1292816565,5813080838,8
1292816565,633546217,4
1292816565,634962055,10
1292816565,694920753,3
1292816565,695629525,3
1292816565,695956656,8
1292816565,696362840,5
1292816565,697001770,8
1292816565,725951521,5
1292816565,758419409,4
1292816565,788794171,5
1292816565,819828986,8
1292816565,910438331,6
1292816565,912545106,3
1292816565,912601268,4
1292816565,941132434,7
1292816565,942491983,4
1292846965,1002507159,11
1292846965,1002852791,14
1292846965,1004017998,4
1292846965,1034219901,7
1292846965,1035045015,9
1292846965,1065410141,15
1292846965,1105834722,3
1292846965,1125964814,6
1292846965,1126647624,8
1292846965,1127476096,9
1292846965,1167295853,50
1292846965,1167295856,55
1292846965,1167295872,58
1292846965,1167295916,72
1292846965,1167300055,65
1292846965,1167300154,43
1292846965,1167300194,39
1292846965,1167304403,51
1292846965,1167632513,62
1292846965,1167645523,40
1292846965,1167891559,58
1292846965,1167896065,4
1292846965,1167982211,43
1292846965,1167995070,9
1292846965,1168664495,13
1292846965,1198006801,53
1292846965,1198667367,3
1292846965,1198693217,58
1292846965,1198931241,67
1292846965,1199712167,6
1292846965,1199712272,5
1292846965,1229965474,54
1292846965,1230026228,59
1292846965,1230026402,51
1292846965,1230480261,6
1292846965,1261000309,59
1292846965,1261056809,46
1292846965,1324145475,50
1292846965,1416900410,70
1292846965,1447576662,14
1292846965,1513674176,50
1292846965,387364605,3
1292846965,416642425,11
1292846965,449438847,11
1292846965,478375456,12
1292846965,541870397,9
1292846965,572870540,14
1292846965,5812979222,52
1292846965,5813012006,11
1292846965,5813014873,15
1292846965,5813022281,7
1292846965,5813027103,3
1292846965,5813040233,7
1292846965,5813047647,3
1292846965,5813061251,7
1292846965,5813077544,17
1292846965,5813080838,9
1292846965,632544268,6
1292846965,633546217,5
1292846965,634962055,6
1292846965,665314820,10
1292846965,694920753,7
1292846965,695629525,15
1292846965,695956656,6
1292846965,696362840,3
1292846965,697001770,14
1292846965,725951521,7
1292846965,758419409,14
1292846965,788794171,3
1292846965,789126240,7
1292846965,819828986,11
1292846965,910438331,9
1292846965,912545106,15
1292846965,912601268,4
1292846965,941132434,6
1292846965,942491983,7
1292847181,1002507159,42
1292847181,1002852791,49
1292847181,1004017998,22
1292847181,1034219901,50
1292847181,1035045015,21
1292847181,1065410141,14
1292847181,1105834722,16
1292847181,1106180107,22
1292847181,1125964814,33
1292847181,1126647624,35
1292847181,1127476096,21
1292847181,1136861363,8
1292847181,1137210821,6
1292847181,1137219365,18
1292847181,1167300055,4
1292847181,1167563121,14
1292847181,1167567702,29
1292847181,1167641412,114
1292847181,1167645442,73
1292847181,1167645658,21
1292847181,1167895489,13
1292847181,1167896065,12
1292847181,1167904437,5
1292847181,1167977970,88
1292847181,1167995070,30
1292847181,1168059800,7
1292847181,1168064774,12
1292847181,1168241257,12
1292847181,1168249921,34
1292847181,1168664495,19
1292847181,1168923315,28
1292847181,1198006801,3
1292847181,1198257581,15
1292847181,1198326456,112
1292847181,1198334861,21
1292847181,1198413357,7
1292847181,1198667367,13
1292847181,1198671494,87
1292847181,1198671672,10
1292847181,1198675740,12
1292847181,1198680122,19
1292847181,1198680249,19
1292847181,1198680426,17
1292847181,1198680441,29
1292847181,1198684596,17
1292847181,1198943369,19
1292847181,1199017128,17
1292847181,1199289203,6
1292847181,1199431561,14
1292847181,1199432267,8
1292847181,1199625952,3
1292847181,1199699496,12
1292847181,1199712167,13
1292847181,1199712272,20
1292847181,1229369776,33
1292847181,1229710803,18
1292847181,1230121634,6
1292847181,1230125720,3
1292847181,1230319275,10
1292847181,1230480261,7
1292847181,1260400286,11
1292847181,1260422110,23
1292847181,1260754053,19
1292847181,1261082560,3
1292847181,1447576662,48
1292847181,387364605,48
1292847181,416642425,32
1292847181,449438847,52
1292847181,478375456,28
1292847181,541118908,17
1292847181,541870397,29
1292847181,572870540,35
1292847181,5812979082,28
1292847181,5813012006,20
1292847181,5813014873,31
1292847181,5813020409,6
1292847181,5813022281,44
1292847181,5813027103,35
1292847181,5813038224,5
1292847181,5813040233,35
1292847181,5813047446,15
1292847181,5813047647,22
1292847181,5813047793,68
1292847181,5813048896,13
1292847181,5813049948,78
1292847181,5813050767,108
1292847181,5813053866,84
1292847181,5813053988,12
1292847181,5813061251,33
1292847181,5813077544,29
1292847181,5813077556,31
1292847181,5813080838,19
1292847181,632544268,22
1292847181,633546217,29
1292847181,634962055,27
1292847181,665314820,38
1292847181,694920753,38
1292847181,695629525,26
1292847181,695956656,32
1292847181,696362840,21
1292847181,697001770,44
1292847181,725951521,39
1292847181,758419409,51
1292847181,788794171,28
1292847181,789126240,31
1292847181,819828986,19
1292847181,910438331,51
1292847181,912545106,43
1292847181,912601268,25
1292847181,941132434,36
1292847181,942491983,41
1293135946,1002852791,5
1293135946,1035045015,3
1293135946,1168664495,4
1293135946,1230738163,4
1293135946,1261086734,3
1293135946,1261760225,16
1293135946,1261760230,3
1293135946,1261760366,19
1293135946,1261760414,3
1293135946,1261760448,18
1293135946,1261760489,5
1293135946,1261764527,6
1293135946,1261764557,13
1293135946,1261764651,22
1293135946,1261768832,3
1293135946,1261768913,16
1293135946,1261773286,5
1293135946,1261773330,6
1293135946,1262105552,24
1293135946,1262105575,12
1293135946,1262105601,10
1293135946,1262105630,23
1293135946,1262105637,22
1293135946,1262114112,15
1293135946,1262114188,30
1293135946,1262114202,29
1293135946,1291780631,13
1293135946,1291780675,27
1293135946,1291780710,21
1293135946,1292794996,23
1293135946,1292799162,29
1293135946,1292799346,19
1293135946,1292803650,19
1293135946,1292807819,25
1293135946,1292816565,16
1293135946,1293136062,10
1293135946,1355810793,9
1293135946,1447576662,3
1293135946,387364605,4
1293135946,541118908,6
1293135946,541870397,4
1293135946,572870540,3
1293135946,5812979684,25
1293135946,5812984024,9
1293135946,5813027103,5
1293135946,5813077544,6
1293135946,5813080269,5
1293135946,5813080838,6
1293135946,632544268,6
1293135946,633546217,5
1293135946,695956656,5
1293135946,697001770,4
1293135946,725951521,3
1293135946,758419409,3
1293135946,788794171,3
1293135946,789126240,3
1293135946,819828986,9
1293135946,942491983,3
1293136062,1261086734,4
1293136062,1261760225,15
1293136062,1261760366,24
1293136062,1261760414,11
1293136062,1261760448,25
1293136062,1261760489,10
1293136062,1261764527,11
1293136062,1261764557,41
1293136062,1261764651,29
1293136062,1261768913,12
1293136062,1261773104,5
1293136062,1261773286,7
1293136062,1261773330,10
1293136062,1262101350,8
1293136062,1262105552,29
1293136062,1262105575,20
1293136062,1262105601,16
1293136062,1262105630,23
1293136062,1262105637,11
1293136062,1262114112,20
1293136062,1262114188,19
1293136062,1262114202,23
1293136062,1291780631,9
1293136062,1291780675,13
1293136062,1291780710,16
1293136062,1292794996,14
1293136062,1292799162,14
1293136062,1292799346,16
1293136062,1292803650,13
1293136062,1292807819,15
1293136062,1292816565,15
1293136062,1293135946,23
1293136062,1355810793,12
1293136062,5812979684,19
1293136062,5812984024,5
1293136062,5813080269,18
1293136062,819828986,3
1294082002,1002507131,5
1294082002,1002507159,14
1294082002,1002852791,12
1294082002,1004017998,3
1294082002,1034219901,7
1294082002,1035045015,11
1294082002,1065410141,10
1294082002,1125964630,7
1294082002,1125964814,10
1294082002,1126647624,7
1294082002,1127471692,7
1294082002,1127476096,7
1294082002,1167995070,5
1294082002,1168659995,4
1294082002,1168664495,10
1294082002,1218732640,10
1294082002,1219069439,5
1294082002,1220576923,5
1294082002,1291094620,9
1294082002,1291094742,14
1294082002,1291099014,9
1294082002,1291103485,4
1294082002,1291435551,5
1294082002,1291435693,6
1294082002,1291444314,5
1294082002,1294414279,5
1294082002,1322129437,10
1294082002,1322129610,12
1294082002,1322129724,10
1294082002,1322129730,11
1294082002,1322133296,5
1294082002,1322133531,5
1294082002,1322133768,9
1294082002,1322133825,4
1294082002,1322133858,5
1294082002,1322133891,11
1294082002,1322137688,11
1294082002,1322138079,10
1294082002,1322466938,4
1294082002,1322470368,3
1294082002,1322470462,6
1294082002,1352823209,5
1294082002,1355806197,5
1294082002,1380495496,7
1294082002,1447576662,13
1294082002,1508334312,4
1294082002,387364605,13
1294082002,416642425,12
1294082002,449438847,14
1294082002,478375456,12
1294082002,508793049,7
1294082002,541118908,13
1294082002,541870397,10
1294082002,572870540,15
1294082002,5813012006,18
1294082002,5813014873,12
1294082002,5813022281,10
1294082002,5813027103,18
1294082002,5813040233,7
1294082002,5813059835,8
1294082002,5813061251,10
1294082002,5813077544,17
1294082002,5813080838,18
1294082002,5813080979,7
1294082002,632544268,8
1294082002,633546217,7
1294082002,634608104,10
1294082002,634962055,12
1294082002,663190769,3
1294082002,664645558,5
1294082002,665314820,8
1294082002,694920753,11
1294082002,695629525,9
1294082002,695956656,16
1294082002,696362840,17
1294082002,697001770,11
1294082002,725951521,9
1294082002,758419409,11
1294082002,788794171,13
1294082002,789126240,9
1294082002,819828986,9
1294082002,847336755,4
1294082002,910438331,10
1294082002,910447075,6
1294082002,912545106,10
1294082002,912601268,7
1294082002,941132434,7
1294082002,942491983,17
1294082002,972555509,3
1294082002,972892437,4
1294082002,974239375,4
1294414279,1002507159,12
1294414279,1002852791,7
1294414279,1004014587,3
1294414279,1004017998,9
1294414279,1034219901,11
1294414279,1035045015,10
1294414279,1065409934,4
1294414279,1065410141,7
1294414279,1125964630,3
1294414279,1125964814,8
1294414279,1126647624,3
1294414279,1127471692,7
1294414279,1127476096,10
1294414279,1167995070,9
1294414279,1168664495,7
1294414279,1190171884,3
1294414279,1218732640,3
1294414279,1220576923,4
1294414279,1291094620,30
1294414279,1291094742,13
1294414279,1291099014,6
1294414279,1291103485,5
1294414279,1291435551,5
1294414279,1291435693,13
1294414279,1291444314,8
1294414279,1294082002,15
1294414279,1322129437,6
1294414279,1322129610,14
1294414279,1322129724,13
1294414279,1322129730,17
1294414279,1322129781,8
1294414279,1322133296,4
1294414279,1322133531,13
1294414279,1322133768,9
1294414279,1322133858,7
1294414279,1322133891,19
1294414279,1322137688,12
1294414279,1322138079,9
1294414279,1322466938,6
1294414279,1322470368,10
1294414279,1322470462,5
1294414279,1352823209,5
1294414279,1353168228,6
1294414279,1355806197,4
1294414279,1380495496,6
1294414279,1447576662,12
1294414279,387364605,4
1294414279,416642425,6
1294414279,449438847,10
1294414279,478375456,6
1294414279,509410587,5
1294414279,541118908,12
1294414279,541870397,11
1294414279,572870540,14
1294414279,5813012006,12
1294414279,5813014873,8
1294414279,5813022281,6
1294414279,5813027103,10
1294414279,5813040233,4
1294414279,5813059835,13
1294414279,5813061251,7
1294414279,5813077544,13
1294414279,5813080838,8
1294414279,632544268,9
1294414279,633546217,7
1294414279,634608104,4
1294414279,634962055,6
1294414279,664645558,3
1294414279,665314820,7
1294414279,694920753,5
1294414279,695629525,11
1294414279,695956656,8
1294414279,696362840,6
1294414279,697001770,5
1294414279,725951521,14
1294414279,757055317,6
1294414279,758419409,7
1294414279,788794171,5
1294414279,789126240,6
1294414279,819828986,6
1294414279,847336755,3
1294414279,848761388,4
1294414279,910438331,6
1294414279,910447075,6
1294414279,912545106,9
1294414279,912601268,4
1294414279,941132434,9
1294414279,942491983,10
1294414279,972892437,5
1294414279,974239375,3
1310499077,1155302782,9
1310499077,1156663078,6
1310499077,1217394039,8
1310499077,1248424794,3
1310499077,1248770299,6
1310499077,1410122382,15
1310499077,1410450511,5
1310499077,1410450949,10
1310499077,1441481281,4
1310499077,1441485832,6
1310499077,1473202957,14
1310499077,1503581177,4
1310499077,1504582746,3
1310499077,1504924440,10
1310499077,1535298439,3
1310499077,1535652862,5
1310499077,1568047319,14
1310499077,1597683387,10
1310499077,1599431888,6
1310499077,1629085008,5
1310499077,1631131487,12
1310499077,1661799601,4
1310499077,5812987327,9
1310499077,5812988707,3
1310499077,5813023615,3
1310499077,5813040300,4
1310499077,633895972,5
1310499077,662845370,3
1310499077,663225743,7
1310499077,692857189,7
1310499077,724276536,4
1310499077,727371546,9
1310499077,755644082,14
1310499077,757699264,3
1310499077,759084183,3
1310499077,786013842,11
1310499077,910473088,4
1310499077,940791115,3
1312308001,757694775,5
1318109929,1004017998,3
1318109929,1127471692,9
1318109929,1136861363,3
1318109929,1137210821,6
1318109929,1167295856,3
1318109929,1167641412,7
1318109929,1167977970,10
1318109929,1168241257,5
1318109929,1198326456,5
1318109929,1198334861,3
1318109929,1198675740,4
1318109929,1198680122,6
1318109929,1198684596,4
1318109929,1199017128,3
1318109929,1199712272,4
1318109929,1220576923,16
1318109929,1220584946,25
1318109929,1230121634,3
1318109929,1353544607,28
1318109929,1508334312,8
1318109929,1600083889,28
1318109929,1631450739,23
1318109929,387023620,11
1318109929,416642425,91
1318109929,478375456,56
1318109929,508793049,21
1318109929,539462336,13
1318109929,541118908,24
1318109929,541870397,93
1318109929,5813027103,7
1318109929,5813047157,13
1318109929,5813047446,4
1318109929,5813047793,5
1318109929,5813049948,4
1318109929,5813050767,6
1318109929,5813053866,4
1318109929,5813070465,33
1318109929,5813080838,8
1318109929,5813080979,10
1318109929,633546217,74
1318109929,634608104,13
1318109929,664645558,12
1318109929,664650297,5
1318109929,695956656,58
1318109929,696362840,31
1318109929,757055317,8
1318109929,788794171,66
1318109929,819828986,11
1318109929,847336755,5
1318109929,849421763,15
1318109929,849482511,5
1318109929,879183317,11
1318109929,881898734,7
1318109929,910447075,5
1318109929,912601268,67
1318109929,942173776,5
1320799646,1094722478,3
1320799646,1125411720,3
1320799646,1134253374,15
1320799646,1158507458,4
1320799646,1380145201,4
1320799646,1380149563,3
1320799646,1599410380,3
1320799646,787374226,20
1320799646,880875927,7
1320799646,882239837,16
1320799646,911569552,12
1320799646,913235746,3
1320799646,979752365,18
1322129437,1002507159,10
1322129437,1002852791,7
1322129437,1004017998,9
1322129437,1034219901,11
1322129437,1035045015,9
1322129437,1065410141,4
1322129437,1125964814,16
1322129437,1126647624,12
1322129437,1127476096,5
1322129437,1167995070,8
1322129437,1168664495,5
1322129437,1218732640,3
1322129437,1219069439,4
1322129437,1291094620,17
1322129437,1291094742,16
1322129437,1291099014,8
1322129437,1291103485,8
1322129437,1291435551,9
1322129437,1291435693,13
1322129437,1291444314,5
1322129437,1294082002,21
1322129437,1294414279,8
1322129437,1322129610,14
1322129437,1322129724,17
1322129437,1322129730,14
1322129437,1322129781,9
1322129437,1322133296,9
1322129437,1322133531,14
1322129437,1322133768,9
1322129437,1322133825,7
1322129437,1322133858,8
1322129437,1322133891,17
1322129437,1322137688,10
1322129437,1322138079,13
1322129437,1322466938,8
1322129437,1322470368,5
1322129437,1322470462,8
1322129437,1352823209,7
1322129437,1353168228,5
1322129437,1355806197,14
1322129437,1447576662,11
1322129437,387364605,10
1322129437,416642425,6
1322129437,449438847,6
1322129437,478375456,13
1322129437,541118908,10
1322129437,541870397,6
1322129437,572870540,13
1322129437,5813012006,11
1322129437,5813014873,9
1322129437,5813022281,6
1322129437,5813027103,11
1322129437,5813040233,10
1322129437,5813061251,6
1322129437,5813077544,17
1322129437,5813080838,12
1322129437,632544268,9
1322129437,633546217,12
1322129437,634962055,7
1322129437,664645558,3
1322129437,665314820,6
1322129437,694920753,14
1322129437,695629525,10
1322129437,695956656,6
1322129437,696362840,7
1322129437,697001770,9
1322129437,725951521,11
1322129437,758419409,6
1322129437,788794171,10
1322129437,789126240,6
1322129437,819828986,8
1322129437,910438331,6
1322129437,912545106,7
1322129437,912601268,11
1322129437,941132434,7
1322129437,942491983,13
1322129610,1002507131,3
1322129610,1002507159,9
1322129610,1002852791,8
1322129610,1004017998,10
1322129610,1034219901,8
1322129610,1035045015,13
1322129610,1065410141,8
1322129610,1125964814,9
1322129610,1126647624,10
1322129610,1127471692,3
1322129610,1127476096,11
1322129610,1167995070,8
1322129610,1168664495,10
1322129610,1218732640,6
1322129610,1220576923,7
1322129610,1291094620,5
1322129610,1291094742,7
1322129610,1291099014,4
1322129610,1291103485,4
1322129610,1291435551,3
1322129610,1291435693,6
1322129610,1291444314,4
1322129610,1322129437,5
1322129610,1322129724,8
1322129610,1322129730,5
1322129610,1322129781,3
1322129610,1322133296,6
1322129610,1322133531,6
1322129610,1322133768,4
1322129610,1322133825,3
1322129610,1322133858,5
1322129610,1322133891,4
1322129610,1322137688,6
1322129610,1322138079,4
1322129610,1352823209,5
1322129610,1355806197,4
1322129610,1380495496,3
1322129610,1447576662,15
1322129610,1508334312,4
1322129610,387364605,6
1322129610,416642425,10
1322129610,449438847,8
1322129610,478375456,9
1322129610,508793049,4
1322129610,509410587,3
1322129610,541118908,7
1322129610,541870397,11
1322129610,570461892,6
1322129610,572870540,12
1322129610,5813012006,5
1322129610,5813014873,12
1322129610,5813022281,10
1322129610,5813027103,11
1322129610,5813040233,10
1322129610,5813056953,5
1322129610,5813059835,3
1322129610,5813061251,13
1322129610,5813077544,16
1322129610,5813080838,13
1322129610,5813080979,3
1322129610,632544268,12
1322129610,633546217,12
1322129610,634608104,10
1322129610,634962055,4
1322129610,663190769,5
1322129610,664645558,4
1322129610,665314820,12
1322129610,694920753,15
1322129610,695629525,12
1322129610,695956656,13
1322129610,696362840,16
1322129610,697001770,5
1322129610,725951521,10
1322129610,757055317,6
1322129610,758419409,10
1322129610,788794171,10
1322129610,789126240,5
1322129610,819828986,5
1322129610,847336755,8
1322129610,910438331,9
1322129610,910447075,6
1322129610,912545106,7
1322129610,912601268,8
1322129610,941132434,8
1322129610,942491983,8
1322129724,1002507159,5
1322129724,1002852791,13
1322129724,1004017998,11
1322129724,1034219901,14
1322129724,1035045015,15
1322129724,1065410141,10
1322129724,1125964630,6
1322129724,1125964814,10
1322129724,1126647624,4
1322129724,1127471692,3
1322129724,1127476096,8
1322129724,1167995070,9
1322129724,1168664495,9
1322129724,1218732640,6
1322129724,1220576923,10
1322129724,1291094742,7
1322129724,1291435551,4
1322129724,1291435693,8
1322129724,1294082002,4
1322129724,1294414279,5
1322129724,1322129437,6
1322129724,1322129610,7
1322129724,1322129730,3
1322129724,1322129781,3
1322129724,1322133296,3
1322129724,1322133531,3
1322129724,1322133768,5
1322129724,1322133825,5
1322129724,1322133858,4
1322129724,1322133891,7
1322129724,1322137688,5
1322129724,1322138079,5
1322129724,1322466938,6
1322129724,1352823209,3
1322129724,1355806197,4
1322129724,1380495496,4
1322129724,1447576662,17
1322129724,1508334312,6
1322129724,387364605,6
1322129724,416642425,12
1322129724,449438847,8
1322129724,478375456,7
1322129724,508793049,4
1322129724,541118908,10
1322129724,541870397,12
1322129724,570461892,8
1322129724,572870540,10
1322129724,5813012006,9
1322129724,5813014873,11
1322129724,5813022281,8
1322129724,5813027103,12
1322129724,5813040233,7
1322129724,5813056953,6
1322129724,5813059835,7
1322129724,5813061251,5
1322129724,5813077544,12
1322129724,5813080838,18
1322129724,5813080979,3
1322129724,632544268,9
1322129724,633546217,9
1322129724,634608104,4
1322129724,634962055,9
1322129724,664645558,3
1322129724,665314820,10
1322129724,694920753,11
1322129724,695629525,12
1322129724,695956656,12
1322129724,696362840,8
1322129724,697001770,9
1322129724,725951521,7
1322129724,758419409,5
1322129724,788794171,10
1322129724,789126240,8
1322129724,819828986,9
1322129724,910438331,11
1322129724,910447075,5
1322129724,912545106,12
1322129724,912601268,10
1322129724,941132434,5
1322129724,942491983,5
1322129730,1002507131,8
1322129730,1002507159,8
1322129730,1002852791,8
1322129730,1004017998,11
1322129730,1034219901,6
1322129730,1035045015,12
1322129730,1065410141,10
1322129730,1125964630,7
1322129730,1125964814,9
1322129730,1126647624,9
1322129730,1127471692,9
1322129730,1127476096,9
1322129730,1168664495,11
1322129730,1218732640,5
1322129730,1220576923,5
1322129730,1291094620,6
1322129730,1291094742,5
1322129730,1291099014,7
1322129730,1291103485,6
1322129730,1291435551,3
1322129730,1291435693,8
1322129730,1291444314,4
1322129730,1294414279,6
1322129730,1322129437,4
1322129730,1322129610,6
1322129730,1322129724,4
1322129730,1322133296,3
1322129730,1322133531,4
1322129730,1322133768,6
1322129730,1322133858,4
1322129730,1322133891,8
1322129730,1322137688,7
1322129730,1322138079,6
1322129730,1322466938,3
1322129730,1352823209,3
1322129730,1353168228,3
1322129730,1380495496,5
1322129730,1447576662,17
1322129730,1508334312,11
1322129730,387364605,9
1322129730,416642425,10
1322129730,449438847,9
1322129730,478375456,13
1322129730,508793049,9
1322129730,509410587,3
1322129730,541118908,12
1322129730,541870397,10
1322129730,570461892,6
1322129730,572870540,12
1322129730,5813012006,14
1322129730,5813014873,11
1322129730,5813022281,9
1322129730,5813027103,12
1322129730,5813040233,13
1322129730,5813056953,6
1322129730,5813059835,4
1322129730,5813061251,8
1322129730,5813077544,14
1322129730,5813080838,13
1322129730,632544268,16
1322129730,633546217,8
1322129730,634608104,3
1322129730,634962055,10
1322129730,663190769,5
1322129730,664645558,6
1322129730,665314820,9
1322129730,694920753,3
1322129730,695629525,9
1322129730,695956656,8
1322129730,696362840,7
1322129730,697001770,10
1322129730,725951521,5
1322129730,757055317,4
1322129730,758419409,10
1322129730,788794171,10
1322129730,789126240,10
1322129730,819828986,11
1322129730,849482511,4
1322129730,910438331,6
1322129730,910447075,5
1322129730,912545106,9
1322129730,912601268,9
1322129730,941132434,6
1322129730,942491983,10
1322129730,972892437,5
1322129781,1002507131,4
1322129781,1002507159,5
1322129781,1002852791,8
1322129781,1004017998,10
1322129781,1034219901,6
1322129781,1035045015,9
1322129781,1065410141,9
1322129781,1125964630,3
1322129781,1125964814,4
1322129781,1126647624,7
1322129781,1127471692,4
1322129781,1127476096,9
1322129781,1167995070,11
1322129781,1168664495,4
1322129781,1218732640,5
1322129781,1220576923,3
1322129781,1291094620,10
1322129781,1291094742,15
1322129781,1291099014,8
1322129781,1291103485,3
1322129781,1291435693,10
1322129781,1291444314,7
1322129781,1294082002,6
1322129781,1294414279,5
1322129781,1322129437,3
1322129781,1322129610,7
1322129781,1322129724,12
1322129781,1322129730,3
1322129781,1322133296,6
1322129781,1322133531,8
1322129781,1322133825,4
1322129781,1322133858,6
1322129781,1322133891,6
1322129781,1322137688,11
1322129781,1322138079,5
1322129781,1322142804,4
1322129781,1322470368,3
1322129781,1322811232,3
1322129781,1352823209,5
1322129781,1353168228,5
1322129781,1355806197,6
1322129781,1447576662,11
1322129781,1508334312,7
1322129781,387364605,8
1322129781,416642425,3
1322129781,478375456,6
1322129781,508793049,3
1322129781,541118908,8
1322129781,541870397,5
1322129781,572870540,7
1322129781,5813012006,9
1322129781,5813014873,5
1322129781,5813022281,3
1322129781,5813040233,6
1322129781,5813061251,13
1322129781,5813077544,12
1322129781,5813080838,9
1322129781,632544268,9
1322129781,634608104,3
1322129781,634962055,4
1322129781,663190769,3
1322129781,664645558,5
1322129781,665314820,9
1322129781,694920753,8
1322129781,695629525,12
1322129781,695956656,5
1322129781,696362840,4
1322129781,697001770,4
1322129781,725951521,4
1322129781,758419409,8
1322129781,789126240,5
1322129781,910438331,4
1322129781,912545106,15
1322129781,912601268,6
1322129781,941132434,3
1322129781,942491983,6
1322129781,972892437,3
1322133296,1002507131,4
1322133296,1002507159,8
1322133296,1002852791,9
1322133296,1004014587,3
1322133296,1004017998,10
1322133296,1034219901,9
1322133296,1035045015,16
1322133296,1065410141,7
1322133296,1125964814,6
1322133296,1126647624,6
1322133296,1127471692,4
1322133296,1127476096,11
1322133296,1167995070,14
1322133296,1168664495,8
1322133296,1218732640,3
1322133296,1220576923,4
1322133296,1291094620,18
1322133296,1291094742,16
1322133296,1291099014,25
1322133296,1291103485,7
1322133296,1291435551,6
1322133296,1291435693,15
1322133296,1291444314,4
1322133296,1294082002,9
1322133296,1294414279,7
1322133296,1322129437,4
1322133296,1322129610,22
1322133296,1322129724,11
1322133296,1322129730,12
1322133296,1322129781,7
1322133296,1322133531,20
1322133296,1322133768,6
1322133296,1322133858,6
1322133296,1322133891,9
1322133296,1322137688,11
1322133296,1322138079,13
1322133296,1322142804,4
1322133296,1322466938,9
1322133296,1322470368,5
1322133296,1322470462,5
1322133296,1352823209,4
1322133296,1353168228,10
1322133296,1355806197,8
1322133296,1447576662,14
1322133296,1508334312,3
1322133296,387364605,11
1322133296,416642425,7
1322133296,449438847,5
1322133296,478375456,9
1322133296,508793049,4
1322133296,541118908,12
1322133296,541870397,11
1322133296,570461892,4
1322133296,572870540,21
1322133296,5813012006,13
1322133296,5813014873,3
1322133296,5813022281,10
1322133296,5813027103,12
1322133296,5813040233,6
1322133296,5813059835,7
1322133296,5813061251,9
1322133296,5813077544,17
1322133296,5813080838,11
1322133296,5813080979,3
1322133296,632544268,11
1322133296,633546217,6
1322133296,634608104,5
1322133296,634962055,6
1322133296,663190769,3
1322133296,665314820,9
1322133296,694920753,10
1322133296,695629525,10
1322133296,695956656,9
1322133296,696362840,9
1322133296,697001770,6
1322133296,725951521,7
1322133296,757055317,3
1322133296,758419409,13
1322133296,788794171,9
1322133296,789126240,9
1322133296,819828986,9
1322133296,847336755,5
1322133296,849482511,4
1322133296,910438331,11
1322133296,910447075,6
1322133296,912545106,8
1322133296,912601268,13
1322133296,941132434,6
1322133296,942491983,7
1322133296,972892437,4
1322133531,1002507131,5
1322133531,1002507159,9
1322133531,1002852791,14
1322133531,1004017998,11
1322133531,1034219901,8
1322133531,1035045015,8
1322133531,1065410141,8
1322133531,1125964630,7
1322133531,1125964814,7
1322133531,1126647624,4
1322133531,1127471692,4
1322133531,1127476096,10
1322133531,1167995070,13
1322133531,1168664495,8
1322133531,1218732640,6
1322133531,1220576923,11
1322133531,1291094620,5
1322133531,1291094742,7
1322133531,1291099014,6
1322133531,1291103485,4
1322133531,1294082002,3
1322133531,1294414279,4
1322133531,1322129437,5
1322133531,1322129610,7
1322133531,1322129724,5
1322133531,1322133768,4
1322133531,1322133858,3
1322133531,1322133891,4
1322133531,1322137688,5
1322133531,1322466938,4
1322133531,1322470462,5
1322133531,1352823209,3
1322133531,1355806197,4
1322133531,1380495496,4
1322133531,1447576662,12
1322133531,1508334312,7
1322133531,416642425,16
1322133531,449438847,14
1322133531,478375456,14
1322133531,509410587,3
1322133531,541118908,6
1322133531,541870397,7
1322133531,570461892,11
1322133531,572870540,14
1322133531,5813012006,11
1322133531,5813014873,10
1322133531,5813022281,5
1322133531,5813027103,10
1322133531,5813040233,6
1322133531,5813056953,3
1322133531,5813059835,10
1322133531,5813061251,5
1322133531,5813077544,11
1322133531,5813080838,14
1322133531,5813080979,4
1322133531,632544268,14
1322133531,633546217,10
1322133531,634608104,5
1322133531,634962055,13
1322133531,663190769,7
1322133531,664645558,6
1322133531,665314820,9
1322133531,694920753,12
1322133531,695629525,6
1322133531,695956656,9
1322133531,696362840,14
1322133531,697001770,7
1322133531,724280817,3
1322133531,725951521,7
1322133531,757055317,3
1322133531,758419409,14
1322133531,788794171,6
1322133531,789126240,3
1322133531,819828986,12
1322133531,847336755,4
1322133531,910438331,8
1322133531,910447075,16
1322133531,912545106,7
1322133531,912601268,3
1322133531,941132434,7
1322133531,942491983,9
1322133531,972892437,7
1322133768,1002507159,10
1322133768,1002852791,11
1322133768,1004017998,7
1322133768,1034219901,8
1322133768,1035045015,7
1322133768,1065410141,5
1322133768,1125964814,10
1322133768,1126647624,8
1322133768,1127471692,3
1322133768,1127476096,9
1322133768,1167995070,9
1322133768,1168664495,10
1322133768,1190171884,3
1322133768,1220576923,3
1322133768,1291094620,7
1322133768,1291094742,19
1322133768,1291099014,11
1322133768,1291103485,6
1322133768,1291435551,9
1322133768,1291435693,11
1322133768,1291444314,4
1322133768,1294082002,3
1322133768,1322129610,6
1322133768,1322129724,12
1322133768,1322129730,7
1322133768,1322129781,6
1322133768,1322133296,8
1322133768,1322133531,4
1322133768,1322133825,4
1322133768,1322133891,12
1322133768,1322137688,8
1322133768,1322138079,4
1322133768,1322142804,4
1322133768,1322466938,7
1322133768,1322470368,5
1322133768,1322470462,4
1322133768,1352823209,9
1322133768,1353168228,7
1322133768,1355806197,4
1322133768,1380495496,3
1322133768,1447576662,7
1322133768,1508334312,4
1322133768,387364605,9
1322133768,416642425,8
1322133768,449438847,11
1322133768,478375456,13
1322133768,508793049,4
1322133768,541118908,11
1322133768,541870397,6
1322133768,570461892,8
1322133768,572870540,9
1322133768,5813012006,9
1322133768,5813014873,13
1322133768,5813022281,11
1322133768,5813027103,13
1322133768,5813040233,10
1322133768,5813059835,5
1322133768,5813061251,7
1322133768,5813077544,10
1322133768,5813080838,11
1322133768,5813080979,5
1322133768,632544268,12
1322133768,633546217,6
1322133768,634608104,3
1322133768,634962055,5
1322133768,663190769,4
1322133768,664645558,5
1322133768,665314820,10
1322133768,694920753,6
1322133768,695629525,13
1322133768,695956656,7
1322133768,696362840,9
1322133768,697001770,6
1322133768,725951521,8
1322133768,758419409,6
1322133768,788794171,8
1322133768,789126240,10
1322133768,819828986,3
1322133768,910438331,6
1322133768,910447075,4
1322133768,912545106,4
1322133768,912601268,6
1322133768,941132434,4
1322133768,942491983,10
1322133768,972892437,4
1322133825,1002507159,6
1322133825,1002852791,3
1322133825,1004017998,14
1322133825,1034219901,9
1322133825,1035045015,14
1322133825,1065410141,9
1322133825,1125964814,10
1322133825,1126647624,4
1322133825,1127476096,10
1322133825,1167995070,12
1322133825,1168664495,4
1322133825,1218732640,5
1322133825,1219069439,3
1322133825,1220576923,6
1322133825,1291094620,12
1322133825,1291094742,22
1322133825,1291099014,16
1322133825,1291103485,6
1322133825,1291435551,7
1322133825,1291435693,9
1322133825,1291444314,6
1322133825,1294082002,16
1322133825,1294414279,4
1322133825,1322129437,7
1322133825,1322129610,12
1322133825,1322129724,12
1322133825,1322129730,17
1322133825,1322129781,8
1322133825,1322133296,4
1322133825,1322133531,6
1322133825,1322133768,9
1322133825,1322133858,6
1322133825,1322133891,19
1322133825,1322137688,15
1322133825,1322138079,23
1322133825,1322142804,4
1322133825,1322466938,5
1322133825,1322470368,6
1322133825,1322470462,5
1322133825,1352823209,10
1322133825,1353168228,4
1322133825,1355806197,6
1322133825,1380495496,3
1322133825,1447576662,13
1322133825,387364605,4
1322133825,416642425,10
1322133825,449438847,5
1322133825,478375456,17
1322133825,508793049,3
1322133825,541118908,15
1322133825,541870397,14
1322133825,570461892,4
1322133825,572870540,11
1322133825,5813012006,16
1322133825,5813014873,4
1322133825,5813022281,11
1322133825,5813027103,10
1322133825,5813040233,7
1322133825,5813059835,10
1322133825,5813061251,6
1322133825,5813077544,11
1322133825,5813080838,15
1322133825,632544268,16
1322133825,633546217,6
1322133825,634962055,7
1322133825,664645558,4
1322133825,665314820,10
1322133825,694920753,9
1322133825,695629525,13
1322133825,695956656,8
1322133825,696362840,11
1322133825,697001770,8
1322133825,725951521,10
1322133825,758419409,10
1322133825,788794171,9
1322133825,789126240,11
1322133825,819828986,7
1322133825,910438331,6
1322133825,910447075,4
1322133825,912545106,5
1322133825,912601268,9
1322133825,941132434,5
1322133825,942173776,3
1322133825,942491983,7
1322133858,1002507131,3
1322133858,1002507159,8
1322133858,1002852791,6
1322133858,1004017998,10
1322133858,1034219901,3
1322133858,1035045015,10
1322133858,1065410141,8
1322133858,1125964814,12
1322133858,1126647624,5
1322133858,1127471692,4
1322133858,1127476096,12
1322133858,1167995070,9
1322133858,1168660239,4
1322133858,1168664495,8
1322133858,1218732640,3
1322133858,1219069439,4
1322133858,1291094620,14
1322133858,1291094742,21
1322133858,1291099014,15
1322133858,1291103485,6
1322133858,1291435551,4
1322133858,1291435693,29
1322133858,1294082002,8
1322133858,1294414279,9
1322133858,1322129437,3
1322133858,1322129610,16
1322133858,1322129724,12
1322133858,1322129730,18
1322133858,1322129781,6
1322133858,1322133296,10
1322133858,1322133531,9
1322133858,1322133768,9
1322133858,1322133825,3
1322133858,1322133891,15
1322133858,1322137688,14
1322133858,1322138079,9
1322133858,1322142804,5
1322133858,1322466938,6
1322133858,1322470368,5
1322133858,1322470462,8
1322133858,1352823209,4
1322133858,1353168228,7
1322133858,1355806197,6
1322133858,1447576662,11
1322133858,387364605,4
1322133858,416642425,6
1322133858,449438847,10
1322133858,478375456,13
1322133858,541118908,13
1322133858,541870397,10
1322133858,572870540,7
1322133858,5813012006,13
1322133858,5813014873,13
1322133858,5813022281,7
1322133858,5813027103,12
1322133858,5813040233,9
1322133858,5813061251,7
1322133858,5813077544,15
1322133858,5813080838,12
1322133858,632544268,10
1322133858,633546217,3
1322133858,634962055,4
1322133858,665314820,8
1322133858,694920753,12
1322133858,695629525,8
1322133858,695956656,6
1322133858,696362840,8
1322133858,697001770,8
1322133858,725951521,16
1322133858,758419409,5
1322133858,788794171,6
1322133858,789126240,6
1322133858,819828986,9
1322133858,910438331,6
1322133858,912545106,9
1322133858,912601268,8
1322133858,941132434,5
1322133858,942491983,4
1322133891,1002507131,4
1322133891,1002507159,13
1322133891,1002852791,17
1322133891,1004017998,8
1322133891,1034219901,9
1322133891,1035045015,9
1322133891,1065410141,9
1322133891,1125964630,9
1322133891,1125964814,9
1322133891,1126647624,9
1322133891,1127471692,5
1322133891,1127476096,13
1322133891,1167995070,9
1322133891,1168664495,11
1322133891,1218732640,4
1322133891,1220576923,6
1322133891,1291094620,3
1322133891,1291094742,6
1322133891,1291103485,3
1322133891,1291435693,3
1322133891,1294082002,7
1322133891,1322129437,5
1322133891,1322129610,4
1322133891,1322129724,6
1322133891,1322129730,4
1322133891,1322129781,3
1322133891,1322133296,5
1322133891,1322133531,6
1322133891,1322133768,6
1322133891,1322133825,6
1322133891,1322133858,4
1322133891,1322137688,3
1322133891,1322138079,5
1322133891,1322470462,3
1322133891,1380495496,5
1322133891,1447576662,10
1322133891,1508334312,4
1322133891,387364605,9
1322133891,416642425,8
1322133891,449438847,12
1322133891,478375456,11
1322133891,508793049,4
1322133891,541118908,8
1322133891,541870397,6
1322133891,570461892,10
1322133891,572870540,17
1322133891,5813012006,9
1322133891,5813014873,16
1322133891,5813022281,6
1322133891,5813027103,11
1322133891,5813040233,12
1322133891,5813059835,3
1322133891,5813061251,8
1322133891,5813077544,15
1322133891,5813080838,14
1322133891,5813080979,6
1322133891,632544268,13
1322133891,633546217,8
1322133891,634608104,7
1322133891,634962055,9
1322133891,663190769,4
1322133891,664645558,5
1322133891,665314820,11
1322133891,694920753,8
1322133891,695629525,10
1322133891,695956656,14
1322133891,696362840,11
1322133891,697001770,9
1322133891,725951521,6
1322133891,758419409,8
1322133891,788794171,11
1322133891,789126240,6
1322133891,819828986,8
1322133891,847336755,3
1322133891,910438331,7
1322133891,910447075,10
1322133891,912545106,16
1322133891,912601268,12
1322133891,941132434,8
1322133891,942491983,6
1322133891,972892437,4
1322137688,1002507159,9
1322137688,1002852791,7
1322137688,1004017998,9
1322137688,1034219901,10
1322137688,1035045015,9
1322137688,1065410141,7
1322137688,1125964814,10
1322137688,1126647624,8
1322137688,1127471692,3
1322137688,1127476096,7
1322137688,1167995070,6
1322137688,1168664495,8
1322137688,1218732640,3
1322137688,1220576923,7
1322137688,1291094620,3
1322137688,1291094742,5
1322137688,1291099014,7
1322137688,1291103485,3
1322137688,1291435693,9
1322137688,1291444314,3
1322137688,1294082002,5
1322137688,1322129610,15
1322137688,1322129724,5
1322137688,1322129730,3
1322137688,1322133296,4
1322137688,1322133531,6
1322137688,1322133768,5
1322137688,1322133825,5
1322137688,1322133891,7
1322137688,1322138079,4
1322137688,1322470368,3
1322137688,1352823209,5
1322137688,1355806197,5
1322137688,1380495496,4
1322137688,1447576662,13
1322137688,1508334312,6
1322137688,387364605,6
1322137688,416642425,8
1322137688,449438847,5
1322137688,478375456,16
1322137688,508793049,4
1322137688,509410587,3
1322137688,541118908,9
1322137688,541870397,7
1322137688,570461892,11
1322137688,572870540,9
1322137688,5813012006,11
1322137688,5813014873,8
1322137688,5813022281,13
1322137688,5813027103,7
1322137688,5813040233,9
1322137688,5813056953,7
1322137688,5813059835,5
1322137688,5813061251,10
1322137688,5813077544,12
1322137688,5813080838,8
1322137688,5813080979,5
1322137688,632544268,11
1322137688,633546217,8
1322137688,634608104,5
1322137688,634962055,5
1322137688,664645558,5
1322137688,665314820,11
1322137688,694920753,8
1322137688,695629525,10
1322137688,695956656,11
1322137688,696362840,8
1322137688,697001770,10
1322137688,725951521,7
1322137688,758419409,10
1322137688,788794171,7
1322137688,789126240,8
1322137688,819828986,9
1322137688,847336755,4
1322137688,849482511,4
1322137688,910438331,8
1322137688,910447075,8
1322137688,912545106,8
1322137688,912601268,8
1322137688,941132434,8
1322137688,942491983,13
1322137688,972892437,5
1322138079,1002507131,6
1322138079,1002507159,3
1322138079,1002852791,13
1322138079,1004017998,7
1322138079,1034219901,9
1322138079,1035045015,19
1322138079,1065410141,11
1322138079,1125964630,6
1322138079,1125964814,7
1322138079,1126647624,9
1322138079,1127471692,8
1322138079,1127476096,8
1322138079,1167995070,7
1322138079,1168664495,4
1322138079,1218732640,12
1322138079,1220576923,14
1322138079,1291094742,4
1322138079,1291099014,4
1322138079,1291103485,5
1322138079,1291435693,7
1322138079,1294082002,10
1322138079,1322129724,4
1322138079,1322133531,5
1322138079,1322133858,4
1322138079,1322133891,9
1322138079,1322137688,3
1322138079,1322466938,4
1322138079,1322470462,4
1322138079,1352823209,3
1322138079,1355806197,4
1322138079,1380495496,5
1322138079,1447576662,8
1322138079,1508334312,9
1322138079,387364605,9
1322138079,416642425,11
1322138079,449438847,7
1322138079,478375456,14
1322138079,508793049,4
1322138079,509410587,6
1322138079,541118908,10
1322138079,541870397,10
1322138079,570461892,10
1322138079,572870540,14
1322138079,5813012006,12
1322138079,5813014873,5
1322138079,5813022281,7
1322138079,5813027103,10
1322138079,5813040233,8
1322138079,5813056953,10
1322138079,5813061251,8
1322138079,5813077544,13
1322138079,5813080838,11
1322138079,5813080979,6
1322138079,632544268,11
1322138079,633546217,8
1322138079,634608104,7
1322138079,634962055,5
1322138079,663190769,8
1322138079,665314820,8
1322138079,694920753,8
1322138079,695629525,10
1322138079,695956656,10
1322138079,696362840,6
1322138079,697001770,10
1322138079,725951521,10
1322138079,757055317,10
1322138079,758419409,4
1322138079,788794171,6
1322138079,789126240,6
1322138079,819828986,8
1322138079,847336755,8
1322138079,849482511,5
1322138079,910438331,8
1322138079,910447075,18
1322138079,912545106,10
1322138079,912601268,13
1322138079,941132434,4
1322138079,942491983,8
1322138079,972892437,5
1322142804,1004017998,5
1322142804,1035045015,5
1322142804,1065409934,3
1322142804,1065410141,4
1322142804,1125964630,3
1322142804,1126647624,3
1322142804,1127476096,5
1322142804,1167995070,6
1322142804,1291094620,4
1322142804,1291094742,5
1322142804,1291099014,7
1322142804,1294082002,3
1322142804,1322129610,10
1322142804,1322133296,4
1322142804,1322133531,4
1322142804,1322133768,3
1322142804,1322133858,4
1322142804,1322133891,4
1322142804,1322137688,4
1322142804,1322466938,5
1322142804,1322470368,3
1322142804,1355806197,5
1322142804,541118908,4
1322142804,572870540,3
1322142804,5813012006,4
1322142804,5813022281,4
1322142804,5813040233,4
1322142804,5813059835,3
1322142804,5813061251,5
1322142804,5813077544,6
1322142804,5813080838,3
1322142804,632544268,9
1322142804,633546217,3
1322142804,634962055,4
1322142804,664645558,3
1322142804,665314820,3
1322142804,694920753,5
1322142804,695956656,4
1322142804,696362840,3
1322142804,758419409,3
1322142804,789126240,5
1322142804,819828986,3
1322142804,941132434,3
1322142804,942491983,5
1322466938,1002507159,10
1322466938,1002852791,8
1322466938,1004017998,11
1322466938,1034219901,4
1322466938,1035045015,8
1322466938,1065410141,5
1322466938,1125964630,4
1322466938,1125964814,7
1322466938,1126647624,8
1322466938,1127476096,14
1322466938,1167995070,7
1322466938,1168659995,3
1322466938,1168660239,4
1322466938,1168664495,6
1322466938,1218732640,4
1322466938,1220576923,4
1322466938,1291094620,24
1322466938,1291094742,20
1322466938,1291099014,17
1322466938,1291103485,7
1322466938,1291435551,4
1322466938,1291435693,18
1322466938,1291444314,6
1322466938,1294082002,12
1322466938,1294414279,8
1322466938,1322129437,8
1322466938,1322129610,14
1322466938,1322129724,24
1322466938,1322129730,14
1322466938,1322129781,4
1322466938,1322133296,9
1322466938,1322133531,13
1322466938,1322133768,5
1322466938,1322133825,4
1322466938,1322133858,9
1322466938,1322133891,11
1322466938,1322137688,10
1322466938,1322138079,16
1322466938,1322142804,4
1322466938,1322470368,6
1322466938,1322470462,5
1322466938,1352823209,5
1322466938,1353168228,7
1322466938,1355806197,9
1322466938,1447576662,11
1322466938,387364605,6
1322466938,416642425,12
1322466938,449438847,10
1322466938,478375456,11
1322466938,508793049,6
1322466938,541118908,9
1322466938,541870397,11
1322466938,570461892,5
1322466938,572870540,9
1322466938,5813012006,11
1322466938,5813014873,8
1322466938,5813022281,8
1322466938,5813027103,13
1322466938,5813040233,15
1322466938,5813059835,6
1322466938,5813061251,9
1322466938,5813077544,13
1322466938,5813080838,15
1322466938,632544268,13
1322466938,633546217,8
1322466938,634608104,3
1322466938,634962055,5
1322466938,665314820,9
1322466938,694920753,7
1322466938,695629525,7
1322466938,695956656,10
1322466938,696362840,12
1322466938,697001770,8
1322466938,725951521,14
1322466938,757055317,4
1322466938,758419409,3
1322466938,788794171,4
1322466938,789126240,8
1322466938,819828986,12
1322466938,910438331,8
1322466938,912545106,12
1322466938,912601268,6
1322466938,941132434,7
1322466938,942491983,12
1322466938,972892437,3
1322470368,1002507131,13
1322470368,1002507159,14
1322470368,1002852791,9
1322470368,1004017998,4
1322470368,1034219901,5
1322470368,1035045015,7
1322470368,1065410141,3
1322470368,1125964630,7
1322470368,1125964814,5
1322470368,1126647624,5
1322470368,1127471692,7
1322470368,1127476096,5
1322470368,1167995070,4
1322470368,1168664495,5
1322470368,1190171884,3
1322470368,1218732640,12
1322470368,1220576923,4
1322470368,1229288307,3
1322470368,1230738163,9
1322470368,1261768832,11
1322470368,1291094620,14
1322470368,1291099014,8
1322470368,1291435551,3
1322470368,1291435693,6
1322470368,1291444314,9
1322470368,1294082002,4
1322470368,1294414279,7
1322470368,1322129437,3
1322470368,1322129610,4
1322470368,1322129730,4
1322470368,1322129781,5
1322470368,1322133296,6
1322470368,1322133531,4
1322470368,1322133768,8
1322470368,1322133825,4
1322470368,1322133858,4
1322470368,1322137688,9
1322470368,1322138079,4
1322470368,1322142804,3
1322470368,1322466938,6
1322470368,1322470462,7
1322470368,1352823209,4
1322470368,1353168228,3
1322470368,1355806197,3
1322470368,1447576662,15
1322470368,1508334312,9
1322470368,387364605,7
1322470368,416642425,5
1322470368,478375456,7
1322470368,508793049,7
1322470368,509410587,7
1322470368,541118908,3
1322470368,541870397,5
1322470368,570461892,4
1322470368,572870540,14
1322470368,5813012006,13
1322470368,5813014873,8
1322470368,5813020568,3
1322470368,5813027103,5
1322470368,5813040233,4
1322470368,5813056953,10
1322470368,5813059835,8
1322470368,5813061251,9
1322470368,5813077544,7
1322470368,5813080838,5
1322470368,5813080979,8
1322470368,632544268,9
1322470368,633546217,6
1322470368,634608104,11
1322470368,634962055,5
1322470368,663190769,3
1322470368,664645558,10
1322470368,665314820,8
1322470368,694920753,15
1322470368,695629525,6
1322470368,695956656,6
1322470368,696362840,5
1322470368,697001770,5
1322470368,725951521,7
1322470368,757055317,6
1322470368,758419409,9
1322470368,788794171,7
1322470368,789126240,6
1322470368,847336755,4
1322470368,849482511,4
1322470368,910438331,5
1322470368,910447075,7
1322470368,912545106,11
1322470368,912601268,13
1322470368,941132434,6
1322470368,942491983,6
1322470368,972892437,6
1322470462,1002507131,4
1322470462,1002507159,14
1322470462,1002852791,7
1322470462,1004017998,11
1322470462,1034219901,4
1322470462,1035045015,9
1322470462,1065410141,4
1322470462,1125964630,7
1322470462,1125964814,6
1322470462,1126647624,4
1322470462,1127471692,6
1322470462,1127476096,12
1322470462,1167995070,3
1322470462,1168664495,6
1322470462,1190171884,3
1322470462,1218732640,5
1322470462,1220576923,5
1322470462,1291094620,22
1322470462,1291094742,12
1322470462,1291099014,16
1322470462,1291103485,4
1322470462,1291435551,8
1322470462,1291435693,18
1322470462,1291444314,8
1322470462,1294082002,14
1322470462,1294414279,12
1322470462,1322129437,6
1322470462,1322129610,17
1322470462,1322129724,11
1322470462,1322129730,17
1322470462,1322129781,6
1322470462,1322133296,6
1322470462,1322133531,12
1322470462,1322133825,9
1322470462,1322133858,6
1322470462,1322133891,13
1322470462,1322137688,10
1322470462,1322138079,17
1322470462,1322466938,7
1322470462,1322470368,8
1322470462,1352823209,3
1322470462,1353168228,4
1322470462,1355806197,5
1322470462,1380495496,3
1322470462,1447576662,15
1322470462,387364605,10
1322470462,416642425,7
1322470462,449438847,14
1322470462,478375456,11
1322470462,508793049,6
1322470462,541118908,7
1322470462,541870397,5
1322470462,570461892,3
1322470462,572870540,10
1322470462,5813012006,12
1322470462,5813014873,7
1322470462,5813022281,4
1322470462,5813027103,4
1322470462,5813040233,8
1322470462,5813059835,7
1322470462,5813061251,10
1322470462,5813077544,10
1322470462,5813080838,9
1322470462,632544268,10
1322470462,633546217,9
1322470462,634608104,8
1322470462,634962055,12
1322470462,663190769,3
1322470462,664645558,3
1322470462,665314820,10
1322470462,694920753,4
1322470462,695629525,3
1322470462,695956656,9
1322470462,696362840,5
1322470462,697001770,10
1322470462,725951521,8
1322470462,757055317,4
1322470462,758419409,9
1322470462,788794171,4
1322470462,819828986,6
1322470462,847336755,3
1322470462,910438331,7
1322470462,912545106,8
1322470462,912601268,12
1322470462,941132434,5
1322470462,942491983,6
1322470462,972892437,7
1322470509,1002507159,11
1322470509,1002852791,16
1322470509,1004017998,5
1322470509,1034219901,16
1322470509,1035045015,14
1322470509,1065410141,8
1322470509,1125964814,14
1322470509,1126647624,9
1322470509,1127476096,16
1322470509,1167995070,9
1322470509,1168392003,4
1322470509,1168392468,5
1322470509,1168659995,4
1322470509,1168664495,12
1322470509,1199086313,29
1322470509,1199427845,3
1322470509,1229288307,31
1322470509,1230125720,4
1322470509,1230324385,7
1322470509,1260828727,32
1322470509,1261169514,25
1322470509,1291435776,29
1322470509,1292794996,3
1322470509,1322470594,26
1322470509,1322474586,51
1322470509,1322811232,3
1322470509,1322811240,26
1322470509,1323156554,4
1322470509,1447576662,21
1322470509,387364605,10
1322470509,416642425,10
1322470509,449438847,10
1322470509,478375456,12
1322470509,541118908,15
1322470509,541870397,14
1322470509,572870540,21
1322470509,5812979459,20
1322470509,5813012006,20
1322470509,5813014873,17
1322470509,5813020455,3
1322470509,5813020568,12
1322470509,5813020585,33
1322470509,5813022281,17
1322470509,5813027103,12
1322470509,5813040233,7
1322470509,5813053983,8
1322470509,5813061251,15
1322470509,5813077544,26
1322470509,5813080838,20
1322470509,632544268,16
1322470509,633546217,14
1322470509,634962055,10
1322470509,665314820,21
1322470509,694920753,20
1322470509,695629525,20
1322470509,695956656,14
1322470509,696362840,13
1322470509,697001770,12
1322470509,725951521,15
1322470509,758419409,19
1322470509,788794171,12
1322470509,789126240,11
1322470509,819828986,17
1322470509,910438331,10
1322470509,912545106,13
1322470509,912601268,13
1322470509,941132434,8
1322470509,942491983,8
1322470594,1002507159,14
1322470594,1002852791,12
1322470594,1004017998,7
1322470594,1034219901,18
1322470594,1035045015,12
1322470594,1065410141,10
1322470594,1125964814,9
1322470594,1126647624,4
1322470594,1127476096,5
1322470594,1167995070,11
1322470594,1168392468,3
1322470594,1168659995,4
1322470594,1168664495,9
1322470594,1199086313,35
1322470594,1199427845,3
1322470594,1229288307,26
1322470594,1260327246,3
1322470594,1260754053,3
1322470594,1260828727,35
1322470594,1261169514,28
1322470594,1291435776,30
1322470594,1322470509,25
1322470594,1322474586,31
1322470594,1322811128,7
1322470594,1322811232,6
1322470594,1322811240,34
1322470594,1323156554,3
1322470594,1447576662,19
1322470594,387364605,12
1322470594,416642425,12
1322470594,449438847,6
1322470594,478375456,16
1322470594,541118908,17
1322470594,541870397,11
1322470594,572870540,21
1322470594,5812979230,3
1322470594,5812979459,29
1322470594,5813012006,20
1322470594,5813014873,12
1322470594,5813020455,7
1322470594,5813020568,21
1322470594,5813020585,39
1322470594,5813022281,9
1322470594,5813027103,15
1322470594,5813040233,8
1322470594,5813053983,7
1322470594,5813061251,10
1322470594,5813077544,10
1322470594,5813080838,13
1322470594,632544268,12
1322470594,633546217,12
1322470594,634962055,8
1322470594,665314820,14
1322470594,694920753,17
1322470594,695629525,14
1322470594,695956656,12
1322470594,696362840,18
1322470594,697001770,5
1322470594,725951521,23
1322470594,758419409,15
1322470594,788794171,9
1322470594,789126240,8
1322470594,819828986,9
1322470594,910438331,9
1322470594,912545106,15
1322470594,912601268,6
1322470594,941132434,6
1322470594,942491983,9
1322474586,1002507159,25
1322474586,1002852791,22
1322474586,1004017998,5
1322474586,1034219901,19
1322474586,1035045015,15
1322474586,1065410141,7
1322474586,1125964814,16
1322474586,1126647624,6
1322474586,1127476096,15
1322474586,1167995070,12
1322474586,1168392468,4
1322474586,1168659995,3
1322474586,1168660239,3
1322474586,1168664495,14
1322474586,1199086313,33
1322474586,1199427845,4
1322474586,1219069439,3
1322474586,1229288307,33
1322474586,1230125720,4
1322474586,1260327246,5
1322474586,1260828727,33
1322474586,1261169514,27
1322474586,1291435776,21
1322474586,1322470509,43
1322474586,1322470594,13
1322474586,1322811128,3
1322474586,1322811232,3
1322474586,1322811240,25
1322474586,1323156554,4
1322474586,1447576662,13
1322474586,387364605,20
1322474586,416642425,11
1322474586,449438847,10
1322474586,478375456,17
1322474586,541118908,12
1322474586,541870397,8
1322474586,572870540,17
1322474586,5812979459,13
1322474586,5813012006,19
1322474586,5813014873,14
1322474586,5813020455,4
1322474586,5813020568,13
1322474586,5813020585,38
1322474586,5813022281,14
1322474586,5813027103,14
1322474586,5813040233,6
1322474586,5813053983,4
1322474586,5813061251,13
1322474586,5813077544,29
1322474586,5813080838,12
1322474586,632544268,14
1322474586,633546217,14
1322474586,634962055,10
1322474586,665314820,17
1322474586,694920753,12
1322474586,695629525,11
1322474586,695956656,14
1322474586,696362840,16
1322474586,697001770,6
1322474586,725951521,13
1322474586,758419409,17
1322474586,788794171,8
1322474586,789126240,10
1322474586,819828986,11
1322474586,910438331,14
1322474586,912545106,20
1322474586,912601268,12
1322474586,941132434,9
1322474586,942491983,10
1322811128,1002507159,11
1322811128,1002852791,18
1322811128,1004017998,4
1322811128,1034219901,8
1322811128,1035045015,11
1322811128,1065410141,7
1322811128,1125964814,14
1322811128,1126647624,8
1322811128,1127476096,4
1322811128,1167995070,9
1322811128,1168664447,4
1322811128,1168664495,9
1322811128,1199086313,8
1322811128,1229288307,4
1322811128,1260327246,78
1322811128,1261169514,8
1322811128,1261764651,6
1322811128,1261768880,5
1322811128,1261768913,8
1322811128,1262105630,3
1322811128,1262105637,4
1322811128,1262114188,6
1322811128,1262114202,3
1322811128,1291366237,43
1322811128,1291780675,3
1322811128,1292794996,5
1322811128,1292799346,4
1322811128,1292803650,4
1322811128,1292816565,3
1322811128,1293135946,5
1322811128,1322470368,3
1322811128,1322470509,3
1322811128,1322470594,7
1322811128,1322474586,4
1322811128,1322811160,56
1322811128,1322811232,78
1322811128,1322811240,15
1322811128,1323156554,78
1322811128,1447576662,20
1322811128,387364605,10
1322811128,416642425,11
1322811128,449438847,7
1322811128,478375456,11
1322811128,541118908,17
1322811128,541870397,7
1322811128,572870540,18
1322811128,5812979459,24
1322811128,5813012006,15
1322811128,5813014873,11
1322811128,5813020568,24
1322811128,5813020585,12
1322811128,5813022281,7
1322811128,5813027103,7
1322811128,5813040233,9
1322811128,5813061251,9
1322811128,5813077544,9
1322811128,5813080838,11
1322811128,632544268,8
1322811128,633546217,5
1322811128,634962055,13
1322811128,665314820,8
1322811128,694920753,12
1322811128,695629525,12
1322811128,695956656,14
1322811128,696362840,11
1322811128,697001770,10
1322811128,725951521,15
1322811128,758419409,5
1322811128,788794171,14
1322811128,789126240,4
1322811128,819828986,11
1322811128,910438331,4
1322811128,912545106,12
1322811128,912601268,12
1322811128,941132434,9
1322811128,942491983,13
1322811160,1002507159,5
1322811160,1002852791,7
1322811160,1004017998,6
1322811160,1034219901,3
1322811160,1035045015,9
1322811160,1065410141,7
1322811160,1125964814,7
1322811160,1126647624,6
1322811160,1127476096,7
1322811160,1167995070,10
1322811160,1168664495,4
1322811160,1169260589,4
1322811160,1229288307,3
1322811160,1260327246,39
1322811160,1261169514,3
1322811160,1261427885,6
1322811160,1261432076,13
1322811160,1261432158,6
1322811160,1261432159,3
1322811160,1261768832,4
1322811160,1261768859,8
1322811160,1261768880,9
1322811160,1261768913,3
1322811160,1262114188,3
1322811160,1262114202,3
1322811160,1291366237,95
1322811160,1291780675,3
1322811160,1291780710,3
1322811160,1292458303,16
1322811160,1292794996,4
1322811160,1292799346,5
1322811160,1292803650,4
1322811160,1292816565,3
1322811160,1322811128,82
1322811160,1322811232,43
1322811160,1323156554,65
1322811160,1447576662,10
1322811160,387364605,3
1322811160,416642425,7
1322811160,449438847,6
1322811160,478375456,11
1322811160,541118908,9
1322811160,541870397,8
1322811160,572870540,21
1322811160,5812979459,7
1322811160,5812979684,4
1322811160,5812979686,3
1322811160,5813012006,11
1322811160,5813014873,6
1322811160,5813020568,6
1322811160,5813022281,8
1322811160,5813027103,8
1322811160,5813040233,6
1322811160,5813061251,3
1322811160,5813077544,19
1322811160,5813080838,6
1322811160,632544268,5
1322811160,633546217,10
1322811160,634962055,11
1322811160,665314820,4
1322811160,694920753,12
1322811160,695629525,14
1322811160,695956656,4
1322811160,696362840,8
1322811160,697001770,7
1322811160,725951521,6
1322811160,758419409,7
1322811160,788794171,9
1322811160,819828986,5
1322811160,910438331,8
1322811160,912545106,8
1322811160,912601268,6
1322811160,941132434,3
1322811160,942491983,6
1322811232,1002507159,19
1322811232,1002852791,12
1322811232,1004017998,5
1322811232,1034219901,8
1322811232,1035045015,8
1322811232,1065410141,5
1322811232,1125964814,8
1322811232,1127476096,10
1322811232,1167995070,13
1322811232,1168664447,3
1322811232,1168664495,9
1322811232,1199086313,13
1322811232,1229288307,12
1322811232,1260327246,69
1322811232,1260422110,3
1322811232,1260828727,18
1322811232,1261169514,14
1322811232,1261768832,3
1322811232,1261768913,7
1322811232,1262105637,4
1322811232,1262114188,8
1322811232,1291366237,17
1322811232,1291435776,15
1322811232,1291780631,4
1322811232,1291780710,5
1322811232,1292799162,5
1322811232,1292816565,3
1322811232,1293135946,4
1322811232,1322470509,8
1322811232,1322470594,13
1322811232,1322474586,9
1322811232,1322811128,56
1322811232,1322811160,34
1322811232,1322811240,20
1322811232,1323156554,62
1322811232,1447576662,21
1322811232,387364605,7
1322811232,416642425,17
1322811232,449438847,11
1322811232,478375456,20
1322811232,541118908,12
1322811232,541870397,6
1322811232,572870540,10
1322811232,5812979459,30
1322811232,5813012006,9
1322811232,5813014873,5
1322811232,5813020568,29
1322811232,5813020585,13
1322811232,5813022281,8
1322811232,5813027103,15
1322811232,5813040233,8
1322811232,5813053983,4
1322811232,5813061251,7
1322811232,5813077544,12
1322811232,5813080838,16
1322811232,632544268,8
1322811232,633546217,7
1322811232,634962055,12
1322811232,665314820,14
1322811232,694920753,10
1322811232,695629525,14
1322811232,695956656,13
1322811232,696362840,12
1322811232,697001770,10
1322811232,725951521,9
1322811232,758419409,19
1322811232,788794171,12
1322811232,819828986,7
1322811232,910438331,8
1322811232,912545106,17
1322811232,912601268,10
1322811232,941132434,7
1322811232,942491983,9
1322811240,1002507159,12
1322811240,1002852791,15
1322811240,1004017998,8
1322811240,1034219901,4
1322811240,1035045015,16
1322811240,1065410141,9
1322811240,1125964814,16
1322811240,1126647624,5
1322811240,1127476096,11
1322811240,1167995070,12
1322811240,1168659995,4
1322811240,1168664495,11
1322811240,1199086313,34
1322811240,1199431561,4
1322811240,1229288307,31
1322811240,1260327246,13
1322811240,1260828727,29
1322811240,1261169514,35
1322811240,1261768913,6
1322811240,1291435776,38
1322811240,1291780631,5
1322811240,1292803650,4
1322811240,1322470509,44
1322811240,1322470594,45
1322811240,1322474586,34
1322811240,1322811128,6
1322811240,1322811232,6
1322811240,1323156554,13
1322811240,1447576662,11
1322811240,387364605,10
1322811240,416642425,12
1322811240,449438847,4
1322811240,478375456,16
1322811240,541118908,14
1322811240,541870397,10
1322811240,572870540,17
1322811240,5812979459,28
1322811240,5813012006,17
1322811240,5813014873,18
1322811240,5813020455,5
1322811240,5813020568,39
1322811240,5813020585,33
1322811240,5813022281,10
1322811240,5813027103,12
1322811240,5813040233,5
1322811240,5813053983,4
1322811240,5813061251,14
1322811240,5813077544,19
1322811240,5813080838,11
1322811240,632544268,13
1322811240,633546217,5
1322811240,634962055,11
1322811240,665314820,12
1322811240,694920753,22
1322811240,695629525,13
1322811240,695956656,20
1322811240,696362840,13
1322811240,697001770,10
1322811240,725951521,12
1322811240,758419409,10
1322811240,788794171,13
1322811240,789126240,9
1322811240,819828986,14
1322811240,910438331,16
1322811240,912545106,13
1322811240,912601268,9
1322811240,941132434,6
1322811240,942491983,18
1323156554,1002507159,11
1323156554,1002852791,8
1323156554,1034219901,6
1323156554,1035045015,15
1323156554,1065410141,4
1323156554,1125964814,4
1323156554,1127476096,6
1323156554,1167995070,12
1323156554,1168664495,6
1323156554,1199086313,5
1323156554,1229288307,7
1323156554,1260327246,75
1323156554,1260400286,3
1323156554,1260828727,4
1323156554,1261169514,11
1323156554,1261768832,3
1323156554,1261768913,8
1323156554,1291366237,38
1323156554,1291435776,4
1323156554,1291780631,5
1323156554,1291780675,6
1323156554,1291780710,7
1323156554,1292458303,3
1323156554,1292794996,3
1323156554,1292799346,3
1323156554,1292803650,3
1323156554,1292816565,4
1323156554,1293135946,4
1323156554,1322470509,5
1323156554,1322470594,10
1323156554,1322474586,6
1323156554,1322811128,80
1323156554,1322811160,54
1323156554,1322811232,67
1323156554,1322811240,18
1323156554,1447576662,21
1323156554,387364605,6
1323156554,416642425,8
1323156554,449438847,8
1323156554,478375456,15
1323156554,541118908,12
1323156554,541870397,9
1323156554,572870540,16
1323156554,5812979459,20
1323156554,5812979684,3
1323156554,5813012006,14
1323156554,5813014873,7
1323156554,5813020455,4
1323156554,5813020568,12
1323156554,5813020585,6
1323156554,5813022281,7
1323156554,5813027103,9
1323156554,5813040233,11
1323156554,5813061251,8
1323156554,5813077544,13
1323156554,5813080838,14
1323156554,632544268,8
1323156554,633546217,6
1323156554,634962055,9
1323156554,665314820,11
1323156554,694920753,13
1323156554,695629525,10
1323156554,695956656,8
1323156554,696362840,5
1323156554,697001770,11
1323156554,725951521,12
1323156554,758419409,11
1323156554,788794171,15
1323156554,789126240,3
1323156554,819828986,11
1323156554,910438331,8
1323156554,912545106,9
1323156554,912601268,11
1323156554,941132434,7
1323156554,942491983,10
1324145475,1002507159,10
1324145475,1002852791,8
1324145475,1004017998,5
1324145475,1034219901,10
1324145475,1035045015,9
1324145475,1065410141,17
1324145475,1125964814,7
1324145475,1126647624,10
1324145475,1127476096,6
1324145475,1167295853,47
1324145475,1167295856,47
1324145475,1167295872,61
1324145475,1167295916,61
1324145475,1167300055,58
1324145475,1167300154,54
1324145475,1167300194,60
1324145475,1167304403,53
1324145475,1167632513,55
1324145475,1167645523,60
1324145475,1167645658,3
1324145475,1167891559,65
1324145475,1167904437,3
1324145475,1167982211,39
1324145475,1167995070,9
1324145475,1168664495,21
1324145475,1198006801,48
1324145475,1198693217,49
1324145475,1198931241,56
1324145475,1229965474,59
1324145475,1230026228,75
1324145475,1230026402,60
1324145475,1261000309,61
1324145475,1261056809,57
1324145475,1292846965,59
1324145475,1416900410,43
1324145475,1447576662,15
1324145475,1513674176,53
1324145475,387364605,8
1324145475,416642425,12
1324145475,449438847,7
1324145475,478375456,8
1324145475,541118908,4
1324145475,541870397,7
1324145475,572870540,9
1324145475,5812979222,61
1324145475,5813012006,9
1324145475,5813014873,12
1324145475,5813022281,6
1324145475,5813040233,9
1324145475,5813061251,9
1324145475,5813070465,3
1324145475,5813077544,12
1324145475,5813080838,9
1324145475,632544268,3
1324145475,633546217,5
1324145475,634962055,5
1324145475,665314820,13
1324145475,694920753,8
1324145475,695629525,9
1324145475,695956656,7
1324145475,696362840,6
1324145475,697001770,11
1324145475,725951521,11
1324145475,758419409,9
1324145475,789126240,4
1324145475,819828986,11
1324145475,910438331,6
1324145475,912545106,10
1324145475,912601268,11
1324145475,941132434,9
1324145475,942491983,7
1324430237,1002848661,17
1324430237,1004014587,63
1324430237,1004017998,11
1324430237,1035045015,10
1324430237,1062526223,17
1324430237,1065409934,48
1324430237,1065410141,11
1324430237,1125969082,12
1324430237,1127476096,16
1324430237,1128088594,47
1324430237,1167995070,16
1324430237,1168664495,8
1324430237,1190171884,52
1324430237,1197993940,10
1324430237,1199677638,39
1324430237,1218728570,7
1324430237,1220584946,10
1324430237,1259377325,6
1324430237,1318109929,15
1324430237,1353544607,16
1324430237,1447576662,17
1324430237,1600083889,11
1324430237,1601771527,8
1324430237,1631450739,13
1324430237,387023620,15
1324430237,387364605,17
1324430237,449438847,14
1324430237,539462336,15
1324430237,541870397,17
1324430237,569775058,17
1324430237,572870540,26
1324430237,5812983734,7
1324430237,5813012006,14
1324430237,5813014882,32
1324430237,5813022281,15
1324430237,5813047157,14
1324430237,5813059834,15
1324430237,5813070465,16
1324430237,5813077544,4
1324430237,634962055,12
1324430237,663562172,9
1324430237,664650297,6
1324430237,665314820,12
1324430237,693755250,9
1324430237,696362840,17
1324430237,697001770,15
1324430237,724280817,12
1324430237,758419409,23
1324430237,788794171,15
1324430237,789126240,11
1324430237,819828986,18
1324430237,848761388,14
1324430237,849421763,19
1324430237,879183317,15
1324430237,880875861,45
1324430237,881898734,54
1324430237,910447075,3
1324430237,912147912,32
1324430237,912545106,13
1324430237,912601268,11
1324430237,941123755,14
1324430237,942173776,31
1324430237,942587380,63
1324430237,972555509,23
1324430237,973566036,15
1324430237,974239375,35
1324430237,974300015,54
1345056477,1004700437,6
1345056477,1258073453,4
1345056477,757694775,3
1345056477,880875840,3
1345056477,941939879,7
1348769299,1349114669,3
1348769299,944262351,3
1349114660,1660776511,3
1349114660,1661122416,4
1349114660,635234035,3
1349114660,693979726,4
1349114660,819138027,3
1349114660,880526398,3
1349114660,912894972,3
1349114660,948333783,3
1349114715,1188163963,9
1349114715,1410127303,3
1349114715,1410127581,6
1349114715,1410472719,7
1349114715,1504268020,3
1349114715,1598382541,3
1349114715,1599069164,3
1349114715,1599410380,5
1349114715,1661799601,3
1349114715,5812994149,7
1349114715,5813095667,4
1349114715,632600726,5
1349114715,632911211,4
1349114715,632915714,5
1349114715,663950729,4
1349114715,726024758,5
1349114715,818119357,4
1349114715,848800082,7
1349114715,880526292,4
1349114715,880875900,4
1349114715,911215499,3
1349114715,972624772,9
1349114715,974968796,4
1350803100,1097718659,13
1350803100,1219410844,3
1350803100,1250113288,4
1350803100,1381484065,13
1350803100,1441144493,3
1350803100,1629426306,3
1350803100,572167406,4
1350803100,786679162,5
1350803100,789130596,14
1352823209,1002507131,4
1352823209,1002507159,7
1352823209,1002852791,9
1352823209,1004014587,3
1352823209,1004017998,5
1352823209,1034219901,3
1352823209,1035045015,11
1352823209,1065410141,4
1352823209,1126647624,4
1352823209,1127471692,16
1352823209,1127476096,10
1352823209,1128088594,3
1352823209,1167995070,10
1352823209,1168664495,3
1352823209,1169260589,3
1352823209,1190171884,4
1352823209,1199677638,4
1352823209,1218732640,8
1352823209,1220576923,5
1352823209,1291094620,13
1352823209,1291094742,7
1352823209,1291099014,10
1352823209,1291103485,7
1352823209,1291435551,6
1352823209,1291435693,13
1352823209,1291444314,6
1352823209,1294082002,7
1352823209,1294414279,3
1352823209,1322129437,3
1352823209,1322129610,8
1352823209,1322129724,3
1352823209,1322129730,11
1352823209,1322133296,5
1352823209,1322133531,4
1352823209,1322133768,10
1352823209,1322133825,6
1352823209,1322133858,3
1352823209,1322133891,10
1352823209,1322137688,4
1352823209,1322138079,10
1352823209,1322466938,5
1352823209,1322470368,6
1352823209,1353168228,5
1352823209,1355806197,9
1352823209,1380495496,8
1352823209,1447576662,7
1352823209,1508334312,10
1352823209,387364605,4
1352823209,416642425,7
1352823209,449438847,3
1352823209,478375456,11
1352823209,508793049,5
1352823209,509410587,11
1352823209,541118908,6
1352823209,541870397,7
1352823209,570461892,7
1352823209,572870540,9
1352823209,5813012006,4
1352823209,5813014873,10
1352823209,5813014882,3
1352823209,5813022281,4
1352823209,5813027103,5
1352823209,5813040233,5
1352823209,5813056953,7
1352823209,5813059835,7
1352823209,5813061251,4
1352823209,5813077544,12
1352823209,5813080838,14
1352823209,5813080979,5
1352823209,632544268,8
1352823209,633546217,5
1352823209,634608104,13
1352823209,634962055,6
1352823209,663190769,3
1352823209,664645558,4
1352823209,665314820,4
1352823209,694920753,3
1352823209,695629525,12
1352823209,695956656,8
1352823209,696362840,6
1352823209,697001770,6
1352823209,725951521,6
1352823209,757055317,3
1352823209,758419409,6
1352823209,788794171,5
1352823209,789126240,3
1352823209,819828986,7
1352823209,847336755,7
1352823209,848761388,5
1352823209,849482511,4
1352823209,910438331,4
1352823209,910447075,8
1352823209,912601268,9
1352823209,942173776,6
1352823209,942491983,7
1352823209,972555509,4
1352823209,972892437,5
1352823209,974239375,7
1352823209,974300015,4
1353168228,1002507159,5
1353168228,1004017998,3
1353168228,1034219901,4
1353168228,1035045015,4
1353168228,1065410141,3
1353168228,1125964630,3
1353168228,1127471692,3
1353168228,1127476096,4
1353168228,1167995070,6
1353168228,1168664495,3
1353168228,1219069439,3
1353168228,1291094742,7
1353168228,1291099014,4
1353168228,1291103485,3
1353168228,1291435551,4
1353168228,1291435693,4
1353168228,1291444314,3
1353168228,1322129730,3
1353168228,1322129781,3
1353168228,1322133296,3
1353168228,1322133891,3
1353168228,1322142804,3
1353168228,1322470462,3
1353168228,1447576662,4
1353168228,416642425,3
1353168228,478375456,6
1353168228,541118908,6
1353168228,541870397,5
1353168228,572870540,6
1353168228,5813012006,5
1353168228,5813014873,5
1353168228,5813022281,3
1353168228,5813027103,4
1353168228,5813077544,5
1353168228,5813080838,5
1353168228,632544268,6
1353168228,633546217,4
1353168228,634608104,3
1353168228,664645558,3
1353168228,694920753,3
1353168228,695629525,3
1353168228,695956656,5
1353168228,696362840,4
1353168228,697001770,3
1353168228,725951521,8
1353168228,819828986,6
1353168228,910438331,3
1353168228,910447075,3
1353168228,912601268,5
1353168228,972892437,4
1353544607,1004017998,56
1353544607,1035045015,58
1353544607,1065410141,5
1353544607,1105834722,3
1353544607,1106180107,10
1353544607,1127471692,21
1353544607,1137210821,7
1353544607,1167563121,3
1353544607,1167641412,5
1353544607,1167645658,3
1353544607,1167895489,3
1353544607,1167904437,5
1353544607,1167977970,8
1353544607,1168059800,6
1353544607,1168064774,4
1353544607,1168241257,3
1353544607,1168923315,6
1353544607,1198257581,7
1353544607,1198326456,3
1353544607,1198334861,3
1353544607,1198413357,7
1353544607,1198671494,6
1353544607,1198671672,3
1353544607,1198675740,8
1353544607,1198680122,5
1353544607,1198943369,3
1353544607,1199699496,4
1353544607,1199712167,5
1353544607,1199712272,7
1353544607,1220576923,17
1353544607,1220584946,27
1353544607,1230480261,4
1353544607,1260422110,3
1353544607,1261000309,3
1353544607,1292847181,3
1353544607,1318109929,26
1353544607,1380495496,14
1353544607,1508334312,12
1353544607,1600083889,29
1353544607,1631450739,23
1353544607,387023620,18
1353544607,416642425,7
1353544607,478375456,48
1353544607,508793049,15
1353544607,509410587,3
1353544607,539462336,28
1353544607,541118908,58
1353544607,541870397,13
1353544607,569775058,9
1353544607,5813012006,45
1353544607,5813047157,36
1353544607,5813047647,4
1353544607,5813047793,11
1353544607,5813049948,3
1353544607,5813050767,4
1353544607,5813070465,28
1353544607,5813077556,4
1353544607,5813080838,65
1353544607,5813080979,9
1353544607,632544268,26
1353544607,634608104,12
1353544607,663562172,12
1353544607,664645558,8
1353544607,664650297,33
1353544607,695629525,9
1353544607,757055317,16
1353544607,788794171,3
1353544607,849482511,9
1353544607,879183317,21
1353544607,912601268,31
1353544607,973566036,4
1353544607,974239375,6
1355806197,1002507131,5
1355806197,1002507159,8
1355806197,1002852791,10
1355806197,1004017998,7
1355806197,1034219901,11
1355806197,1035045015,12
1355806197,1065410141,6
1355806197,1125964814,8
1355806197,1125969082,3
1355806197,1126647624,7
1355806197,1127476096,11
1355806197,1128088594,3
1355806197,1167995070,15
1355806197,1168664495,4
1355806197,1218732640,4
1355806197,1219069439,3
1355806197,1220576923,7
1355806197,1291094620,9
1355806197,1291094742,18
1355806197,1291099014,13
1355806197,1291103485,5
1355806197,1291435551,6
1355806197,1291435693,15
1355806197,1291444314,6
1355806197,1294082002,5
1355806197,1294414279,8
1355806197,1322129437,6
1355806197,1322129610,17
1355806197,1322129724,15
1355806197,1322129730,9
1355806197,1322129781,6
1355806197,1322133296,9
1355806197,1322133531,13
1355806197,1322133768,9
1355806197,1322133825,5
1355806197,1322133858,6
1355806197,1322133891,16
1355806197,1322137688,4
1355806197,1322138079,8
1355806197,1322142804,4
1355806197,1322466938,5
1355806197,1322470368,9
1355806197,1322470462,3
1355806197,1352823209,10
1355806197,1353168228,4
1355806197,1380495496,6
1355806197,1447576662,11
1355806197,1508334312,7
1355806197,387364605,11
1355806197,416642425,7
1355806197,449438847,10
1355806197,478375456,7
1355806197,541118908,10
1355806197,541870397,9
1355806197,572870540,16
1355806197,5813012006,10
1355806197,5813014873,12
1355806197,5813022281,10
1355806197,5813027103,18
1355806197,5813040233,7
1355806197,5813059835,3
1355806197,5813061251,10
1355806197,5813077544,11
1355806197,5813080838,12
1355806197,632544268,10
1355806197,633546217,6
1355806197,634608104,4
1355806197,634962055,10
1355806197,663190769,3
1355806197,665314820,13
1355806197,694920753,7
1355806197,695629525,8
1355806197,695956656,6
1355806197,696362840,9
1355806197,697001770,10
1355806197,725951521,8
1355806197,757055317,3
1355806197,758419409,10
1355806197,788794171,7
1355806197,789126240,10
1355806197,819828986,5
1355806197,910438331,8
1355806197,910447075,3
1355806197,912545106,7
1355806197,912601268,6
1355806197,941132434,12
1355806197,942491983,13
1355810793,1261760225,18
1355810793,1261760366,31
1355810793,1261760414,12
1355810793,1261760448,23
1355810793,1261760489,17
1355810793,1261764527,19
1355810793,1261764557,23
1355810793,1261764651,16
1355810793,1261768644,3
1355810793,1261768913,6
1355810793,1261773104,7
1355810793,1261773286,21
1355810793,1261773330,12
1355810793,1262101350,11
1355810793,1262105552,28
1355810793,1262105575,18
1355810793,1262105601,15
1355810793,1262105630,32
1355810793,1262105637,12
1355810793,1262114112,29
1355810793,1262114188,22
1355810793,1262114202,24
1355810793,1291780631,8
1355810793,1291780675,12
1355810793,1291780710,10
1355810793,1292794996,9
1355810793,1292799162,15
1355810793,1292799346,20
1355810793,1292803650,22
1355810793,1292807819,15
1355810793,1292816565,19
1355810793,1293135946,25
1355810793,1293136062,11
1355810793,5812979684,15
1355810793,5812984024,17
1355810793,5813080269,9
1380145201,1069757725,3
1380145201,1164597572,3
1380145201,1251269930,3
1380145201,1380149563,3
1380145201,1380149683,5
1380145201,1410122586,3
1380145201,1410472719,4
1380145201,1441499284,4
1380145201,1599410380,5
1380145201,5812994149,7
1380145201,5813041556,6
1380145201,5813128416,3
1380145201,632911211,6
1380145201,693651381,3
1380145201,693979726,6
1380145201,694985489,3
1380145201,756049717,3
1380145201,757055403,3
1380145201,818119357,4
1380145201,848800043,3
1380145201,848800082,6
1380145201,850492366,4
1380145201,850829248,4
1380145201,880526292,8
1380145201,911215499,6
1380145201,911220325,3
1380145201,913235746,3
1380145267,635234035,3
1380145267,819138027,4
1380145267,848800082,3
1380145267,851493896,4
1380149563,1094722478,4
1380149563,1125411720,3
1380149563,1219889738,5
1380149563,1251265590,3
1380149563,1256376704,4
1380149563,1410127303,5
1380149563,1410472719,5
1380149563,1441503748,4
1380149563,1442931758,4
1380149563,1503922566,3
1380149563,1567028669,3
1380149563,1599069164,3
1380149563,1660776511,5
1380149563,5812994149,4
1380149563,5813041556,6
1380149563,632911211,4
1380149563,693651381,3
1380149563,693979726,4
1380149563,694670373,3
1380149563,758743604,3
1380149563,818119357,3
1380149563,848800082,5
1380149563,850829248,3
1380149563,850855138,3
1380149563,880526292,4
1380149563,912488890,3
1380149563,913235746,3
1380149683,1034703497,3
1380149683,1094722478,4
1380149683,1125411720,3
1380149683,1251269930,3
1380149683,1287411513,3
1380149683,1380145201,5
1380149683,1380149563,3
1380149683,1410118722,3
1380149683,1472546868,4
1380149683,1599410380,3
1380149683,1599747200,6
1380149683,1660776511,3
1380149683,5812994149,3
1380149683,632911211,6
1380149683,694666271,3
1380149683,757055403,4
1380149683,818119357,4
1380149683,848800043,6
1380149683,848800082,3
1380149683,849162653,3
1380149683,850492366,3
1380149683,850829248,4
1380149683,850855138,3
1380149683,880526292,3
1380149683,911215499,12
1380149683,912488890,3
1380408540,1410105306,3
1380408540,816682053,3
1380408540,942172835,6
1380408769,851493896,4
1380408769,912925080,3
1380408769,916284630,3
1380408769,942172835,5
1380408769,944262351,3
1380495496,1127471692,18
1380495496,1167645442,9
1380495496,1220576923,12
1380495496,1291094742,4
1380495496,1291435693,3
1380495496,1294082002,7
1380495496,1318109929,5
1380495496,1322129730,4
1380495496,1322129781,4
1380495496,1322466938,4
1380495496,1352823209,6
1380495496,1353544607,15
1380495496,1355806197,3
1380495496,1508334312,12
1380495496,387023620,9
1380495496,416642425,20
1380495496,478375456,4
1380495496,508793049,8
1380495496,539462336,8
1380495496,5813022281,20
1380495496,5813027103,45
1380495496,5813047157,9
1380495496,5813070465,5
1380495496,5813080979,10
1380495496,633546217,11
1380495496,634608104,17
1380495496,634962055,23
1380495496,663190769,8
1380495496,664645558,13
1380495496,664650297,5
1380495496,665314820,23
1380495496,694920753,36
1380495496,695956656,36
1380495496,696362840,24
1380495496,725951521,43
1380495496,757055317,7
1380495496,758419409,3
1380495496,788794171,3
1380495496,789126240,31
1380495496,819828986,26
1380495496,847336755,7
1380495496,849482511,12
1380495496,879183317,10
1380495496,880875861,3
1380495496,910438331,8
1380495496,910447075,3
1380495496,941123755,5
1380495496,941132434,10
1380495496,942491983,8
1380495496,942587380,3
1381484065,481112669,3
1381484065,760094565,4
1381484065,850194651,5
1381484065,880875840,3
1381484065,882239837,6
1381484065,916284630,6
1381484065,979752365,6
1410105306,1126310716,6
1410105306,1134253374,6
1410105306,1249098248,3
1410105306,1249763220,3
1410105306,1310499077,3
1410105306,1410122586,4
1410105306,1410122892,4
1410105306,1441485464,7
1410105306,1441485633,5
1410105306,1441485832,4
1410105306,1472866173,3
1410105306,1535652862,3
1410105306,1599431888,3
1410105306,1629085008,4
1410105306,633200871,3
1410105306,692857189,4
1410105306,723546819,3
1410105306,724228740,4
1410105306,724276536,4
1410105306,787374226,13
1410105306,880875927,6
1410105306,882239837,8
1410105306,911569552,9
1410105306,979752365,8
1410122382,1125964879,3
1410122382,1155302782,8
1410122382,1156663078,5
1410122382,1217394039,5
1410122382,1310499077,8
1410122382,1410122586,6
1410122382,1410127581,4
1410122382,1410450949,8
1410122382,1441481281,7
1410122382,1473202957,8
1410122382,1504924440,10
1410122382,1535652862,8
1410122382,1568047319,14
1410122382,1597683387,5
1410122382,1599431888,5
1410122382,1629085008,4
1410122382,1631131487,12
1410122382,572167413,4
1410122382,5812987327,4
1410122382,5813128537,3
1410122382,632600726,6
1410122382,662840966,3
1410122382,662845370,3
1410122382,663225743,8
1410122382,692857189,4
1410122382,755644082,10
1410122382,786013842,4
1410122382,940791093,3
1410122382,940791123,3
1410122586,1248770299,3
1410122586,1249098248,3
1410122586,1250113157,3
1410122586,1310499077,5
1410122586,1410122382,4
1410122586,1410450511,3
1410122586,1410450949,3
1410122586,1441481281,3
1410122586,1441485832,4
1410122586,1473202957,7
1410122586,1535298439,3
1410122586,1535652862,4
1410122586,1568047319,6
1410122586,1597683387,6
1410122586,1599431888,7
1410122586,1599436552,3
1410122586,5813014859,3
1410122586,662845370,3
1410122586,724276536,7
1410122586,755644082,6
1410122586,847712233,3
1410122586,879779401,3
1410122586,940791123,8
1410122586,942535218,3
1410122843,1126301622,3
1410122843,1410450949,4
1410122843,1441144493,3
1410122843,1629093706,5
1410122892,1155302782,4
1410122892,1188043606,3
1410122892,1248770299,5
1410122892,1249098248,3
1410122892,1249763220,3
1410122892,1410122586,3
1410122892,1410450949,4
1410122892,1410451120,5
1410122892,1441144493,3
1410122892,1441485942,3
1410122892,1473202957,4
1410122892,1504924440,3
1410122892,1535652862,5
1410122892,1599431888,8
1410122892,1599436552,4
1410122892,1629085008,3
1410122892,1629093706,3
1410122892,5812987327,3
1410122892,692857189,4
1410122892,724228740,5
1410122892,724276536,3
1410122892,755644082,3
1410122892,786000969,3
1410122892,786679162,3
1410122892,816682053,4
1410122892,817674780,3
1410122892,911500529,4
1410122892,940791115,3
1410127303,1125411720,3
1410127303,1188163963,4
1410127303,1349114715,5
1410127303,1380145267,4
1410127303,1410122382,3
1410127303,1410127581,9
1410127303,1410472719,6
1410127303,1504268020,4
1410127303,1599069164,3
1410127303,1599410380,3
1410127303,1599747200,6
1410127303,1661799601,4
1410127303,5812994149,5
1410127303,5813095667,5
1410127303,5813122799,3
1410127303,5813127525,3
1410127303,632600726,5
1410127303,632911211,3
1410127303,632915714,7
1410127303,759084183,4
1410127303,818119357,5
1410127303,848800082,4
1410127303,850829248,4
1410127303,880526292,3
1410127303,880875900,5
1410127303,940791093,3
1410127303,972624772,4
1410127581,1003659595,4
1410127581,1188163963,7
1410127581,1189549476,4
1410127581,1349114715,3
1410127581,1410127303,7
1410127581,1504268020,10
1410127581,1536006733,4
1410127581,1599410380,4
1410127581,1661799601,7
1410127581,5812994148,8
1410127581,5812994149,4
1410127581,5813095667,13
1410127581,5813128240,3
1410127581,5813128537,7
1410127581,632600726,8
1410127581,632915714,10
1410127581,662840966,3
1410127581,663950729,5
1410127581,727371546,5
1410127581,758069781,3
1410127581,759084183,4
1410127581,880875900,7
1410127581,972624772,12
1410127581,974968796,6
1410450511,1035955516,13
1410450511,1155302782,5
1410450511,1156663078,11
1410450511,1217394039,7
1410450511,1310499077,4
1410450511,1410122382,6
1410450511,1410450949,8
1410450511,1441481281,5
1410450511,1473202957,3
1410450511,1504924440,8
1410450511,1535652862,11
1410450511,1536006733,4
1410450511,1568047319,16
1410450511,1631131487,9
1410450511,5813016167,3
1410450511,633895972,5
1410450511,662845370,3
1410450511,663225743,8
1410450511,755644082,8
1410450511,786013842,7
1410450511,849421893,4
1410450514,1008028537,5
1410450514,1126301622,4
1410450514,1126310716,4
1410450514,1250113288,3
1410450514,1410105306,3
1410450514,1410451120,5
1410450514,1410801066,4
1410450514,1441144493,5
1410450514,1441485942,4
1410450514,1599436552,3
1410450514,1628744095,4
1410450514,1629085008,3
1410450514,692857189,3
1410450514,760094565,3
1410450514,912488890,4
1410450514,912925080,5
1410450694,1441485832,3
1410450694,1566333075,5
1410450694,1567020107,3
1410450694,755644082,4
1410450859,1410451120,6
1410450859,724228740,3
1410450859,760094565,5
1410450859,850855138,4
1410450859,940808800,3
1410450949,1155302782,11
1410450949,1310499077,5
1410450949,1410122382,11
1410450949,1410122586,6
1410450949,1410450511,4
1410450949,1410450694,3
1410450949,1441481281,9
1410450949,1473202957,7
1410450949,1503581177,3
1410450949,1504924440,7
1410450949,1535652862,4
1410450949,1568047319,17
1410450949,1597683387,11
1410450949,1599431888,11
1410450949,1599436552,3
1410450949,1629085008,4
1410450949,1631131487,11
1410450949,5812987327,5
1410450949,633200871,3
1410450949,662845370,3
1410450949,663225743,4
1410450949,692857189,5
1410450949,724276536,3
1410450949,755644082,10
1410450949,785957618,6
1410450949,786013842,6
1410450949,910473088,3
1410450949,940791093,4
1410451120,1126301622,5
1410451120,1126310716,4
1410451120,1218728588,3
1410451120,1248770299,3
1410451120,1249098248,4
1410451120,1287411513,3
1410451120,1310499077,3
1410451120,1410122586,7
1410451120,1410122892,3
1410451120,1410450576,4
1410451120,1410450949,5
1410451120,1410801066,5
1410451120,1441144493,3
1410451120,1441481281,3
1410451120,1441485633,4
1410451120,1441485942,5
1410451120,1473207713,5
1410451120,1597722005,3
1410451120,1599431888,3
1410451120,1599436552,3
1410451120,1629085008,3
1410451120,1631486122,4
1410451120,571826184,3
1410451120,5812987327,4
1410451120,5813014859,3
1410451120,633201022,4
1410451120,692857189,6
1410451120,724228740,3
1410451120,724276536,3
1410451120,725360291,3
1410451120,760094565,3
1410451120,786000969,6
1410451120,816682061,4
1410451120,847712250,4
1410451120,847712342,5
1410451120,850855138,4
1410451120,911500529,9
1410451151,1126301622,3
1410451151,5812987327,3
1410472719,1125411720,4
1410472719,1127808629,3
1410472719,1188163963,8
1410472719,1349114715,6
1410472719,1410127303,5
1410472719,1410127581,5
1410472719,1410450949,3
1410472719,1598382541,3
1410472719,1599069164,4
1410472719,1599410380,4
1410472719,5812994149,7
1410472719,5813012311,4
1410472719,5813041556,4
1410472719,5813095667,3
1410472719,5813122799,3
1410472719,632600726,3
1410472719,632915714,4
1410472719,727035427,3
1410472719,848800082,4
1410472719,849832122,3
1410472719,880526292,4
1410472719,880875900,5
1410472719,940791092,3
1410472719,972624772,5
1410472719,974968796,4
1410801066,1008028537,3
1410801066,1097718659,4
1410801066,1381484065,4
1410801066,912488890,3
1410813978,1003659595,3
1410813978,1599410380,3
1410813978,5812994148,3
1410813978,632600726,3
1411862814,1126301255,5
1411862814,1126310776,5
1411862814,1126310969,5
1411862814,1155652503,8
1411862814,1217385533,3
1411862814,1218728541,11
1411862814,1255297613,3
1411862814,1286315568,9
1411862814,1443579770,5
1411862814,1472205673,7
1411862814,1566644645,7
1411862814,1662166202,8
1411862814,541119189,6
1411862814,5813050000,5
1411862814,5813056934,8
1411862814,663558074,8
1411862814,663898692,6
1411862814,692852666,4
1411862814,818063189,4
1411862814,849763224,6
1411862814,879442155,6
1411862814,879748663,7
1411862814,909777910,8
1411862814,971506655,7
1411862814,972871918,7
1412164346,1188163963,4
1412164346,1189549476,3
1412164346,1189887646,3
1412164346,1380408540,8
1412164346,1410127581,3
1412164346,1504268020,5
1412164346,1536006733,11
1412164346,1661799601,5
1412164346,5812994148,6
1412164346,5813095667,6
1412164346,5813127525,3
1412164346,5813128240,8
1412164346,5813128537,6
1412164346,632915714,3
1412164346,662966385,3
1412164346,663950729,11
1412164346,726024758,4
1412164346,727371546,5
1412164346,758069781,3
1412164346,759084183,4
1412164346,879844144,4
1412164346,880875900,15
1412164346,972624772,8
1412164346,974968796,5
1412238418,1032643905,8
1412238418,1128092885,3
1412238418,1187831582,4
1412238418,1224936588,5
1412238418,1251275120,10
1412238418,1255638782,3
1412238418,1443268440,4
1412238418,1537634396,9
1412238418,1661458144,5
1412238418,478077561,6
1412238418,539810773,5
1412238418,540493022,4
1412238418,569481415,6
1412238418,570185174,7
1412238418,570518166,4
1412238418,5813015999,3
1412238418,601216096,6
1412238418,696336849,8
1412238418,759084486,4
1412238418,848817674,5
1412238418,849844855,5
1412238418,880185131,7
1412238418,880526477,6
1412238418,911578483,4
1412238418,916974420,5
1412238418,941244280,7
1412238418,943921248,7
1416900410,1002507159,10
1416900410,1002852791,7
1416900410,1004017998,4
1416900410,1034219901,5
1416900410,1035045015,11
1416900410,1065410141,17
1416900410,1125964814,4
1416900410,1126647624,8
1416900410,1127476096,9
1416900410,1167295853,45
1416900410,1167295856,68
1416900410,1167295872,63
1416900410,1167295916,71
1416900410,1167300055,59
1416900410,1167300154,46
1416900410,1167300194,68
1416900410,1167304403,40
1416900410,1167632513,46
1416900410,1167645523,54
1416900410,1167891559,45
1416900410,1167904437,6
1416900410,1167982211,39
1416900410,1167995070,11
1416900410,1168664495,12
1416900410,1198006801,51
1416900410,1198413357,3
1416900410,1198693217,52
1416900410,1198931241,57
1416900410,1229965474,63
1416900410,1230026228,53
1416900410,1230026402,59
1416900410,1261000309,64
1416900410,1261056809,42
1416900410,1292846965,56
1416900410,1318109929,4
1416900410,1324145475,42
1416900410,1353544607,4
1416900410,1447576662,12
1416900410,1513674176,40
1416900410,1600083889,4
1416900410,387364605,3
1416900410,416642425,11
1416900410,449438847,10
1416900410,478375456,7
1416900410,539462336,3
1416900410,541118908,5
1416900410,541870397,4
1416900410,572870540,8
1416900410,5812979222,46
1416900410,5813012006,7
1416900410,5813014873,6
1416900410,5813022281,4
1416900410,5813027103,3
1416900410,5813040233,7
1416900410,5813047647,4
1416900410,5813061251,10
1416900410,5813077544,11
1416900410,5813080838,9
1416900410,632544268,4
1416900410,634962055,4
1416900410,665314820,7
1416900410,693755250,4
1416900410,694920753,7
1416900410,695629525,8
1416900410,695956656,11
1416900410,697001770,15
1416900410,725951521,9
1416900410,758419409,5
1416900410,789126240,7
1416900410,819828986,7
1416900410,849421763,3
1416900410,910438331,4
1416900410,912545106,12
1416900410,912601268,6
1416900410,941132434,10
1416900410,942491983,6
1416900410,973566036,3
1441144493,1125964899,4
1441144493,1126310807,3
1441144493,1134253374,7
1441144493,1248770299,3
1441144493,1249098248,5
1441144493,1249763220,5
1441144493,1250113288,3
1441144493,1410122892,4
1441144493,1410450859,3
1441144493,1410450949,4
1441144493,1410451120,4
1441144493,1441481281,3
1441144493,1441485633,5
1441144493,1441485942,8
1441144493,1441486002,3
1441144493,1442931671,4
1441144493,1473202957,5
1441144493,1473207713,3
1441144493,1567020107,5
1441144493,1599431888,8
1441144493,1599436552,6
1441144493,1629085008,3
1441144493,5812987327,5
1441144493,724228740,7
1441144493,724276536,7
1441144493,786000969,5
1441144493,786679162,4
1441144493,787374226,4
1441144493,882239837,4
1441144493,911500529,5
1441144493,911569552,7
1441144493,979752365,5
1441481281,1035955516,8
1441481281,1155302782,5
1441481281,1187693355,3
1441481281,1217394039,3
1441481281,1248770299,7
1441481281,1310499077,15
1441481281,1410122382,8
1441481281,1410122586,4
1441481281,1410450511,6
1441481281,1410450949,9
1441481281,1441485832,3
1441481281,1473202957,9
1441481281,1503581177,3
1441481281,1504924440,10
1441481281,1535652862,12
1441481281,1536006733,3
1441481281,1536326457,3
1441481281,1566333075,3
1441481281,1568047319,9
1441481281,1597683387,13
1441481281,1599431888,4
1441481281,1599436552,4
1441481281,1629085008,5
1441481281,1631131487,12
1441481281,5812987327,3
1441481281,5813095667,3
1441481281,662845370,8
1441481281,663225743,9
1441481281,692857189,5
1441481281,724276536,4
1441481281,755644082,15
1441481281,785957618,4
1441481281,786013842,9
1441481281,849421893,4
1441481281,940791093,3
1441485388,1134253374,5
1441485388,571826184,3
1441485388,633200861,3
1441485388,633541717,4
1441485388,787374226,9
1441485388,880875927,3
1441485388,882239837,14
1441485388,911569552,7
1441485388,940808800,3
1441485388,979752365,6
1441485464,1008028537,6
1441485464,1126301622,3
1441485464,1126310716,5
1441485464,1249763220,3
1441485464,1410118722,4
1441485464,1410122892,5
1441485464,1410450576,11
1441485464,1441144493,6
1441485464,1441481281,3
1441485464,1441485942,5
1441485464,1473207713,6
1441485464,1534616158,4
1441485464,1598067695,3
1441485464,1599436552,3
1441485464,1628744095,4
1441485464,1629093706,3
1441485464,5812987327,5
1441485464,5813070464,3
1441485464,724228740,8
1441485464,724276536,4
1441485464,725360291,3
1441485464,786000969,3
1441485464,847712233,3
1441485464,847712250,3
1441485464,911500529,3
1441485464,912488890,4
1441485633,1126301622,4
1441485633,1155302782,3
1441485633,1249098248,4
1441485633,1250113288,5
1441485633,1410122586,6
1441485633,1410122892,7
1441485633,1410450949,3
1441485633,1410451120,4
1441485633,1410801066,3
1441485633,1441485832,3
1441485633,1441485942,4
1441485633,1442931671,3
1441485633,1442931758,3
1441485633,1567020107,3
1441485633,1599436552,3
1441485633,1628744095,4
1441485633,5812991545,6
1441485633,692857189,5
1441485633,724228740,5
1441485633,724276536,4
1441485633,786000969,7
1441485633,787374226,3
1441485633,877702431,3
1441485633,911500529,3
1441485832,1155302782,6
1441485832,1156663078,5
1441485832,1248770299,4
1441485832,1310499077,5
1441485832,1410105306,3
1441485832,1410122382,4
1441485832,1410122586,4
1441485832,1410450694,3
1441485832,1410450949,5
1441485832,1441481281,8
1441485832,1473202957,5
1441485832,1504924440,3
1441485832,1535652862,10
1441485832,1536326457,4
1441485832,1568047319,11
1441485832,1597683387,8
1441485832,1599431888,8
1441485832,1629085008,10
1441485832,5812987327,8
1441485832,5812991545,3
1441485832,663225743,3
1441485832,692857189,3
1441485832,755644082,4
1441485832,786013842,3
1441485832,942172462,3
1441485832,943226223,3
1441485942,1126301622,7
1441485942,1155302782,3
1441485942,1157000178,3
1441485942,1218728544,3
1441485942,1248770299,5
1441485942,1249763220,3
1441485942,1410122892,5
1441485942,1410450949,5
1441485942,1410451120,7
1441485942,1441144493,3
1441485942,1441481281,3
1441485942,1441485832,5
1441485942,1473202957,5
1441485942,1503581412,3
1441485942,1535298460,3
1441485942,1535652862,5
1441485942,1567020107,3
1441485942,1599431888,6
1441485942,1599436552,6
1441485942,1629085008,5
1441485942,1629093706,4
1441485942,692857189,6
1441485942,724276536,8
1441485942,786000969,4
1441486002,1134253374,11
1441486002,1249098248,5
1441486002,1410105306,3
1441486002,1410451120,3
1441486002,1441485388,4
1441486002,1473207713,3
1441486002,1628744095,3
1441486002,1629085008,4
1441486002,1629093706,4
1441486002,633200861,3
1441486002,724228740,3
1441486002,786000969,4
1441486002,787374226,11
1441486002,880875927,13
1441486002,882239837,14
1441486002,911500529,5
1441486002,911569552,7
1441486002,940808800,4
1441486002,979752365,19
1441498763,1349114660,3
1441498763,1441499284,3
1441498763,1599069164,3
1441498763,5813041556,4
1441498763,632259507,3
1441498763,758069811,3
1441499171,1380149563,3
1441499171,1441499284,3
1441499171,5813041556,5
1441499284,1380145201,3
1441499284,5812994149,3
1441499284,693651381,3
1441499284,848800082,4
1441503403,1599069164,3
1441503403,1599747200,3
1441503403,850829248,3
1441503403,942254492,3
1441503748,1125411720,5
1441503748,1129456907,4
1441503748,1159530101,3
1441503748,1380145201,4
1441503748,1410122892,3
1441503748,1410127303,8
1441503748,1441503403,3
1441503748,1599069164,3
1441503748,1599410380,8
1441503748,1599747200,3
1441503748,1660789784,4
1441503748,1661121263,4
1441503748,1661458883,4
1441503748,5812994149,3
1441503748,5813041556,4
1441503748,5813122799,3
1441503748,5813128416,3
1441503748,693651381,3
1441503748,848800043,10
1441503748,850492366,3
1441503748,880526292,6
1441503748,880875900,6
1441503748,943592738,3
1441503748,972624772,3
1441848753,1441499284,3
1441848753,5813095667,3
1441848753,663950729,3
1442556708,1097718659,5
1442556708,1134253374,3
1442556708,1381484065,9
1442556708,1473241269,3
1442556708,789130596,3
1442556708,880875927,3
1442556708,979752365,3
1442931671,882239837,3
1442931758,787374226,8
1442931758,880875927,5
1443268440,1032643905,10
1443268440,1187831582,6
1443268440,1224936588,5
1443268440,1251275120,6
1443268440,1255638782,8
1443268440,1412238418,3
1443268440,1537634396,10
1443268440,1661458144,15
1443268440,478077561,8
1443268440,539810773,4
1443268440,540493022,10
1443268440,569481415,13
1443268440,570185174,16
1443268440,570518166,7
1443268440,5813015999,5
1443268440,5813081686,7
1443268440,601216096,3
1443268440,696336849,10
1443268440,759084486,5
1443268440,848817674,6
1443268440,849832062,5
1443268440,849844855,12
1443268440,880185131,6
1443268440,880526477,10
1443268440,916974420,8
1443268440,941244280,4
1443268440,942254554,10
1443268440,943921248,7
1443579770,1097718901,4
1443579770,1126301255,3
1443579770,1126310776,6
1443579770,1126310969,5
1443579770,1155652503,7
1443579770,1217385533,6
1443579770,1218728541,11
1443579770,1224249917,8
1443579770,1224254476,4
1443579770,1255297613,7
1443579770,1286315568,5
1443579770,1411862814,6
1443579770,1472205673,4
1443579770,1566644645,6
1443579770,1662166202,10
1443579770,541119189,5
1443579770,5813050000,9
1443579770,5813056934,9
1443579770,663558074,6
1443579770,663898692,7
1443579770,692852666,8
1443579770,818063189,5
1443579770,849763224,6
1443579770,879442155,11
1443579770,879748663,8
1443579770,909777910,12
1443579770,941132270,6
1443579770,971506655,6
1443579770,972871918,8
1447576662,1002507159,3
1447576662,1004014587,8
1447576662,1105834722,3
1447576662,1106180107,4
1447576662,1125964814,33
1447576662,1125969082,23
1447576662,1126647624,10
1447576662,1128088594,115
1447576662,1128092885,13
1447576662,1136861363,3
1447576662,1158747783,9
1447576662,1167300154,3
1447576662,1167300194,3
1447576662,1167641412,5
1447576662,1167645442,5
1447576662,1167645523,4
1447576662,1167896065,3
1447576662,1167977970,6
1447576662,1167995070,4
1447576662,1168055653,3
1447576662,1168059800,3
1447576662,1168392468,3
1447576662,1168659995,6
1447576662,1168660239,13
1447576662,1168664447,13
1447576662,1168664495,3
1447576662,1168923315,3
1447576662,1190171884,14
1447576662,1198006801,6
1447576662,1198326456,8
1447576662,1198680122,3
1447576662,1198680249,4
1447576662,1198943369,4
1447576662,1199017128,3
1447576662,1199677638,11
1447576662,1218728570,4
1447576662,1218732640,30
1447576662,1230121634,4
1447576662,1230480261,3
1447576662,1258073453,32
1447576662,1258686925,5
1447576662,1261000309,4
1447576662,1291094742,3
1447576662,1291435551,3
1447576662,1291444314,3
1447576662,1292847181,6
1447576662,1294082002,3
1447576662,1322129610,5
1447576662,1322133891,6
1447576662,1324430237,35
1447576662,1381484065,24
1447576662,1508334312,33
1447576662,1601771527,5
1447576662,481112669,4
1447576662,572870540,72
1447576662,5812983734,43
1447576662,5813014873,23
1447576662,5813020409,3
1447576662,5813040233,38
1447576662,5813047157,44
1447576662,5813047647,3
1447576662,5813047793,10
1447576662,5813048042,29
1447576662,5813049948,4
1447576662,5813050767,9
1447576662,5813053866,8
1447576662,5813053988,3
1447576662,5813061251,15
1447576662,5813070465,9
1447576662,5813077544,13
1447576662,634608104,40
1447576662,666308023,4
1447576662,697001770,11
1447576662,724280817,37
1447576662,734581598,22
1447576662,757694775,7
1447576662,758065781,3
1447576662,760094565,28
1447576662,848761388,29
1447576662,851493896,29
1447576662,880530613,21
1447576662,880875736,37
1447576662,880880259,22
1447576662,881221166,4
1447576662,910442723,29
1447576662,910442782,21
1447576662,910783961,5
1447576662,910796989,28
1447576662,910801332,23
1447576662,911129204,11
1447576662,911129339,23
1447576662,911134009,16
1447576662,911138168,21
1447576662,911211196,25
1447576662,911241750,15
1447576662,911565419,13
1447576662,911574261,6
1447576662,911901802,17
1447576662,911906936,4
1447576662,911919044,35
1447576662,912545106,10
1447576662,941469087,15
1447576662,941482720,11
1447576662,941810314,13
1447576662,941814787,23
1447576662,944262351,17
1447576662,972892437,36
1447576662,973959177,18
1447576662,974300015,8
1447576662,974627674,3
1472205673,1126301255,4
1472205673,1126310776,5
1472205673,1126310969,5
1472205673,1128092885,3
1472205673,1155652503,5
1472205673,1217385533,7
1472205673,1218728541,12
1472205673,1224249917,6
1472205673,1224254476,6
1472205673,1251275120,4
1472205673,1255297613,4
1472205673,1286315568,6
1472205673,1411862814,8
1472205673,1443579770,7
1472205673,1566644645,4
1472205673,1662166202,8
1472205673,541119189,6
1472205673,5813050000,12
1472205673,5813056934,13
1472205673,663558074,6
1472205673,663898692,7
1472205673,692852666,14
1472205673,818063189,5
1472205673,849763224,8
1472205673,879442155,10
1472205673,879748663,6
1472205673,909777910,13
1472205673,941132270,6
1472205673,971506655,9
1472205673,972871918,4
1472520245,787374226,3
1472520245,882239837,4
1472520245,979752365,3
1472537557,1008028537,7
1472537557,1125411720,3
1472537557,1159530101,4
1472537557,1380145201,3
1472537557,1380149563,3
1472537557,1599747200,5
1472537557,757055403,3
1472537557,760094565,8
1472537557,848800043,4
1472537557,850492366,4
1472537557,850855138,4
1472537557,880526292,9
1472537557,912488890,12
1472537557,912925080,4
1472542572,1094722478,3
1472542572,664313308,3
1472542572,760094565,5
1472542572,818119357,4
1472542572,879844206,5
1472542572,912488890,3
1472546868,1008028537,6
1472546868,693979726,3
1472546868,760094565,3
1472546868,879844210,3
1472546868,912925080,3
1472866173,1126310841,3
1472866173,1248424794,3
1472866173,1249098248,3
1472866173,1250113288,3
1472866173,1380145267,3
1472866173,1473207713,3
1472866173,816682061,3
1472866173,877702431,3
1473202957,1155302782,4
1473202957,1156663078,3
1473202957,1217394039,3
1473202957,1248770299,3
1473202957,1310499077,11
1473202957,1410122382,10
1473202957,1410122586,4
1473202957,1410450511,5
1473202957,1410450949,9
1473202957,1441481281,8
1473202957,1441485832,7
1473202957,1503581177,3
1473202957,1504924440,9
1473202957,1535298439,4
1473202957,1535652862,8
1473202957,1568047319,3
1473202957,1599431888,7
1473202957,1599436552,4
1473202957,1629085008,4
1473202957,1631131487,14
1473202957,572167413,6
1473202957,632915714,3
1473202957,633200871,4
1473202957,662845370,5
1473202957,663225743,10
1473202957,692857189,3
1473202957,755644082,14
1473202957,786013842,5
1473202957,817342497,3
1473202957,940791093,3
1473207713,1126301622,8
1473207713,1155302782,3
1473207713,1219410844,5
1473207713,1248770299,4
1473207713,1249098248,3
1473207713,1249763220,3
1473207713,1380408540,3
1473207713,1410105306,3
1473207713,1410122892,5
1473207713,1410451120,4
1473207713,1441144493,4
1473207713,1441485464,5
1473207713,1441485633,5
1473207713,1441485832,4
1473207713,1441485942,6
1473207713,1472866173,3
1473207713,1473202957,3
1473207713,1599431888,3
1473207713,1599436552,5
1473207713,1628744095,5
1473207713,1629085008,4
1473207713,5812987327,5
1473207713,5813127525,3
1473207713,692857189,9
1473207713,724228740,5
1473207713,724276536,6
1473207713,786000969,6
1473207713,817674780,3
1473207713,848800043,5
1473207713,879844133,3
1473207713,879844210,3
1473207713,940808800,3
1473207713,942172835,4
1473207713,942535218,3
1473241269,1097718659,4
1473241269,1381484065,8
1503581177,1004700437,6
1503581177,1442931671,3
1503581177,755644082,3
1503581177,757694775,3
1503581177,911500529,3
1503581412,1004700437,4
1503581412,1248424794,3
1503581412,1504924440,3
1503581412,1599431888,5
1503581412,1629085008,4
1503581412,5812987327,4
1503581412,662845370,3
1503581412,692857189,3
1503581412,755644082,3
1503581412,757694775,3
1503581412,880875840,4
1503896377,1410122586,3
1503896377,692857189,3
1503922566,1441503748,3
1503922566,1661122416,4
1503922566,5812987334,3
1503922566,5813041556,4
1503922566,693651381,4
1503922566,850829248,4
1504268020,1188163963,5
1504268020,1189549476,9
1504268020,1349114715,3
1504268020,1410127581,4
1504268020,1412164346,6
1504268020,1535652862,3
1504268020,1536006733,7
1504268020,1599069164,7
1504268020,1661799601,7
1504268020,5812994148,10
1504268020,5812994149,4
1504268020,5813056012,3
1504268020,5813095667,7
1504268020,5813128240,3
1504268020,5813128537,5
1504268020,632915714,7
1504268020,662966385,3
1504268020,663950729,5
1504268020,694985489,5
1504268020,726024758,6
1504268020,727371546,12
1504268020,758069781,5
1504268020,759084183,6
1504268020,849421893,8
1504268020,880875900,8
1504268020,972624772,10
1504268020,974968796,7
1504582746,1473202957,4
1504582746,1473207713,4
1504582746,1504924440,5
1504582746,5813040300,3
1504582746,692857189,3
1504582746,786000969,3
1504924440,1035955516,4
1504924440,1155302782,4
1504924440,1156663078,16
1504924440,1217394039,5
1504924440,1248770299,4
1504924440,1310499077,10
1504924440,1380408540,4
1504924440,1410122382,6
1504924440,1410122586,4
1504924440,1410450949,3
1504924440,1412164346,21
1504924440,1441481281,10
1504924440,1441485832,3
1504924440,1473202957,9
1504924440,1535298439,3
1504924440,1535652862,7
1504924440,1568047319,7
1504924440,1597683387,14
1504924440,1599431888,4
1504924440,1599772916,3
1504924440,1631131487,11
1504924440,572167413,3
1504924440,633895972,4
1504924440,662840966,3
1504924440,662845370,7
1504924440,663225743,11
1504924440,726024758,3
1504924440,755644082,13
1504924440,786013842,8
1504924440,817342497,3
1504924440,849421893,5
1504924440,880875900,6
1504924440,940791115,4
1508334312,1002507159,42
1508334312,1002852791,75
1508334312,1034219901,27
1508334312,1065410141,4
1508334312,1125964630,3
1508334312,1125964814,67
1508334312,1126647624,61
1508334312,1127471692,18
1508334312,1167995070,7
1508334312,1168659995,4
1508334312,1168664495,3
1508334312,1190171884,3
1508334312,1198326456,10
1508334312,1198680441,4
1508334312,1218728570,6
1508334312,1218732640,11
1508334312,1220576923,15
1508334312,1220584946,4
1508334312,1261768832,3
1508334312,1291094742,9
1508334312,1291099014,5
1508334312,1291103485,11
1508334312,1291435551,5
1508334312,1291435693,3
1508334312,1291444314,5
1508334312,1294082002,4
1508334312,1294414279,7
1508334312,1318109929,11
1508334312,1322129437,5
1508334312,1322129724,4
1508334312,1322129730,9
1508334312,1322129781,6
1508334312,1322133296,5
1508334312,1322133531,5
1508334312,1322133768,3
1508334312,1322133825,4
1508334312,1322133891,3
1508334312,1322137688,5
1508334312,1322138079,8
1508334312,1322466938,6
1508334312,1322470368,7
1508334312,1322470462,10
1508334312,1352823209,4
1508334312,1353544607,15
1508334312,1355806197,3
1508334312,1380495496,8
1508334312,1447576662,89
1508334312,1600083889,7
1508334312,1601771527,7
1508334312,1631450739,12
1508334312,387023620,8
1508334312,387364605,15
1508334312,449438847,9
1508334312,508793049,20
1508334312,539462336,6
1508334312,572870540,47
1508334312,5813014873,21
1508334312,5813040233,55
1508334312,5813047157,14
1508334312,5813050767,3
1508334312,5813053866,7
1508334312,5813059835,9
1508334312,5813061251,84
1508334312,5813070465,18
1508334312,5813077544,15
1508334312,5813080979,13
1508334312,634608104,31
1508334312,664645558,11
1508334312,664650297,3
1508334312,697001770,93
1508334312,757055317,12
1508334312,758419409,6
1508334312,849482511,15
1508334312,879183317,5
1508334312,910438331,6
1508334312,912545106,74
1513674176,1002507159,13
1513674176,1002852791,7
1513674176,1004017998,4
1513674176,1034219901,10
1513674176,1035045015,17
1513674176,1065410141,11
1513674176,1125964814,8
1513674176,1126647624,11
1513674176,1127476096,14
1513674176,1167295853,53
1513674176,1167295856,50
1513674176,1167295872,73
1513674176,1167295916,53
1513674176,1167300055,61
1513674176,1167300154,56
1513674176,1167300194,66
1513674176,1167304403,69
1513674176,1167632513,69
1513674176,1167645523,51
1513674176,1167645658,9
1513674176,1167891559,46
1513674176,1167982211,44
1513674176,1167995070,10
1513674176,1168664495,16
1513674176,1198006801,66
1513674176,1198257581,3
1513674176,1198413357,5
1513674176,1198693217,45
1513674176,1198931241,50
1513674176,1199712167,9
1513674176,1229965474,55
1513674176,1230026228,67
1513674176,1230026402,56
1513674176,1230480261,4
1513674176,1261000309,63
1513674176,1261056809,52
1513674176,1292846965,62
1513674176,1324145475,55
1513674176,1416900410,44
1513674176,1447576662,13
1513674176,387364605,9
1513674176,416642425,8
1513674176,449438847,10
1513674176,478375456,6
1513674176,541118908,4
1513674176,541870397,4
1513674176,572870540,12
1513674176,5812979222,60
1513674176,5813012006,8
1513674176,5813014873,7
1513674176,5813022281,8
1513674176,5813027103,5
1513674176,5813040233,7
1513674176,5813047647,5
1513674176,5813048896,6
1513674176,5813061251,9
1513674176,5813077544,15
1513674176,5813080838,7
1513674176,632544268,6
1513674176,633546217,6
1513674176,634962055,5
1513674176,665314820,12
1513674176,694920753,4
1513674176,695629525,10
1513674176,695956656,10
1513674176,696362840,7
1513674176,697001770,8
1513674176,725951521,9
1513674176,758419409,11
1513674176,788794171,5
1513674176,789126240,4
1513674176,819828986,10
1513674176,910438331,7
1513674176,912545106,9
1513674176,912601268,6
1513674176,941132434,7
1513674176,942491983,10
1534616158,1004700437,10
1534616158,757694775,10
1534616158,880875840,4
1534616158,941939879,3
1534616361,1410122382,3
1534616361,1504924440,4
1534616361,1535652862,5
1534616361,662840966,5
1534616361,755644082,3
1535298439,1410122586,5
1535298439,755644082,4
1535298439,911500529,4
1535298460,1155302782,3
1535298460,1441485942,3
1535298460,785957618,3
1535298460,786000969,3
1535652862,1035955516,13
1535652862,1127808629,4
1535652862,1155302782,8
1535652862,1156663078,5
1535652862,1250113157,5
1535652862,1310499077,6
1535652862,1380408540,4
1535652862,1410122382,7
1535652862,1410450511,10
1535652862,1410450949,9
1535652862,1441481281,11
1535652862,1473202957,7
1535652862,1503581177,4
1535652862,1503896377,4
1535652862,1504268020,5
1535652862,1504924440,6
1535652862,1535298460,3
1535652862,1536006733,5
1535652862,1536326457,6
1535652862,1568047319,6
1535652862,1597683387,4
1535652862,1599431888,7
1535652862,1631131487,9
1535652862,5812991632,5
1535652862,5813095667,5
1535652862,633895972,4
1535652862,663225743,13
1535652862,755644082,7
1535652862,786013842,7
1535652862,849421893,4
1535652862,942172462,3
1536006733,1188163963,6
1536006733,1189549476,8
1536006733,1189887646,4
1536006733,1410127581,9
1536006733,1410450511,4
1536006733,1412164346,4
1536006733,1441481281,3
1536006733,1568047319,4
1536006733,1599069164,6
1536006733,1661799601,6
1536006733,5812994148,9
1536006733,5813095667,13
1536006733,5813128537,7
1536006733,632600726,8
1536006733,632915714,7
1536006733,633895972,8
1536006733,662966385,5
1536006733,663950729,4
1536006733,726024758,4
1536006733,727371546,4
1536006733,759084183,4
1536006733,880875900,3
1536006733,972624772,9
1536006733,974968796,7
1536326457,1441485832,3
1536326457,787374226,3
1537634396,1032643905,8
1537634396,1187831582,7
1537634396,1224936588,6
1537634396,1251275120,7
1537634396,1255638782,5
1537634396,1412238418,5
1537634396,1443268440,9
1537634396,1661458144,12
1537634396,478077561,7
1537634396,539810773,6
1537634396,540493022,9
1537634396,569481415,8
1537634396,570185174,14
1537634396,570518166,11
1537634396,5813015999,4
1537634396,5813081686,8
1537634396,601216096,9
1537634396,696336849,11
1537634396,759084486,7
1537634396,848817674,6
1537634396,849832062,5
1537634396,849844855,4
1537634396,880185131,9
1537634396,880526477,9
1537634396,882533209,6
1537634396,916974420,7
1537634396,941123943,5
1537634396,941244280,11
1537634396,942254554,6
1537634396,943921248,7
1566333075,1126310716,3
1566333075,1155302782,4
1566333075,1218728544,3
1566333075,1310499077,3
1566333075,1410450949,4
1566333075,1597683387,3
1566333075,5812987327,4
1566333075,942172462,4
1566644645,1126301255,8
1566644645,1126310776,6
1566644645,1126310969,5
1566644645,1155652503,6
1566644645,1217385533,13
1566644645,1218728541,12
1566644645,1224254476,3
1566644645,1255297613,5
1566644645,1286315568,7
1566644645,1411862814,8
1566644645,1443579770,5
1566644645,1472205673,5
1566644645,1662166202,4
1566644645,541119189,8
1566644645,5813050000,7
1566644645,5813056934,10
1566644645,663558074,12
1566644645,663898692,4
1566644645,692852666,6
1566644645,818063189,8
1566644645,849763224,11
1566644645,879442155,9
1566644645,879748663,9
1566644645,909777910,8
1566644645,941123943,7
1566644645,971506655,10
1566644645,972871918,5
1567020107,1134253374,4
1567020107,633200987,3
1567020107,787374226,8
1567020107,880875927,3
1567020107,882239837,4
1567020107,979752365,6
1567028669,1661799601,3
1567382512,1134253374,6
1567382512,1661122416,3
1567382512,787374226,9
1567382512,880875927,8
1567382512,882239837,9
1567382512,911569552,7
1567382512,979752365,8
1567728102,1134253374,8
1567728102,787374226,7
1567728102,880875927,5
1567728102,882239837,11
1567728102,911569552,4
1567728102,979752365,5
1568047319,1035955516,10
1568047319,1155302782,4
1568047319,1156663078,10
1568047319,1188163963,3
1568047319,1217394039,7
1568047319,1310499077,12
1568047319,1410122382,5
1568047319,1410450511,6
1568047319,1410450949,8
1568047319,1441481281,7
1568047319,1441485832,3
1568047319,1473202957,9
1568047319,1504924440,11
1568047319,1535652862,15
1568047319,1536006733,4
1568047319,1597683387,5
1568047319,1599431888,7
1568047319,1599436552,4
1568047319,1629085008,7
1568047319,1631131487,9
1568047319,572167413,3
1568047319,5812987321,3
1568047319,5812987327,4
1568047319,5812994148,3
1568047319,633895972,22
1568047319,662845370,3
1568047319,663225743,10
1568047319,724276536,3
1568047319,755644082,8
1568047319,786013842,3
1568047319,849421893,3
1568047319,910473088,4
1570806389,1004700437,7
1570806389,757694775,5
1570806389,880875840,8
1570806389,911569552,3
1597683387,1035955516,3
1597683387,1125964879,3
1597683387,1155302782,10
1597683387,1156663078,7
1597683387,1217394039,4
1597683387,1310499077,10
1597683387,1410122382,11
1597683387,1410122586,5
1597683387,1410450511,8
1597683387,1410450949,10
1597683387,1441481281,7
1597683387,1441485832,9
1597683387,1473202957,4
1597683387,1504924440,12
1597683387,1534616361,3
1597683387,1535652862,11
1597683387,1568047319,7
1597683387,1599431888,7
1597683387,1629085008,3
1597683387,1631131487,8
1597683387,5812987327,3
1597683387,5813016167,3
1597683387,633895972,4
1597683387,662840966,3
1597683387,662845370,3
1597683387,663225743,5
1597683387,692857189,6
1597683387,726024758,3
1597683387,755644082,12
1597683387,943226223,4
1597722005,1004700437,3
1597722005,1258073453,5
1597722005,757694775,4
1597722005,787374226,3
1597722005,850194651,4
1597722005,880875840,3
1597722005,882239837,3
1597722005,941939879,7
1598067695,1134253374,3
1598067695,1258073453,14
1598067695,1410451120,3
1598067695,1628744095,3
1598067695,571826184,5
1598067695,724228740,4
1598067695,757694775,12
1598067695,786679162,3
1598067695,787374226,3
1598067695,817683388,3
1598067695,850194651,9
1598067695,880875840,7
1598067695,882239837,3
1598067695,941939879,10
1598382541,1567028669,4
1598382541,5812994149,3
1598382541,632915714,3
1598382541,727371546,3
1598382541,759084183,3
1598382541,818119357,3
1598382541,848800082,3
1598382541,880875900,3
1599069164,1125411720,8
1599069164,1188163963,9
1599069164,1189887646,4
1599069164,1349114715,4
1599069164,1380145267,3
1599069164,1410127303,3
1599069164,1410127581,7
1599069164,1410472719,4
1599069164,1410813978,4
1599069164,1441503748,5
1599069164,1504268020,5
1599069164,1536006733,6
1599069164,1599410380,12
1599069164,1599747200,3
1599069164,1661799601,10
1599069164,5812994148,6
1599069164,5812994149,9
1599069164,5813095667,12
1599069164,632600726,7
1599069164,632915714,9
1599069164,663950729,4
1599069164,726024758,3
1599069164,759084183,4
1599069164,818119357,4
1599069164,848800082,3
1599069164,850829248,5
1599069164,880526292,3
1599069164,880875900,4
1599069164,972624772,9
1599069164,974968796,3
1599410380,1094722478,3
1599410380,1125411720,11
1599410380,1159530101,3
1599410380,1164597572,4
1599410380,1188163963,8
1599410380,1189887646,3
1599410380,1251952397,3
1599410380,1348769299,7
1599410380,1410127303,6
1599410380,1441498763,4
1599410380,1535652862,3
1599410380,1567028669,4
1599410380,1599069164,10
1599410380,1599747200,4
1599410380,1661799601,3
1599410380,5812994149,5
1599410380,5813095667,4
1599410380,632600726,3
1599410380,725360291,3
1599410380,818119357,5
1599410380,848800082,8
1599410380,850829248,5
1599410380,880526292,5
1599410380,880875900,8
1599410380,972624772,9
1599410380,974968796,3
1599431888,1125411720,3
1599431888,1126301622,4
1599431888,1155302782,6
1599431888,1156663078,5
1599431888,1188163963,4
1599431888,1248770299,5
1599431888,1250113157,4
1599431888,1310499077,8
1599431888,1410122382,6
1599431888,1410122586,4
1599431888,1410122892,5
1599431888,1410450511,3
1599431888,1410450949,9
1599431888,1441481281,8
1599431888,1441485832,8
1599431888,1473202957,8
1599431888,1503581177,3
1599431888,1503581412,5
1599431888,1504924440,7
1599431888,1535652862,11
1599431888,1568047319,11
1599431888,1597683387,8
1599431888,1599436552,7
1599431888,1599772916,4
1599431888,1629085008,11
1599431888,1631131487,11
1599431888,572167413,4
1599431888,5812987327,7
1599431888,662845370,3
1599431888,663225743,10
1599431888,692857189,5
1599431888,724276536,6
1599431888,755644082,5
1599431888,786013842,4
1599431888,847712233,4
1599431888,849421893,3
1599431888,879779401,3
1599431888,942172462,5
1599436552,1126301622,3
1599436552,1155302782,4
1599436552,1218728463,3
1599436552,1218728544,4
1599436552,1248770299,5
1599436552,1249098248,5
1599436552,1249763220,4
1599436552,1258073453,5
1599436552,1310499077,8
1599436552,1380408540,3
1599436552,1410122586,8
1599436552,1410122892,3
1599436552,1410450949,8
1599436552,1441144493,4
1599436552,1441481281,3
1599436552,1441485633,3
1599436552,1441485832,6
1599436552,1441485942,3
1599436552,1473202957,5
1599436552,1473207713,3
1599436552,1534616158,3
1599436552,1535652862,4
1599436552,1568047319,6
1599436552,1597683387,7
1599436552,1599431888,7
1599436552,1599772916,4
1599436552,1629085008,10
1599436552,1631131487,3
1599436552,572166953,3
1599436552,5812987327,5
1599436552,633541717,3
1599436552,663225743,4
1599436552,692857189,3
1599436552,724228740,3
1599436552,724276536,7
1599436552,755644082,4
1599436552,786000969,4
1599436552,911500529,4
1599436552,940791092,3
1599436552,942535218,3
1599747200,1069757725,3
1599747200,1094722478,4
1599747200,1125411720,10
1599747200,1158507467,3
1599747200,1188163963,3
1599747200,1349114715,7
1599747200,1380145201,4
1599747200,1410472719,4
1599747200,1441503748,3
1599747200,1599069164,8
1599747200,1599410380,6
1599747200,1661458883,3
1599747200,632911211,7
1599747200,632915714,5
1599747200,727035427,3
1599747200,757055403,5
1599747200,818119357,3
1599747200,848800043,6
1599747200,848800082,4
1599747200,850829248,4
1599747200,880526292,5
1599747200,942535218,4
1599747200,972624772,3
1599747200,974968796,4
1599772916,1568047319,4
1599772916,1599431888,5
1599772916,572167413,3
1599772916,5813127522,3
1599772916,943226223,6
1599773239,1599747200,3
1599773239,1660776511,3
1599773239,1661458883,3
1599773239,5813077698,4
1599773239,5813127522,3
1599773239,941939879,3
1600079770,1032643905,11
1600079770,1125411720,3
1600079770,1168660239,3
1600079770,1168664447,3
1600079770,1187831582,19
1600079770,1219889738,4
1600079770,1220576923,5
1600079770,1223640877,28
1600079770,1251265590,3
1600079770,1251275120,13
1600079770,1251952397,3
1600079770,1282300415,3
1600079770,1345056477,3
1600079770,1600083889,4
1600079770,1630462217,4
1600079770,478427368,45
1600079770,5813014505,56
1600079770,5813044670,61
1600079770,601557317,49
1600079770,604242162,50
1600079770,911897818,38
1600079770,911897964,35
1600079770,912894991,43
1600083889,1004017998,3
1600083889,1035045015,25
1600083889,1065410141,40
1600083889,1127471692,5
1600083889,1127476096,38
1600083889,1136861363,6
1600083889,1167295856,3
1600083889,1167645658,3
1600083889,1167895489,9
1600083889,1167896065,3
1600083889,1167977970,6
1600083889,1167995070,39
1600083889,1168059800,4
1600083889,1168064774,6
1600083889,1168660239,3
1600083889,1168664495,40
1600083889,1198334861,3
1600083889,1198671494,7
1600083889,1198671672,3
1600083889,1198675740,4
1600083889,1199699496,3
1600083889,1199712272,4
1600083889,1220576923,5
1600083889,1220584946,35
1600083889,1230480261,3
1600083889,1318109929,27
1600083889,1353544607,16
1600083889,1380495496,3
1600083889,1416900410,3
1600083889,1508334312,6
1600083889,1631450739,17
1600083889,387023620,7
1600083889,508793049,8
1600083889,539462336,13
1600083889,5813012006,35
1600083889,5813020409,3
1600083889,5813047157,15
1600083889,5813047446,3
1600083889,5813047647,3
1600083889,5813048896,4
1600083889,5813049948,8
1600083889,5813053866,4
1600083889,5813070465,20
1600083889,5813077544,18
1600083889,5813080838,4
1600083889,5813080979,5
1600083889,632544268,27
1600083889,634608104,18
1600083889,664645558,3
1600083889,664650297,17
1600083889,695629525,37
1600083889,757055317,6
1600083889,879183317,12
1600083889,972555509,3
1600083889,973566036,12
1601771527,1002507131,7
1601771527,1002507159,12
1601771527,1002852791,25
1601771527,1034219901,12
1601771527,1062526223,16
1601771527,1105834722,3
1601771527,1125964814,22
1601771527,1126647624,25
1601771527,1137210821,4
1601771527,1167300154,3
1601771527,1167641412,3
1601771527,1167645658,5
1601771527,1167895489,7
1601771527,1167904437,4
1601771527,1168059800,4
1601771527,1168241257,4
1601771527,1190171884,4
1601771527,1197993940,8
1601771527,1198006801,4
1601771527,1198334861,5
1601771527,1198413357,3
1601771527,1198671672,5
1601771527,1198675740,5
1601771527,1198680249,3
1601771527,1198684596,4
1601771527,1199699496,6
1601771527,1218728570,27
1601771527,1218732640,11
1601771527,1230480261,7
1601771527,1447576662,27
1601771527,1508334312,3
1601771527,509410587,3
1601771527,569775058,14
1601771527,572870540,7
1601771527,5813020409,5
1601771527,5813040233,27
1601771527,5813047647,8
1601771527,5813049948,5
1601771527,5813050767,4
1601771527,5813056953,4
1601771527,5813059834,4
1601771527,5813061251,40
1601771527,5813070465,10
1601771527,663190769,3
1601771527,663562172,7
1601771527,693755250,18
1601771527,697001770,33
1601771527,724280817,13
1601771527,847336755,5
1601771527,849421763,20
1601771527,910447075,5
1601771527,912545106,36
1601771527,941123755,4
1601771527,972892437,5
1601771527,973566036,15
1628743785,1004700437,3
1628743785,1219410844,3
1628743785,1219756158,3
1628743785,1249763220,6
1628743785,1251952397,3
1628743785,1258073453,18
1628743785,1598067695,3
1628743785,1629426306,5
1628743785,1631486122,4
1628743785,571826184,4
1628743785,757694775,16
1628743785,850194651,14
1628743785,880875840,11
1628743785,940808800,4
1628743785,941939879,17
1628744095,1004700437,3
1628744095,1126301622,4
1628744095,1126310716,5
1628744095,1218728588,4
1628744095,1218733141,3
1628744095,1220581302,3
1628744095,1248770299,5
1628744095,1249098248,5
1628744095,1249763220,4
1628744095,1250113288,3
1628744095,1258073453,11
1628744095,1350803100,3
1628744095,1410450949,4
1628744095,1414617465,8
1628744095,1441485832,4
1628744095,1441485942,3
1628744095,1441486002,3
1628744095,1472866173,4
1628744095,1473202957,7
1628744095,1473207713,4
1628744095,1597722005,10
1628744095,1598067695,3
1628744095,1599431888,4
1628744095,1599436552,10
1628744095,1628743785,3
1628744095,1629085008,7
1628744095,1629093706,5
1628744095,571826184,7
1628744095,572166953,4
1628744095,5812987327,4
1628744095,5812991545,4
1628744095,5813127522,4
1628744095,692857189,6
1628744095,724228740,4
1628744095,724276536,5
1628744095,755644082,3
1628744095,757694775,11
1628744095,786000969,8
1628744095,816682061,3
1628744095,816682110,3
1628744095,817683388,3
1628744095,847712342,3
1628744095,848407278,4
1628744095,850194651,5
1628744095,877702431,5
1628744095,880875840,4
1628744095,940808800,6
1628744095,941939879,9
1628744095,942539535,5
1629085008,1126301622,3
1629085008,1155302782,7
1629085008,1248770299,8
1629085008,1310499077,6
1629085008,1410122382,5
1629085008,1410122586,5
1629085008,1410450511,3
1629085008,1410450949,4
1629085008,1441481281,6
1629085008,1441485832,4
1629085008,1441485942,4
1629085008,1473202957,7
1629085008,1504268020,4
1629085008,1504924440,8
1629085008,1535652862,8
1629085008,1568047319,12
1629085008,1597683387,3
1629085008,1599431888,9
1629085008,1631131487,11
1629085008,5812987327,3
1629085008,5813077698,4
1629085008,663225743,9
1629085008,692857189,3
1629085008,724276536,6
1629085008,755644082,6
1629085008,786000969,6
1629085008,910473088,6
1629085008,940791092,4
1629085008,940791123,5
1629085008,942172462,3
1629093706,1004700437,16
1629093706,1126301622,4
1629093706,1126310716,3
1629093706,1218728588,4
1629093706,1248770299,4
1629093706,1249763220,4
1629093706,1258073453,3
1629093706,1380408769,5
1629093706,1410105306,4
1629093706,1410122892,4
1629093706,1441144493,3
1629093706,1534616158,4
1629093706,1599436552,6
1629093706,1628744095,4
1629093706,1629085008,5
1629093706,1631486122,9
1629093706,572167406,4
1629093706,692857189,3
1629093706,724228740,5
1629093706,757694775,8
1629093706,786679162,4
1629093706,847712250,3
1629093706,880875840,13
1629093706,940808800,3
1629093706,941939879,4
1629093706,942539535,3
1629426306,1097718659,17
1629426306,1126310807,6
1629426306,1219069788,3
1629426306,1249763220,3
1629426306,1250113288,4
1629426306,1350803100,4
1629426306,1381484065,13
1629426306,1442556708,4
1629426306,1598067695,3
1629426306,1628743785,4
1629426306,1628744095,5
1629426306,1631486122,3
1629426306,693979726,3
1629426306,723546819,4
1629426306,786679162,7
1629426306,789130596,7
1630462217,1282305753,3
1630462217,1282646571,3
1630462217,943226223,3
1630765418,1200032115,8
1630765418,1249763220,3
1630765418,666994301,3
1630765418,941132430,3
1631131487,1035955516,4
1631131487,1155302782,3
1631131487,1156663078,15
1631131487,1217394039,10
1631131487,1218728544,4
1631131487,1248770299,3
1631131487,1310499077,10
1631131487,1410122382,11
1631131487,1410122586,3
1631131487,1410450511,4
1631131487,1410450949,5
1631131487,1441481281,7
1631131487,1441485832,4
1631131487,1473202957,13
1631131487,1504924440,8
1631131487,1535652862,7
1631131487,1568047319,14
1631131487,1597683387,6
1631131487,1599431888,3
1631131487,1629085008,6
1631131487,1661799601,7
1631131487,572167413,3
1631131487,5812987327,4
1631131487,633895972,5
1631131487,662845370,3
1631131487,663225743,15
1631131487,724276536,4
1631131487,727371546,9
1631131487,755644082,10
1631131487,759084183,5
1631131487,786013842,6
1631131487,849421893,6
1631131487,910473088,4
1631131487,974968796,3
1631450739,1002507131,3
1631450739,1105834722,4
1631450739,1106180107,6
1631450739,1127471692,7
1631450739,1167304403,4
1631450739,1167563121,8
1631450739,1167641412,4
1631450739,1167645442,11
1631450739,1167645658,5
1631450739,1167895489,5
1631450739,1167977970,3
1631450739,1198257581,4
1631450739,1198326456,11
1631450739,1198334861,9
1631450739,1198413357,4
1631450739,1198671672,9
1631450739,1198675740,3
1631450739,1198680122,8
1631450739,1198680426,3
1631450739,1198680441,5
1631450739,1198684596,3
1631450739,1198931241,3
1631450739,1199699496,7
1631450739,1199712167,3
1631450739,1220576923,13
1631450739,1220584946,27
1631450739,1230480261,3
1631450739,1292847181,11
1631450739,1318109929,45
1631450739,1353544607,20
1631450739,1380495496,6
1631450739,1508334312,19
1631450739,1600083889,28
1631450739,387023620,13
1631450739,387364605,6
1631450739,449438847,28
1631450739,508793049,5
1631450739,539462336,11
1631450739,5813020409,4
1631450739,5813022281,45
1631450739,5813027103,6
1631450739,5813047157,13
1631450739,5813047647,6
1631450739,5813047793,3
1631450739,5813049948,9
1631450739,5813050767,11
1631450739,5813053866,8
1631450739,5813070465,31
1631450739,5813080979,13
1631450739,634608104,11
1631450739,634962055,38
1631450739,664645558,3
1631450739,664650297,11
1631450739,665314820,53
1631450739,693755250,20
1631450739,694920753,20
1631450739,725951521,10
1631450739,757055317,6
1631450739,758419409,27
1631450739,789126240,5
1631450739,849482511,5
1631450739,879183317,10
1631450739,910438331,54
1631450739,912147912,5
1631450739,941132434,77
1631450739,942491983,50
1631450739,942587380,5
1631486122,1004700437,13
1631486122,1219756158,3
1631486122,1628744095,3
1631486122,1629426306,4
1631486122,724228740,3
1631486122,757694775,11
1631486122,786679162,3
1631486122,816682053,3
1631486122,850194651,3
1631486122,880875840,16
1631486122,940808800,4
1631486122,941939879,7
1660776511,1158507458,4
1660776511,1167282562,11
1660776511,1188163963,3
1660776511,1219889738,4
1660776511,1251269930,3
1660776511,1349114715,5
1660776511,1380145201,5
1660776511,1380149683,4
1660776511,1410127303,4
1660776511,1410472719,5
1660776511,1442556708,4
1660776511,1599747200,3
1660776511,1661122416,4
1660776511,1661458883,3
1660776511,5813014573,4
1660776511,666308023,12
1660776511,666994301,3
1660776511,693651381,3
1660776511,693979726,4
1660776511,694665957,3
1660776511,694670373,4
1660776511,757055403,3
1660776511,758069811,7
1660776511,758743604,3
1660776511,818119357,6
1660776511,848800043,6
1660776511,850492366,6
1660776511,850829248,4
1660776511,880526308,3
1660776511,880526398,3
1660776511,911215499,4
1660776511,941132430,9
1660776511,943933727,8
1660789784,787374226,4
1660789784,880875927,7
1660789784,979752365,4
1661121263,1134253374,3
1661121263,1256376704,4
1661121263,1567728102,3
1661121263,787374226,5
1661121263,882239837,6
1661121263,911569552,4
1661121263,979752365,3
1661122416,1094722478,4
1661122416,1158507467,3
1661122416,1258686925,6
1661122416,1282300415,3
1661122416,1380145201,4
1661122416,1380149563,5
1661122416,1380149683,3
1661122416,1410127303,5
1661122416,1441503748,4
1661122416,1472542572,3
1661122416,1503922566,3
1661122416,1660776511,4
1661122416,1661458883,3
1661122416,5813041556,3
1661122416,5813128308,3
1661122416,632911211,3
1661122416,693651381,7
1661122416,693979726,3
1661122416,757055403,3
1661122416,818119357,4
1661122416,848800043,7
1661122416,848800082,3
1661122416,849162653,5
1661122416,850492366,4
1661122416,879844133,4
1661122416,879844178,5
1661122416,879844206,7
1661122416,880526292,3
1661122416,881216816,3
1661122416,911220325,3
1661122416,912894972,4
1661122416,912925080,5
1661122416,916284630,8
1661122416,942172835,10
1661458144,1002507170,5
1661458144,1032643905,9
1661458144,1187831582,9
1661458144,1224936588,6
1661458144,1251275120,5
1661458144,1255638782,5
1661458144,1412238418,8
1661458144,1443268440,10
1661458144,1537634396,7
1661458144,478077561,6
1661458144,540493022,3
1661458144,569481415,10
1661458144,570185174,7
1661458144,570518166,3
1661458144,5813015999,7
1661458144,5813081686,9
1661458144,601216096,3
1661458144,696336849,12
1661458144,759084486,9
1661458144,848817674,4
1661458144,849832062,6
1661458144,849844855,5
1661458144,880185131,13
1661458144,880526477,9
1661458144,916974420,5
1661458144,941244280,7
1661458144,942254554,7
1661458144,943921248,7
1661458883,1004700437,4
1661458883,1125411720,4
1661458883,1188163963,5
1661458883,1219889738,3
1661458883,1258073453,6
1661458883,1282305753,3
1661458883,1282646571,4
1661458883,1312308001,3
1661458883,1345056477,3
1661458883,1380145201,5
1661458883,1410127303,3
1661458883,1410472719,5
1661458883,1441503748,4
1661458883,1534616158,3
1661458883,1599410380,7
1661458883,1599747200,5
1661458883,1599773239,3
1661458883,5813041556,5
1661458883,5813127522,4
1661458883,632911211,6
1661458883,693651381,6
1661458883,697014777,3
1661458883,757055403,5
1661458883,757694775,6
1661458883,818119357,7
1661458883,848800043,3
1661458883,850492366,6
1661458883,880526292,5
1661458883,880875900,3
1661458883,911215499,4
1661458883,941939879,3
1661799601,1125411720,3
1661799601,1188163963,11
1661799601,1217394039,5
1661799601,1349114715,3
1661799601,1410127303,3
1661799601,1410127581,6
1661799601,1410472719,4
1661799601,1412164346,3
1661799601,1441503403,3
1661799601,1504268020,6
1661799601,1536006733,5
1661799601,1598382541,3
1661799601,1599069164,7
1661799601,1599410380,4
1661799601,5812994148,5
1661799601,5812994149,5
1661799601,5813095667,4
1661799601,5813128537,3
1661799601,632600726,6
1661799601,632915714,13
1661799601,726024758,7
1661799601,727371546,12
1661799601,759084183,10
1661799601,848800082,9
1661799601,880875900,8
1661799601,912558136,3
1661799601,943592989,5
1661799601,972624772,8
1661799601,974968796,9
1662166202,1003672766,3
1662166202,1126301255,7
1662166202,1126310776,14
1662166202,1126310969,7
1662166202,1128092885,3
1662166202,1155652503,6
1662166202,1217385533,8
1662166202,1218728541,11
1662166202,1224249917,10
1662166202,1224254476,5
1662166202,1255297613,11
1662166202,1286315568,3
1662166202,1411862814,3
1662166202,1443579770,5
1662166202,1472205673,12
1662166202,1566644645,10
1662166202,541119189,5
1662166202,5813050000,7
1662166202,5813056934,8
1662166202,663558074,6
1662166202,663898692,7
1662166202,692852666,6
1662166202,818063189,10
1662166202,849763224,10
1662166202,879442155,9
1662166202,909777910,14
1662166202,941132270,9
1662166202,971506655,9
1662166202,972871918,7
387023620,1002507159,40
387023620,1002848661,3
387023620,1002852791,24
387023620,1034219901,54
387023620,1062526223,13
387023620,1126647624,6
387023620,1127471692,17
387023620,1167567702,4
387023620,1167645442,3
387023620,1167904437,4
387023620,1198257581,3
387023620,1198693217,3
387023620,1220576923,11
387023620,1220584946,22
387023620,1292847181,6
387023620,1318109929,10
387023620,1353544607,29
387023620,1380495496,7
387023620,1508334312,10
387023620,1600083889,19
387023620,1631450739,14
387023620,387364605,66
387023620,449438847,52
387023620,508793049,6
387023620,539462336,38
387023620,5813020409,3
387023620,5813047157,28
387023620,5813047793,7
387023620,5813050767,7
387023620,5813053866,4
387023620,5813061251,4
387023620,5813070465,15
387023620,5813080979,6
387023620,634608104,13
387023620,664645558,10
387023620,664650297,21
387023620,665314820,3
387023620,697001770,11
387023620,757055317,9
387023620,758419409,43
387023620,849482511,14
387023620,879183317,27
387023620,910438331,18
387023620,912545106,14
387023620,941132434,6
387023620,942491983,10
387023620,974300015,3
387364605,1002507131,5
387364605,1002507159,36
387364605,1002848661,14
387364605,1002852791,17
387364605,1004014587,5
387364605,1034219901,49
387364605,1062526223,27
387364605,1125964630,47
387364605,1128088594,5
387364605,1137219365,3
387364605,1158747783,22
387364605,1167295872,4
387364605,1167295916,3
387364605,1167641412,10
387364605,1167645442,13
387364605,1167645658,5
387364605,1167891559,5
387364605,1167896065,4
387364605,1167977970,13
387364605,1168059800,5
387364605,1168064774,4
387364605,1168241257,4
387364605,1168249921,5
387364605,1168923315,5
387364605,1198257581,3
387364605,1198326456,3
387364605,1198671494,11
387364605,1198680426,3
387364605,1198680441,3
387364605,1198684596,3
387364605,1199625952,3
387364605,1199677638,4
387364605,1199712167,4
387364605,1229369776,4
387364605,1229710803,4
387364605,1230121634,3
387364605,1230319275,3
387364605,1230480261,4
387364605,1260422110,3
387364605,1261056809,3
387364605,1291099014,3
387364605,1292423935,23
387364605,1292847181,7
387364605,1322129724,3
387364605,1322133768,4
387364605,1322133891,4
387364605,1324430237,35
387364605,1508334312,33
387364605,1537634396,8
387364605,1660776511,4
387364605,387023620,21
387364605,449438847,64
387364605,539462336,23
387364605,5812979082,3
387364605,5812983734,42
387364605,5812994149,4
387364605,5813020409,3
387364605,5813047446,4
387364605,5813047647,3
387364605,5813047793,9
387364605,5813048042,12
387364605,5813048896,5
387364605,5813049948,10
387364605,5813050767,10
387364605,5813053866,10
387364605,5813053988,3
387364605,5813059835,4
387364605,5813061383,6
387364605,5813070465,29
387364605,5813080979,7
387364605,696336849,3
387364605,697014740,4
387364605,697355847,28
387364605,727035427,4
387364605,734581598,13
387364605,757055317,19
387364605,758069811,4
387364605,758419409,34
387364605,849482511,26
387364605,850194651,16
387364605,850492366,10
387364605,850855138,23
387364605,880530613,7
387364605,880875736,14
387364605,880875861,4
387364605,880880259,6
387364605,881221166,11
387364605,881527223,36
387364605,882239837,57
387364605,910438331,19
387364605,910442752,19
387364605,910442782,5
387364605,910783731,26
387364605,910783883,20
387364605,910783961,3
387364605,910796989,5
387364605,910801332,9
387364605,911129204,25
387364605,911211196,19
387364605,911241750,18
387364605,911470352,4
387364605,911574261,3
387364605,911578496,3
387364605,911578595,19
387364605,911897818,4
387364605,911911004,10
387364605,911911193,17
387364605,911919044,20
387364605,911919917,4
387364605,912243353,15
387364605,912545106,3
387364605,912894991,23
387364605,912925080,31
387364605,941132434,4
387364605,941482720,12
387364605,941810314,34
387364605,941814787,27
387364605,942491983,9
387364605,942587380,5
387364605,973959177,20
387364605,974300015,113
387364605,979752365,9
416642425,1004017998,3
416642425,1008028537,18
416642425,1127471692,9
416642425,1158747783,5
416642425,1167282562,50
416642425,1167641412,6
416642425,1167645442,8
416642425,1167904437,3
416642425,1167977970,3
416642425,1168249921,5
416642425,1198667367,3
416642425,1198671494,6
416642425,1199712272,3
416642425,1200053009,27
416642425,1230026228,4
416642425,1230026402,3
416642425,1259377221,4
416642425,1292847181,6
416642425,1318109929,30
416642425,1322129610,3
416642425,1322133531,3
416642425,1410450694,3
416642425,1411862814,10
416642425,1441144493,5
416642425,1441481281,6
416642425,1441485633,9
416642425,1443579770,3
416642425,1535298460,3
416642425,1535652862,4
416642425,417998204,5
416642425,478375456,9
416642425,508793049,51
416642425,509410587,14
416642425,541119189,9
416642425,541870397,31
416642425,569775058,9
416642425,572494993,12
416642425,5813047793,5
416642425,5813048042,3
416642425,5813049948,6
416642425,5813050767,3
416642425,5813053866,4
416642425,5813056953,20
416642425,5813061383,20
416642425,5813080838,8
416642425,633546217,34
416642425,634962055,3
416642425,663562172,21
416642425,663898692,4
416642425,664235541,17
416642425,664645558,6
416642425,665314820,3
416642425,695270840,17
416642425,695956656,28
416642425,696362840,12
416642425,725951521,4
416642425,788794171,28
416642425,819073675,9
416642425,847336755,5
416642425,849421763,32
416642425,849763224,4
416642425,850104005,20
416642425,880530613,8
416642425,880880259,4
416642425,881221166,22
416642425,881458145,11
416642425,881898734,9
416642425,910442723,4
416642425,910442752,3
416642425,910442782,8
416642425,910447075,37
416642425,910783731,11
416642425,910783883,28
416642425,910783961,14
416642425,911129204,8
416642425,911129339,4
416642425,911134009,3
416642425,911470352,16
416642425,911565419,4
416642425,911574041,14
416642425,911574261,27
416642425,911578496,28
416642425,911578595,7
416642425,911901802,19
416642425,911906936,19
416642425,911911004,19
416642425,911911193,12
416642425,911911699,17
416642425,911919917,26
416642425,912243353,5
416642425,912601268,24
416642425,941469087,13
416642425,942172835,23
416642425,942173776,85
416642425,942522378,18
416642425,972871918,3
417998204,1125964651,31
417998204,1411862814,4
417998204,1441144493,3
417998204,1441485942,3
417998204,1443579770,5
417998204,1536326457,3
417998204,541119189,6
417998204,572494993,34
417998204,5812987803,37
417998204,601120917,21
417998204,632155800,35
417998204,633201022,3
417998204,663898692,4
417998204,695270840,5
417998204,723602649,40
417998204,724267537,27
417998204,819073675,4
417998204,849763224,6
417998204,850104005,3
417998204,911504689,44
417998204,911911004,3
417998204,971817711,40
417998204,972871918,3
446714544,1003318634,8
446714544,1127471202,9
446714544,1128495875,9
446714544,1187844616,10
446714544,1188181261,11
446714544,632229278,17
446714544,633943192,7
446714544,663298610,3
446714544,695671851,7
446714544,697355847,4
446714544,757413552,6
446714544,758065781,9
446714544,786989348,4
446714544,788111826,6
446714544,819138239,3
446714544,880538997,9
446714544,881527223,13
446714544,909877092,8
446714544,911560974,6
446714544,940791383,3
446714544,974627674,6
449438847,1002507131,8
449438847,1002507159,15
449438847,1002848661,11
449438847,1002852791,11
449438847,1004014587,8
449438847,1034219901,24
449438847,1035045015,3
449438847,1062526223,50
449438847,1105834722,3
449438847,1106180107,3
449438847,1125964630,21
449438847,1128088594,11
449438847,1137219365,3
449438847,1158747783,16
449438847,1167295872,3
449438847,1167641412,4
449438847,1167645442,5
449438847,1167645658,3
449438847,1168059800,3
449438847,1168249921,3
449438847,1198006801,3
449438847,1198326456,6
449438847,1198667367,5
449438847,1198671494,3
449438847,1198675740,4
449438847,1198680122,3
449438847,1198680249,3
449438847,1198680426,3
449438847,1198931241,3
449438847,1198943369,6
449438847,1199017128,3
449438847,1199677638,5
449438847,1199699496,3
449438847,1199712272,4
449438847,1229710803,3
449438847,1230026228,5
449438847,1261000309,3
449438847,1261056809,3
449438847,1291103485,3
449438847,1291435693,3
449438847,1292423935,22
449438847,1292846965,3
449438847,1292847181,4
449438847,1294082002,4
449438847,1322129730,4
449438847,1324430237,47
449438847,1508334312,35
449438847,1537634396,17
449438847,1631450739,11
449438847,1660776511,17
449438847,1661799601,7
449438847,387023620,47
449438847,387364605,47
449438847,539462336,31
449438847,5812979222,3
449438847,5812983734,36
449438847,5812994149,4
449438847,5813014573,7
449438847,5813020409,3
449438847,5813047446,3
449438847,5813047793,9
449438847,5813048042,7
449438847,5813048896,3
449438847,5813050767,3
449438847,5813053866,6
449438847,5813061383,11
449438847,5813070465,64
449438847,5813080979,7
449438847,634608104,3
449438847,665314820,3
449438847,696336849,20
449438847,697001770,4
449438847,697014740,8
449438847,697014777,3
449438847,697355847,34
449438847,734581598,13
449438847,757055317,18
449438847,758419409,39
449438847,789104870,9
449438847,789126240,3
449438847,849482511,11
449438847,850194651,3
449438847,850492366,7
449438847,880530613,19
449438847,880875736,9
449438847,880875861,4
449438847,880880259,8
449438847,881221166,9
449438847,881527223,27
449438847,882239837,26
449438847,910438331,25
449438847,910442752,12
449438847,910783731,15
449438847,910783883,27
449438847,910796989,4
449438847,910801332,11
449438847,911129204,20
449438847,911211196,13
449438847,911241750,20
449438847,911565419,4
449438847,911574261,4
449438847,911578595,18
449438847,911906936,4
449438847,911911004,6
449438847,911911193,17
449438847,911919044,20
449438847,911919917,9
449438847,912147912,4
449438847,912243353,16
449438847,912545106,3
449438847,912894991,36
449438847,912925080,25
449438847,941132434,7
449438847,941482720,18
449438847,941810314,9
449438847,941814787,32
449438847,942491983,15
449438847,942587380,4
449438847,973959177,25
449438847,974300015,123
449438847,979752365,36
478077561,1032643905,7
478077561,1187831582,5
478077561,1224936588,4
478077561,1251275120,4
478077561,1255638782,11
478077561,1412238418,7
478077561,1443268440,8
478077561,1537634396,5
478077561,1661458144,3
478077561,540493022,7
478077561,569481415,6
478077561,570185174,9
478077561,570518166,3
478077561,5813015999,4
478077561,5813081686,4
478077561,601216096,5
478077561,696336849,10
478077561,759084486,8
478077561,848817674,4
478077561,849844855,5
478077561,880185131,9
478077561,916974420,3
478077561,941244280,6
478077561,942254554,8
478077561,943921248,5
478375456,1004017998,10
478375456,1008028537,15
478375456,1035045015,5
478375456,1065410141,3
478375456,1105834722,3
478375456,1127471692,25
478375456,1158747783,3
478375456,1167282562,9
478375456,1167304403,5
478375456,1167563121,3
478375456,1167645442,7
478375456,1167977970,4
478375456,1167982211,3
478375456,1198326456,6
478375456,1198671494,7
478375456,1198943369,4
478375456,1199699496,5
478375456,1200053009,14
478375456,1220576923,3
478375456,1229965474,4
478375456,1230480261,5
478375456,1259377221,3
478375456,1292847181,3
478375456,1318109929,20
478375456,1322129610,4
478375456,1322129724,3
478375456,1322466938,3
478375456,1353544607,22
478375456,1599431888,9
478375456,1599436552,12
478375456,1628743785,3
478375456,1628744095,9
478375456,416642425,10
478375456,508793049,16
478375456,509410587,22
478375456,541118908,33
478375456,541870397,25
478375456,569775058,22
478375456,570461892,29
478375456,5813047793,3
478375456,5813049948,7
478375456,5813050000,12
478375456,5813050767,12
478375456,5813053866,3
478375456,5813056934,12
478375456,5813056953,29
478375456,5813059835,5
478375456,5813061383,21
478375456,5813080838,14
478375456,633895972,7
478375456,635234035,25
478375456,663562172,40
478375456,695629525,4
478375456,695956656,3
478375456,696362840,3
478375456,734581598,4
478375456,786013801,44
478375456,786013856,18
478375456,788794171,9
478375456,849421763,8
478375456,880880259,6
478375456,881221166,23
478375456,881458181,22
478375456,881898734,5
478375456,910442723,11
478375456,910442752,4
478375456,910442782,18
478375456,910447075,10
478375456,910783731,8
478375456,910783883,8
478375456,910783961,40
478375456,911129339,12
478375456,911134009,12
478375456,911138168,8
478375456,911470352,16
478375456,911504689,39
478375456,911565419,28
478375456,911574041,25
478375456,911574261,22
478375456,911578496,16
478375456,911578595,5
478375456,911901802,23
478375456,911906936,29
478375456,911911004,30
478375456,911911193,15
478375456,911911699,25
478375456,911919044,8
478375456,911919917,17
478375456,912488890,21
478375456,912601268,38
478375456,941469087,25
478375456,942173776,15
478375456,942522378,15
478375456,948333783,16
478375456,973566036,30
478375456,974239375,113
478427368,1158747783,3
478427368,1223640877,32
478427368,1600079770,44
478427368,1631450739,4
478427368,1661122416,3
478427368,446714544,7
478427368,569481415,18
478427368,5813014505,58
478427368,5813044670,46
478427368,5813048042,3
478427368,5813080979,3
478427368,601216096,4
478427368,601557317,23
478427368,604242162,45
478427368,632229278,4
478427368,848800043,9
478427368,879844133,3
478427368,879844144,4
478427368,879844178,4
478427368,880185131,13
478427368,881216816,6
478427368,910878587,4
478427368,911574261,3
478427368,911897818,39
478427368,911897964,28
478427368,911911193,4
478427368,912894991,50
478427368,942522378,3
481112669,1167282562,3
481112669,1200053009,5
481112669,1381484065,3
481112669,635234035,3
481112669,760094565,6
481112669,880875840,5
481112669,882239837,5
481112669,916284630,3
481121605,1003672766,4
508793049,1004017998,19
508793049,1035045015,4
508793049,1127471692,27
508793049,1167977970,3
508793049,1198671494,7
508793049,1220576923,27
508793049,1220584946,7
508793049,1291094620,4
508793049,1291099014,3
508793049,1291103485,6
508793049,1291435693,4
508793049,1291444314,9
508793049,1294082002,7
508793049,1294414279,8
508793049,1318109929,22
508793049,1322129437,7
508793049,1322129610,7
508793049,1322129730,6
508793049,1322133296,9
508793049,1322133531,5
508793049,1322133825,9
508793049,1322133858,8
508793049,1322137688,4
508793049,1322138079,5
508793049,1322142804,3
508793049,1322466938,6
508793049,1322470368,3
508793049,1322470462,4
508793049,1352823209,8
508793049,1353168228,3
508793049,1353544607,5
508793049,1380495496,20
508793049,1508334312,19
508793049,1600083889,11
508793049,1631450739,8
508793049,387023620,5
508793049,416642425,89
508793049,478375456,86
508793049,539462336,5
508793049,541118908,61
508793049,541870397,81
508793049,5813012006,6
508793049,5813027103,17
508793049,5813047157,6
508793049,5813047793,3
508793049,5813049948,4
508793049,5813053866,3
508793049,5813056953,5
508793049,5813059835,8
508793049,5813070465,5
508793049,5813080838,53
508793049,5813080979,15
508793049,632544268,6
508793049,633546217,77
508793049,634608104,31
508793049,634962055,3
508793049,664645558,20
508793049,664650297,5
508793049,694920753,5
508793049,695629525,5
508793049,695956656,66
508793049,696362840,60
508793049,725951521,3
508793049,757055317,8
508793049,788794171,78
508793049,789126240,14
508793049,819828986,17
508793049,847336755,3
508793049,849421763,13
508793049,849482511,15
508793049,879183317,4
508793049,881898734,3
508793049,910447075,9
508793049,912601268,67
509410587,1002507131,20
509410587,1004017998,57
509410587,1035045015,61
509410587,1062526223,8
509410587,1065410141,9
509410587,1125964630,23
509410587,1127471692,8
509410587,1127476096,7
509410587,1167995070,17
509410587,1197993940,8
509410587,1198671494,4
509410587,1218728570,8
509410587,1218732640,18
509410587,1220576923,3
509410587,1261768832,3
509410587,1291094620,9
509410587,1291103485,4
509410587,1291444314,4
509410587,1294414279,5
509410587,1322129610,3
509410587,1322129730,3
509410587,1322129781,3
509410587,1322133531,6
509410587,1322137688,4
509410587,1322138079,4
509410587,1322470368,4
509410587,1322470462,4
509410587,1352823209,9
509410587,1353544607,13
509410587,1355806197,6
509410587,1601771527,6
509410587,416642425,26
509410587,478375456,55
509410587,508793049,4
509410587,541118908,57
509410587,541870397,25
509410587,569775058,15
509410587,570461892,15
509410587,5813012006,41
509410587,5813047793,3
509410587,5813050767,3
509410587,5813053866,4
509410587,5813056953,24
509410587,5813059835,3
509410587,5813077544,5
509410587,5813080838,62
509410587,632544268,45
509410587,633546217,9
509410587,663190769,12
509410587,663562172,15
509410587,693755250,4
509410587,695629525,36
509410587,695956656,3
509410587,696362840,7
509410587,724280817,7
509410587,788794171,21
509410587,847336755,12
509410587,849421763,8
509410587,910447075,19
509410587,912601268,47
509410587,941123755,7
509410587,972892437,20
509410587,973566036,5
539462336,1002507159,39
539462336,1002848661,3
539462336,1002852791,26
539462336,1034219901,40
539462336,1062526223,10
539462336,1106180107,7
539462336,1125964630,6
539462336,1126647624,5
539462336,1127471692,8
539462336,1137219365,3
539462336,1167563121,8
539462336,1167641412,3
539462336,1167895489,3
539462336,1168059800,4
539462336,1168064774,4
539462336,1168241257,4
539462336,1168923315,5
539462336,1198257581,3
539462336,1198326456,9
539462336,1198413357,5
539462336,1198680122,4
539462336,1198680249,3
539462336,1199699496,4
539462336,1199712167,3
539462336,1199712272,7
539462336,1220576923,9
539462336,1220584946,12
539462336,1229965474,3
539462336,1230026402,3
539462336,1230480261,6
539462336,1318109929,16
539462336,1353544607,30
539462336,1380495496,8
539462336,1508334312,5
539462336,1600083889,9
539462336,1631450739,12
539462336,387023620,33
539462336,387364605,57
539462336,449438847,65
539462336,508793049,9
539462336,5812983734,3
539462336,5813020409,4
539462336,5813047157,16
539462336,5813047647,4
539462336,5813053866,3
539462336,5813070465,11
539462336,5813080979,5
539462336,634608104,18
539462336,664645558,6
539462336,664650297,7
539462336,697001770,5
539462336,757055317,14
539462336,758419409,31
539462336,849482511,8
539462336,879183317,18
539462336,910438331,35
539462336,912545106,13
539462336,941132434,8
539462336,942491983,14
539462336,974300015,4
539810773,1032643905,7
539810773,1187831582,4
539810773,1224936588,6
539810773,1251275120,4
539810773,1255638782,7
539810773,1412238418,7
539810773,1443268440,5
539810773,1537634396,8
539810773,1661458144,3
539810773,478077561,5
539810773,481121605,4
539810773,540493022,9
539810773,569481415,9
539810773,570185174,10
539810773,570518166,5
539810773,5813015999,3
539810773,5813081686,6
539810773,696336849,11
539810773,759084486,7
539810773,848817674,3
539810773,849832062,5
539810773,849844855,4
539810773,880185131,5
539810773,880526477,4
539810773,916974420,3
539810773,941244280,3
539810773,942254554,4
539810773,943921248,10
540493022,1032643905,9
540493022,1187831582,4
540493022,1224936588,9
540493022,1255638782,8
540493022,1412238418,8
540493022,1443268440,10
540493022,1537634396,10
540493022,1661458144,5
540493022,481121605,3
540493022,539810773,9
540493022,569481415,13
540493022,570185174,9
540493022,570518166,5
540493022,5813015999,5
540493022,5813081686,7
540493022,601216096,6
540493022,696336849,10
540493022,759084486,7
540493022,848817674,10
540493022,849832062,4
540493022,849844855,6
540493022,880185131,10
540493022,880526477,6
540493022,910787992,3
540493022,941244280,12
540493022,943921248,6
541118908,1004014587,3
541118908,1004017998,13
541118908,1008028537,15
541118908,1035045015,13
541118908,1106180107,3
541118908,1127471692,32
541118908,1136861363,3
541118908,1137219365,3
541118908,1167282562,13
541118908,1167641412,5
541118908,1167645442,10
541118908,1167895489,5
541118908,1168059800,8
541118908,1168064774,4
541118908,1168392468,5
541118908,1198257581,4
541118908,1198326456,7
541118908,1198667367,3
541118908,1198671494,7
541118908,1198684596,3
541118908,1198943369,4
541118908,1199712167,3
541118908,1200053009,12
541118908,1220576923,4
541118908,1229369776,4
541118908,1291094620,4
541118908,1292847181,4
541118908,1294414279,5
541118908,1322137688,5
541118908,1352823209,4
541118908,1353544607,25
541118908,1355806197,3
541118908,1598067695,3
541118908,1599431888,10
541118908,1599436552,13
541118908,1599772916,3
541118908,1628744095,7
541118908,416642425,6
541118908,478375456,33
541118908,508793049,15
541118908,509410587,21
541118908,541870397,12
541118908,569775058,30
541118908,570461892,34
541118908,572166953,3
541118908,572167413,3
541118908,572494993,5
541118908,5812979230,3
541118908,5813012006,7
541118908,5813047793,3
541118908,5813049948,3
541118908,5813050000,18
541118908,5813050767,4
541118908,5813053866,6
541118908,5813056934,15
541118908,5813056953,19
541118908,5813061383,33
541118908,5813080838,24
541118908,632544268,4
541118908,635234035,33
541118908,663562172,19
541118908,786013801,42
541118908,786013856,34
541118908,788794171,3
541118908,880875736,8
541118908,880880259,16
541118908,881221166,30
541118908,881458181,23
541118908,910442723,17
541118908,910442752,4
541118908,910442782,19
541118908,910447075,16
541118908,910783731,8
541118908,910783883,9
541118908,910783961,27
541118908,910796989,4
541118908,910801332,5
541118908,911129339,27
541118908,911134009,24
541118908,911138168,13
541118908,911470352,35
541118908,911504689,23
541118908,911565419,30
541118908,911574041,23
541118908,911574261,24
541118908,911578496,30
541118908,911578595,9
541118908,911901802,15
541118908,911906936,31
541118908,911911004,32
541118908,911911193,21
541118908,911911699,24
541118908,911919917,24
541118908,912488890,24
541118908,912601268,17
541118908,941469087,21
541118908,942173776,11
541118908,942522378,25
541118908,943226223,4
541118908,948333783,34
541118908,972555509,3
541118908,973566036,47
541118908,974239375,132
541119189,1097718901,8
541119189,1126301255,8
541119189,1126310776,8
541119189,1126310969,3
541119189,1155652503,8
541119189,1217385533,11
541119189,1218728541,14
541119189,1224249917,7
541119189,1224254476,3
541119189,1255297613,6
541119189,1286315568,3
541119189,1411862814,14
541119189,1443579770,9
541119189,1472205673,5
541119189,1566644645,8
541119189,1662166202,6
541119189,5813050000,11
541119189,5813056934,8
541119189,663558074,7
541119189,663898692,3
541119189,692852666,13
541119189,818063189,6
541119189,879442155,7
541119189,879748663,5
541119189,909777910,8
541119189,941132270,7
541119189,971506655,6
541119189,972871918,5
541870397,1004017998,5
541870397,1065409934,3
541870397,1127471692,8
541870397,1158747783,4
541870397,1167304403,4
541870397,1167641412,3
541870397,1167645442,3
541870397,1167896065,6
541870397,1167977970,5
541870397,1168064774,3
541870397,1190171884,4
541870397,1198257581,3
541870397,1198326456,7
541870397,1198671494,4
541870397,1198680426,4
541870397,1223640877,4
541870397,1224936588,5
541870397,1230480261,3
541870397,1255638782,5
541870397,1291094620,3
541870397,1294082002,3
541870397,1318109929,35
541870397,1324430237,36
541870397,1380145201,5
541870397,1380149563,3
541870397,1380149683,3
541870397,1380495496,11
541870397,1410127303,7
541870397,1410127581,5
541870397,1410472719,5
541870397,1441503748,3
541870397,416642425,42
541870397,478375456,17
541870397,508793049,27
541870397,509410587,7
541870397,541118908,9
541870397,5812979222,3
541870397,5812983734,31
541870397,5813022281,3
541870397,5813047647,3
541870397,5813050767,3
541870397,5813056953,8
541870397,5813061383,14
541870397,5813080838,11
541870397,5813128537,4
541870397,601216096,3
541870397,601557317,7
541870397,632600726,4
541870397,633546217,13
541870397,662966385,3
541870397,663298610,6
541870397,663562172,5
541870397,664645558,13
541870397,664650297,14
541870397,695956656,8
541870397,696362840,6
541870397,734581598,3
541870397,757413552,16
541870397,788111826,16
541870397,788794171,23
541870397,848817674,7
541870397,849421763,24
541870397,879183317,19
541870397,880538997,18
541870397,881221166,15
541870397,881898734,77
541870397,910442723,5
541870397,910442752,6
541870397,910442782,14
541870397,910447075,21
541870397,910783731,5
541870397,910783883,11
541870397,910796989,4
541870397,910801332,5
541870397,911134009,3
541870397,911138168,3
541870397,911241750,4
541870397,911470352,6
541870397,911565419,11
541870397,911574041,12
541870397,911574261,9
541870397,911578483,17
541870397,911578496,10
541870397,911578595,10
541870397,911901802,10
541870397,911906936,8
541870397,911911004,17
541870397,911911193,15
541870397,911911699,5
541870397,911919917,15
541870397,912243353,3
541870397,912601268,31
541870397,916974420,7
541870397,941469087,9
541870397,941939879,31
541870397,942173776,3
541870397,942522378,8
541870397,942587380,3
541870397,973959177,3
569481415,1032643905,12
569481415,1187831582,16
569481415,1224936588,8
569481415,1251275120,11
569481415,1255638782,8
569481415,1292423935,6
569481415,1412238418,13
569481415,1443268440,12
569481415,1537634396,17
569481415,1661458144,10
569481415,478077561,8
569481415,540493022,13
569481415,570185174,15
569481415,570518166,8
569481415,5813015999,5
569481415,5813081686,10
569481415,601216096,5
569481415,696336849,12
569481415,759084486,11
569481415,848817674,9
569481415,849832062,6
569481415,849844855,5
569481415,880185131,15
569481415,880526477,8
569481415,916974420,6
569481415,941244280,11
569481415,942254554,4
569481415,943921248,9
569775058,1002507131,16
569775058,1004017998,33
569775058,1035045015,38
569775058,1062526223,25
569775058,1065410141,3
569775058,1125964630,7
569775058,1127471692,4
569775058,1167563121,4
569775058,1167641412,5
569775058,1167977970,4
569775058,1167995070,4
569775058,1168923315,3
569775058,1197993940,13
569775058,1198671494,5
569775058,1198675740,3
569775058,1198680122,3
569775058,1198680249,3
569775058,1198680441,3
569775058,1199017128,3
569775058,1199712272,4
569775058,1218728570,10
569775058,1218732640,4
569775058,1230026402,3
569775058,1292847181,9
569775058,1353544607,13
569775058,1601771527,17
569775058,416642425,10
569775058,478375456,36
569775058,509410587,10
569775058,541118908,41
569775058,541870397,7
569775058,570461892,6
569775058,5813012006,36
569775058,5813047647,3
569775058,5813047793,4
569775058,5813049948,6
569775058,5813053866,7
569775058,5813056953,5
569775058,5813080838,52
569775058,632544268,23
569775058,633546217,3
569775058,663562172,28
569775058,693755250,12
569775058,695629525,8
569775058,724280817,18
569775058,788794171,4
569775058,847336755,7
569775058,849421763,18
569775058,910447075,6
569775058,912601268,32
569775058,941123755,12
569775058,972892437,9
569775058,973566036,12
570185174,1032643905,18
570185174,1187831582,13
570185174,1224936588,7
570185174,1251275120,5
570185174,1255638782,17
570185174,1412238418,6
570185174,1443268440,8
570185174,1537634396,16
570185174,1661458144,14
570185174,478077561,11
570185174,539810773,8
570185174,540493022,7
570185174,569481415,19
570185174,570518166,11
570185174,5813015999,8
570185174,5813081686,11
570185174,601216096,7
570185174,696336849,22
570185174,759084486,13
570185174,848817674,7
570185174,849832062,8
570185174,849844855,7
570185174,880185131,10
570185174,880526477,3
570185174,881458181,6
570185174,911565319,6
570185174,916974420,9
570185174,941244280,11
570185174,942254554,12
570185174,943921248,11
570461892,1002507131,15
570461892,1004017998,35
570461892,1035045015,66
570461892,1062526223,8
570461892,1065409934,4
570461892,1065410141,81
570461892,1125964630,15
570461892,1127476096,90
570461892,1167977970,3
570461892,1167995070,91
570461892,1168660239,4
570461892,1168664495,68
570461892,1197993940,7
570461892,1218728570,6
570461892,1218732640,8
570461892,1220576923,16
570461892,1220584946,8
570461892,1259377325,3
570461892,1291094620,6
570461892,1291094742,5
570461892,1291099014,7
570461892,1291103485,7
570461892,1291435551,6
570461892,1291435693,4
570461892,1291444314,11
570461892,1294082002,6
570461892,1294414279,12
570461892,1322129437,6
570461892,1322129610,5
570461892,1322129730,5
570461892,1322129781,6
570461892,1322133296,5
570461892,1322133531,10
570461892,1322133768,10
570461892,1322133825,8
570461892,1322133858,5
570461892,1322133891,4
570461892,1322137688,6
570461892,1322138079,4
570461892,1322142804,3
570461892,1322466938,10
570461892,1322470462,5
570461892,1352823209,4
570461892,1353168228,6
570461892,1355806197,3
570461892,1447576662,7
570461892,1601771527,3
570461892,478375456,22
570461892,509410587,13
570461892,541118908,14
570461892,569775058,6
570461892,572870540,17
570461892,5813012006,78
570461892,5813014873,45
570461892,5813047793,5
570461892,5813050767,3
570461892,5813056953,11
570461892,5813059835,6
570461892,5813077544,84
570461892,5813080838,31
570461892,632544268,98
570461892,634608104,3
570461892,663190769,8
570461892,663562172,3
570461892,693755250,9
570461892,695629525,119
570461892,724280817,6
570461892,847336755,15
570461892,849421763,9
570461892,910447075,12
570461892,912601268,6
570461892,972892437,16
570461892,973566036,14
570518166,1032643905,3
570518166,1224936588,3
570518166,1251275120,4
570518166,1255638782,6
570518166,1412238418,8
570518166,1443268440,5
570518166,1537634396,8
570518166,478077561,9
570518166,539810773,4
570518166,540493022,7
570518166,569481415,7
570518166,570185174,13
570518166,5813015999,5
570518166,5813081686,6
570518166,601216096,3
570518166,696336849,10
570518166,759084486,6
570518166,848817674,4
570518166,880185131,5
570518166,880526477,4
570518166,911565319,8
570518166,916974420,5
570518166,941244280,14
570518166,942254554,3
570518166,943921248,10
571826184,1004700437,4
571826184,1155302782,3
571826184,1156999846,3
571826184,1248770299,3
571826184,1258073453,18
571826184,1473207713,3
571826184,1598067695,5
571826184,1599436552,3
571826184,1628743785,5
571826184,1629093706,6
571826184,757694775,7
571826184,786679162,4
571826184,850194651,17
571826184,879779401,3
571826184,880875840,10
571826184,940808800,3
571826184,941939879,17
572166953,1258073453,3
572166953,1473207713,3
572166953,1568047319,3
572166953,1599436552,4
572166953,571826184,3
572166953,633895972,3
572166953,724276536,3
572166953,943226223,3
572167406,1004700437,9
572167406,1249763220,4
572167406,1310499077,3
572167406,1350803100,3
572167406,1410122586,4
572167406,1410451120,5
572167406,1441486002,4
572167406,1628744095,3
572167406,1629085008,3
572167406,1629093706,3
572167406,1629426306,5
572167406,724276536,3
572167406,757694775,12
572167406,786679162,4
572167406,880875840,24
572167406,911500529,3
572167413,1410122382,4
572167413,1441481281,3
572167413,1473202957,3
572167413,1504924440,3
572167413,1535652862,3
572167413,1568047319,5
572167413,1599431888,6
572167413,662840966,4
572167413,663225743,3
572167413,692857189,3
572167413,724276536,3
572167413,755644082,4
572167413,849421893,3
572494993,1125964651,32
572494993,1410105306,3
572494993,1411862814,6
572494993,1441485633,6
572494993,1536326457,3
572494993,417998204,28
572494993,541119189,10
572494993,5812987803,28
572494993,601120917,21
572494993,632155800,27
572494993,663898692,6
572494993,695270840,4
572494993,723602649,37
572494993,724267537,29
572494993,849763224,5
572494993,850104005,5
572494993,911504689,27
572494993,911574261,3
572494993,971817711,28
572494993,972871918,5
572870540,1004014587,3
572870540,1065410141,3
572870540,1125964814,8
572870540,1125969082,17
572870540,1128088594,95
572870540,1128092885,15
572870540,1158747783,8
572870540,1167304403,4
572870540,1167895489,3
572870540,1167896065,3
572870540,1167977970,4
572870540,1167995070,4
572870540,1168660239,18
572870540,1168664447,15
572870540,1168664495,10
572870540,1190171884,10
572870540,1198006801,14
572870540,1198326456,4
572870540,1198667367,4
572870540,1198675740,4
572870540,1198931241,3
572870540,1198943369,3
572870540,1199677638,12
572870540,1199712167,5
572870540,1218732640,12
572870540,1219069439,3
572870540,1220576923,5
572870540,1258073453,16
572870540,1258686925,7
572870540,1260422110,3
572870540,1261000309,4
572870540,1261768832,3
572870540,1291103485,3
572870540,1292847181,5
572870540,1322129610,4
572870540,1322129730,7
572870540,1322133891,3
572870540,1322470368,3
572870540,1324430237,46
572870540,1381484065,30
572870540,1447576662,58
572870540,1508334312,9
572870540,481112669,4
572870540,481121605,7
572870540,5812983734,41
572870540,5813014873,49
572870540,5813020409,3
572870540,5813040233,13
572870540,5813047157,52
572870540,5813047793,5
572870540,5813048042,24
572870540,5813049948,8
572870540,5813050767,3
572870540,5813053866,9
572870540,5813061251,9
572870540,5813077544,44
572870540,5813077556,3
572870540,634608104,50
572870540,666308023,6
572870540,697001770,6
572870540,724280817,42
572870540,734581598,22
572870540,757694775,4
572870540,758065781,9
572870540,760094565,28
572870540,848761388,26
572870540,851493896,10
572870540,880530613,46
572870540,880875736,36
572870540,880880259,16
572870540,881221166,5
572870540,910442723,19
572870540,910442782,12
572870540,910783961,7
572870540,910796989,30
572870540,910801332,16
572870540,911129204,18
572870540,911129339,13
572870540,911134009,24
572870540,911138168,16
572870540,911211196,34
572870540,911241750,23
572870540,911565419,4
572870540,911901802,14
572870540,911906936,3
572870540,911911004,7
572870540,911919044,27
572870540,912243353,3
572870540,941469087,20
572870540,941482720,19
572870540,941810314,12
572870540,941814787,12
572870540,942522378,4
572870540,944262351,16
572870540,972892437,37
572870540,973959177,10
572870540,974300015,3
572870540,974627674,5
5812979082,1002507159,8
5812979082,1002852791,14
5812979082,1004017998,9
5812979082,1034219901,11
5812979082,1035045015,14
5812979082,1065410141,9
5812979082,1105834722,4
5812979082,1106180107,30
5812979082,1125964814,7
5812979082,1126647624,15
5812979082,1127476096,10
5812979082,1136861363,11
5812979082,1137210821,12
5812979082,1137219365,26
5812979082,1167563121,34
5812979082,1167567702,23
5812979082,1167641412,13
5812979082,1167645442,12
5812979082,1167645658,4
5812979082,1167895489,11
5812979082,1167896065,5
5812979082,1167904437,3
5812979082,1167977970,8
5812979082,1167995070,11
5812979082,1168059800,8
5812979082,1168064774,8
5812979082,1168241257,13
5812979082,1168249921,27
5812979082,1168664495,16
5812979082,1168923315,18
5812979082,1198257581,21
5812979082,1198326456,5
5812979082,1198334861,20
5812979082,1198413357,7
5812979082,1198667367,10
5812979082,1198671494,14
5812979082,1198671672,7
5812979082,1198680122,13
5812979082,1198680249,25
5812979082,1198680426,31
5812979082,1198680441,33
5812979082,1198684596,29
5812979082,1198943369,29
5812979082,1199017128,22
5812979082,1199699496,9
5812979082,1199712272,6
5812979082,1229369776,15
5812979082,1229710803,15
5812979082,1230121634,10
5812979082,1230319275,5
5812979082,1230480261,3
5812979082,1260422110,11
5812979082,1261082560,3
5812979082,1261086755,3
5812979082,1261086756,7
5812979082,1261086823,5
5812979082,1261086863,5
5812979082,1261091124,5
5812979082,1261091174,3
5812979082,1261419142,6
5812979082,1261423370,3
5812979082,1261423480,4
5812979082,1261427765,4
5812979082,1261427857,3
5812979082,1261432052,4
5812979082,1261436305,6
5812979082,1261756007,3
5812979082,1261760187,4
5812979082,1292113218,3
5812979082,1292847181,10
5812979082,1447576662,13
5812979082,387364605,16
5812979082,416642425,7
5812979082,449438847,14
5812979082,478375456,14
5812979082,541118908,13
5812979082,541870397,5
5812979082,572870540,15
5812979082,5813012006,10
5812979082,5813014873,7
5812979082,5813020409,18
5812979082,5813022281,7
5812979082,5813027103,12
5812979082,5813040233,12
5812979082,5813047446,23
5812979082,5813047647,20
5812979082,5813047793,7
5812979082,5813048896,15
5812979082,5813049948,7
5812979082,5813050767,11
5812979082,5813053866,10
5812979082,5813053988,7
5812979082,5813061251,10
5812979082,5813077544,18
5812979082,5813077556,7
5812979082,5813080838,6
5812979082,632544268,7
5812979082,633546217,16
5812979082,634962055,9
5812979082,665314820,3
5812979082,694920753,10
5812979082,695629525,17
5812979082,695956656,8
5812979082,696362840,17
5812979082,697001770,13
5812979082,725951521,10
5812979082,758419409,10
5812979082,788794171,11
5812979082,789126240,12
5812979082,819828986,13
5812979082,910438331,8
5812979082,912545106,14
5812979082,912601268,10
5812979082,941132434,15
5812979082,942491983,13
5812979222,1002507159,11
5812979222,1002852791,11
5812979222,1004017998,4
5812979222,1034219901,6
5812979222,1035045015,9
5812979222,1065410141,14
5812979222,1125964814,8
5812979222,1126647624,7
5812979222,1127476096,12
5812979222,1136861363,3
5812979222,1167295853,46
5812979222,1167295856,35
5812979222,1167295872,63
5812979222,1167295916,57
5812979222,1167300055,54
5812979222,1167300154,47
5812979222,1167300194,58
5812979222,1167304403,59
5812979222,1167632513,68
5812979222,1167645523,59
5812979222,1167645658,5
5812979222,1167891559,54
5812979222,1167895489,7
5812979222,1167904437,3
5812979222,1167982211,47
5812979222,1167995070,13
5812979222,1168059800,5
5812979222,1168064774,3
5812979222,1168664495,18
5812979222,1198006801,50
5812979222,1198334861,3
5812979222,1198667367,3
5812979222,1198675740,3
5812979222,1198693217,36
5812979222,1198931241,54
5812979222,1199699496,4
5812979222,1199712167,4
5812979222,1199712272,4
5812979222,1229965474,62
5812979222,1230026228,62
5812979222,1230026402,48
5812979222,1230480261,9
5812979222,1261000309,49
5812979222,1261056809,61
5812979222,1292846965,47
5812979222,1324145475,52
5812979222,1416900410,52
5812979222,1447576662,8
5812979222,1513674176,63
5812979222,387364605,6
5812979222,416642425,10
5812979222,449438847,8
5812979222,478375456,12
5812979222,539462336,3
5812979222,541118908,6
5812979222,541870397,8
5812979222,572870540,16
5812979222,5813012006,8
5812979222,5813014873,8
5812979222,5813022281,8
5812979222,5813027103,3
5812979222,5813040233,8
5812979222,5813047647,7
5812979222,5813061251,7
5812979222,5813077544,17
5812979222,5813080838,11
5812979222,632544268,5
5812979222,633546217,7
5812979222,634962055,4
5812979222,665314820,6
5812979222,694920753,6
5812979222,695629525,10
5812979222,695956656,6
5812979222,696362840,6
5812979222,697001770,16
5812979222,725951521,5
5812979222,758419409,3
5812979222,788794171,5
5812979222,789126240,4
5812979222,819828986,9
5812979222,910438331,8
5812979222,912545106,16
5812979222,912601268,4
5812979222,941132434,6
5812979222,942491983,9
5812979230,1002507159,10
5812979230,1002852791,13
5812979230,1004017998,11
5812979230,1034219901,14
5812979230,1035045015,5
5812979230,1065410141,10
5812979230,1125964814,9
5812979230,1126647624,6
5812979230,1127476096,8
5812979230,1167995070,11
5812979230,1168055653,39
5812979230,1168392003,34
5812979230,1168392468,45
5812979230,1168664495,11
5812979230,1199086313,3
5812979230,1199289203,16
5812979230,1199427845,37
5812979230,1199431561,23
5812979230,1199432267,18
5812979230,1199625952,50
5812979230,1229288307,3
5812979230,1229369776,3
5812979230,1230121634,7
5812979230,1230125720,41
5812979230,1230319275,7
5812979230,1230324385,26
5812979230,1260400286,14
5812979230,1260422110,6
5812979230,1260754053,9
5812979230,1261169514,4
5812979230,1322470509,3
5812979230,1447576662,12
5812979230,387364605,12
5812979230,416642425,15
5812979230,449438847,9
5812979230,478375456,12
5812979230,541118908,13
5812979230,541870397,7
5812979230,572870540,10
5812979230,5813012006,14
5812979230,5813014873,23
5812979230,5813020455,38
5812979230,5813020585,6
5812979230,5813022281,15
5812979230,5813027103,13
5812979230,5813038224,17
5812979230,5813040233,11
5812979230,5813045050,38
5812979230,5813053983,33
5812979230,5813053988,14
5812979230,5813061251,14
5812979230,5813077544,13
5812979230,5813077556,4
5812979230,5813080838,13
5812979230,632544268,14
5812979230,633546217,7
5812979230,634962055,8
5812979230,665314820,11
5812979230,694920753,13
5812979230,695629525,13
5812979230,695956656,8
5812979230,696362840,6
5812979230,697001770,8
5812979230,725951521,15
5812979230,758419409,10
5812979230,788794171,5
5812979230,789126240,9
5812979230,819828986,9
5812979230,910438331,12
5812979230,912545106,16
5812979230,912601268,9
5812979230,941132434,13
5812979230,942491983,11
5812979459,1002507159,13
5812979459,1002852791,10
5812979459,1004017998,5
5812979459,1034219901,12
5812979459,1035045015,10
5812979459,1065410141,7
5812979459,1125964814,12
5812979459,1126647624,8
5812979459,1127476096,10
5812979459,1167995070,6
5812979459,1168392003,3
5812979459,1168392468,3
5812979459,1168664495,8
5812979459,1199086313,29
5812979459,1229288307,27
5812979459,1260327246,15
5812979459,1260828727,32
5812979459,1261169514,29
5812979459,1261768913,8
5812979459,1262105637,4
5812979459,1291435776,28
5812979459,1291780631,4
5812979459,1291780710,3
5812979459,1292794996,4
5812979459,1292807819,3
5812979459,1293135946,3
5812979459,1322470509,23
5812979459,1322470594,26
5812979459,1322474586,29
5812979459,1322811128,11
5812979459,1322811160,4
5812979459,1322811232,16
5812979459,1322811240,32
5812979459,1323156554,8
5812979459,1447576662,11
5812979459,387364605,14
5812979459,416642425,9
5812979459,449438847,13
5812979459,478375456,10
5812979459,541118908,12
5812979459,541870397,7
5812979459,572870540,14
5812979459,5813012006,18
5812979459,5813014873,9
5812979459,5813020455,5
5812979459,5813020568,37
5812979459,5813020585,29
5812979459,5813022281,8
5812979459,5813027103,10
5812979459,5813040233,14
5812979459,5813061251,11
5812979459,5813077544,19
5812979459,5813080838,14
5812979459,632544268,11
5812979459,633546217,6
5812979459,634962055,15
5812979459,665314820,14
5812979459,694920753,24
5812979459,695629525,16
5812979459,695956656,8
5812979459,696362840,9
5812979459,697001770,11
5812979459,725951521,14
5812979459,758419409,17
5812979459,788794171,11
5812979459,789126240,5
5812979459,819828986,16
5812979459,910438331,15
5812979459,912545106,13
5812979459,912601268,10
5812979459,941132434,10
5812979459,942491983,9
5812979604,1002507159,6
5812979604,1002852791,6
5812979604,1034219901,9
5812979604,1035045015,3
5812979604,1125964814,4
5812979604,1126647624,5
5812979604,1167995070,6
5812979604,1168664495,7
5812979604,1200049187,39
5812979604,1200057627,38
5812979604,1230712894,23
5812979604,1230712956,30
5812979604,1230738118,21
5812979604,1230738237,21
5812979604,1230738247,25
5812979604,1230742431,24
5812979604,1230742517,27
5812979604,1230742552,23
5812979604,1231066662,29
5812979604,1231066732,30
5812979604,1231066741,32
5812979604,1231070792,17
5812979604,1231070863,30
5812979604,1231079482,29
5812979604,1231675708,3
5812979604,1261751722,23
5812979604,1261760230,5
5812979604,1261760414,7
5812979604,1261760489,6
5812979604,1261768644,9
5812979604,1262101350,9
5812979604,1262114188,4
5812979604,1447576662,5
5812979604,387364605,3
5812979604,416642425,3
5812979604,449438847,10
5812979604,478375456,7
5812979604,541118908,5
5812979604,541870397,7
5812979604,572870540,6
5812979604,5813012006,5
5812979604,5813014873,4
5812979604,5813020453,24
5812979604,5813027103,6
5812979604,5813049931,32
5812979604,5813077544,7
5812979604,632544268,4
5812979604,695629525,3
5812979604,695956656,4
5812979604,696362840,4
5812979604,758419409,7
5812979604,788794171,9
5812979604,819828986,3
5812979604,910438331,10
5812979604,941132434,3
5812979604,942491983,5
5812979684,1002507159,5
5812979684,1002852791,5
5812979684,1034219901,3
5812979684,1035045015,4
5812979684,1125964814,4
5812979684,1127476096,4
5812979684,1168664495,4
5812979684,1230738163,4
5812979684,1261091124,3
5812979684,1261427857,3
5812979684,1261756007,4
5812979684,1261760225,8
5812979684,1261760366,14
5812979684,1261760414,3
5812979684,1261760448,12
5812979684,1261760489,3
5812979684,1261764557,13
5812979684,1261764651,29
5812979684,1261768913,32
5812979684,1261773286,6
5812979684,1262105552,14
5812979684,1262105601,4
5812979684,1262105630,20
5812979684,1262105637,32
5812979684,1262114112,11
5812979684,1262114188,33
5812979684,1262114202,17
5812979684,1291780631,33
5812979684,1291780675,28
5812979684,1291780710,27
5812979684,1292794996,36
5812979684,1292799162,24
5812979684,1292799346,34
5812979684,1292803650,23
5812979684,1292807819,20
5812979684,1292816565,18
5812979684,1293135946,22
5812979684,1293136062,11
5812979684,1447576662,7
5812979684,387364605,3
5812979684,449438847,4
5812979684,541118908,5
5812979684,572870540,5
5812979684,5812983887,3
5812979684,5812984024,5
5812979684,5813014873,7
5812979684,5813022281,4
5812979684,5813027103,4
5812979684,5813077544,8
5812979684,5813080269,4
5812979684,5813080838,5
5812979684,632544268,3
5812979684,634962055,6
5812979684,694920753,6
5812979684,695629525,4
5812979684,695956656,10
5812979684,696362840,3
5812979684,697001770,7
5812979684,758419409,6
5812979684,819828986,6
5812979684,912545106,4
5812979684,941132434,3
5812979684,942491983,6
5812979686,1002507159,4
5812979686,1002852791,4
5812979686,1004017998,3
5812979686,1034219901,4
5812979686,1035045015,6
5812979686,1065410141,5
5812979686,1125964814,3
5812979686,1168664495,6
5812979686,1261086823,4
5812979686,1261091174,4
5812979686,1261423454,4
5812979686,1261423534,20
5812979686,1261427885,48
5812979686,1261427892,10
5812979686,1261427999,16
5812979686,1261432052,16
5812979686,1261432076,59
5812979686,1261432158,37
5812979686,1261432159,52
5812979686,1261432168,50
5812979686,1261768859,45
5812979686,1261768880,51
5812979686,1261773304,7
5812979686,1261773414,50
5812979686,1291366237,8
5812979686,1292121433,7
5812979686,1292445517,49
5812979686,1292458303,28
5812979686,1292458366,36
5812979686,1292466818,35
5812979686,1322811160,4
5812979686,1447576662,8
5812979686,416642425,3
5812979686,449438847,8
5812979686,478375456,4
5812979686,541118908,6
5812979686,541870397,3
5812979686,572870540,6
5812979686,5812983887,3
5812979686,5813012006,7
5812979686,5813014873,4
5812979686,5813022281,6
5812979686,5813027103,4
5812979686,5813040233,5
5812979686,5813077544,13
5812979686,5813080272,15
5812979686,5813080838,9
5812979686,632544268,3
5812979686,634962055,7
5812979686,694920753,4
5812979686,695629525,6
5812979686,695956656,6
5812979686,725951521,3
5812979686,758419409,4
5812979686,788794171,5
5812979686,819828986,4
5812979686,910438331,3
5812979686,941132434,3
5812983734,1002848661,31
5812983734,1004014587,55
5812983734,1004017998,13
5812983734,1035045015,15
5812983734,1062526223,22
5812983734,1065409934,50
5812983734,1065410141,10
5812983734,1125969082,18
5812983734,1127476096,14
5812983734,1128088594,47
5812983734,1167995070,15
5812983734,1168664495,14
5812983734,1190171884,36
5812983734,1197993940,20
5812983734,1199677638,48
5812983734,1218728570,6
5812983734,1220584946,11
5812983734,1318109929,24
5812983734,1324430237,9
5812983734,1353544607,18
5812983734,1447576662,14
5812983734,1600083889,15
5812983734,1601771527,11
5812983734,1631450739,13
5812983734,387023620,16
5812983734,387364605,14
5812983734,449438847,20
5812983734,539462336,15
5812983734,541870397,16
5812983734,569775058,11
5812983734,572870540,19
5812983734,5813012006,23
5812983734,5813014882,26
5812983734,5813022281,8
5812983734,5813047157,14
5812983734,5813059834,17
5812983734,5813070465,16
5812983734,5813077544,3
5812983734,634962055,16
5812983734,663562172,8
5812983734,664650297,9
5812983734,665314820,17
5812983734,693755250,15
5812983734,696362840,18
5812983734,697001770,12
5812983734,724280817,8
5812983734,758419409,11
5812983734,788794171,15
5812983734,789126240,15
5812983734,819828986,22
5812983734,848761388,13
5812983734,849421763,19
5812983734,879183317,5
5812983734,880875861,49
5812983734,881898734,59
5812983734,912147912,31
5812983734,912545106,12
5812983734,912601268,16
5812983734,941123755,19
5812983734,941132434,4
5812983734,942173776,25
5812983734,942587380,41
5812983734,972555509,29
5812983734,973566036,13
5812983734,974239375,25
5812983734,974300015,53
5812983887,1002507159,3
5812983887,1002852791,3
5812983887,1004017998,7
5812983887,1034219901,6
5812983887,1035045015,8
5812983887,1065410141,3
5812983887,1125964814,8
5812983887,1127476096,3
5812983887,1168664495,6
5812983887,1199017128,5
5812983887,1261082560,24
5812983887,1261086734,55
5812983887,1261086755,30
5812983887,1261086756,38
5812983887,1261086823,19
5812983887,1261086863,40
5812983887,1261091124,51
5812983887,1261091157,18
5812983887,1261091174,45
5812983887,1261419142,19
5812983887,1261423370,51
5812983887,1261423444,32
5812983887,1261423454,10
5812983887,1261423480,12
5812983887,1261423507,7
5812983887,1261423534,4
5812983887,1261427765,18
5812983887,1261427857,56
5812983887,1261436305,22
5812983887,1261436508,61
5812983887,1261756007,57
5812983887,1261760187,21
5812983887,1261773304,4
5812983887,1291780631,4
5812983887,1292113218,35
5812983887,1447576662,3
5812983887,387364605,7
5812983887,449438847,6
5812983887,478375456,4
5812983887,541118908,9
5812983887,541870397,4
5812983887,572870540,7
5812983887,5813012006,5
5812983887,5813014873,6
5812983887,5813020587,10
5812983887,5813022281,5
5812983887,5813027103,9
5812983887,5813040233,8
5812983887,5813061251,3
5812983887,5813077544,5
5812983887,5813080272,3
5812983887,5813080838,6
5812983887,632544268,4
5812983887,633546217,6
5812983887,634962055,4
5812983887,695629525,7
5812983887,696362840,3
5812983887,697001770,6
5812983887,725951521,7
5812983887,758419409,5
5812983887,789126240,4
5812983887,819828986,3
5812983887,910438331,5
5812983887,912545106,5
5812983887,912601268,3
5812983887,941132434,7
5812983887,942491983,5
5812984024,1231675708,5
5812984024,1261760225,20
5812984024,1261760230,5
5812984024,1261760366,38
5812984024,1261760414,18
5812984024,1261760448,15
5812984024,1261760489,29
5812984024,1261764527,24
5812984024,1261764557,31
5812984024,1261764651,9
5812984024,1261768913,6
5812984024,1261772956,4
5812984024,1261773006,4
5812984024,1261773104,12
5812984024,1261773286,25
5812984024,1261773330,30
5812984024,1262101350,19
5812984024,1262105552,25
5812984024,1262105575,35
5812984024,1262105601,26
5812984024,1262105630,22
5812984024,1262105637,8
5812984024,1262114112,31
5812984024,1262114188,12
5812984024,1262114202,17
5812984024,1291780631,5
5812984024,1291780675,9
5812984024,1291780710,6
5812984024,1292794996,17
5812984024,1292799162,13
5812984024,1292799346,12
5812984024,1292803650,13
5812984024,1292807819,14
5812984024,1292816565,15
5812984024,1293135946,11
5812984024,1293136062,17
5812984024,1355810793,24
5812984024,5812979684,10
5812984024,5813080269,20
5812987321,1248770299,3
5812987321,1410450949,3
5812987321,1535652862,3
5812987321,1597683387,3
5812987321,572167413,3
5812987321,5812987327,3
5812987321,635234035,3
5812987321,911500529,3
5812987327,1126301622,3
5812987327,1155302782,4
5812987327,1248770299,4
5812987327,1310499077,6
5812987327,1349114669,4
5812987327,1410122382,4
5812987327,1410122892,4
5812987327,1410450949,3
5812987327,1441481281,4
5812987327,1441485633,3
5812987327,1441485832,7
5812987327,1473202957,8
5812987327,1504924440,5
5812987327,1535652862,3
5812987327,1568047319,5
5812987327,1597683387,6
5812987327,1599431888,6
5812987327,1599436552,3
5812987327,1629085008,4
5812987327,1631131487,3
5812987327,5812987321,4
5812987327,5812991632,3
5812987327,632911211,3
5812987327,633200871,3
5812987327,663225743,4
5812987327,692857189,6
5812987327,755644082,9
5812987327,786000969,6
5812987327,943226223,3
5812987334,1126301622,3
5812987334,1126310716,3
5812987334,1441481281,3
5812987334,1473207713,3
5812987334,1597683387,3
5812987334,786000969,3
5812987334,851493896,5
5812987339,1126310716,3
5812987339,1156999846,3
5812987339,1219756158,3
5812987339,786679162,3
5812987339,851493896,4
5812987339,910447181,6
5812987339,911134017,6
5812987339,911500529,3
5812987339,940808800,3
5812987339,948333783,6
5812987803,1125964651,55
5812987803,1155652503,12
5812987803,1217372569,3
5812987803,1217385533,21
5812987803,1218728463,4
5812987803,1218728541,13
5812987803,1218728544,4
5812987803,1218728570,4
5812987803,1218728588,5
5812987803,1218732640,7
5812987803,1218732931,3
5812987803,1219069788,3
5812987803,1219410844,6
5812987803,1219756158,4
5812987803,1248424794,4
5812987803,1248765883,4
5812987803,1248770299,3
5812987803,1249098248,3
5812987803,1249763220,4
5812987803,1250113288,4
5812987803,1601771527,5
5812987803,417998204,40
5812987803,572494993,44
5812987803,5812988707,8
5812987803,5813023615,6
5812987803,601120917,43
5812987803,604242162,3
5812987803,632155800,43
5812987803,723602649,51
5812987803,724267537,51
5812987803,911504689,55
5812987803,971817711,59
5812988707,1218728463,3
5812988707,1218728544,3
5812988707,1248770299,3
5812988707,1249763220,3
5812988707,1310499077,3
5812988707,1410122586,3
5812988707,1599431888,4
5812988707,5812987327,3
5812988707,786000969,4
5812988707,786013842,3
5812991545,1134253374,3
5812991545,787374226,7
5812991545,880875927,3
5812991545,882239837,6
5812991545,911569552,5
5812991545,979752365,4
5812991632,1097718659,4
5812991632,1126301622,4
5812991632,1410801066,3
5812991632,1568047319,3
5812991632,633200987,3
5812991632,692857189,3
5812991632,848407278,4
5812991632,879779401,3
5812994148,1125411720,3
5812994148,1188163963,9
5812994148,1189549476,10
5812994148,1282646571,3
5812994148,1345056477,3
5812994148,1410127303,5
5812994148,1410127581,5
5812994148,1412164346,6
5812994148,1504268020,6
5812994148,1536006733,3
5812994148,1568047319,4
5812994148,1599069164,4
5812994148,1661799601,7
5812994148,5812994149,3
5812994148,5813095667,5
5812994148,5813128537,3
5812994148,632600726,3
5812994148,632915714,6
5812994148,633895972,10
5812994148,662966385,3
5812994148,726024758,5
5812994148,727371546,8
5812994148,759084183,7
5812994148,880875900,7
5812994148,972624772,8
5812994148,974968796,10
5812994149,1034703497,3
5812994149,1125411720,4
5812994149,1158507467,3
5812994149,1188163963,5
5812994149,1218728544,3
5812994149,1410127303,6
5812994149,1410127581,5
5812994149,1410472719,4
5812994149,1441503748,3
5812994149,1536006733,3
5812994149,1599069164,6
5812994149,1599410380,5
5812994149,1599747200,5
5812994149,1661799601,6
5812994149,5812994148,5
5812994149,5813095667,4
5812994149,5813128416,3
5812994149,632600726,9
5812994149,632911211,4
5812994149,632915714,7
5812994149,697014740,3
5812994149,726024758,3
5812994149,727371546,3
5812994149,759084183,7
5812994149,818119357,4
5812994149,848800082,4
5812994149,850492366,3
5812994149,850829248,9
5812994149,851170296,3
5812994149,879844144,4
5812994149,880526292,3
5812994149,880875900,11
5812994149,943592989,6
5812994149,972624772,9
5812994149,974968796,6
5813012006,1003318634,20
5813012006,1003672766,15
5813012006,1004014587,71
5813012006,1004017998,32
5813012006,1004700437,15
5813012006,1035045015,39
5813012006,1065409934,6
5813012006,1065410141,11
5813012006,1127471692,22
5813012006,1127476096,10
5813012006,1136861363,5
5813012006,1137210821,3
5813012006,1158747783,4
5813012006,1167295856,3
5813012006,1167300154,4
5813012006,1167641412,7
5813012006,1167645523,3
5813012006,1167977970,7
5813012006,1167982211,5
5813012006,1167995070,7
5813012006,1168059800,3
5813012006,1168249921,6
5813012006,1198671494,4
5813012006,1198671672,3
5813012006,1220576923,24
5813012006,1220584946,3
5813012006,1261056809,3
5813012006,1291094620,5
5813012006,1291094742,4
5813012006,1292847181,3
5813012006,1294082002,3
5813012006,1318109929,10
5813012006,1322133531,4
5813012006,1322137688,3
5813012006,1322470462,3
5813012006,1324430237,42
5813012006,1353544607,10
5813012006,1600083889,9
5813012006,478375456,7
5813012006,508793049,16
5813012006,509410587,23
5813012006,541118908,5
5813012006,569775058,11
5813012006,570185174,5
5813012006,570461892,36
5813012006,570518166,5
5813012006,5812983734,38
5813012006,5813014505,9
5813012006,5813020409,3
5813012006,5813047446,3
5813012006,5813047793,3
5813012006,5813048042,11
5813012006,5813050767,3
5813012006,5813056953,27
5813012006,5813061383,17
5813012006,5813080838,15
5813012006,5813128308,10
5813012006,632544268,38
5813012006,663562172,11
5813012006,693651381,4
5813012006,693979726,4
5813012006,695629525,20
5813012006,880530613,11
5813012006,880875736,3
5813012006,880880259,10
5813012006,881221166,17
5813012006,909877092,25
5813012006,910442723,10
5813012006,910442782,9
5813012006,910447075,3
5813012006,910783961,15
5813012006,910796989,14
5813012006,911129204,4
5813012006,911129339,13
5813012006,911134009,24
5813012006,911138168,18
5813012006,911241750,3
5813012006,911470352,8
5813012006,911565419,10
5813012006,911574261,12
5813012006,911578496,6
5813012006,911578595,5
5813012006,911901802,12
5813012006,911906936,5
5813012006,911911004,8
5813012006,911911699,7
5813012006,911919917,4
5813012006,941469087,10
5813012006,942522378,8
5813012006,972555509,10
5813012006,973566036,17
5813012006,974300015,4
5813012311,1094722478,3
5813012311,1159530101,3
5813012311,1380149563,3
5813014062,1002848124,8
5813014062,1094934199,5
5813014062,1126306451,9
5813014062,1187844616,6
5813014062,1188181261,7
5813014062,1218732781,9
5813014062,1218732931,12
5813014062,664235541,7
5813014062,695270840,4
5813014062,786013801,9
5813014062,786013856,11
5813014062,786674282,16
5813014062,786989348,4
5813014062,786989395,5
5813014062,817346903,15
5813014062,819073675,7
5813014062,850104005,9
5813014062,878380399,9
5813014062,910447220,7
5813014062,911504643,11
5813014062,940791383,6
5813014505,1003318634,4
5813014505,1034711992,4
5813014505,1223640877,30
5813014505,1600079770,57
5813014505,478427368,61
5813014505,570185174,11
5813014505,570518166,7
5813014505,5813044670,46
5813014505,5813056012,3
5813014505,5813061383,3
5813014505,601557317,26
5813014505,604242162,47
5813014505,693979726,5
5813014505,911897818,28
5813014505,911897964,44
5813014505,912894991,57
5813014505,941244280,6
5813014573,1167282562,16
5813014573,1200053009,5
5813014573,1219756158,3
5813014573,1251952397,3
5813014573,666308023,10
5813014573,666994301,13
5813014573,758069811,5
5813014573,819138035,3
5813014573,913235746,3
5813014573,941132430,12
5813014859,5813128537,3
5813014873,1065410141,4
5813014873,1097718659,3
5813014873,1097718901,3
5813014873,1105834722,3
5813014873,1125969082,8
5813014873,1127476096,9
5813014873,1128088594,32
5813014873,1134253374,21
5813014873,1167641412,6
5813014873,1167645442,3
5813014873,1167895489,3
5813014873,1167904437,3
5813014873,1167977970,4
5813014873,1167995070,9
5813014873,1168241257,4
5813014873,1168664447,3
5813014873,1168664495,21
5813014873,1198006801,11
5813014873,1198326456,6
5813014873,1198671494,4
5813014873,1198931241,5
5813014873,1198943369,5
5813014873,1199677638,6
5813014873,1199712272,3
5813014873,1218732640,6
5813014873,1219069439,3
5813014873,1220576923,10
5813014873,1229965474,3
5813014873,1258073453,3
5813014873,1261000309,3
5813014873,1291094742,3
5813014873,1292847181,5
5813014873,1322133531,3
5813014873,1322133768,4
5813014873,1322133825,3
5813014873,1322133891,4
5813014873,1324145475,6
5813014873,1447576662,20
5813014873,1508334312,4
5813014873,481112669,32
5813014873,570461892,5
5813014873,572870540,43
5813014873,5812979222,3
5813014873,5812983734,3
5813014873,5813040233,6
5813014873,5813047157,47
5813014873,5813047446,3
5813014873,5813047647,3
5813014873,5813047793,8
5813014873,5813048042,27
5813014873,5813049948,7
5813014873,5813050767,7
5813014873,5813053988,3
5813014873,5813077544,58
5813014873,634608104,27
5813014873,666308023,17
5813014873,723602649,5
5813014873,724280817,36
5813014873,734581598,14
5813014873,760094565,7
5813014873,786013842,4
5813014873,787374226,22
5813014873,818063189,5
5813014873,848761388,115
5813014873,880530613,31
5813014873,880875736,29
5813014873,880880259,29
5813014873,882533209,17
5813014873,910442723,26
5813014873,910442752,3
5813014873,910442782,31
5813014873,910783731,6
5813014873,910783883,4
5813014873,910783961,22
5813014873,910796989,32
5813014873,910801332,29
5813014873,911129339,16
5813014873,911134009,29
5813014873,911138168,22
5813014873,911211196,15
5813014873,911241750,22
5813014873,911565419,23
5813014873,911578496,10
5813014873,911578595,4
5813014873,911901802,37
5813014873,911906936,24
5813014873,911911193,3
5813014873,911911699,11
5813014873,911919044,6
5813014873,912243353,4
5813014873,916284630,18
5813014873,941469087,34
5813014873,941482720,6
5813014873,941810314,3
5813014873,941814787,4
5813014873,942522378,12
5813014873,972555509,7
5813014873,972892437,31
5813014882,1197993940,13
5813014882,1259377221,20
5813014882,1259377325,24
5813014882,1324430237,18
5813014882,5812983734,15
5813014882,5813027103,3
5813014882,664645558,4
5813014882,664650297,26
5813014882,725951521,6
5813014882,789126240,3
5813014882,879183317,13
5813014882,880875861,3
5813014882,941123755,31
5813015999,1187831582,7
5813015999,1251275120,11
5813015999,1255638782,7
5813015999,1412238418,6
5813015999,1443268440,5
5813015999,1537634396,10
5813015999,1661458144,3
5813015999,478077561,3
5813015999,539810773,3
5813015999,540493022,8
5813015999,569481415,9
5813015999,570185174,7
5813015999,570518166,6
5813015999,5813081686,6
5813015999,601216096,4
5813015999,696336849,6
5813015999,759084486,4
5813015999,848817674,3
5813015999,849832062,7
5813015999,849844855,3
5813015999,880185131,11
5813015999,880526477,10
5813015999,911578483,4
5813015999,916974420,5
5813015999,941244280,9
5813015999,942254554,4
5813015999,943921248,7
5813016167,1535652862,4
5813016167,849421893,3
5813020409,1002507159,16
5813020409,1002852791,14
5813020409,1004017998,5
5813020409,1034219901,13
5813020409,1035045015,13
5813020409,1065410141,16
5813020409,1105834722,24
5813020409,1106180107,22
5813020409,1125964814,6
5813020409,1126647624,17
5813020409,1127476096,5
5813020409,1136861363,32
5813020409,1137210821,25
5813020409,1137219365,12
5813020409,1167300055,3
5813020409,1167563121,19
5813020409,1167567702,7
5813020409,1167641412,7
5813020409,1167645442,6
5813020409,1167645523,4
5813020409,1167645658,26
5813020409,1167895489,28
5813020409,1167896065,29
5813020409,1167904437,35
5813020409,1167977970,3
5813020409,1167995070,16
5813020409,1168059800,24
5813020409,1168064774,22
5813020409,1168241257,32
5813020409,1168249921,11
5813020409,1168664495,14
5813020409,1198257581,20
5813020409,1198326456,6
5813020409,1198334861,28
5813020409,1198413357,30
5813020409,1198667367,34
5813020409,1198671494,4
5813020409,1198671672,31
5813020409,1198675740,34
5813020409,1198680122,25
5813020409,1198680249,24
5813020409,1198680426,10
5813020409,1198680441,7
5813020409,1198684596,17
5813020409,1198943369,10
5813020409,1199017128,5
5813020409,1199699496,23
5813020409,1199712167,33
5813020409,1199712272,31
5813020409,1229369776,4
5813020409,1230480261,22
5813020409,1230738163,5
5813020409,1261000309,3
5813020409,1261056809,4
5813020409,1292847181,4
5813020409,1447576662,22
5813020409,387364605,22
5813020409,416642425,14
5813020409,449438847,15
5813020409,478375456,13
5813020409,541118908,16
5813020409,541870397,17
5813020409,572870540,14
5813020409,5812979082,17
5813020409,5812979222,7
5813020409,5813012006,14
5813020409,5813014873,13
5813020409,5813022281,10
5813020409,5813027103,8
5813020409,5813040233,14
5813020409,5813047446,20
5813020409,5813047647,31
5813020409,5813047793,3
5813020409,5813048896,27
5813020409,5813049948,4
5813020409,5813053866,4
5813020409,5813061251,10
5813020409,5813077544,14
5813020409,5813080838,14
5813020409,632544268,16
5813020409,633546217,9
5813020409,634962055,6
5813020409,665314820,8
5813020409,694920753,18
5813020409,695629525,16
5813020409,695956656,8
5813020409,696362840,13
5813020409,697001770,14
5813020409,725951521,10
5813020409,758419409,9
5813020409,788794171,13
5813020409,789126240,9
5813020409,819828986,10
5813020409,910438331,11
5813020409,912545106,18
5813020409,912601268,7
5813020409,941132434,15
5813020409,942491983,16
5813020453,1002507159,10
5813020453,1002852791,7
5813020453,1034219901,7
5813020453,1035045015,4
5813020453,1126647624,7
5813020453,1167995070,4
5813020453,1200049187,36
5813020453,1200057627,40
5813020453,1230712894,24
5813020453,1230712956,29
5813020453,1230738118,24
5813020453,1230738237,29
5813020453,1230738247,27
5813020453,1230742431,21
5813020453,1230742517,15
5813020453,1230742552,28
5813020453,1231066662,25
5813020453,1231066732,21
5813020453,1231066741,22
5813020453,1231070792,21
5813020453,1231070863,27
5813020453,1231079482,22
5813020453,1261751722,25
5813020453,1261760414,5
5813020453,1261760489,6
5813020453,1262101350,8
5813020453,1447576662,9
5813020453,387364605,3
5813020453,449438847,6
5813020453,478375456,8
5813020453,541118908,4
5813020453,541870397,5
5813020453,572870540,4
5813020453,5812979604,37
5813020453,5813014873,3
5813020453,5813022281,3
5813020453,5813027103,5
5813020453,5813040233,3
5813020453,5813049931,19
5813020453,5813077544,7
5813020453,5813080838,5
5813020453,632544268,4
5813020453,634962055,8
5813020453,665314820,4
5813020453,694920753,3
5813020453,695629525,7
5813020453,696362840,4
5813020453,697001770,6
5813020453,725951521,3
5813020453,758419409,3
5813020453,788794171,3
5813020453,819828986,6
5813020453,910438331,7
5813020453,912545106,11
5813020453,941132434,10
5813020453,942491983,6
5813020455,1002507159,9
5813020455,1002852791,17
5813020455,1004017998,13
5813020455,1034219901,20
5813020455,1035045015,7
5813020455,1065410141,5
5813020455,1125964814,7
5813020455,1127476096,9
5813020455,1167995070,11
5813020455,1168055653,30
5813020455,1168392003,28
5813020455,1168392468,29
5813020455,1168664495,9
5813020455,1199289203,18
5813020455,1199427845,37
5813020455,1199431561,18
5813020455,1199432267,16
5813020455,1199625952,46
5813020455,1229288307,7
5813020455,1229369776,4
5813020455,1230121634,6
5813020455,1230125720,26
5813020455,1230319275,5
5813020455,1230324385,45
5813020455,1260400286,16
5813020455,1260754053,18
5813020455,1261169514,3
5813020455,1322470509,6
5813020455,1322470594,6
5813020455,1322474586,7
5813020455,1322811240,4
5813020455,1447576662,16
5813020455,387364605,21
5813020455,416642425,9
5813020455,449438847,13
5813020455,478375456,14
5813020455,541118908,11
5813020455,541870397,11
5813020455,572870540,15
5813020455,5812979230,44
5813020455,5813012006,15
5813020455,5813014873,23
5813020455,5813020568,4
5813020455,5813020585,6
5813020455,5813022281,11
5813020455,5813027103,11
5813020455,5813038224,15
5813020455,5813040233,20
5813020455,5813045050,44
5813020455,5813053983,47
5813020455,5813053988,12
5813020455,5813061251,9
5813020455,5813077544,18
5813020455,5813080838,18
5813020455,632544268,15
5813020455,633546217,12
5813020455,634962055,6
5813020455,665314820,9
5813020455,694920753,21
5813020455,695629525,13
5813020455,695956656,12
5813020455,696362840,9
5813020455,697001770,10
5813020455,725951521,10
5813020455,758419409,18
5813020455,788794171,7
5813020455,789126240,9
5813020455,819828986,15
5813020455,910438331,10
5813020455,912545106,9
5813020455,912601268,11
5813020455,941132434,6
5813020455,942491983,13
5813020568,1002507159,11
5813020568,1002852791,12
5813020568,1004017998,5
5813020568,1034219901,12
5813020568,1035045015,15
5813020568,1065410141,8
5813020568,1125964814,14
5813020568,1126647624,5
5813020568,1127476096,9
5813020568,1167995070,12
5813020568,1168659995,4
5813020568,1168660239,3
5813020568,1168664495,16
5813020568,1198693217,5
5813020568,1199086313,22
5813020568,1229288307,32
5813020568,1229965474,4
5813020568,1230319275,3
5813020568,1260327246,15
5813020568,1260828727,20
5813020568,1261000309,3
5813020568,1261169514,33
5813020568,1262114188,5
5813020568,1291366237,3
5813020568,1291435776,29
5813020568,1291780710,4
5813020568,1292794996,4
5813020568,1322470368,3
5813020568,1322470509,39
5813020568,1322470594,31
5813020568,1322474586,39
5813020568,1322811128,6
5813020568,1322811160,3
5813020568,1322811232,14
5813020568,1322811240,38
5813020568,1323156554,6
5813020568,1324145475,3
5813020568,1447576662,14
5813020568,387364605,5
5813020568,416642425,8
5813020568,449438847,11
5813020568,478375456,15
5813020568,541118908,13
5813020568,541870397,9
5813020568,572870540,19
5813020568,5812979459,45
5813020568,5813012006,15
5813020568,5813014873,11
5813020568,5813020455,6
5813020568,5813020585,26
5813020568,5813022281,13
5813020568,5813027103,10
5813020568,5813040233,10
5813020568,5813053983,4
5813020568,5813061251,15
5813020568,5813077544,16
5813020568,5813080838,9
5813020568,632544268,13
5813020568,633546217,8
5813020568,634962055,11
5813020568,665314820,17
5813020568,694920753,15
5813020568,695629525,16
5813020568,695956656,15
5813020568,696362840,10
5813020568,697001770,11
5813020568,725951521,13
5813020568,758419409,25
5813020568,788794171,6
5813020568,789126240,4
5813020568,819828986,9
5813020568,910438331,11
5813020568,912545106,17
5813020568,912601268,10
5813020568,941132434,7
5813020568,942491983,17
5813020585,1002507159,16
5813020585,1002852791,16
5813020585,1004017998,5
5813020585,1034219901,13
5813020585,1035045015,15
5813020585,1065410141,8
5813020585,1125964814,24
5813020585,1126647624,9
5813020585,1127476096,12
5813020585,1167995070,15
5813020585,1168055653,5
5813020585,1168392468,10
5813020585,1168659995,6
5813020585,1168664495,14
5813020585,1199086313,29
5813020585,1199289203,3
5813020585,1199427845,4
5813020585,1199431561,4
5813020585,1199625952,9
5813020585,1229288307,25
5813020585,1230324385,7
5813020585,1260327246,3
5813020585,1260828727,33
5813020585,1261169514,31
5813020585,1291435776,32
5813020585,1322470368,3
5813020585,1322470509,26
5813020585,1322470594,23
5813020585,1322474586,32
5813020585,1322811240,19
5813020585,1447576662,16
5813020585,387364605,20
5813020585,416642425,13
5813020585,449438847,9
5813020585,478375456,19
5813020585,541118908,16
5813020585,541870397,16
5813020585,572870540,16
5813020585,5812979230,7
5813020585,5812979459,12
5813020585,5813012006,16
5813020585,5813014873,21
5813020585,5813020455,7
5813020585,5813020568,8
5813020585,5813022281,21
5813020585,5813027103,20
5813020585,5813040233,13
5813020585,5813045050,4
5813020585,5813053983,7
5813020585,5813061251,16
5813020585,5813077544,15
5813020585,5813080838,20
5813020585,632544268,14
5813020585,633546217,10
5813020585,634962055,15
5813020585,665314820,18
5813020585,694920753,19
5813020585,695629525,13
5813020585,695956656,16
5813020585,696362840,16
5813020585,697001770,10
5813020585,725951521,17
5813020585,758419409,24
5813020585,788794171,16
5813020585,789126240,7
5813020585,819828986,8
5813020585,910438331,12
5813020585,912545106,11
5813020585,912601268,14
5813020585,941132434,8
5813020585,942491983,12
5813020587,1002507159,7
5813020587,1002852791,4
5813020587,1004017998,6
5813020587,1034219901,7
5813020587,1035045015,7
5813020587,1065410141,4
5813020587,1125964814,3
5813020587,1167995070,5
5813020587,1168664495,4
5813020587,1261082560,22
5813020587,1261086734,4
5813020587,1261086755,22
5813020587,1261086756,12
5813020587,1261086823,36
5813020587,1261086863,7
5813020587,1261091124,4
5813020587,1261091157,26
5813020587,1261091174,22
5813020587,1261419142,37
5813020587,1261423370,11
5813020587,1261423444,16
5813020587,1261423454,33
5813020587,1261423480,27
5813020587,1261423507,33
5813020587,1261423534,21
5813020587,1261427765,28
5813020587,1261427857,3
5813020587,1261427885,4
5813020587,1261427892,35
5813020587,1261427999,17
5813020587,1261432052,21
5813020587,1261432158,3
5813020587,1261432159,5
5813020587,1261432168,10
5813020587,1261436305,24
5813020587,1261436508,12
5813020587,1261756007,9
5813020587,1261760187,39
5813020587,1261773304,41
5813020587,1261773414,8
5813020587,1292113218,15
5813020587,1292121433,33
5813020587,1292445517,3
5813020587,1292458366,11
5813020587,1292466818,4
5813020587,1447576662,3
5813020587,387364605,7
5813020587,449438847,6
5813020587,478375456,6
5813020587,541118908,8
5813020587,541870397,3
5813020587,572870540,5
5813020587,5812979686,4
5813020587,5812983887,11
5813020587,5813012006,3
5813020587,5813014873,8
5813020587,5813022281,5
5813020587,5813027103,6
5813020587,5813040233,7
5813020587,5813077544,11
5813020587,5813080272,29
5813020587,5813080838,3
5813020587,632544268,6
5813020587,633546217,3
5813020587,634962055,6
5813020587,693755250,3
5813020587,694920753,3
5813020587,695629525,6
5813020587,697001770,6
5813020587,725951521,8
5813020587,789126240,3
5813020587,910438331,4
5813020587,912545106,5
5813020587,941132434,7
5813022281,1002507131,29
5813022281,1065409934,3
5813022281,1158747783,23
5813022281,1167300055,6
5813022281,1167300154,4
5813022281,1167641412,4
5813022281,1167645442,9
5813022281,1167645658,3
5813022281,1167895489,3
5813022281,1167896065,3
5813022281,1168249921,4
5813022281,1190171884,9
5813022281,1197993940,3
5813022281,1198326456,4
5813022281,1198671494,8
5813022281,1198680122,3
5813022281,1229965474,3
5813022281,1259377325,3
5813022281,1291099014,5
5813022281,1292847181,5
5813022281,1322129437,3
5813022281,1324430237,36
5813022281,1349114669,7
5813022281,1349114715,3
5813022281,1355806197,3
5813022281,1380495496,6
5813022281,1503922566,6
5813022281,1631450739,29
5813022281,387023620,43
5813022281,478077561,11
5813022281,539462336,26
5813022281,539810773,8
5813022281,540493022,11
5813022281,5812979222,5
5813022281,5812983734,33
5813022281,5813027103,5
5813022281,5813041365,28
5813022281,5813047793,10
5813022281,5813048042,4
5813022281,5813053866,7
5813022281,5813053988,3
5813022281,5813061383,23
5813022281,5813080979,15
5813022281,5813128416,3
5813022281,632911211,5
5813022281,632915714,6
5813022281,633943192,30
5813022281,634962055,28
5813022281,663950729,4
5813022281,664645558,7
5813022281,665314820,31
5813022281,693755250,24
5813022281,694920753,13
5813022281,695671851,19
5813022281,725951521,7
5813022281,734581598,17
5813022281,757055317,25
5813022281,757055403,10
5813022281,789130596,26
5813022281,819138239,28
5813022281,847336755,7
5813022281,849482511,19
5813022281,849832122,3
5813022281,850194651,29
5813022281,850855138,10
5813022281,880526177,3
5813022281,880526292,4
5813022281,880526477,5
5813022281,880875736,3
5813022281,880875840,32
5813022281,880875861,8
5813022281,880875927,3
5813022281,881221166,21
5813022281,910438331,9
5813022281,910442752,9
5813022281,910442782,3
5813022281,910783731,19
5813022281,910783883,22
5813022281,911129204,29
5813022281,911211196,13
5813022281,911215499,7
5813022281,911241750,7
5813022281,911470352,12
5813022281,911560974,35
5813022281,911574041,13
5813022281,911574261,15
5813022281,911578496,7
5813022281,911578595,47
5813022281,911897818,26
5813022281,911897964,17
5813022281,911901802,4
5813022281,911911004,16
5813022281,911911193,10
5813022281,911919044,26
5813022281,911919917,21
5813022281,912238927,5
5813022281,912243353,24
5813022281,912894991,4
5813022281,941132434,27
5813022281,941482720,20
5813022281,941810314,19
5813022281,941814787,15
5813022281,942254492,4
5813022281,942254554,5
5813022281,942491983,13
5813022281,942522378,9
5813022281,942587380,124
5813022281,973959177,10
5813026993,1004700437,8
5813026993,1126301622,3
5813026993,1250113288,3
5813026993,1410451120,4
5813026993,692857189,4
5813026993,757694775,14
5813026993,817683388,3
5813026993,880875840,10
5813026993,941939879,5
5813027103,1002507131,6
5813027103,1136861363,3
5813027103,1158747783,15
5813027103,1167282562,25
5813027103,1167641412,9
5813027103,1167645442,5
5813027103,1167895489,3
5813027103,1167977970,11
5813027103,1197993940,13
5813027103,1198326456,6
5813027103,1198667367,4
5813027103,1198671494,6
5813027103,1200053009,13
5813027103,1224254476,3
5813027103,1229710803,4
5813027103,1260422110,3
5813027103,1291094620,5
5813027103,1291094742,3
5813027103,1291099014,4
5813027103,1291435693,4
5813027103,1292847181,6
5813027103,1294082002,3
5813027103,1322129781,3
5813027103,1322133891,3
5813027103,1380495496,16
5813027103,1629085008,6
5813027103,1629426306,4
5813027103,416642425,8
5813027103,508793049,3
5813027103,5812983734,4
5813027103,5813014882,135
5813027103,5813020409,3
5813027103,5813022281,5
5813027103,5813047446,3
5813027103,5813047793,8
5813027103,5813049948,9
5813027103,5813050767,13
5813027103,5813053866,6
5813027103,5813061383,22
5813027103,5813080979,6
5813027103,633546217,3
5813027103,634962055,16
5813027103,663190769,20
5813027103,663558074,12
5813027103,664645558,26
5813027103,664650297,12
5813027103,665314820,6
5813027103,694920753,15
5813027103,695956656,7
5813027103,696362840,6
5813027103,724267537,32
5813027103,725951521,32
5813027103,755644082,5
5813027103,786000969,13
5813027103,786674282,42
5813027103,786679162,6
5813027103,789126240,25
5813027103,819828986,26
5813027103,847336755,18
5813027103,848407278,7
5813027103,849421763,47
5813027103,849421893,4
5813027103,879183317,19
5813027103,879442155,11
5813027103,880875861,6
5813027103,880880259,4
5813027103,881221166,19
5813027103,910442752,16
5813027103,910447075,42
5813027103,910447181,17
5813027103,910447220,38
5813027103,910473088,4
5813027103,910783731,19
5813027103,910783883,26
5813027103,910787992,26
5813027103,911129204,18
5813027103,911134017,19
5813027103,911211196,3
5813027103,911241750,6
5813027103,911470352,15
5813027103,911565419,3
5813027103,911574041,21
5813027103,911574261,23
5813027103,911578496,20
5813027103,911578595,37
5813027103,911906936,5
5813027103,911911004,27
5813027103,911911193,30
5813027103,911911699,10
5813027103,911919044,17
5813027103,911919917,28
5813027103,912147912,3
5813027103,912243353,22
5813027103,941123755,29
5813027103,941132430,5
5813027103,941132434,6
5813027103,941482720,13
5813027103,941810314,8
5813027103,941814787,4
5813027103,942522378,8
5813027103,973959177,10
5813037879,1097718659,3
5813037879,1381484065,4
5813037879,787374226,3
5813037879,789130596,3
5813037879,882239837,5
5813038224,1002507159,9
5813038224,1002852791,18
5813038224,1004017998,10
5813038224,1034219901,14
5813038224,1035045015,8
5813038224,1065410141,6
5813038224,1125964814,15
5813038224,1126647624,7
5813038224,1127476096,9
5813038224,1167995070,16
5813038224,1168055653,29
5813038224,1168392003,30
5813038224,1168392468,36
5813038224,1168664495,12
5813038224,1168923315,3
5813038224,1199289203,24
5813038224,1199427845,32
5813038224,1199431561,27
5813038224,1199432267,40
5813038224,1199625952,43
5813038224,1229369776,11
5813038224,1229710803,14
5813038224,1230121634,30
5813038224,1230125720,36
5813038224,1230319275,21
5813038224,1230324385,30
5813038224,1260400286,28
5813038224,1260422110,12
5813038224,1260754053,32
5813038224,1291103485,3
5813038224,1447576662,23
5813038224,387364605,10
5813038224,416642425,11
5813038224,449438847,5
5813038224,478375456,8
5813038224,541118908,13
5813038224,541870397,10
5813038224,572870540,15
5813038224,5812979230,27
5813038224,5813012006,14
5813038224,5813014873,14
5813038224,5813020455,21
5813038224,5813022281,14
5813038224,5813027103,7
5813038224,5813040233,16
5813038224,5813045050,31
5813038224,5813053983,36
5813038224,5813053988,21
5813038224,5813061251,9
5813038224,5813077544,17
5813038224,5813077556,11
5813038224,5813080838,19
5813038224,632544268,15
5813038224,633546217,7
5813038224,634962055,12
5813038224,665314820,5
5813038224,694920753,13
5813038224,695629525,14
5813038224,695956656,6
5813038224,696362840,7
5813038224,697001770,6
5813038224,725951521,10
5813038224,758419409,18
5813038224,788794171,5
5813038224,789126240,9
5813038224,819828986,9
5813038224,910438331,8
5813038224,912545106,11
5813038224,912601268,11
5813038224,941132434,7
5813038224,942491983,8
5813040233,1002507131,4
5813040233,1062526223,34
5813040233,1094934199,22
5813040233,1125964630,42
5813040233,1125964651,5
5813040233,1125964814,24
5813040233,1125969082,6
5813040233,1126301255,7
5813040233,1126301622,3
5813040233,1126306451,23
5813040233,1126310716,5
5813040233,1126310776,6
5813040233,1126310841,4
5813040233,1126310969,6
5813040233,1126647624,16
5813040233,1137210821,4
5813040233,1137219365,3
5813040233,1155302782,7
5813040233,1156663078,4
5813040233,1157000178,3
5813040233,1158747783,9
5813040233,1167645442,7
5813040233,1167977970,8
5813040233,1168064774,3
5813040233,1168659995,3
5813040233,1198257581,3
5813040233,1198326456,6
5813040233,1198671494,9
5813040233,1198680122,3
5813040233,1218728570,19
5813040233,1218732640,19
5813040233,1261768880,3
5813040233,1291094742,5
5813040233,1291099014,3
5813040233,1291435693,3
5813040233,1291444314,3
5813040233,1292458303,6
5813040233,1322133296,5
5813040233,1322137688,3
5813040233,1322470594,3
5813040233,1322811240,3
5813040233,1324145475,3
5813040233,1352823209,4
5813040233,1447576662,40
5813040233,1473202957,3
5813040233,1508334312,16
5813040233,1566644645,9
5813040233,1597683387,4
5813040233,1601771527,22
5813040233,572870540,28
5813040233,5812987327,5
5813040233,5812987334,4
5813040233,5813014873,6
5813040233,5813020585,3
5813040233,5813047157,8
5813040233,5813047793,4
5813040233,5813048042,14
5813040233,5813049948,4
5813040233,5813050767,3
5813040233,5813053866,4
5813040233,5813059834,87
5813040233,5813061251,14
5813040233,5813061383,3
5813040233,5813070465,31
5813040233,634608104,11
5813040233,697001770,9
5813040233,724280817,8
5813040233,734581598,5
5813040233,880530613,17
5813040233,880875736,14
5813040233,880880259,20
5813040233,881221166,10
5813040233,910442723,18
5813040233,910442782,14
5813040233,910783961,5
5813040233,910796989,21
5813040233,910801332,14
5813040233,911129204,3
5813040233,911129339,6
5813040233,911134009,23
5813040233,911138168,17
5813040233,911211196,4
5813040233,911241750,14
5813040233,911578496,3
5813040233,911901802,5
5813040233,911906936,5
5813040233,911911004,5
5813040233,911919044,7
5813040233,912243353,3
5813040233,912545106,9
5813040233,941469087,10
5813040233,941482720,15
5813040233,941810314,10
5813040233,941814787,6
5813040233,942522378,3
5813040233,971817711,3
5813040233,972892437,11
5813040233,973959177,14
5813040300,1472866173,3
5813040300,692857189,4
5813041365,1003672766,3
5813041365,1322137688,3
5813041556,1003659595,3
5813041556,1094722478,3
5813041556,1125411720,6
5813041556,1158507467,3
5813041556,1159530101,6
5813041556,1200032115,4
5813041556,1282305753,3
5813041556,1380145201,5
5813041556,1380149563,5
5813041556,1410127303,4
5813041556,1410472719,4
5813041556,1441503748,4
5813041556,1599747200,3
5813041556,1660776511,3
5813041556,1661122416,3
5813041556,1661799601,3
5813041556,5812994149,3
5813041556,632911211,4
5813041556,758743604,4
5813041556,818119357,4
5813041556,848800043,5
5813041556,850492366,5
5813041556,850829248,12
5813041556,880526292,3
5813041556,910878587,3
5813041556,943592738,5
5813041556,972624772,6
5813044670,1223640877,40
5813044670,1412238418,12
5813044670,1443268440,15
5813044670,1600079770,45
5813044670,478427368,56
5813044670,5813014505,59
5813044670,5813015999,5
5813044670,5813081686,7
5813044670,601557317,37
5813044670,604242162,47
5813044670,880880259,3
5813044670,911897818,30
5813044670,911897964,27
5813044670,912894991,51
5813045050,1002507159,15
5813045050,1002852791,17
5813045050,1004017998,12
5813045050,1034219901,11
5813045050,1035045015,13
5813045050,1065410141,5
5813045050,1125964814,17
5813045050,1126647624,6
5813045050,1127476096,10
5813045050,1167995070,15
5813045050,1168055653,41
5813045050,1168392003,39
5813045050,1168392468,34
5813045050,1168664495,11
5813045050,1199086313,3
5813045050,1199289203,23
5813045050,1199427845,30
5813045050,1199431561,27
5813045050,1199432267,13
5813045050,1199625952,35
5813045050,1230121634,9
5813045050,1230125720,34
5813045050,1230319275,12
5813045050,1230324385,26
5813045050,1260400286,14
5813045050,1260754053,28
5813045050,1322470509,3
5813045050,1322474586,4
5813045050,1447576662,21
5813045050,387364605,13
5813045050,416642425,7
5813045050,449438847,14
5813045050,478375456,10
5813045050,541118908,14
5813045050,541870397,6
5813045050,572870540,19
5813045050,5812979230,46
5813045050,5813012006,15
5813045050,5813014873,22
5813045050,5813020455,55
5813045050,5813020585,4
5813045050,5813022281,6
5813045050,5813027103,11
5813045050,5813038224,21
5813045050,5813040233,8
5813045050,5813053983,40
5813045050,5813053988,12
5813045050,5813061251,11
5813045050,5813077544,15
5813045050,5813080838,20
5813045050,632544268,10
5813045050,633546217,10
5813045050,634962055,4
5813045050,665314820,6
5813045050,694920753,8
5813045050,695629525,9
5813045050,695956656,7
5813045050,696362840,9
5813045050,697001770,8
5813045050,725951521,13
5813045050,758419409,16
5813045050,788794171,4
5813045050,789126240,4
5813045050,819828986,7
5813045050,910438331,9
5813045050,912545106,6
5813045050,912601268,13
5813045050,941132434,7
5813045050,942491983,6
5813047157,1106180107,3
5813047157,1125964814,26
5813047157,1126647624,3
5813047157,1127471692,12
5813047157,1127476096,3
5813047157,1128088594,4
5813047157,1136861363,3
5813047157,1167641412,3
5813047157,1167645658,4
5813047157,1167904437,6
5813047157,1167977970,3
5813047157,1167995070,11
5813047157,1168241257,6
5813047157,1168659995,16
5813047157,1168660239,12
5813047157,1168664495,14
5813047157,1168923315,3
5813047157,1198006801,12
5813047157,1198326456,5
5813047157,1198334861,3
5813047157,1198413357,3
5813047157,1198671494,9
5813047157,1198671672,6
5813047157,1198680249,5
5813047157,1198684596,3
5813047157,1199712272,7
5813047157,1219069439,19
5813047157,1220576923,18
5813047157,1220584946,14
5813047157,1230480261,4
5813047157,1261000309,3
5813047157,1318109929,15
5813047157,1353544607,44
5813047157,1380495496,14
5813047157,1447576662,90
5813047157,1508334312,13
5813047157,1600083889,24
5813047157,1601771527,3
5813047157,1631450739,15
5813047157,387023620,21
5813047157,508793049,4
5813047157,539462336,25
5813047157,572870540,88
5813047157,5813014873,80
5813047157,5813020409,4
5813047157,5813040233,27
5813047157,5813047793,6
5813047157,5813061251,7
5813047157,5813070465,25
5813047157,5813077544,91
5813047157,5813080979,8
5813047157,634608104,21
5813047157,664645558,13
5813047157,664650297,21
5813047157,724280817,9
5813047157,757055317,7
5813047157,849482511,8
5813047157,879183317,29
5813047157,912545106,3
5813047157,972892437,3
5813047446,1002507159,16
5813047446,1002852791,14
5813047446,1004017998,4
5813047446,1034219901,19
5813047446,1035045015,12
5813047446,1065410141,12
5813047446,1105834722,22
5813047446,1106180107,33
5813047446,1125964814,11
5813047446,1126647624,5
5813047446,1127476096,15
5813047446,1136861363,25
5813047446,1137210821,15
5813047446,1137219365,20
5813047446,1167563121,24
5813047446,1167567702,24
5813047446,1167641412,8
5813047446,1167645442,9
5813047446,1167645658,28
5813047446,1167895489,21
5813047446,1167896065,10
5813047446,1167904437,11
5813047446,1167977970,7
5813047446,1167982211,3
5813047446,1167995070,15
5813047446,1168059800,29
5813047446,1168064774,15
5813047446,1168241257,31
5813047446,1168249921,8
5813047446,1168664495,15
5813047446,1168923315,13
5813047446,1198257581,22
5813047446,1198326456,5
5813047446,1198334861,32
5813047446,1198413357,13
5813047446,1198667367,17
5813047446,1198671494,7
5813047446,1198671672,16
5813047446,1198675740,18
5813047446,1198680122,31
5813047446,1198680249,34
5813047446,1198680426,26
5813047446,1198680441,14
5813047446,1198684596,28
5813047446,1198943369,28
5813047446,1199017128,22
5813047446,1199699496,26
5813047446,1199712167,19
5813047446,1199712272,15
5813047446,1229369776,3
5813047446,1229710803,12
5813047446,1230480261,16
5813047446,1260422110,9
5813047446,1261056809,3
5813047446,1261086755,3
5813047446,1261091124,3
5813047446,1261436508,3
5813047446,1261773304,3
5813047446,1292847181,5
5813047446,1447576662,18
5813047446,387364605,18
5813047446,416642425,19
5813047446,449438847,13
5813047446,478375456,17
5813047446,541118908,19
5813047446,541870397,9
5813047446,572870540,16
5813047446,5812979082,31
5813047446,5812983887,3
5813047446,5813012006,12
5813047446,5813014873,13
5813047446,5813020409,28
5813047446,5813020587,3
5813047446,5813022281,6
5813047446,5813027103,10
5813047446,5813040233,9
5813047446,5813047647,28
5813047446,5813047793,10
5813047446,5813048896,21
5813047446,5813050767,5
5813047446,5813053866,7
5813047446,5813061251,7
5813047446,5813077544,12
5813047446,5813077556,11
5813047446,5813080838,13
5813047446,632544268,18
5813047446,633546217,8
5813047446,634962055,7
5813047446,665314820,10
5813047446,694920753,11
5813047446,695629525,18
5813047446,695956656,9
5813047446,696362840,14
5813047446,697001770,15
5813047446,725951521,12
5813047446,758419409,11
5813047446,788794171,10
5813047446,789126240,13
5813047446,819828986,11
5813047446,910438331,18
5813047446,912545106,18
5813047446,912601268,13
5813047446,941132434,12
5813047446,942491983,17
5813047647,1002507159,17
5813047647,1002852791,17
5813047647,1004017998,5
5813047647,1034219901,15
5813047647,1035045015,14
5813047647,1065410141,20
5813047647,1105834722,32
5813047647,1106180107,25
5813047647,1125964814,8
5813047647,1126647624,11
5813047647,1127476096,18
5813047647,1136861363,23
5813047647,1137210821,32
5813047647,1137219365,29
5813047647,1167295853,7
5813047647,1167295856,4
5813047647,1167295872,4
5813047647,1167295916,5
5813047647,1167300055,3
5813047647,1167300154,3
5813047647,1167300194,5
5813047647,1167563121,30
5813047647,1167567702,10
5813047647,1167632513,6
5813047647,1167641412,5
5813047647,1167645442,8
5813047647,1167645658,30
5813047647,1167891559,8
5813047647,1167895489,27
5813047647,1167896065,35
5813047647,1167904437,26
5813047647,1167977970,3
5813047647,1167995070,24
5813047647,1168059800,29
5813047647,1168064774,24
5813047647,1168241257,23
5813047647,1168249921,12
5813047647,1168664495,12
5813047647,1168923315,4
5813047647,1198257581,23
5813047647,1198326456,5
5813047647,1198334861,36
5813047647,1198413357,20
5813047647,1198667367,27
5813047647,1198671672,26
5813047647,1198675740,24
5813047647,1198680122,32
5813047647,1198680249,28
5813047647,1198680426,14
5813047647,1198680441,12
5813047647,1198684596,34
5813047647,1198693217,3
5813047647,1198931241,5
5813047647,1198943369,17
5813047647,1199017128,8
5813047647,1199699496,36
5813047647,1199712167,27
5813047647,1199712272,25
5813047647,1229710803,5
5813047647,1229965474,3
5813047647,1230026228,9
5813047647,1230026402,5
5813047647,1230480261,27
5813047647,1261000309,5
5813047647,1261056809,7
5813047647,1261423370,3
5813047647,1261436508,4
5813047647,1292113218,3
5813047647,1292803650,3
5813047647,1292847181,3
5813047647,1324145475,3
5813047647,1447576662,22
5813047647,387364605,28
5813047647,416642425,11
5813047647,449438847,20
5813047647,478375456,13
5813047647,541118908,5
5813047647,541870397,13
5813047647,572870540,19
5813047647,5812979082,20
5813047647,5812979222,5
5813047647,5813012006,7
5813047647,5813014873,12
5813047647,5813020409,39
5813047647,5813022281,14
5813047647,5813027103,16
5813047647,5813040233,11
5813047647,5813047446,24
5813047647,5813047793,11
5813047647,5813048896,22
5813047647,5813049948,6
5813047647,5813050767,5
5813047647,5813061251,9
5813047647,5813077544,17
5813047647,5813080838,9
5813047647,632544268,16
5813047647,633546217,7
5813047647,634962055,11
5813047647,665314820,13
5813047647,694920753,19
5813047647,695629525,30
5813047647,695956656,17
5813047647,696362840,15
5813047647,697001770,13
5813047647,725951521,12
5813047647,758419409,14
5813047647,788794171,15
5813047647,789126240,12
5813047647,819828986,8
5813047647,910438331,14
5813047647,912545106,21
5813047647,912601268,5
5813047647,941132434,8
5813047647,942491983,19
5813047793,1002507159,30
5813047793,1002852791,25
5813047793,1004017998,28
5813047793,1034219901,43
5813047793,1035045015,31
5813047793,1065410141,36
5813047793,1105834722,9
5813047793,1106180107,22
5813047793,1125964814,8
5813047793,1126647624,37
5813047793,1127476096,29
5813047793,1136861363,8
5813047793,1137210821,7
5813047793,1137219365,32
5813047793,1167295872,3
5813047793,1167304403,4
5813047793,1167563121,10
5813047793,1167567702,27
5813047793,1167632513,5
5813047793,1167641412,85
5813047793,1167645442,84
5813047793,1167645658,7
5813047793,1167891559,3
5813047793,1167895489,13
5813047793,1167896065,9
5813047793,1167904437,5
5813047793,1167977970,75
5813047793,1167995070,32
5813047793,1168059800,9
5813047793,1168064774,17
5813047793,1168241257,10
5813047793,1168249921,33
5813047793,1168664495,35
5813047793,1168923315,41
5813047793,1198006801,4
5813047793,1198257581,13
5813047793,1198326456,75
5813047793,1198334861,16
5813047793,1198413357,4
5813047793,1198667367,16
5813047793,1198671494,86
5813047793,1198671672,7
5813047793,1198675740,11
5813047793,1198680122,18
5813047793,1198680249,20
5813047793,1198680426,35
5813047793,1198680441,23
5813047793,1198684596,20
5813047793,1198943369,31
5813047793,1199017128,26
5813047793,1199289203,3
5813047793,1199431561,5
5813047793,1199432267,4
5813047793,1199699496,8
5813047793,1199712167,11
5813047793,1199712272,23
5813047793,1229369776,22
5813047793,1229710803,14
5813047793,1229965474,5
5813047793,1230121634,16
5813047793,1230319275,17
5813047793,1230480261,17
5813047793,1260400286,3
5813047793,1260422110,23
5813047793,1260754053,10
5813047793,1261000309,5
5813047793,1292847181,86
5813047793,1447576662,35
5813047793,387364605,27
5813047793,416642425,41
5813047793,449438847,39
5813047793,478375456,35
5813047793,541118908,32
5813047793,541870397,38
5813047793,572870540,34
5813047793,5812979082,23
5813047793,5813012006,30
5813047793,5813014873,38
5813047793,5813020409,15
5813047793,5813022281,28
5813047793,5813027103,25
5813047793,5813038224,5
5813047793,5813040233,21
5813047793,5813047446,22
5813047793,5813047647,17
5813047793,5813048896,14
5813047793,5813049948,78
5813047793,5813050767,81
5813047793,5813053866,99
5813047793,5813053988,8
5813047793,5813061251,16
5813047793,5813077544,38
5813047793,5813077556,22
5813047793,5813080838,26
5813047793,632544268,37
5813047793,633546217,31
5813047793,634962055,28
5813047793,665314820,22
5813047793,694920753,31
5813047793,695629525,31
5813047793,695956656,28
5813047793,696362840,33
5813047793,697001770,25
5813047793,725951521,39
5813047793,758419409,34
5813047793,788794171,40
5813047793,789126240,26
5813047793,819828986,20
5813047793,910438331,32
5813047793,912545106,32
5813047793,912601268,39
5813047793,941132434,27
5813047793,942491983,37
5813048042,1008028537,15
5813048042,1035955516,6
5813048042,1158747783,15
5813048042,1167282562,34
5813048042,1190171884,3
5813048042,1200053009,38
5813048042,1411862814,5
5813048042,1412164346,14
5813048042,1441144493,4
5813048042,1441481281,10
5813048042,1441485633,8
5813048042,1441485832,5
5813048042,1441486002,4
5813048042,1443579770,38
5813048042,1472520245,3
5813048042,1535298439,5
5813048042,1535298460,4
5813048042,1536326457,5
5813048042,1566333075,6
5813048042,1631450739,116
5813048042,1661122416,10
5813048042,416642425,12
5813048042,417998204,11
5813048042,446714544,51
5813048042,478427368,18
5813048042,509410587,20
5813048042,541119189,15
5813048042,569481415,60
5813048042,569775058,66
5813048042,572494993,29
5813048042,572870540,4
5813048042,5813014882,8
5813048042,5813056953,16
5813048042,5813061383,12
5813048042,5813080979,20
5813048042,5813127525,8
5813048042,5813128240,3
5813048042,632229278,39
5813048042,633546217,10
5813048042,663558074,4
5813048042,663562172,49
5813048042,663898692,4
5813048042,664235541,19
5813048042,664645558,8
5813048042,664650297,8
5813048042,694920753,5
5813048042,695270840,19
5813048042,695956656,12
5813048042,696362840,27
5813048042,724267537,10
5813048042,734581598,6
5813048042,755644082,5
5813048042,786674282,7
5813048042,788111826,3
5813048042,789126240,20
5813048042,819073675,19
5813048042,819828986,26
5813048042,848800043,8
5813048042,849421763,6
5813048042,849421893,3
5813048042,849763224,25
5813048042,850104005,23
5813048042,850194651,7
5813048042,879442155,5
5813048042,879844144,6
5813048042,879844178,5
5813048042,879844206,7
5813048042,879844210,6
5813048042,880185131,31
5813048042,880530613,16
5813048042,880875736,20
5813048042,880875840,16
5813048042,880875861,61
5813048042,880875900,18
5813048042,880875927,29
5813048042,880880259,12
5813048042,881221166,17
5813048042,881458145,36
5813048042,881898734,3
5813048042,910442723,12
5813048042,910442752,20
5813048042,910442782,7
5813048042,910783731,9
5813048042,910783883,16
5813048042,910783961,10
5813048042,910787992,18
5813048042,910796989,7
5813048042,910801332,16
5813048042,911129204,13
5813048042,911129339,9
5813048042,911134017,9
5813048042,911138168,8
5813048042,911211196,12
5813048042,911241750,7
5813048042,911470352,6
5813048042,911565319,62
5813048042,911565419,7
5813048042,911569552,28
5813048042,911574041,17
5813048042,911574261,19
5813048042,911578483,10
5813048042,911578496,13
5813048042,911578595,16
5813048042,911901802,7
5813048042,911906936,13
5813048042,911911004,19
5813048042,911911193,9
5813048042,911911699,15
5813048042,911919044,6
5813048042,911919917,14
5813048042,912243353,9
5813048042,912545106,3
5813048042,916974420,7
5813048042,941469087,6
5813048042,941482720,10
5813048042,941810314,8
5813048042,941814787,4
5813048042,941939879,10
5813048042,942172462,4
5813048042,942172835,55
5813048042,942173776,33
5813048042,942522378,17
5813048042,972871918,14
5813048042,973959177,5
5813048896,1002507159,16
5813048896,1002852791,20
5813048896,1004017998,6
5813048896,1034219901,16
5813048896,1035045015,13
5813048896,1065410141,16
5813048896,1105834722,30
5813048896,1106180107,37
5813048896,1125964814,7
5813048896,1126647624,12
5813048896,1127476096,11
5813048896,1136861363,32
5813048896,1137210821,27
5813048896,1137219365,20
5813048896,1167295872,3
5813048896,1167300154,3
5813048896,1167300194,6
5813048896,1167563121,28
5813048896,1167567702,3
5813048896,1167641412,5
5813048896,1167645523,6
5813048896,1167645658,26
5813048896,1167895489,26
5813048896,1167896065,34
5813048896,1167904437,24
5813048896,1167977970,11
5813048896,1167995070,14
5813048896,1168059800,17
5813048896,1168064774,26
5813048896,1168241257,23
5813048896,1168249921,13
5813048896,1168664495,14
5813048896,1198257581,26
5813048896,1198326456,7
5813048896,1198334861,31
5813048896,1198413357,26
5813048896,1198667367,37
5813048896,1198671494,6
5813048896,1198671672,33
5813048896,1198675740,22
5813048896,1198680122,26
5813048896,1198680249,24
5813048896,1198680426,13
5813048896,1198680441,12
5813048896,1198684596,24
5813048896,1198931241,3
5813048896,1198943369,6
5813048896,1199699496,32
5813048896,1199712167,26
5813048896,1199712272,31
5813048896,1229710803,5
5813048896,1230026228,3
5813048896,1230480261,32
5813048896,1261056809,6
5813048896,1292847181,3
5813048896,1324145475,3
5813048896,1447576662,22
5813048896,1513674176,4
5813048896,1601771527,3
5813048896,387364605,17
5813048896,416642425,12
5813048896,449438847,19
5813048896,478375456,8
5813048896,541118908,10
5813048896,541870397,14
5813048896,572870540,17
5813048896,5812979082,11
5813048896,5812979222,4
5813048896,5813012006,8
5813048896,5813014873,11
5813048896,5813020409,26
5813048896,5813022281,8
5813048896,5813027103,15
5813048896,5813040233,8
5813048896,5813047446,22
5813048896,5813047647,20
5813048896,5813047793,5
5813048896,5813049948,15
5813048896,5813050767,7
5813048896,5813053866,11
5813048896,5813061251,10
5813048896,5813077544,12
5813048896,5813080838,12
5813048896,632544268,14
5813048896,633546217,6
5813048896,634962055,12
5813048896,665314820,11
5813048896,693755250,3
5813048896,694920753,13
5813048896,695629525,13
5813048896,695956656,11
5813048896,696362840,10
5813048896,697001770,14
5813048896,725951521,10
5813048896,758419409,18
5813048896,788794171,13
5813048896,789126240,11
5813048896,819828986,9
5813048896,910438331,17
5813048896,912545106,19
5813048896,912601268,11
5813048896,941132434,20
5813048896,942491983,15
5813049931,1002507159,6
5813049931,1034219901,11
5813049931,1035045015,6
5813049931,1065410141,4
5813049931,1125964814,5
5813049931,1126647624,4
5813049931,1127476096,3
5813049931,1167995070,5
5813049931,1168664495,8
5813049931,1200049187,46
5813049931,1200057627,47
5813049931,1230712894,30
5813049931,1230712956,35
5813049931,1230738118,35
5813049931,1230738237,22
5813049931,1230738247,31
5813049931,1230742431,41
5813049931,1230742517,27
5813049931,1230742552,22
5813049931,1231066662,27
5813049931,1231066732,26
5813049931,1231066741,20
5813049931,1231070792,14
5813049931,1231070863,32
5813049931,1231079482,37
5813049931,1231675708,4
5813049931,1261751722,38
5813049931,1261772956,5
5813049931,1261773104,5
5813049931,1262101350,5
5813049931,1262105601,3
5813049931,1262114188,3
5813049931,1447576662,5
5813049931,387364605,4
5813049931,449438847,3
5813049931,478375456,7
5813049931,541118908,8
5813049931,541870397,3
5813049931,572870540,13
5813049931,5812979604,31
5813049931,5813014873,4
5813049931,5813020453,30
5813049931,5813022281,4
5813049931,5813027103,4
5813049931,5813040233,6
5813049931,5813077544,12
5813049931,5813080838,8
5813049931,632544268,6
5813049931,634962055,4
5813049931,695629525,6
5813049931,695956656,3
5813049931,696362840,10
5813049931,697001770,4
5813049931,725951521,3
5813049931,758419409,5
5813049931,819828986,4
5813049931,910438331,5
5813049931,912545106,7
5813049931,912601268,3
5813049931,941132434,9
5813049931,942491983,3
5813049948,1002507159,16
5813049948,1002852791,16
5813049948,1004017998,34
5813049948,1034219901,23
5813049948,1035045015,40
5813049948,1065410141,36
5813049948,1105834722,14
5813049948,1106180107,17
5813049948,1125964814,12
5813049948,1126647624,17
5813049948,1127476096,35
5813049948,1136861363,19
5813049948,1137210821,20
5813049948,1137219365,33
5813049948,1167563121,28
5813049948,1167567702,39
5813049948,1167632513,4
5813049948,1167641412,81
5813049948,1167645442,75
5813049948,1167645658,13
5813049948,1167895489,11
5813049948,1167896065,9
5813049948,1167904437,11
5813049948,1167977970,85
5813049948,1167995070,42
5813049948,1168059800,13
5813049948,1168064774,13
5813049948,1168241257,20
5813049948,1168249921,24
5813049948,1168664495,48
5813049948,1168923315,30
5813049948,1198006801,3
5813049948,1198257581,17
5813049948,1198326456,82
5813049948,1198334861,18
5813049948,1198413357,5
5813049948,1198667367,13
5813049948,1198671494,85
5813049948,1198671672,4
5813049948,1198675740,15
5813049948,1198680122,16
5813049948,1198680249,18
5813049948,1198680426,26
5813049948,1198680441,30
5813049948,1198684596,17
5813049948,1198943369,28
5813049948,1199017128,18
5813049948,1199289203,9
5813049948,1199431561,14
5813049948,1199432267,9
5813049948,1199699496,14
5813049948,1199712167,5
5813049948,1199712272,14
5813049948,1229369776,21
5813049948,1229710803,34
5813049948,1230121634,10
5813049948,1230319275,15
5813049948,1230480261,14
5813049948,1260400286,14
5813049948,1260422110,22
5813049948,1260754053,7
5813049948,1261056809,3
5813049948,1292847181,76
5813049948,1447576662,49
5813049948,387364605,32
5813049948,416642425,51
5813049948,449438847,25
5813049948,478375456,34
5813049948,541118908,22
5813049948,541870397,32
5813049948,572870540,29
5813049948,5812979082,21
5813049948,5812979222,5
5813049948,5813012006,38
5813049948,5813014873,32
5813049948,5813020409,14
5813049948,5813022281,36
5813049948,5813027103,32
5813049948,5813038224,8
5813049948,5813040233,30
5813049948,5813045050,3
5813049948,5813047446,17
5813049948,5813047647,20
5813049948,5813047793,84
5813049948,5813048896,20
5813049948,5813050767,87
5813049948,5813053866,84
5813049948,5813053988,22
5813049948,5813061251,15
5813049948,5813077544,50
5813049948,5813077556,30
5813049948,5813080838,38
5813049948,632544268,38
5813049948,633546217,40
5813049948,634962055,25
5813049948,665314820,28
5813049948,693755250,4
5813049948,694920753,38
5813049948,695629525,44
5813049948,695956656,37
5813049948,696362840,39
5813049948,697001770,27
5813049948,725951521,35
5813049948,758419409,34
5813049948,788794171,34
5813049948,789126240,24
5813049948,819828986,28
5813049948,847336755,3
5813049948,910438331,37
5813049948,912545106,20
5813049948,912601268,31
5813049948,941132434,26
5813049948,942491983,38
5813050000,1126301255,8
5813050000,1126310776,6
5813050000,1126310969,7
5813050000,1155652503,9
5813050000,1217385533,5
5813050000,1218728541,6
5813050000,1224249917,4
5813050000,1224254476,7
5813050000,1255297613,4
5813050000,1411862814,3
5813050000,1443579770,5
5813050000,1472205673,6
5813050000,1566644645,8
5813050000,1662166202,8
5813050000,541119189,7
5813050000,5813056934,10
5813050000,663558074,5
5813050000,663898692,5
5813050000,692852666,8
5813050000,818063189,8
5813050000,849763224,5
5813050000,879442155,5
5813050000,909777910,12
5813050000,941132270,4
5813050000,971506655,8
5813050000,972871918,5
5813050767,1002507159,40
5813050767,1002852791,44
5813050767,1004017998,15
5813050767,1034219901,48
5813050767,1035045015,24
5813050767,1065410141,4
5813050767,1105834722,8
5813050767,1106180107,17
5813050767,1125964814,32
5813050767,1126647624,35
5813050767,1127476096,18
5813050767,1136861363,6
5813050767,1137210821,10
5813050767,1137219365,28
5813050767,1167295853,3
5813050767,1167295916,3
5813050767,1167563121,18
5813050767,1167567702,25
5813050767,1167641412,83
5813050767,1167645442,93
5813050767,1167645658,14
5813050767,1167891559,3
5813050767,1167895489,17
5813050767,1167896065,6
5813050767,1167904437,10
5813050767,1167977970,106
5813050767,1167995070,28
5813050767,1168059800,15
5813050767,1168064774,15
5813050767,1168241257,14
5813050767,1168249921,21
5813050767,1168664495,24
5813050767,1168923315,31
5813050767,1198257581,16
5813050767,1198326456,84
5813050767,1198334861,16
5813050767,1198413357,5
5813050767,1198667367,12
5813050767,1198671494,88
5813050767,1198671672,14
5813050767,1198675740,9
5813050767,1198680122,13
5813050767,1198680249,12
5813050767,1198680426,13
5813050767,1198680441,16
5813050767,1198684596,17
5813050767,1198931241,4
5813050767,1198943369,22
5813050767,1199017128,25
5813050767,1199289203,7
5813050767,1199431561,8
5813050767,1199432267,5
5813050767,1199699496,12
5813050767,1199712167,9
5813050767,1199712272,21
5813050767,1229369776,23
5813050767,1229710803,24
5813050767,1230026402,3
5813050767,1230121634,4
5813050767,1230319275,13
5813050767,1230480261,16
5813050767,1260400286,10
5813050767,1260422110,26
5813050767,1260754053,8
5813050767,1261000309,4
5813050767,1261423370,3
5813050767,1292847181,98
5813050767,1447576662,40
5813050767,387364605,51
5813050767,416642425,32
5813050767,449438847,47
5813050767,478375456,28
5813050767,541118908,27
5813050767,541870397,44
5813050767,572870540,29
5813050767,5812979082,27
5813050767,5813012006,19
5813050767,5813014873,38
5813050767,5813020409,5
5813050767,5813022281,32
5813050767,5813027103,40
5813050767,5813038224,6
5813050767,5813040233,27
5813050767,5813047446,11
5813050767,5813047647,11
5813050767,5813047793,84
5813050767,5813048896,24
5813050767,5813049948,82
5813050767,5813053866,106
5813050767,5813053988,20
5813050767,5813061251,32
5813050767,5813077544,31
5813050767,5813077556,24
5813050767,5813080838,23
5813050767,632544268,16
5813050767,633546217,28
5813050767,634962055,23
5813050767,665314820,39
5813050767,694920753,40
5813050767,695629525,10
5813050767,695956656,31
5813050767,696362840,27
5813050767,697001770,39
5813050767,725951521,41
5813050767,758419409,50
5813050767,788794171,23
5813050767,789126240,19
5813050767,819828986,22
5813050767,910438331,42
5813050767,912545106,38
5813050767,912601268,36
5813050767,941132434,41
5813050767,942491983,48
5813053866,1002507159,42
5813053866,1002852791,46
5813053866,1004017998,20
5813053866,1034219901,41
5813053866,1035045015,22
5813053866,1065410141,26
5813053866,1105834722,16
5813053866,1106180107,22
5813053866,1125964814,23
5813053866,1126647624,38
5813053866,1127476096,28
5813053866,1136861363,13
5813053866,1137210821,9
5813053866,1137219365,35
5813053866,1167295853,5
5813053866,1167300154,3
5813053866,1167304403,5
5813053866,1167563121,27
5813053866,1167567702,40
5813053866,1167632513,3
5813053866,1167641412,93
5813053866,1167645442,99
5813053866,1167645658,15
5813053866,1167895489,12
5813053866,1167896065,15
5813053866,1167904437,9
5813053866,1167977970,87
5813053866,1167995070,31
5813053866,1168059800,10
5813053866,1168064774,18
5813053866,1168241257,19
5813053866,1168249921,37
5813053866,1168664495,31
5813053866,1168923315,25
5813053866,1198257581,10
5813053866,1198326456,91
5813053866,1198334861,14
5813053866,1198413357,7
5813053866,1198667367,12
5813053866,1198671494,83
5813053866,1198671672,15
5813053866,1198675740,12
5813053866,1198680122,13
5813053866,1198680249,25
5813053866,1198680426,35
5813053866,1198680441,32
5813053866,1198684596,19
5813053866,1198943369,18
5813053866,1199017128,18
5813053866,1199289203,8
5813053866,1199431561,10
5813053866,1199699496,15
5813053866,1199712167,14
5813053866,1199712272,18
5813053866,1229369776,24
5813053866,1229710803,26
5813053866,1230121634,8
5813053866,1230319275,19
5813053866,1230480261,10
5813053866,1260400286,14
5813053866,1260422110,25
5813053866,1260754053,14
5813053866,1261056809,3
5813053866,1292847181,78
5813053866,1447576662,51
5813053866,387364605,45
5813053866,416642425,39
5813053866,449438847,51
5813053866,478375456,31
5813053866,541118908,23
5813053866,541870397,51
5813053866,572870540,42
5813053866,5812979082,16
5813053866,5813012006,25
5813053866,5813014873,51
5813053866,5813020409,14
5813053866,5813022281,38
5813053866,5813027103,36
5813053866,5813038224,7
5813053866,5813040233,34
5813053866,5813047446,11
5813053866,5813047647,16
5813053866,5813047793,86
5813053866,5813048896,24
5813053866,5813049948,80
5813053866,5813050767,104
5813053866,5813053988,8
5813053866,5813061251,24
5813053866,5813077544,35
5813053866,5813077556,31
5813053866,5813080838,26
5813053866,632544268,32
5813053866,633546217,39
5813053866,634962055,36
5813053866,665314820,46
5813053866,694920753,37
5813053866,695629525,34
5813053866,695956656,34
5813053866,696362840,27
5813053866,697001770,33
5813053866,725951521,38
5813053866,758419409,43
5813053866,788794171,36
5813053866,789126240,29
5813053866,819828986,23
5813053866,910438331,34
5813053866,912545106,51
5813053866,912601268,28
5813053866,941132434,27
5813053866,942491983,50
5813053983,1002507159,10
5813053983,1002852791,16
5813053983,1004017998,11
5813053983,1034219901,10
5813053983,1035045015,12
5813053983,1065410141,9
5813053983,1125964814,14
5813053983,1126647624,5
5813053983,1127476096,11
5813053983,1167995070,15
5813053983,1168055653,37
5813053983,1168392003,38
5813053983,1168392468,33
5813053983,1168664495,18
5813053983,1199086313,3
5813053983,1199289203,30
5813053983,1199427845,24
5813053983,1199431561,16
5813053983,1199432267,15
5813053983,1199625952,39
5813053983,1229288307,5
5813053983,1230121634,7
5813053983,1230125720,28
5813053983,1230319275,9
5813053983,1230324385,27
5813053983,1260400286,13
5813053983,1260422110,4
5813053983,1260754053,18
5813053983,1260828727,6
5813053983,1261169514,4
5813053983,1291435776,5
5813053983,1322470509,8
5813053983,1322470594,3
5813053983,1322474586,5
5813053983,1447576662,26
5813053983,387364605,10
5813053983,416642425,10
5813053983,449438847,10
5813053983,478375456,16
5813053983,541118908,12
5813053983,541870397,10
5813053983,572870540,16
5813053983,5812979230,32
5813053983,5813012006,16
5813053983,5813014873,25
5813053983,5813020455,58
5813053983,5813020585,4
5813053983,5813022281,13
5813053983,5813027103,10
5813053983,5813038224,32
5813053983,5813040233,13
5813053983,5813045050,29
5813053983,5813053988,7
5813053983,5813061251,8
5813053983,5813077544,20
5813053983,5813077556,4
5813053983,5813080838,15
5813053983,632544268,13
5813053983,633546217,12
5813053983,634962055,11
5813053983,665314820,11
5813053983,694920753,16
5813053983,695629525,13
5813053983,695956656,6
5813053983,696362840,10
5813053983,697001770,9
5813053983,725951521,10
5813053983,758419409,15
5813053983,789126240,8
5813053983,819828986,12
5813053983,910438331,14
5813053983,912545106,16
5813053983,912601268,10
5813053983,941132434,7
5813053983,942491983,8
5813053988,1002507159,7
5813053988,1002852791,15
5813053988,1004017998,14
5813053988,1034219901,13
5813053988,1035045015,12
5813053988,1065410141,6
5813053988,1125964814,12
5813053988,1126647624,6
5813053988,1127476096,13
5813053988,1137219365,3
5813053988,1167563121,4
5813053988,1167567702,5
5813053988,1167977970,5
5813053988,1167995070,11
5813053988,1168055653,19
5813053988,1168249921,5
5813053988,1168392003,25
5813053988,1168392468,15
5813053988,1168664495,11
5813053988,1168923315,15
5813053988,1198680426,7
5813053988,1198684596,3
5813053988,1198943369,5
5813053988,1199017128,6
5813053988,1199289203,42
5813053988,1199427845,19
5813053988,1199431561,23
5813053988,1199432267,46
5813053988,1199625952,28
5813053988,1229369776,20
5813053988,1229710803,8
5813053988,1230121634,46
5813053988,1230125720,32
5813053988,1230319275,42
5813053988,1230324385,16
5813053988,1260400286,35
5813053988,1260422110,35
5813053988,1260754053,30
5813053988,1292847181,4
5813053988,1447576662,24
5813053988,387364605,18
5813053988,416642425,11
5813053988,449438847,14
5813053988,478375456,11
5813053988,541118908,9
5813053988,541870397,9
5813053988,572870540,14
5813053988,5812979082,6
5813053988,5812979230,28
5813053988,5813012006,10
5813053988,5813014873,15
5813053988,5813020455,26
5813053988,5813022281,12
5813053988,5813027103,13
5813053988,5813038224,45
5813053988,5813040233,14
5813053988,5813045050,26
5813053988,5813047793,3
5813053988,5813050767,4
5813053988,5813053983,17
5813053988,5813061251,10
5813053988,5813077544,18
5813053988,5813077556,20
5813053988,5813080838,12
5813053988,632544268,8
5813053988,633546217,10
5813053988,634962055,8
5813053988,665314820,15
5813053988,694920753,12
5813053988,695629525,12
5813053988,695956656,7
5813053988,696362840,7
5813053988,697001770,5
5813053988,725951521,6
5813053988,758419409,12
5813053988,788794171,10
5813053988,789126240,14
5813053988,819828986,15
5813053988,910438331,6
5813053988,912545106,10
5813053988,912601268,17
5813053988,941132434,9
5813053988,942491983,10
5813056012,1097718659,4
5813056934,1126301255,8
5813056934,1126310776,11
5813056934,1126310969,10
5813056934,1128092885,8
5813056934,1155652503,5
5813056934,1217385533,8
5813056934,1218728541,12
5813056934,1224249917,5
5813056934,1224254476,7
5813056934,1255297613,15
5813056934,1286315568,11
5813056934,1411862814,5
5813056934,1443579770,9
5813056934,1472205673,10
5813056934,1566644645,8
5813056934,1662166202,8
5813056934,541119189,8
5813056934,5813050000,12
5813056934,663558074,14
5813056934,663898692,9
5813056934,692852666,11
5813056934,818063189,8
5813056934,849763224,12
5813056934,879442155,11
5813056934,879748663,4
5813056934,909777910,15
5813056934,941132270,5
5813056934,971506655,11
5813056934,972871918,9
5813056953,1002507131,16
5813056953,1004017998,50
5813056953,1035045015,72
5813056953,1062526223,6
5813056953,1065410141,11
5813056953,1125964630,19
5813056953,1127471692,12
5813056953,1127476096,12
5813056953,1167977970,4
5813056953,1167995070,13
5813056953,1168664495,10
5813056953,1197993940,5
5813056953,1199712272,3
5813056953,1218728570,3
5813056953,1218732640,21
5813056953,1220576923,3
5813056953,1291094620,6
5813056953,1291435551,8
5813056953,1291435693,11
5813056953,1291444314,3
5813056953,1294082002,3
5813056953,1294414279,3
5813056953,1322129724,4
5813056953,1322129730,4
5813056953,1322129781,3
5813056953,1322133296,4
5813056953,1322133768,3
5813056953,1322133891,3
5813056953,1322137688,3
5813056953,1322138079,6
5813056953,1322466938,3
5813056953,1322470368,5
5813056953,1352823209,3
5813056953,1353544607,6
5813056953,1355806197,4
5813056953,1601771527,3
5813056953,416642425,21
5813056953,478375456,62
5813056953,509410587,18
5813056953,541118908,70
5813056953,541870397,33
5813056953,569775058,11
5813056953,570461892,20
5813056953,5813012006,54
5813056953,5813077544,5
5813056953,5813080838,79
5813056953,632544268,51
5813056953,633546217,13
5813056953,663190769,16
5813056953,663562172,18
5813056953,693755250,6
5813056953,695629525,43
5813056953,695956656,8
5813056953,724280817,7
5813056953,788794171,12
5813056953,847336755,9
5813056953,849421763,10
5813056953,910447075,12
5813056953,912601268,28
5813056953,972892437,13
5813056953,973566036,7
5813059834,1218728570,16
5813059834,1259377221,9
5813059834,1259377325,10
5813059834,1324430237,15
5813059834,1601771527,14
5813059834,5812983734,13
5813059834,5813061251,3
5813059834,5813070465,28
5813059835,1002507131,3
5813059835,1002507159,9
5813059835,1002852791,7
5813059835,1004017998,8
5813059835,1034219901,7
5813059835,1035045015,13
5813059835,1065410141,7
5813059835,1125964630,4
5813059835,1125964814,6
5813059835,1126647624,7
5813059835,1127471692,3
5813059835,1127476096,6
5813059835,1167995070,4
5813059835,1168659995,4
5813059835,1168664495,7
5813059835,1190171884,4
5813059835,1220576923,3
5813059835,1291094620,11
5813059835,1291094742,15
5813059835,1291099014,13
5813059835,1291103485,5
5813059835,1291435551,5
5813059835,1291435693,13
5813059835,1291444314,5
5813059835,1294082002,12
5813059835,1294414279,11
5813059835,1322129437,4
5813059835,1322129610,15
5813059835,1322129724,9
5813059835,1322129730,9
5813059835,1322129781,5
5813059835,1322133296,9
5813059835,1322133531,8
5813059835,1322133768,7
5813059835,1322133825,7
5813059835,1322133858,6
5813059835,1322133891,12
5813059835,1322137688,12
5813059835,1322138079,13
5813059835,1322142804,3
5813059835,1322466938,5
5813059835,1322470368,5
5813059835,1352823209,9
5813059835,1353168228,3
5813059835,1355806197,5
5813059835,1380495496,4
5813059835,1447576662,8
5813059835,387364605,9
5813059835,416642425,11
5813059835,449438847,6
5813059835,478375456,12
5813059835,541118908,7
5813059835,541870397,9
5813059835,570461892,4
5813059835,572870540,8
5813059835,5813012006,9
5813059835,5813014873,11
5813059835,5813014882,3
5813059835,5813022281,9
5813059835,5813027103,10
5813059835,5813040233,9
5813059835,5813056953,3
5813059835,5813061251,10
5813059835,5813077544,13
5813059835,5813080838,10
5813059835,5813080979,5
5813059835,632544268,9
5813059835,633546217,9
5813059835,634608104,4
5813059835,634962055,8
5813059835,665314820,8
5813059835,694920753,7
5813059835,695629525,7
5813059835,695956656,10
5813059835,696362840,8
5813059835,697001770,7
5813059835,725951521,9
5813059835,757055317,3
5813059835,758419409,15
5813059835,788794171,5
5813059835,789126240,7
5813059835,819828986,6
5813059835,849482511,3
5813059835,910438331,16
5813059835,910447075,6
5813059835,912545106,9
5813059835,912601268,8
5813059835,941132434,5
5813059835,942491983,6
5813059835,972892437,4
5813061251,1002507159,3
5813061251,1002852791,7
5813061251,1062526223,30
5813061251,1094934199,42
5813061251,1125964630,34
5813061251,1125964651,12
5813061251,1125964814,36
5813061251,1125969082,4
5813061251,1126301255,4
5813061251,1126301622,9
5813061251,1126305687,3
5813061251,1126306451,29
5813061251,1126310716,15
5813061251,1126310776,4
5813061251,1126310969,6
5813061251,1126647624,28
5813061251,1155302782,3
5813061251,1156663078,3
5813061251,1157000178,3
5813061251,1158747783,10
5813061251,1167295853,3
5813061251,1167300154,4
5813061251,1167304403,3
5813061251,1167645442,6
5813061251,1167645658,4
5813061251,1167891559,3
5813061251,1167977970,3
5813061251,1168064774,3
5813061251,1188371481,3
5813061251,1190171884,10
5813061251,1218728570,26
5813061251,1218732640,19
5813061251,1230480261,5
5813061251,1291099014,3
5813061251,1292847181,7
5813061251,1447576662,12
5813061251,1508334312,27
5813061251,1566644645,4
5813061251,1597683387,3
5813061251,1601771527,19
5813061251,572870540,5
5813061251,5812987334,8
5813061251,5813040233,13
5813061251,5813047157,3
5813061251,5813047793,4
5813061251,5813048042,13
5813061251,5813050767,7
5813061251,5813053866,3
5813061251,5813059834,67
5813061251,5813061383,5
5813061251,5813070465,26
5813061251,634608104,9
5813061251,697001770,21
5813061251,734581598,9
5813061251,849482511,9
5813061251,880530613,12
5813061251,880875736,17
5813061251,880880259,13
5813061251,910442723,11
5813061251,910442782,9
5813061251,910783961,9
5813061251,910796989,18
5813061251,910801332,13
5813061251,911129204,8
5813061251,911129339,9
5813061251,911134009,15
5813061251,911138168,5
5813061251,911211196,5
5813061251,911241750,19
5813061251,911565419,12
5813061251,911578496,5
5813061251,911901802,6
5813061251,911911004,4
5813061251,911919044,12
5813061251,911919917,3
5813061251,912243353,6
5813061251,912545106,16
5813061251,941469087,12
5813061251,941482720,5
5813061251,941810314,6
5813061251,941814787,10
5813061251,942522378,3
5813061251,971817711,3
5813061251,972892437,14
5813061251,973959177,5
5813061383,1002507159,4
5813061383,1032643905,17
5813061383,1062526223,104
5813061383,1094934199,62
5813061383,1125411720,11
5813061383,1125964630,20
5813061383,1125964651,60
5813061383,1125964814,16
5813061383,1125964899,13
5813061383,1125969082,9
5813061383,1126301255,36
5813061383,1126305687,9
5813061383,1126306451,11
5813061383,1126310716,15
5813061383,1126310776,33
5813061383,1126310841,7
5813061383,1126310969,27
5813061383,1126647624,13
5813061383,1128088594,44
5813061383,1128092885,64
5813061383,1155302782,8
5813061383,1156663078,25
5813061383,1156999846,13
5813061383,1157000178,19
5813061383,1158747783,18
5813061383,1168659995,3
5813061383,1168660239,29
5813061383,1168664447,41
5813061383,1187693355,8
5813061383,1187831582,27
5813061383,1187844616,22
5813061383,1188043606,4
5813061383,1188163963,10
5813061383,1188181261,23
5813061383,1188371481,3
5813061383,1188716311,4
5813061383,1189549476,5
5813061383,1190171884,11
5813061383,1199677638,12
5813061383,1217394039,10
5813061383,1218728570,6
5813061383,1218732781,3
5813061383,1219889738,4
5813061383,1220576923,9
5813061383,1220584946,46
5813061383,1249102842,4
5813061383,1251265778,6
5813061383,1251269930,5
5813061383,1251275120,10
5813061383,1258073453,39
5813061383,1258686925,16
5813061383,1282300415,11
5813061383,1310499077,4
5813061383,1345056477,4
5813061383,1381484065,41
5813061383,1447576662,19
5813061383,1566644645,41
5813061383,1597683387,16
5813061383,1600079770,19
5813061383,1600083889,37
5813061383,1601771527,4
5813061383,1661458144,14
5813061383,416642425,3
5813061383,481112669,3
5813061383,481121605,52
5813061383,541118908,6
5813061383,572870540,12
5813061383,5812987321,15
5813061383,5812987327,14
5813061383,5812987334,11
5813061383,5812987339,6
5813061383,5812987803,3
5813061383,5812994148,12
5813061383,5813014873,8
5813061383,5813040233,29
5813061383,5813047157,12
5813061383,5813048042,16
5813061383,5813059834,75
5813061383,5813061251,16
5813061383,5813077544,3
5813061383,604242162,14
5813061383,634608104,12
5813061383,635234035,3
5813061383,666308023,3
5813061383,695956656,3
5813061383,697001770,7
5813061383,734581598,12
5813061383,757694775,33
5813061383,758065781,24
5813061383,759084183,6
5813061383,759084486,8
5813061383,760094565,31
5813061383,848761388,6
5813061383,850829248,4
5813061383,851493896,40
5813061383,880530613,19
5813061383,880875736,26
5813061383,880880259,24
5813061383,881221166,9
5813061383,882533209,10
5813061383,910442723,27
5813061383,910442752,6
5813061383,910442782,20
5813061383,910783731,9
5813061383,910783961,10
5813061383,910796989,20
5813061383,910801332,24
5813061383,911129204,16
5813061383,911129339,18
5813061383,911134009,16
5813061383,911138168,24
5813061383,911211196,11
5813061383,911241750,23
5813061383,911470352,14
5813061383,911565419,10
5813061383,911574041,20
5813061383,911574261,35
5813061383,911578496,12
5813061383,911578595,6
5813061383,911901802,18
5813061383,911906936,7
5813061383,911911004,39
5813061383,911911193,12
5813061383,911911699,5
5813061383,911919044,15
5813061383,911919917,19
5813061383,912243353,3
5813061383,912545106,4
5813061383,941469087,22
5813061383,941482720,18
5813061383,941810314,9
5813061383,941814787,17
5813061383,942522378,5
5813061383,943921248,12
5813061383,944262351,19
5813061383,971817711,3
5813061383,973959177,19
5813061383,974239375,5
5813061383,974627674,7
5813061383,974968796,5
5813070464,1410451120,4
5813070464,1599436552,4
5813070464,1629093706,3
5813070465,1002507159,30
5813070465,1002852791,54
5813070465,1034219901,21
5813070465,1106180107,6
5813070465,1125964814,43
5813070465,1126647624,43
5813070465,1127471692,12
5813070465,1136861363,5
5813070465,1137210821,10
5813070465,1167300154,3
5813070465,1167645442,8
5813070465,1167645523,3
5813070465,1167645658,8
5813070465,1167895489,8
5813070465,1167904437,8
5813070465,1167977970,5
5813070465,1168059800,8
5813070465,1168064774,6
5813070465,1168241257,6
5813070465,1198326456,6
5813070465,1198334861,3
5813070465,1198671672,10
5813070465,1198675740,3
5813070465,1198680122,4
5813070465,1198680249,3
5813070465,1198680426,7
5813070465,1198680441,5
5813070465,1198931241,3
5813070465,1199699496,6
5813070465,1199712167,5
5813070465,1218728570,5
5813070465,1220576923,11
5813070465,1220584946,27
5813070465,1229965474,3
5813070465,1230480261,4
5813070465,1292847181,12
5813070465,1318109929,29
5813070465,1353544607,24
5813070465,1380495496,3
5813070465,1447576662,32
5813070465,1508334312,16
5813070465,1600083889,27
5813070465,1601771527,11
5813070465,1631450739,29
5813070465,387023620,9
5813070465,387364605,3
5813070465,508793049,6
5813070465,539462336,6
5813070465,572870540,11
5813070465,5813020409,4
5813070465,5813040233,21
5813070465,5813047157,14
5813070465,5813047446,6
5813070465,5813047647,4
5813070465,5813050767,6
5813070465,5813053866,10
5813070465,5813061251,41
5813070465,5813080979,13
5813070465,634608104,14
5813070465,664645558,7
5813070465,664650297,10
5813070465,697001770,61
5813070465,757055317,6
5813070465,849482511,4
5813070465,879183317,16
5813070465,912545106,74
5813077544,1065410141,12
5813077544,1097718659,8
5813077544,1097718901,3
5813077544,1127476096,12
5813077544,1128088594,29
5813077544,1134253374,21
5813077544,1137210821,4
5813077544,1137219365,3
5813077544,1167295856,3
5813077544,1167300055,3
5813077544,1167563121,3
5813077544,1167641412,5
5813077544,1167645442,6
5813077544,1167645658,4
5813077544,1167977970,6
5813077544,1167995070,27
5813077544,1168055653,4
5813077544,1168064774,3
5813077544,1168249921,4
5813077544,1168660239,5
5813077544,1168664447,4
5813077544,1168664495,48
5813077544,1198326456,4
5813077544,1198667367,3
5813077544,1198671494,10
5813077544,1198675740,3
5813077544,1198680249,3
5813077544,1198680426,3
5813077544,1198943369,4
5813077544,1199017128,3
5813077544,1199677638,8
5813077544,1199712272,3
5813077544,1220576923,23
5813077544,1220584946,5
5813077544,1230480261,6
5813077544,1259377221,5
5813077544,1259377325,10
5813077544,1260828727,4
5813077544,1291094620,3
5813077544,1291094742,6
5813077544,1291099014,4
5813077544,1291435693,3
5813077544,1291435776,3
5813077544,1292846965,4
5813077544,1292847181,3
5813077544,1322129437,4
5813077544,1322133531,3
5813077544,1322137688,3
5813077544,1322466938,3
5813077544,1322470368,4
5813077544,1324145475,5
5813077544,1324430237,5
5813077544,1447576662,17
5813077544,1513674176,6
5813077544,1600083889,4
5813077544,481112669,40
5813077544,570461892,23
5813077544,572870540,29
5813077544,5812979082,4
5813077544,5812983734,3
5813077544,5813014062,6
5813077544,5813014873,47
5813077544,5813020455,5
5813077544,5813040233,5
5813077544,5813047157,36
5813077544,5813048042,21
5813077544,5813049948,3
5813077544,5813050767,9
5813077544,5813053866,3
5813077544,632544268,4
5813077544,634608104,26
5813077544,666308023,24
5813077544,666994301,3
5813077544,695629525,6
5813077544,724280817,46
5813077544,734581598,19
5813077544,760094565,6
5813077544,787374226,34
5813077544,848761388,116
5813077544,880530613,32
5813077544,880875736,16
5813077544,880880259,25
5813077544,882533209,12
5813077544,910442723,34
5813077544,910442752,4
5813077544,910442782,23
5813077544,910783731,8
5813077544,910783961,17
5813077544,910796989,33
5813077544,910801332,28
5813077544,911129339,33
5813077544,911134009,27
5813077544,911138168,27
5813077544,911211196,22
5813077544,911241750,29
5813077544,911565419,20
5813077544,911574041,5
5813077544,911578496,10
5813077544,911578595,7
5813077544,911901802,22
5813077544,911906936,31
5813077544,911911193,4
5813077544,911911699,17
5813077544,911919044,8
5813077544,916284630,30
5813077544,941469087,27
5813077544,941810314,6
5813077544,941814787,6
5813077544,942522378,17
5813077544,972555509,21
5813077544,972892437,36
5813077544,973566036,7
5813077556,1002507159,10
5813077556,1002852791,11
5813077556,1004017998,8
5813077556,1034219901,9
5813077556,1035045015,11
5813077556,1065410141,10
5813077556,1125964814,8
5813077556,1126647624,10
5813077556,1127476096,14
5813077556,1137219365,3
5813077556,1167567702,15
5813077556,1167641412,3
5813077556,1167977970,6
5813077556,1167995070,11
5813077556,1168055653,13
5813077556,1168241257,3
5813077556,1168249921,8
5813077556,1168392003,11
5813077556,1168392468,7
5813077556,1168664495,10
5813077556,1168923315,24
5813077556,1198257581,4
5813077556,1198326456,6
5813077556,1198671494,4
5813077556,1198680249,3
5813077556,1198680426,9
5813077556,1198680441,8
5813077556,1198684596,5
5813077556,1198943369,13
5813077556,1199017128,10
5813077556,1199289203,23
5813077556,1199427845,9
5813077556,1199431561,44
5813077556,1199432267,39
5813077556,1199625952,9
5813077556,1229369776,45
5813077556,1229710803,21
5813077556,1230121634,35
5813077556,1230125720,13
5813077556,1230319275,34
5813077556,1230324385,8
5813077556,1260400286,26
5813077556,1260422110,38
5813077556,1260754053,32
5813077556,1292847181,5
5813077556,1447576662,20
5813077556,387364605,17
5813077556,416642425,8
5813077556,449438847,15
5813077556,478375456,13
5813077556,541118908,11
5813077556,541870397,11
5813077556,572870540,15
5813077556,5812979082,6
5813077556,5812979230,10
5813077556,5813012006,9
5813077556,5813014873,15
5813077556,5813020455,5
5813077556,5813022281,8
5813077556,5813027103,9
5813077556,5813038224,37
5813077556,5813040233,16
5813077556,5813045050,9
5813077556,5813047446,3
5813077556,5813047793,4
5813077556,5813049948,7
5813077556,5813050767,7
5813077556,5813053866,8
5813077556,5813053983,5
5813077556,5813053988,55
5813077556,5813061251,12
5813077556,5813077544,15
5813077556,5813080838,21
5813077556,632544268,6
5813077556,633546217,9
5813077556,634962055,9
5813077556,665314820,10
5813077556,694920753,12
5813077556,695629525,10
5813077556,695956656,7
5813077556,696362840,10
5813077556,697001770,12
5813077556,725951521,8
5813077556,758419409,13
5813077556,788794171,9
5813077556,789126240,9
5813077556,819828986,9
5813077556,910438331,8
5813077556,912545106,5
5813077556,912601268,12
5813077556,941132434,13
5813077556,942491983,9
5813077698,5813056012,3
5813080269,1261760225,15
5813080269,1261760366,16
5813080269,1261760414,8
5813080269,1261760448,15
5813080269,1261760489,15
5813080269,1261764527,19
5813080269,1261764557,20
5813080269,1261764651,10
5813080269,1261768913,7
5813080269,1261772956,3
5813080269,1261773006,3
5813080269,1261773104,9
5813080269,1261773286,12
5813080269,1261773330,12
5813080269,1262101350,11
5813080269,1262105552,27
5813080269,1262105575,21
5813080269,1262105601,19
5813080269,1262105630,15
5813080269,1262105637,16
5813080269,1262114112,28
5813080269,1262114188,14
5813080269,1262114202,20
5813080269,1291780631,12
5813080269,1291780675,22
5813080269,1291780710,8
5813080269,1292794996,11
5813080269,1292799162,13
5813080269,1292799346,18
5813080269,1292803650,19
5813080269,1292807819,15
5813080269,1292816565,15
5813080269,1293135946,16
5813080269,1293136062,17
5813080269,1355810793,12
5813080269,5812979684,18
5813080269,5812984024,22
5813080272,1002507159,4
5813080272,1002852791,3
5813080272,1004017998,4
5813080272,1034219901,8
5813080272,1035045015,5
5813080272,1125964814,4
5813080272,1126647624,7
5813080272,1127476096,3
5813080272,1167995070,3
5813080272,1168664495,5
5813080272,1261082560,13
5813080272,1261086755,7
5813080272,1261086756,6
5813080272,1261086823,20
5813080272,1261086863,5
5813080272,1261091157,27
5813080272,1261091174,4
5813080272,1261419142,19
5813080272,1261423370,6
5813080272,1261423444,12
5813080272,1261423454,21
5813080272,1261423480,16
5813080272,1261423507,35
5813080272,1261423534,41
5813080272,1261427765,25
5813080272,1261427885,4
5813080272,1261427892,49
5813080272,1261427999,43
5813080272,1261432052,49
5813080272,1261432076,5
5813080272,1261432158,16
5813080272,1261432159,13
5813080272,1261432168,37
5813080272,1261436305,7
5813080272,1261436508,3
5813080272,1261760187,16
5813080272,1261768880,4
5813080272,1261773304,41
5813080272,1261773414,11
5813080272,1292113218,6
5813080272,1292121433,50
5813080272,1292445517,11
5813080272,1292458303,4
5813080272,1292458366,31
5813080272,1292466818,32
5813080272,1447576662,3
5813080272,387364605,6
5813080272,449438847,4
5813080272,541118908,9
5813080272,541870397,5
5813080272,572870540,9
5813080272,5812979686,13
5813080272,5813014873,3
5813080272,5813020587,24
5813080272,5813040233,6
5813080272,5813077544,9
5813080272,5813080838,6
5813080272,632544268,8
5813080272,633546217,4
5813080272,634962055,5
5813080272,665314820,8
5813080272,695629525,8
5813080272,695956656,5
5813080272,696362840,3
5813080272,697001770,3
5813080272,725951521,3
5813080272,788794171,3
5813080272,819828986,3
5813080838,1004014587,11
5813080838,1004017998,27
5813080838,1008028537,12
5813080838,1035045015,21
5813080838,1127471692,29
5813080838,1167282562,5
5813080838,1167295856,3
5813080838,1167304403,4
5813080838,1167641412,8
5813080838,1167645442,6
5813080838,1167645523,3
5813080838,1167645658,3
5813080838,1167895489,4
5813080838,1167904437,3
5813080838,1167977970,4
5813080838,1167995070,3
5813080838,1168241257,3
5813080838,1168249921,4
5813080838,1198671494,7
5813080838,1198680249,5
5813080838,1198680441,3
5813080838,1198684596,3
5813080838,1198931241,3
5813080838,1200053009,11
5813080838,1220576923,8
5813080838,1230026402,3
5813080838,1259377221,3
5813080838,1260422110,4
5813080838,1291094620,3
5813080838,1291094742,3
5813080838,1292847181,5
5813080838,1322129730,3
5813080838,1322138079,4
5813080838,1322470368,3
5813080838,1353544607,32
5813080838,1513674176,3
5813080838,1568047319,18
5813080838,1599431888,7
5813080838,1599436552,3
5813080838,1599772916,5
5813080838,1628743785,3
5813080838,416642425,8
5813080838,478375456,38
5813080838,508793049,12
5813080838,509410587,25
5813080838,541118908,29
5813080838,541870397,8
5813080838,569775058,36
5813080838,570461892,38
5813080838,571826184,5
5813080838,572166953,3
5813080838,572167413,6
5813080838,5813012006,13
5813080838,5813020409,3
5813080838,5813047446,4
5813080838,5813047647,3
5813080838,5813047793,5
5813080838,5813048042,3
5813080838,5813050000,18
5813080838,5813053866,7
5813080838,5813056934,9
5813080838,5813056953,25
5813080838,5813061383,22
5813080838,632544268,9
5813080838,633546217,3
5813080838,635234035,44
5813080838,663562172,21
5813080838,695629525,4
5813080838,724280817,6
5813080838,786013801,18
5813080838,786013856,64
5813080838,788794171,3
5813080838,818063189,4
5813080838,880875736,4
5813080838,880880259,23
5813080838,881221166,19
5813080838,881458181,18
5813080838,910442723,16
5813080838,910442782,26
5813080838,910447075,13
5813080838,910783731,4
5813080838,910783883,5
5813080838,910783961,23
5813080838,910801332,3
5813080838,911129339,24
5813080838,911134009,21
5813080838,911138168,8
5813080838,911470352,34
5813080838,911504689,37
5813080838,911565419,29
5813080838,911574041,36
5813080838,911574261,26
5813080838,911578496,35
5813080838,911901802,35
5813080838,911906936,39
5813080838,911911004,20
5813080838,911911193,17
5813080838,911911699,37
5813080838,911919917,26
5813080838,912488890,39
5813080838,912601268,12
5813080838,941469087,46
5813080838,941810314,8
5813080838,942173776,5
5813080838,942522378,34
5813080838,942535218,3
5813080838,943226223,5
5813080838,948333783,49
5813080838,972555509,14
5813080838,973566036,43
5813080838,973959177,3
5813080838,974239375,147
5813080979,1002507131,14
5813080979,1002507159,7
5813080979,1002852791,5
5813080979,1034219901,12
5813080979,1127471692,9
5813080979,1167977970,3
5813080979,1198326456,4
5813080979,1220576923,15
5813080979,1220584946,8
5813080979,1291094742,3
5813080979,1291099014,3
5813080979,1291435551,5
5813080979,1291435693,3
5813080979,1291444314,3
5813080979,1294082002,5
5813080979,1294414279,4
5813080979,1318109929,13
5813080979,1322129437,3
5813080979,1322129610,3
5813080979,1322133296,5
5813080979,1322133531,8
5813080979,1322133768,5
5813080979,1322133825,6
5813080979,1322133858,4
5813080979,1322137688,4
5813080979,1322142804,3
5813080979,1322466938,3
5813080979,1322470368,5
5813080979,1322470462,9
5813080979,1352823209,3
5813080979,1353544607,12
5813080979,1380495496,6
5813080979,1508334312,15
5813080979,1600083889,10
5813080979,1631450739,20
5813080979,387364605,22
5813080979,449438847,53
5813080979,508793049,13
5813080979,539462336,3
5813080979,5813022281,60
5813080979,5813027103,20
5813080979,5813047157,7
5813080979,5813053866,6
5813080979,5813059835,4
5813080979,5813070465,8
5813080979,634608104,18
5813080979,634962055,50
5813080979,664645558,8
5813080979,664650297,5
5813080979,665314820,71
5813080979,693755250,10
5813080979,694920753,51
5813080979,695956656,3
5813080979,725951521,30
5813080979,757055317,8
5813080979,758419409,47
5813080979,789126240,14
5813080979,819828986,8
5813080979,849482511,8
5813080979,879183317,4
5813080979,910438331,50
5813080979,912147912,5
5813080979,941132434,76
5813080979,942491983,58
5813080979,942587380,3
5813081686,1187831582,8
5813081686,1224936588,6
5813081686,1251275120,6
5813081686,1255638782,4
5813081686,1412238418,4
5813081686,1443268440,9
5813081686,1537634396,10
5813081686,1661458144,4
5813081686,539810773,5
5813081686,540493022,6
5813081686,569481415,9
5813081686,570185174,8
5813081686,570518166,6
5813081686,5813015999,3
5813081686,601216096,3
5813081686,696336849,14
5813081686,759084486,7
5813081686,848817674,3
5813081686,849832062,3
5813081686,849844855,5
5813081686,880185131,7
5813081686,880526477,4
5813081686,941244280,5
5813081686,942254554,6
5813081686,943921248,6
5813095667,1003659595,3
5813095667,1035955516,7
5813095667,1125411720,5
5813095667,1188163963,13
5813095667,1349114715,5
5813095667,1410127303,5
5813095667,1410127581,8
5813095667,1410450511,4
5813095667,1412164346,5
5813095667,1441481281,4
5813095667,1504268020,7
5813095667,1535652862,3
5813095667,1536006733,15
5813095667,1568047319,3
5813095667,1598382541,3
5813095667,1599069164,9
5813095667,1661799601,14
5813095667,5812994148,3
5813095667,5812994149,9
5813095667,5813128537,4
5813095667,632600726,6
5813095667,632911211,5
5813095667,632915714,11
5813095667,663950729,5
5813095667,664632485,3
5813095667,727371546,7
5813095667,818119357,6
5813095667,848800082,5
5813095667,880875900,6
5813095667,943592738,4
5813095667,972624772,11
5813095667,974968796,9
5813127522,1004700437,7
5813127522,1200032115,4
5813127522,1258073453,6
5813127522,1599773239,3
5813127522,757694775,6
5813127522,880875840,3
5813127522,882239837,3
5813127522,941939879,4
5813127525,1412164346,3
5813127525,693651381,3
5813127525,879844210,4
5813127525,880875900,3
5813127525,974968796,4
5813127581,1134253374,7
5813127581,787374226,17
5813127581,880875927,9
5813127581,882239837,12
5813127581,911569552,12
5813127581,979752365,8
5813128240,5813040300,3
5813128240,848800043,3
5813128308,1097718659,5
5813128308,1158507458,3
5813128308,1251269930,4
5813128308,1381484065,7
5813128308,693651381,4
5813128308,693979726,3
5813128308,694670373,3
5813128308,756390536,10
5813128308,789130596,4
5813128308,848800043,4
5813128308,912238927,3
5813128416,1410127303,3
5813128416,1410127581,3
5813128537,1188163963,4
5813128537,1189549476,9
5813128537,1410122382,3
5813128537,1410127581,6
5813128537,1504268020,7
5813128537,1536006733,12
5813128537,1661799601,8
5813128537,5812994148,7
5813128537,5813095667,5
5813128537,632915714,5
5813128537,662966385,8
5813128537,663950729,3
5813128537,694985489,3
5813128537,726024758,7
5813128537,727371546,5
5813128537,759084183,5
5813128537,849421893,3
5813128537,880875900,4
5813128537,974968796,10
601120917,1125964651,31
601120917,1224249917,5
601120917,1224254476,8
601120917,1255297613,8
601120917,1286315568,6
601120917,1441485464,4
601120917,417998204,26
601120917,572494993,29
601120917,5812987803,51
601120917,5813014859,3
601120917,632155800,28
601120917,663190769,3
601120917,723602649,40
601120917,724228740,3
601120917,724267537,31
601120917,785957618,3
601120917,816682053,3
601120917,816682110,3
601120917,847712233,3
601120917,878380399,4
601120917,878725581,3
601120917,879748663,6
601120917,911241750,3
601120917,911504689,50
601120917,940791092,5
601120917,941132270,5
601120917,971817711,38
601216096,1032643905,5
601216096,1187831582,6
601216096,1251275120,4
601216096,1255638782,10
601216096,1412238418,9
601216096,1443268440,5
601216096,1537634396,8
601216096,1661458144,5
601216096,478077561,6
601216096,539810773,3
601216096,540493022,7
601216096,569481415,10
601216096,570185174,11
601216096,570518166,7
601216096,5813015999,7
601216096,5813081686,7
601216096,696336849,9
601216096,759084486,8
601216096,848817674,4
601216096,849832062,5
601216096,849844855,7
601216096,880185131,8
601216096,880526477,3
601216096,916974420,8
601216096,941244280,4
601216096,942254554,4
601216096,943921248,4
601557317,1223640877,15
601557317,1224936588,4
601557317,1255638782,5
601557317,1380145201,3
601557317,1600079770,35
601557317,478427368,30
601557317,5813014505,32
601557317,5813044670,28
601557317,601216096,6
601557317,604242162,33
601557317,664645558,4
601557317,848817674,5
601557317,849844855,4
601557317,911897818,28
601557317,911897964,18
601557317,911919917,3
601557317,912894991,39
601557317,916974420,3
604242162,1219069439,10
604242162,1223640877,27
604242162,1600079770,42
604242162,1661458144,13
604242162,478427368,45
604242162,5813014505,56
604242162,5813041556,5
604242162,5813044670,45
604242162,601557317,38
604242162,634608104,9
604242162,727371546,3
604242162,734581598,5
604242162,758065781,8
604242162,759084486,20
604242162,911241750,5
604242162,911897818,32
604242162,911897964,33
604242162,912894972,3
604242162,912894991,54
604242162,913235746,8
604242162,941482720,3
604242162,941810314,3
604242162,943592738,4
604242162,943921248,17
632155800,1125964651,47
632155800,1224249917,7
632155800,1224254476,3
632155800,1286315568,6
632155800,1410450514,3
632155800,1410450859,3
632155800,1410451120,6
632155800,1410451151,3
632155800,417998204,33
632155800,572494993,34
632155800,5812987803,50
632155800,5813048042,3
632155800,601120917,24
632155800,723602649,39
632155800,724267537,42
632155800,847336755,3
632155800,847712250,3
632155800,878725581,3
632155800,879748663,4
632155800,911504689,41
632155800,911578595,3
632155800,911911193,3
632155800,941132270,7
632155800,941482720,3
632155800,971817711,49
632229278,1003318634,5
632229278,1127471202,6
632229278,1128495875,7
632229278,1187844616,9
632229278,1188181261,5
632229278,446714544,9
632229278,633943192,6
632229278,663298610,5
632229278,695671851,6
632229278,697355847,4
632229278,757413552,5
632229278,758065781,6
632229278,786989348,6
632229278,786989395,4
632229278,878380399,3
632229278,880538997,8
632229278,881527223,9
632229278,909877092,12
632229278,911560974,8
632229278,974627674,7
632259507,1380149683,3
632259507,1441503748,3
632259507,1599069164,3
632259507,1660776511,3
632259507,850829248,3
632259507,880526177,3
632259507,911215499,3
632259507,940791115,3
632544268,1004017998,9
632544268,1035045015,25
632544268,1065410141,26
632544268,1097718659,22
632544268,1097718901,22
632544268,1106180107,3
632544268,1127471692,15
632544268,1127476096,10
632544268,1167645442,3
632544268,1167896065,4
632544268,1167977970,5
632544268,1167995070,7
632544268,1168241257,3
632544268,1168664495,7
632544268,1168923315,3
632544268,1198943369,4
632544268,1220576923,19
632544268,1220584946,19
632544268,1259377325,3
632544268,1291099014,3
632544268,1291435693,3
632544268,1292847181,4
632544268,1294082002,3
632544268,1322129724,5
632544268,1322133531,3
632544268,1322133825,3
632544268,1322138079,3
632544268,1353544607,8
632544268,1355806197,3
632544268,1472205673,15
632544268,1600083889,19
632544268,1629093706,10
632544268,1631486122,3
632544268,1662166202,12
632544268,478375456,4
632544268,509410587,7
632544268,541118908,4
632544268,569775058,5
632544268,570461892,28
632544268,572167406,6
632544268,5813012006,27
632544268,5813014062,27
632544268,5813047446,3
632544268,5813047793,4
632544268,5813048042,16
632544268,5813049948,4
632544268,5813050767,5
632544268,5813053866,6
632544268,5813056953,13
632544268,5813059835,3
632544268,5813061383,5
632544268,5813077544,5
632544268,5813080838,5
632544268,634608104,5
632544268,635234035,10
632544268,663225743,3
632544268,663562172,4
632544268,666994301,17
632544268,695629525,31
632544268,723602649,11
632544268,724276536,9
632544268,724280817,30
632544268,818063189,6
632544268,880875736,14
632544268,880880259,17
632544268,910442723,14
632544268,910442752,3
632544268,910442782,21
632544268,910783961,23
632544268,910796989,16
632544268,910801332,14
632544268,911129204,7
632544268,911129339,15
632544268,911134009,10
632544268,911138168,22
632544268,911470352,15
632544268,911500529,14
632544268,911504643,25
632544268,911565419,15
632544268,911574041,14
632544268,911574261,5
632544268,911578496,12
632544268,911901802,19
632544268,911906936,15
632544268,911911004,5
632544268,911911699,13
632544268,911919044,3
632544268,911919917,4
632544268,916284630,25
632544268,941469087,19
632544268,942522378,16
632544268,948333783,5
632544268,972555509,96
632544268,972892437,28
632544268,973566036,36
632600726,1069757725,3
632600726,1125411720,4
632600726,1188163963,10
632600726,1189882785,3
632600726,1349114715,5
632600726,1410122382,4
632600726,1410127303,5
632600726,1410127581,4
632600726,1410472719,5
632600726,1504268020,6
632600726,1536006733,3
632600726,1599069164,9
632600726,1599410380,5
632600726,1661799601,8
632600726,5812994148,6
632600726,5812994149,9
632600726,5813095667,9
632600726,5813128537,7
632600726,632915714,7
632600726,662840966,3
632600726,663950729,4
632600726,697014740,3
632600726,726024758,4
632600726,759084183,3
632600726,818119357,3
632600726,848800082,6
632600726,880875900,12
632600726,912558136,4
632600726,972624772,12
632600726,974968796,5
632911211,1003659595,3
632911211,1125411720,3
632911211,1188163963,4
632911211,1251265590,3
632911211,1349114715,6
632911211,1410127303,3
632911211,1410472719,6
632911211,1410813978,4
632911211,1441503748,4
632911211,1599410380,5
632911211,1599747200,7
632911211,1599773239,3
632911211,5812987327,4
632911211,5812994149,14
632911211,5813041556,3
632911211,632259507,4
632911211,632915714,6
632911211,697014777,3
632911211,818119357,6
632911211,848800043,3
632911211,848800082,5
632911211,849832122,3
632911211,850492366,4
632911211,880526292,8
632911211,880875900,3
632911211,911215499,5
632911211,972624772,6
632911211,974968796,4
632915714,1125411720,8
632915714,1159530101,5
632915714,1188163963,4
632915714,1348769299,3
632915714,1349114669,3
632915714,1349114715,3
632915714,1410127581,4
632915714,1410472719,4
632915714,1412164346,5
632915714,1473202957,3
632915714,1504268020,4
632915714,1504582746,3
632915714,1599069164,4
632915714,1599410380,3
632915714,1661799601,5
632915714,5812994148,7
632915714,5812994149,7
632915714,5813095667,4
632915714,5813128537,3
632915714,632600726,8
632915714,662966385,4
632915714,663950729,10
632915714,726024758,9
632915714,727371546,4
632915714,759084183,4
632915714,818119357,4
632915714,848800082,4
632915714,850829248,3
632915714,880875900,7
632915714,972624772,6
632915714,974968796,6
633200861,1134253374,8
633200861,1219756158,3
633200861,1250113288,3
633200861,1441486002,6
633200861,1567382512,3
633200861,787374226,8
633200861,880875927,7
633200861,882239837,13
633200861,979752365,9
633200871,1250113288,3
633200871,1535652862,3
633200871,882239837,4
633200987,1410450949,4
633200987,1629093706,3
633200987,5812991632,3
633200987,633200861,3
633200987,633541717,3
633200987,755644082,3
633200987,787374226,6
633200987,979752365,4
633201022,1535298439,3
633201022,1536326457,4
633201022,1599436552,3
633201022,724276536,3
633541717,1134253374,6
633541717,1248770299,3
633541717,1410105306,3
633541717,1441486002,3
633541717,1629093706,3
633541717,787374226,9
633541717,880875927,7
633541717,882239837,10
633541717,911569552,4
633541717,979752365,8
633546217,1008028537,24
633546217,1105834722,3
633546217,1137219365,3
633546217,1158747783,6
633546217,1167282562,17
633546217,1167641412,4
633546217,1167645442,5
633546217,1167896065,3
633546217,1167977970,4
633546217,1168923315,3
633546217,1197993940,3
633546217,1198326456,5
633546217,1198671494,7
633546217,1198671672,3
633546217,1198684596,3
633546217,1200053009,19
633546217,1259377221,3
633546217,1259377325,3
633546217,1261768644,3
633546217,1291099014,4
633546217,1292847181,6
633546217,1294414279,3
633546217,1318109929,32
633546217,1322133531,3
633546217,1322133891,4
633546217,1410105306,7
633546217,1410450511,3
633546217,1441144493,12
633546217,1441485633,4
633546217,1441485832,6
633546217,1443579770,5
633546217,1535298439,3
633546217,1535298460,3
633546217,416642425,30
633546217,417998204,20
633546217,478375456,6
633546217,508793049,16
633546217,509410587,15
633546217,541119189,8
633546217,541870397,12
633546217,569775058,20
633546217,572494993,5
633546217,5813027103,4
633546217,5813047793,9
633546217,5813048042,3
633546217,5813049948,6
633546217,5813050767,5
633546217,5813053866,10
633546217,5813056953,7
633546217,5813061383,14
633546217,633200871,3
633546217,633201022,4
633546217,663190769,8
633546217,663562172,21
633546217,663898692,4
633546217,664235541,22
633546217,664645558,11
633546217,695270840,10
633546217,695956656,26
633546217,696362840,14
633546217,734581598,3
633546217,788794171,28
633546217,819073675,29
633546217,819828986,6
633546217,847336755,6
633546217,849421763,31
633546217,849763224,9
633546217,850104005,10
633546217,881221166,18
633546217,881458145,27
633546217,881898734,7
633546217,910442752,11
633546217,910442782,19
633546217,910447075,20
633546217,910783731,4
633546217,910783883,19
633546217,910783961,12
633546217,911129339,3
633546217,911134009,5
633546217,911211196,3
633546217,911241750,4
633546217,911470352,21
633546217,911565419,8
633546217,911574041,21
633546217,911574261,31
633546217,911578496,24
633546217,911578595,20
633546217,911823931,3
633546217,911901802,18
633546217,911906936,16
633546217,911911004,21
633546217,911911193,13
633546217,911911699,28
633546217,911919917,16
633546217,912601268,3
633546217,941469087,11
633546217,942172835,5
633546217,942173776,101
633546217,942522378,23
633546217,972871918,5
633895972,1035955516,6
633895972,1156663078,10
633895972,1189549476,3
633895972,1217394039,11
633895972,1310499077,3
633895972,1410122382,3
633895972,1410450511,6
633895972,1504924440,8
633895972,1534616158,3
633895972,1534616361,5
633895972,1535652862,3
633895972,1536006733,6
633895972,1568047319,14
633895972,1599772916,3
633895972,1631131487,6
633895972,5812994148,3
633895972,5813023615,3
633895972,662845370,4
633895972,663225743,7
633895972,755644082,5
633895972,786013842,8
633895972,849421893,10
633895972,943226223,3
633943192,1003318634,7
633943192,1127471202,8
633943192,1128495875,7
633943192,1187844616,13
633943192,1188181261,15
633943192,446714544,7
633943192,632229278,7
633943192,663298610,3
633943192,695671851,6
633943192,697355847,4
633943192,757413552,5
633943192,758065781,5
633943192,788111826,6
633943192,819138239,7
633943192,880538997,6
633943192,881527223,11
633943192,909877092,8
633943192,911560974,8
633943192,974627674,4
634608104,1002507159,6
634608104,1002852791,4
634608104,1034219901,3
634608104,1065410141,11
634608104,1125964814,42
634608104,1126647624,13
634608104,1127471692,24
634608104,1127476096,19
634608104,1167977970,3
634608104,1167995070,36
634608104,1168659995,8
634608104,1168660239,7
634608104,1168664447,7
634608104,1168664495,50
634608104,1198006801,9
634608104,1198326456,4
634608104,1219069439,13
634608104,1220576923,23
634608104,1220584946,9
634608104,1291094620,7
634608104,1291094742,3
634608104,1291099014,4
634608104,1291103485,5
634608104,1291435551,9
634608104,1291435693,9
634608104,1291444314,3
634608104,1294082002,9
634608104,1294414279,4
634608104,1318109929,4
634608104,1322129437,7
634608104,1322129610,3
634608104,1322129724,8
634608104,1322129730,3
634608104,1322129781,4
634608104,1322133296,7
634608104,1322133531,4
634608104,1322133768,6
634608104,1322133825,6
634608104,1322133858,6
634608104,1322133891,5
634608104,1322138079,6
634608104,1322142804,4
634608104,1322466938,7
634608104,1322470368,6
634608104,1322470462,3
634608104,1352823209,4
634608104,1353544607,16
634608104,1355806197,4
634608104,1380495496,19
634608104,1447576662,94
634608104,1508334312,27
634608104,1600083889,14
634608104,1631450739,8
634608104,387023620,11
634608104,508793049,18
634608104,539462336,14
634608104,572870540,126
634608104,5813012006,12
634608104,5813014873,88
634608104,5813040233,50
634608104,5813047157,16
634608104,5813059835,8
634608104,5813061251,26
634608104,5813070465,9
634608104,5813077544,87
634608104,5813080979,13
634608104,632544268,7
634608104,664645558,19
634608104,664650297,7
634608104,695629525,18
634608104,697001770,13
634608104,724280817,4
634608104,757055317,13
634608104,849482511,11
634608104,879183317,5
634608104,912545106,15
634608104,972892437,13
634962055,1002507131,22
634962055,1136861363,3
634962055,1158747783,28
634962055,1167295853,4
634962055,1167295856,3
634962055,1167295916,3
634962055,1167300055,3
634962055,1167300154,4
634962055,1167304403,3
634962055,1167563121,3
634962055,1167641412,3
634962055,1167645442,4
634962055,1167895489,4
634962055,1167977970,4
634962055,1168059800,3
634962055,1168064774,4
634962055,1168392468,4
634962055,1168923315,3
634962055,1198326456,6
634962055,1198413357,4
634962055,1198667367,4
634962055,1198671494,4
634962055,1198671672,3
634962055,1198931241,3
634962055,1199712272,3
634962055,1230026228,4
634962055,1230121634,3
634962055,1230480261,5
634962055,1292846965,3
634962055,1292847181,4
634962055,1294082002,3
634962055,1324430237,38
634962055,1348769299,3
634962055,1380495496,7
634962055,1416900410,3
634962055,1503922566,5
634962055,1631450739,17
634962055,387023620,22
634962055,449438847,3
634962055,539462336,27
634962055,539810773,6
634962055,540493022,7
634962055,5812983734,33
634962055,5813022281,23
634962055,5813027103,9
634962055,5813041365,27
634962055,5813047793,7
634962055,5813048042,4
634962055,5813049948,4
634962055,5813050767,6
634962055,5813053866,5
634962055,5813059835,3
634962055,5813061383,13
634962055,5813080979,17
634962055,5813128416,4
634962055,632911211,4
634962055,632915714,9
634962055,633943192,20
634962055,663190769,4
634962055,663950729,3
634962055,664632485,4
634962055,664645558,8
634962055,664650297,6
634962055,665314820,24
634962055,693755250,14
634962055,694920753,30
634962055,695671851,31
634962055,725951521,18
634962055,734581598,14
634962055,757055317,25
634962055,757055403,6
634962055,789130596,25
634962055,819138027,5
634962055,819138035,3
634962055,819138239,33
634962055,847336755,9
634962055,849482511,32
634962055,850194651,78
634962055,850855138,30
634962055,879183317,5
634962055,880526477,10
634962055,880530613,3
634962055,880875840,29
634962055,880875900,4
634962055,880875927,3
634962055,881221166,10
634962055,881527223,3
634962055,881898734,6
634962055,910438331,8
634962055,910442752,22
634962055,910442782,12
634962055,910783731,20
634962055,910783883,24
634962055,910801332,3
634962055,911129204,30
634962055,911129339,3
634962055,911134009,4
634962055,911211196,11
634962055,911215499,3
634962055,911241750,20
634962055,911470352,16
634962055,911560974,34
634962055,911574261,14
634962055,911578496,14
634962055,911578595,22
634962055,911897818,21
634962055,911897964,15
634962055,911901802,6
634962055,911911004,40
634962055,911911193,18
634962055,911911699,4
634962055,911919044,12
634962055,911919917,28
634962055,912243353,25
634962055,941123755,3
634962055,941132434,10
634962055,941482720,13
634962055,941810314,21
634962055,941814787,12
634962055,942254492,3
634962055,942254554,10
634962055,942491983,3
634962055,942587380,123
634962055,973959177,18
635234035,1200053009,3
635234035,481112669,5
635234035,760094565,3
635234035,880875840,4
635234035,882239837,6
662840966,1035955516,3
662840966,1156663078,8
662840966,1217394039,4
662840966,1310499077,3
662840966,1410122382,3
662840966,1410122586,4
662840966,1410127581,3
662840966,1410450511,3
662840966,1504924440,4
662840966,1568047319,3
662840966,1631131487,7
662840966,5813023615,3
662840966,5813128537,3
662840966,633895972,5
662840966,662845370,12
662840966,663225743,4
662840966,786013842,10
662845370,1035955516,6
662845370,1155302782,4
662845370,1156663078,5
662845370,1217394039,7
662845370,1410122382,8
662845370,1410122586,3
662845370,1410450949,3
662845370,1504924440,4
662845370,1534616361,5
662845370,1535652862,5
662845370,1568047319,5
662845370,1597683387,3
662845370,1631131487,5
662845370,633895972,6
662845370,662840966,11
662845370,662966385,3
662845370,663225743,5
662845370,755644082,6
662845370,786013842,4
662845370,849421893,4
662845370,940791093,3
662966385,1189549476,4
662966385,1189882785,3
662966385,1410127303,4
662966385,1410127581,4
662966385,1410813978,3
662966385,1504268020,8
662966385,1536006733,8
662966385,1599069164,4
662966385,1661799601,9
662966385,5812994148,4
662966385,5813095667,6
662966385,5813128537,8
662966385,632600726,10
662966385,662845370,3
662966385,663950729,3
662966385,726024758,5
662966385,759084183,4
662966385,849421893,3
662966385,880875900,5
662966385,974968796,5
663190769,1002507131,21
663190769,1034219901,3
663190769,1062526223,7
663190769,1125964630,16
663190769,1197993940,9
663190769,1218728570,6
663190769,1218732640,19
663190769,1291094620,4
663190769,1291435551,3
663190769,1291444314,4
663190769,1294082002,6
663190769,1322129437,8
663190769,1322129730,3
663190769,1322129781,4
663190769,1322133296,3
663190769,1322133531,3
663190769,1322133768,3
663190769,1322133891,6
663190769,1322137688,3
663190769,1322470462,3
663190769,1352823209,3
663190769,1355806197,3
663190769,1380495496,13
663190769,1601771527,4
663190769,416642425,11
663190769,509410587,17
663190769,541870397,5
663190769,569775058,3
663190769,570461892,7
663190769,5813022281,19
663190769,5813027103,44
663190769,5813056953,14
663190769,5813059835,6
663190769,633546217,16
663190769,634962055,30
663190769,663562172,10
663190769,664645558,15
663190769,664650297,6
663190769,665314820,23
663190769,693755250,4
663190769,694920753,33
663190769,695956656,40
663190769,696362840,36
663190769,724280817,5
663190769,725951521,58
663190769,758419409,7
663190769,788794171,3
663190769,789126240,48
663190769,819828986,39
663190769,847336755,17
663190769,849421763,10
663190769,879183317,6
663190769,910438331,11
663190769,910447075,21
663190769,941123755,13
663190769,941132434,6
663190769,942491983,6
663190769,972892437,10
663190769,973566036,3
663225743,1035955516,3
663225743,1125964879,3
663225743,1155302782,6
663225743,1156663078,6
663225743,1187693355,3
663225743,1189549476,4
663225743,1217394039,3
663225743,1310499077,10
663225743,1410122382,11
663225743,1410122586,4
663225743,1410450511,5
663225743,1410450949,5
663225743,1441481281,10
663225743,1473202957,9
663225743,1504924440,5
663225743,1568047319,11
663225743,1597683387,8
663225743,1599431888,9
663225743,1631131487,13
663225743,5812987327,3
663225743,5813016167,4
663225743,633895972,3
663225743,662845370,7
663225743,692857189,5
663225743,724276536,5
663225743,755644082,4
663225743,786013842,22
663225743,910473088,4
663225743,940791123,3
663225743,942535218,3
663298610,1003318634,9
663298610,1127471202,3
663298610,1128495875,5
663298610,1187844616,9
663298610,1188181261,10
663298610,632229278,8
663298610,697355847,5
663298610,757413552,4
663298610,758065781,4
663298610,786674282,4
663298610,788111826,3
663298610,819138239,3
663298610,880538997,5
663298610,881527223,10
663298610,974627674,5
663558074,1126301255,7
663558074,1126310776,10
663558074,1126310969,11
663558074,1155652503,10
663558074,1217385533,5
663558074,1218728541,15
663558074,1224254476,7
663558074,1286315568,6
663558074,1411862814,11
663558074,1443579770,7
663558074,1566644645,9
663558074,1662166202,9
663558074,541119189,10
663558074,5813050000,5
663558074,5813056934,15
663558074,663898692,5
663558074,692852666,13
663558074,818063189,11
663558074,849763224,6
663558074,879442155,16
663558074,879748663,6
663558074,881458181,9
663558074,909777910,10
663558074,911565319,4
663558074,941132270,7
663558074,971506655,10
663558074,972871918,5
663562172,1002507131,12
663562172,1004014587,5
663562172,1004017998,37
663562172,1035045015,52
663562172,1062526223,23
663562172,1065410141,5
663562172,1125964630,11
663562172,1127471692,4
663562172,1167645442,5
663562172,1167977970,7
663562172,1197993940,19
663562172,1218728570,7
663562172,1218732640,13
663562172,1292847181,4
663562172,1318109929,3
663562172,1353544607,13
663562172,1601771527,13
663562172,416642425,13
663562172,478375456,56
663562172,508793049,4
663562172,509410587,18
663562172,541118908,49
663562172,541870397,24
663562172,569775058,28
663562172,570461892,5
663562172,5813012006,26
663562172,5813047793,4
663562172,5813049948,5
663562172,5813050767,4
663562172,5813053866,4
663562172,5813056953,16
663562172,5813080838,50
663562172,632544268,5
663562172,633546217,3
663562172,663190769,8
663562172,693755250,11
663562172,695629525,10
663562172,724280817,21
663562172,788794171,10
663562172,847336755,6
663562172,849421763,11
663562172,910447075,4
663562172,912601268,29
663562172,941123755,8
663562172,972892437,9
663562172,973566036,7
663898692,1097718901,5
663898692,1126301255,4
663898692,1126310776,8
663898692,1126310969,7
663898692,1155652503,3
663898692,1217385533,6
663898692,1218728541,9
663898692,1224249917,3
663898692,1224254476,8
663898692,1255297613,7
663898692,1286315568,6
663898692,1411862814,6
663898692,1472205673,11
663898692,1566644645,6
663898692,1662166202,10
663898692,541119189,5
663898692,5813050000,6
663898692,5813056934,10
663898692,663558074,10
663898692,692852666,9
663898692,818063189,9
663898692,849763224,6
663898692,879442155,10
663898692,879748663,10
663898692,909777910,7
663898692,911578483,3
663898692,941132270,9
663898692,971506655,6
663898692,972871918,5
663950729,1156663078,4
663950729,1188163963,4
663950729,1189549476,5
663950729,1349114715,3
663950729,1410127581,5
663950729,1412164346,9
663950729,1504268020,3
663950729,1504582746,4
663950729,1536006733,4
663950729,1599069164,6
663950729,1661799601,10
663950729,5812994148,6
663950729,5812994149,5
663950729,5813095667,7
663950729,5813127525,3
663950729,632600726,4
663950729,632915714,7
663950729,662966385,4
663950729,726024758,14
663950729,727371546,6
663950729,759084183,6
663950729,880875900,7
663950729,972624772,8
663950729,974968796,5
664235541,1002848124,6
664235541,1003318634,6
664235541,1094934199,12
664235541,1126306451,4
664235541,1218732781,5
664235541,1218732931,10
664235541,5813014062,4
664235541,695270840,5
664235541,786013801,9
664235541,786013856,9
664235541,786674282,13
664235541,786989348,6
664235541,817346903,9
664235541,819073675,5
664235541,850104005,6
664235541,910447220,10
664235541,911504643,8
664235541,940791383,4
664313308,1034711992,3
664313308,1094722478,3
664313308,1219889738,3
664313308,1256376704,3
664313308,1380145201,3
664313308,1660776511,4
664313308,5813041556,3
664313308,760094565,8
664313308,850855138,5
664313308,879844206,3
664313308,912488890,13
664313308,916284630,3
664632485,1348769299,3
664632485,848800082,3
664645558,1127471692,23
664645558,1197993940,3
664645558,1220576923,12
664645558,1291094620,4
664645558,1291094742,4
664645558,1291099014,4
664645558,1291435551,3
664645558,1291435693,8
664645558,1291444314,3
664645558,1294082002,6
664645558,1294414279,6
664645558,1318109929,6
664645558,1322129610,4
664645558,1322129730,6
664645558,1322133531,4
664645558,1322133768,3
664645558,1322133825,8
664645558,1322133891,3
664645558,1322137688,4
664645558,1322138079,7
664645558,1322466938,3
664645558,1322470368,6
664645558,1322470462,3
664645558,1352823209,4
664645558,1353544607,12
664645558,1380495496,20
664645558,1508334312,12
664645558,1600083889,4
664645558,1631450739,3
664645558,416642425,21
664645558,478375456,4
664645558,508793049,16
664645558,539462336,5
664645558,541870397,6
664645558,5813022281,25
664645558,5813027103,51
664645558,5813047157,4
664645558,5813047793,5
664645558,5813053866,3
664645558,5813070465,5
664645558,5813080979,10
664645558,633546217,14
664645558,634608104,16
664645558,634962055,19
664645558,663190769,6
664645558,664650297,14
664645558,665314820,16
664645558,694920753,43
664645558,695956656,26
664645558,696362840,27
664645558,725951521,43
664645558,757055317,12
664645558,758419409,5
664645558,788794171,4
664645558,789126240,38
664645558,819828986,35
664645558,847336755,11
664645558,849482511,11
664645558,879183317,7
664645558,910438331,9
664645558,910447075,4
664645558,912601268,3
664645558,941123755,6
664645558,941132434,12
664645558,942173776,3
664645558,942491983,6
664650297,1127471692,9
664650297,1167295916,3
664650297,1167641412,3
664650297,1167645658,3
664650297,1167895489,5
664650297,1167904437,4
664650297,1197993940,10
664650297,1198413357,5
664650297,1198931241,3
664650297,1199699496,5
664650297,1199712167,4
664650297,1220576923,8
664650297,1220584946,9
664650297,1292847181,3
664650297,1318109929,10
664650297,1353544607,32
664650297,1380495496,9
664650297,1508334312,8
664650297,1600083889,10
664650297,1631450739,10
664650297,387023620,13
664650297,416642425,4
664650297,508793049,8
664650297,539462336,18
664650297,5813022281,12
664650297,5813027103,25
664650297,5813047157,32
664650297,5813053866,5
664650297,5813070465,14
664650297,5813080979,4
664650297,634608104,13
664650297,634962055,11
664650297,663190769,4
664650297,664645558,10
664650297,665314820,4
664650297,694920753,39
664650297,695956656,15
664650297,696362840,24
664650297,725951521,26
664650297,789126240,40
664650297,819828986,38
664650297,849482511,3
664650297,879183317,29
664650297,880875861,3
664650297,941123755,8
665314820,1002507131,20
665314820,1065409934,4
665314820,1105834722,4
665314820,1137219365,3
665314820,1158747783,33
665314820,1167300154,4
665314820,1167304403,5
665314820,1167641412,4
665314820,1167645442,8
665314820,1167645658,3
665314820,1167895489,3
665314820,1167896065,5
665314820,1167904437,4
665314820,1167977970,7
665314820,1168059800,5
665314820,1168064774,3
665314820,1190171884,7
665314820,1198326456,6
665314820,1198667367,4
665314820,1198671494,4
665314820,1198931241,5
665314820,1199712167,4
665314820,1199712272,5
665314820,1230026228,3
665314820,1230480261,3
665314820,1291435693,3
665314820,1292847181,3
665314820,1294414279,3
665314820,1322138079,3
665314820,1324430237,30
665314820,1348769299,3
665314820,1349114669,4
665314820,1349114715,8
665314820,1513674176,3
665314820,1631450739,28
665314820,387023620,18
665314820,449438847,5
665314820,478077561,9
665314820,539462336,25
665314820,539810773,9
665314820,540493022,5
665314820,5812983734,32
665314820,5813022281,44
665314820,5813027103,6
665314820,5813041365,20
665314820,5813047793,7
665314820,5813048896,8
665314820,5813049948,5
665314820,5813050767,11
665314820,5813053866,3
665314820,5813061383,16
665314820,5813080979,33
665314820,632911211,11
665314820,632915714,4
665314820,633943192,34
665314820,634962055,28
665314820,663190769,9
665314820,664632485,3
665314820,664645558,3
665314820,693755250,26
665314820,694920753,7
665314820,695671851,28
665314820,725951521,4
665314820,726024758,3
665314820,734581598,11
665314820,757055317,23
665314820,757055403,4
665314820,758419409,7
665314820,789130596,28
665314820,819138239,20
665314820,847336755,3
665314820,849482511,30
665314820,849832062,7
665314820,850194651,38
665314820,850855138,13
665314820,880526292,13
665314820,880526477,5
665314820,880875736,3
665314820,880875840,38
665314820,880875927,3
665314820,881221166,23
665314820,881898734,4
665314820,910438331,16
665314820,910442752,12
665314820,910783731,23
665314820,910783883,25
665314820,910801332,5
665314820,911129204,23
665314820,911138168,3
665314820,911211196,13
665314820,911215499,9
665314820,911220331,6
665314820,911241750,11
665314820,911470352,14
665314820,911560974,23
665314820,911565419,4
665314820,911574041,6
665314820,911574261,18
665314820,911578496,17
665314820,911578595,22
665314820,911897818,14
665314820,911897964,18
665314820,911911004,23
665314820,911911193,20
665314820,911919044,20
665314820,911919917,20
665314820,912147912,14
665314820,912238927,9
665314820,912243353,18
665314820,941132434,35
665314820,941482720,21
665314820,941810314,17
665314820,941814787,8
665314820,942254492,4
665314820,942254554,6
665314820,942491983,29
665314820,942522378,3
665314820,942587380,142
665314820,973959177,18
666308023,1004700437,3
666308023,789130596,6
666308023,851493896,3
666308023,911569552,4
666308023,944262351,4
666994301,1258686925,3
692852666,1126301255,7
692852666,1126310776,8
692852666,1126310969,8
692852666,1155652503,14
692852666,1217385533,16
692852666,1218728541,21
692852666,1224249917,10
692852666,1224254476,6
692852666,1255297613,12
692852666,1286315568,9
692852666,1411862814,7
692852666,1443579770,10
692852666,1472205673,8
692852666,1566644645,7
692852666,1662166202,9
692852666,541119189,8
692852666,5813050000,14
692852666,5813056934,11
692852666,663558074,15
692852666,663898692,9
692852666,818063189,5
692852666,849763224,11
692852666,879442155,11
692852666,879748663,10
692852666,909777910,13
692852666,910787992,3
692852666,941132270,3
692852666,971506655,11
692852666,972871918,7
692857189,1126301622,3
692857189,1155302782,7
692857189,1248424794,3
692857189,1248770299,6
692857189,1310499077,5
692857189,1380145267,3
692857189,1380408540,4
692857189,1410122382,9
692857189,1410122586,5
692857189,1410450511,6
692857189,1410450694,3
692857189,1410450949,6
692857189,1441144493,5
692857189,1441481281,7
692857189,1441485633,4
692857189,1441485832,5
692857189,1472866173,3
692857189,1473202957,8
692857189,1503896377,5
692857189,1504924440,6
692857189,1536326457,3
692857189,1566333075,3
692857189,1568047319,8
692857189,1597683387,6
692857189,1599431888,13
692857189,1599436552,8
692857189,1629085008,7
692857189,1631131487,8
692857189,5812987327,3
692857189,5813026993,3
692857189,5813040300,3
692857189,663225743,10
692857189,724228740,3
692857189,724276536,11
692857189,755644082,9
692857189,911500529,3
693651381,1034703497,3
693651381,1034711992,3
693651381,1094722478,5
693651381,1097718659,6
693651381,1125411720,5
693651381,1159530101,4
693651381,1256376704,4
693651381,1282305753,3
693651381,1348769299,3
693651381,1380149683,4
693651381,1410801066,4
693651381,1441503748,3
693651381,1442556708,5
693651381,1599747200,4
693651381,1660776511,4
693651381,1661122416,3
693651381,1661458883,3
693651381,632911211,4
693651381,693979726,4
693651381,694666271,3
693651381,697014777,4
693651381,818119357,5
693651381,848800082,5
693651381,850492366,8
693651381,850829248,4
693651381,880526292,4
693651381,912238927,3
693651381,942254492,3
693755250,1002507131,9
693755250,1034219901,3
693755250,1062526223,24
693755250,1125964630,6
693755250,1137210821,6
693755250,1167300154,3
693755250,1167645442,5
693755250,1167645523,5
693755250,1167645658,4
693755250,1167904437,3
693755250,1167977970,6
693755250,1168059800,7
693755250,1168241257,3
693755250,1168923315,4
693755250,1197993940,12
693755250,1198326456,5
693755250,1198334861,3
693755250,1198671494,3
693755250,1198680122,8
693755250,1199699496,3
693755250,1199712167,3
693755250,1218728570,14
693755250,1218732640,11
693755250,1230121634,3
693755250,1230480261,3
693755250,1292847181,4
693755250,1601771527,17
693755250,1631450739,10
693755250,449438847,39
693755250,509410587,3
693755250,569775058,12
693755250,570461892,5
693755250,5813020409,3
693755250,5813022281,39
693755250,5813027103,4
693755250,5813047647,5
693755250,5813047793,3
693755250,5813048896,4
693755250,5813049948,8
693755250,5813050767,7
693755250,5813053866,12
693755250,5813056953,3
693755250,634962055,21
693755250,663190769,3
693755250,663562172,8
693755250,665314820,49
693755250,694920753,17
693755250,724280817,14
693755250,725951521,8
693755250,758419409,31
693755250,847336755,5
693755250,849421763,21
693755250,910438331,51
693755250,910447075,4
693755250,912147912,6
693755250,941123755,8
693755250,941132434,59
693755250,942491983,53
693755250,942587380,3
693755250,973566036,16
693979726,1034711992,3
693979726,1097718659,9
693979726,1219889738,4
693979726,1349114715,8
693979726,1380149563,5
693979726,1381484065,11
693979726,1441503748,3
693979726,1442556708,7
693979726,1473241269,4
693979726,1599069164,3
693979726,1599747200,5
693979726,1629426306,3
693979726,1660776511,3
693979726,1661122416,8
693979726,5813037879,4
693979726,5813127522,3
693979726,693651381,3
693979726,789130596,10
693979726,818119357,3
693979726,848800043,9
693979726,850492366,3
693979726,850829248,3
693979726,879844178,3
693979726,879844206,4
693979726,880526292,6
693979726,911215499,3
694665957,760094565,3
694665957,912488890,4
694665957,912925080,5
694665957,916284630,4
694666271,697014777,3
694666271,760094565,6
694666271,850855138,4
694670373,1158507458,4
694670373,1441503748,3
694670373,5813128308,3
694670373,760094565,9
694670373,850855138,3
694670373,912488890,5
694920753,1002507131,21
694920753,1158747783,11
694920753,1167282562,23
694920753,1167641412,7
694920753,1167645442,3
694920753,1167977970,4
694920753,1168249921,3
694920753,1197993940,18
694920753,1198326456,10
694920753,1198671494,4
694920753,1198680426,3
694920753,1200053009,16
694920753,1291099014,4
694920753,1292847181,7
694920753,1294414279,4
694920753,1322129724,3
694920753,1380495496,14
694920753,1629085008,5
694920753,1631450739,9
694920753,569775058,3
694920753,5812979082,3
694920753,5813014882,91
694920753,5813022281,20
694920753,5813027103,17
694920753,5813047793,3
694920753,5813048896,3
694920753,5813049948,5
694920753,5813050767,9
694920753,5813053866,4
694920753,5813061383,20
694920753,5813080979,15
694920753,634962055,25
694920753,663190769,13
694920753,664645558,25
694920753,664650297,24
694920753,665314820,6
694920753,693755250,8
694920753,695956656,5
694920753,696362840,5
694920753,724267537,24
694920753,725951521,32
694920753,734581598,4
694920753,758419409,4
694920753,786000969,5
694920753,786674282,18
694920753,786679162,5
694920753,789126240,9
694920753,819828986,7
694920753,847336755,19
694920753,849421763,25
694920753,879183317,10
694920753,880875861,5
694920753,881221166,24
694920753,881458145,3
694920753,910438331,6
694920753,910442752,24
694920753,910447075,12
694920753,910447181,14
694920753,910447220,22
694920753,910783731,21
694920753,910783883,19
694920753,910783961,9
694920753,910787992,17
694920753,911129204,8
694920753,911129339,3
694920753,911134017,22
694920753,911138168,3
694920753,911470352,20
694920753,911565419,4
694920753,911574041,19
694920753,911574261,13
694920753,911578496,12
694920753,911578595,28
694920753,911901802,3
694920753,911906936,12
694920753,911911004,20
694920753,911911193,20
694920753,911911699,11
694920753,911919044,3
694920753,911919917,15
694920753,912243353,11
694920753,941123755,20
694920753,941132434,7
694920753,941469087,4
694920753,941482720,8
694920753,941810314,3
694920753,941814787,6
694920753,942173776,11
694920753,942491983,3
694920753,942522378,7
694920753,942587380,9
694920753,973959177,3
694985489,851493896,3
695270840,1002848124,8
695270840,1003318634,5
695270840,1094934199,10
695270840,1126306451,6
695270840,1218732781,3
695270840,1218732931,6
695270840,5813014062,6
695270840,664235541,8
695270840,786013801,6
695270840,786013856,7
695270840,786674282,6
695270840,786989348,4
695270840,817346903,9
695270840,819073675,3
695270840,850104005,9
695270840,909877092,6
695270840,910447220,8
695270840,940791383,4
695629525,1004017998,5
695629525,1035045015,10
695629525,1065410141,31
695629525,1097718659,33
695629525,1097718901,16
695629525,1106180107,3
695629525,1127471692,11
695629525,1127476096,16
695629525,1136861363,3
695629525,1137210821,3
695629525,1137219365,3
695629525,1158747783,3
695629525,1167295853,4
695629525,1167295856,4
695629525,1167300055,4
695629525,1167641412,4
695629525,1167645523,3
695629525,1167645658,3
695629525,1167891559,4
695629525,1167895489,3
695629525,1167896065,6
695629525,1167977970,8
695629525,1167995070,15
695629525,1168064774,3
695629525,1168249921,3
695629525,1168664495,5
695629525,1198413357,3
695629525,1198671494,3
695629525,1198671672,4
695629525,1198680426,3
695629525,1198680441,3
695629525,1198684596,3
695629525,1199712167,4
695629525,1220576923,19
695629525,1220584946,17
695629525,1229369776,3
695629525,1229710803,3
695629525,1230480261,5
695629525,1261000309,3
695629525,1291435693,3
695629525,1292846965,3
695629525,1292847181,4
695629525,1322129610,3
695629525,1322129730,3
695629525,1322470462,3
695629525,1324145475,3
695629525,1472205673,7
695629525,1513674176,3
695629525,1600083889,27
695629525,1629093706,6
695629525,1631486122,3
695629525,1662166202,13
695629525,509410587,4
695629525,541118908,3
695629525,570461892,45
695629525,5812979222,5
695629525,5813012006,20
695629525,5813014062,42
695629525,5813014873,5
695629525,5813016167,4
695629525,5813020409,3
695629525,5813047446,3
695629525,5813047647,7
695629525,5813048042,17
695629525,5813049948,8
695629525,5813050767,4
695629525,5813053866,10
695629525,5813056953,9
695629525,5813061383,15
695629525,5813077544,10
695629525,5813080838,6
695629525,632544268,55
695629525,634608104,4
695629525,635234035,23
695629525,663225743,3
695629525,666994301,21
695629525,723602649,17
695629525,724276536,7
695629525,724280817,14
695629525,734581598,3
695629525,757699264,5
695629525,786013842,4
695629525,818063189,7
695629525,880530613,6
695629525,880875736,9
695629525,880880259,19
695629525,910442723,15
695629525,910442782,19
695629525,910783961,25
695629525,910796989,11
695629525,910801332,9
695629525,911129204,3
695629525,911129339,18
695629525,911134009,23
695629525,911138168,20
695629525,911211196,4
695629525,911241750,3
695629525,911470352,13
695629525,911504643,23
695629525,911565419,15
695629525,911574041,11
695629525,911574261,5
695629525,911578496,9
695629525,911901802,24
695629525,911906936,20
695629525,911911004,4
695629525,911911699,15
695629525,916284630,37
695629525,941469087,27
695629525,942522378,19
695629525,948333783,7
695629525,972555509,111
695629525,972892437,26
695629525,973566036,37
695671851,1002848124,4
695671851,1003318634,8
695671851,1127471202,10
695671851,1128495875,4
695671851,1187844616,9
695671851,1188181261,10
695671851,446714544,14
695671851,632229278,13
695671851,633943192,3
695671851,663298610,4
695671851,697355847,9
695671851,757413552,7
695671851,758065781,7
695671851,788111826,4
695671851,880538997,4
695671851,881527223,11
695671851,909877092,8
695671851,911560974,3
695671851,974627674,5
695956656,1008028537,8
695956656,1105834722,6
695956656,1106180107,4
695956656,1158747783,3
695956656,1167282562,38
695956656,1167300154,3
695956656,1167641412,3
695956656,1167645442,3
695956656,1167645658,3
695956656,1167904437,3
695956656,1167977970,7
695956656,1197993940,4
695956656,1198257581,3
695956656,1198326456,6
695956656,1198667367,4
695956656,1198671494,3
695956656,1198680426,3
695956656,1198931241,3
695956656,1199699496,5
695956656,1199712272,3
695956656,1200053009,30
695956656,1229369776,3
695956656,1230026402,3
695956656,1261768644,3
695956656,1292847181,4
695956656,1318109929,31
695956656,1324430237,3
695956656,1380495496,8
695956656,1410105306,4
695956656,1441144493,8
695956656,1441481281,3
695956656,1441485633,4
695956656,1441485942,3
695956656,1443579770,3
695956656,1535298460,3
695956656,1535652862,8
695956656,1566333075,4
695956656,416642425,21
695956656,417998204,13
695956656,478375456,4
695956656,508793049,22
695956656,509410587,16
695956656,541119189,3
695956656,541870397,5
695956656,569775058,19
695956656,572494993,17
695956656,5813047793,4
695956656,5813048896,5
695956656,5813049948,5
695956656,5813053866,5
695956656,5813056953,17
695956656,5813061383,19
695956656,633546217,30
695956656,663190769,11
695956656,663562172,14
695956656,663898692,4
695956656,664235541,11
695956656,664645558,7
695956656,695270840,23
695956656,696362840,28
695956656,724267537,3
695956656,788794171,13
695956656,789126240,5
695956656,819073675,16
695956656,819828986,9
695956656,847336755,15
695956656,849421763,21
695956656,850104005,42
695956656,880875861,5
695956656,880880259,3
695956656,881221166,20
695956656,881458145,9
695956656,881898734,3
695956656,910442752,13
695956656,910442782,16
695956656,910447075,22
695956656,910783731,14
695956656,910783883,24
695956656,910783961,10
695956656,911129204,7
695956656,911129339,5
695956656,911211196,5
695956656,911241750,3
695956656,911470352,24
695956656,911565419,10
695956656,911574041,24
695956656,911574261,14
695956656,911578496,25
695956656,911578595,19
695956656,911901802,16
695956656,911906936,14
695956656,911911004,40
695956656,911911193,15
695956656,911911699,19
695956656,911919917,19
695956656,912243353,4
695956656,912601268,3
695956656,941123755,3
695956656,941469087,15
695956656,941482720,3
695956656,942172835,20
695956656,942173776,97
695956656,942522378,16
696336849,1032643905,12
696336849,1187831582,14
696336849,1224936588,9
696336849,1251275120,9
696336849,1255638782,8
696336849,1412238418,12
696336849,1443268440,5
696336849,1537634396,12
696336849,1661458144,9
696336849,478077561,5
696336849,539810773,8
696336849,540493022,7
696336849,569481415,10
696336849,570185174,18
696336849,570518166,6
696336849,5813015999,15
696336849,5813081686,11
696336849,601216096,10
696336849,759084486,15
696336849,848817674,11
696336849,849832062,5
696336849,849844855,5
696336849,880185131,8
696336849,880526477,8
696336849,882533209,4
696336849,916974420,7
696336849,941123943,4
696336849,941244280,15
696336849,942254554,9
696336849,943921248,11
696362840,1004014587,9
696362840,1128088594,4
696362840,1158747783,9
696362840,1167645442,6
696362840,1167977970,6
696362840,1168241257,3
696362840,1197993940,15
696362840,1198667367,4
696362840,1198671494,5
696362840,1198693217,3
696362840,1199712167,4
696362840,1230026228,4
696362840,1291094620,3
696362840,1291435551,3
696362840,1291444314,5
696362840,1292847181,5
696362840,1294082002,3
696362840,1318109929,6
696362840,1322129610,3
696362840,1322133825,3
696362840,1324145475,3
696362840,1324430237,42
696362840,1380495496,9
696362840,1631450739,42
696362840,1661122416,10
696362840,416642425,11
696362840,446714544,39
696362840,478427368,10
696362840,508793049,4
696362840,569481415,8
696362840,5812983734,44
696362840,5813027103,8
696362840,5813047446,4
696362840,5813047793,3
696362840,5813050767,5
696362840,5813053866,5
696362840,5813059835,3
696362840,5813061383,18
696362840,5813080979,38
696362840,632229278,29
696362840,633546217,14
696362840,634962055,3
696362840,663190769,16
696362840,664645558,13
696362840,664650297,12
696362840,694920753,5
696362840,695956656,22
696362840,725951521,4
696362840,734581598,3
696362840,757055317,3
696362840,789126240,14
696362840,819828986,18
696362840,847336755,21
696362840,848800043,11
696362840,849421763,3
696362840,850194651,12
696362840,879183317,9
696362840,879844210,8
696362840,880185131,6
696362840,880530613,5
696362840,880875736,4
696362840,880875840,33
696362840,880875861,131
696362840,880875900,14
696362840,880875927,13
696362840,881221166,14
696362840,881898734,8
696362840,910442752,19
696362840,910442782,5
696362840,910447075,13
696362840,910783731,25
696362840,910783883,17
696362840,910783961,16
696362840,911129204,10
696362840,911138168,3
696362840,911241750,5
696362840,911470352,15
696362840,911565319,20
696362840,911565419,4
696362840,911569552,12
696362840,911574041,18
696362840,911574261,39
696362840,911578496,13
696362840,911578595,21
696362840,911897818,4
696362840,911906936,13
696362840,911911004,16
696362840,911911193,24
696362840,911911699,15
696362840,911919044,4
696362840,911919917,19
696362840,912243353,4
696362840,912601268,3
696362840,941123755,13
696362840,941469087,4
696362840,941482720,8
696362840,941939879,3
696362840,942522378,7
696362840,942587380,4
696362840,974300015,5
697001770,1002507159,15
697001770,1002852791,31
697001770,1034219901,5
697001770,1062526223,7
697001770,1105834722,3
697001770,1125964630,5
697001770,1125964814,12
697001770,1126647624,31
697001770,1136861363,4
697001770,1137210821,3
697001770,1158747783,6
697001770,1167295916,3
697001770,1167300055,4
697001770,1167300154,3
697001770,1167641412,4
697001770,1167645442,8
697001770,1167645523,5
697001770,1167891559,3
697001770,1167895489,4
697001770,1167982211,3
697001770,1168059800,3
697001770,1168241257,3
697001770,1190171884,132
697001770,1198326456,5
697001770,1198334861,3
697001770,1198675740,3
697001770,1198931241,3
697001770,1198943369,3
697001770,1199712272,4
697001770,1218728570,31
697001770,1218732640,17
697001770,1230026228,5
697001770,1230026402,6
697001770,1230480261,3
697001770,1258686925,24
697001770,1261000309,4
697001770,1261056809,3
697001770,1292846965,3
697001770,1292847181,9
697001770,1322133858,3
697001770,1324430237,37
697001770,1381484065,31
697001770,1447576662,4
697001770,1508334312,12
697001770,1513674176,3
697001770,1601771527,20
697001770,1661458144,13
697001770,481121605,40
697001770,539462336,4
697001770,572870540,4
697001770,5812979222,4
697001770,5812983734,23
697001770,5813040233,4
697001770,5813041556,11
697001770,5813047157,40
697001770,5813047647,4
697001770,5813047793,4
697001770,5813048042,17
697001770,5813050767,10
697001770,5813053866,5
697001770,5813059834,6
697001770,5813061251,23
697001770,5813070465,46
697001770,604242162,27
697001770,634608104,41
697001770,734581598,16
697001770,757055317,4
697001770,757694775,31
697001770,758065781,21
697001770,759084486,20
697001770,849482511,3
697001770,850829248,6
697001770,880530613,20
697001770,880875736,18
697001770,880880259,6
697001770,881898734,4
697001770,882239837,7
697001770,910442723,20
697001770,910442752,4
697001770,910783883,3
697001770,910796989,15
697001770,910801332,20
697001770,911129204,16
697001770,911129339,9
697001770,911134009,7
697001770,911138168,11
697001770,911211196,10
697001770,911241750,20
697001770,911470352,3
697001770,911574041,6
697001770,911578595,4
697001770,911901802,6
697001770,911906936,3
697001770,911911193,3
697001770,911919044,20
697001770,912243353,10
697001770,912545106,41
697001770,912894991,3
697001770,913235746,7
697001770,941469087,3
697001770,941482720,24
697001770,941810314,23
697001770,941814787,24
697001770,942587380,4
697001770,943921248,6
697001770,973959177,20
697001770,974627674,23
697001770,979752365,10
697014740,1094722478,4
697014740,1661799601,4
697014740,5812994149,3
697014740,663950729,3
697014740,759084183,4
697014740,789104870,3
697014740,974968796,3
697014777,1159530101,4
697014777,1167282562,8
697014777,1200032115,4
697014777,1200053009,4
697014777,1219410844,3
697014777,1251269930,3
697014777,666308023,13
697014777,666994301,6
697014777,693651381,3
697014777,758743604,3
697014777,850492366,3
697014777,880526292,5
697014777,912238927,3
697014777,913235746,4
697014777,941132430,11
697355847,1003318634,10
697355847,1094934199,7
697355847,1126306451,12
697355847,1127471202,11
697355847,1128495875,9
697355847,1187844616,11
697355847,1188181261,7
697355847,446714544,5
697355847,632229278,4
697355847,633943192,4
697355847,663298610,5
697355847,695671851,9
697355847,757413552,9
697355847,758065781,5
697355847,788111826,4
697355847,819138239,4
697355847,880538997,8
697355847,881527223,8
697355847,909877092,10
697355847,911560974,4
697355847,974627674,13
723546819,1157000178,4
723546819,1219069788,4
723546819,1258686925,4
723546819,1410451120,3
723546819,1598067695,3
723546819,1629093706,3
723546819,1629426306,3
723546819,817683388,8
723546819,910447181,3
723546819,912925080,7
723546819,916284630,13
723546819,940808800,4
723546819,942172835,6
723602649,1125964651,62
723602649,1168664447,5
723602649,1472205673,9
723602649,1629093706,5
723602649,1631486122,3
723602649,1662166202,11
723602649,417998204,45
723602649,572167406,4
723602649,572494993,49
723602649,5812987803,48
723602649,5813016167,3
723602649,601120917,40
723602649,632155800,46
723602649,724267537,34
723602649,724276536,5
723602649,757699264,3
723602649,786013801,3
723602649,818063189,13
723602649,911504689,67
723602649,911901802,3
723602649,942522378,3
723602649,971817711,62
724228740,1126301622,4
724228740,1126305687,3
724228740,1155302782,5
724228740,1248770299,7
724228740,1249763220,7
724228740,1250113288,5
724228740,1410105306,3
724228740,1410122843,4
724228740,1410122892,5
724228740,1410450514,3
724228740,1410450949,4
724228740,1410472719,3
724228740,1441144493,6
724228740,1441481281,3
724228740,1441485942,3
724228740,1567020107,3
724228740,1568047319,4
724228740,1599431888,9
724228740,1599436552,5
724228740,1629085008,3
724228740,1631486122,3
724228740,5812987327,4
724228740,5813014859,5
724228740,692857189,4
724228740,786000969,3
724228740,847712342,4
724228740,911500529,5
724228740,940791093,4
724267537,1125964651,49
724267537,1224254476,4
724267537,1350803100,3
724267537,1503896377,3
724267537,417998204,44
724267537,572494993,40
724267537,5812987803,54
724267537,5812991632,4
724267537,601120917,34
724267537,632155800,49
724267537,663558074,16
724267537,723602649,48
724267537,786000969,8
724267537,786674282,11
724267537,786679162,7
724267537,848407278,7
724267537,849421763,6
724267537,879442155,18
724267537,879779401,3
724267537,910447075,6
724267537,910447220,6
724267537,910783883,3
724267537,911129339,3
724267537,911504689,56
724267537,911574041,4
724267537,971817711,58
724276536,1155302782,7
724276536,1188163963,3
724276536,1218733141,3
724276536,1248770299,5
724276536,1249098248,3
724276536,1310499077,7
724276536,1410122382,6
724276536,1410450949,8
724276536,1441481281,11
724276536,1441485832,6
724276536,1441485942,3
724276536,1473202957,4
724276536,1504924440,8
724276536,1534616361,5
724276536,1535652862,6
724276536,1566333075,3
724276536,1567020107,4
724276536,1568047319,8
724276536,1597683387,6
724276536,1599431888,7
724276536,1599436552,5
724276536,1629085008,6
724276536,1631131487,6
724276536,572167413,6
724276536,5812988707,3
724276536,633200871,3
724276536,663225743,9
724276536,692857189,5
724276536,755644082,7
724276536,757699264,7
724276536,786000969,3
724276536,786013842,5
724276536,910473088,3
724276536,911500529,3
724276536,942172462,4
724276536,942535218,3
724280817,1002507131,9
724280817,1062526223,27
724280817,1065410141,6
724280817,1105834722,5
724280817,1125964630,15
724280817,1125964814,10
724280817,1126647624,4
724280817,1127476096,9
724280817,1136861363,7
724280817,1137210821,4
724280817,1137219365,8
724280817,1167563121,3
724280817,1167567702,3
724280817,1167641412,6
724280817,1167895489,3
724280817,1167904437,3
724280817,1167977970,4
724280817,1167995070,19
724280817,1168241257,5
724280817,1168660239,12
724280817,1168664447,5
724280817,1168664495,39
724280817,1197993940,11
724280817,1198006801,7
724280817,1198257581,3
724280817,1198326456,4
724280817,1198413357,4
724280817,1198667367,3
724280817,1198671494,7
724280817,1198671672,4
724280817,1198675740,3
724280817,1198684596,5
724280817,1199289203,5
724280817,1199712167,5
724280817,1199712272,3
724280817,1218728570,16
724280817,1218732640,10
724280817,1219069439,11
724280817,1229369776,3
724280817,1230480261,4
724280817,1292847181,6
724280817,1447576662,86
724280817,1601771527,15
724280817,509410587,6
724280817,569775058,18
724280817,570461892,5
724280817,572870540,82
724280817,5812979222,4
724280817,5813012006,4
724280817,5813014873,74
724280817,5813020409,4
724280817,5813040233,24
724280817,5813047157,10
724280817,5813047647,4
724280817,5813047793,6
724280817,5813048896,5
724280817,5813049948,6
724280817,5813050767,6
724280817,5813053866,6
724280817,5813053988,3
724280817,5813056953,10
724280817,5813061251,5
724280817,5813077544,83
724280817,663190769,5
724280817,663562172,16
724280817,693755250,18
724280817,847336755,3
724280817,849421763,19
724280817,910447075,5
724280817,941123755,11
724280817,972892437,15
724280817,973566036,14
725360291,760094565,3
725951521,1002507131,11
725951521,1136861363,3
725951521,1137219365,3
725951521,1158747783,14
725951521,1167282562,23
725951521,1167645442,5
725951521,1167977970,5
725951521,1168241257,5
725951521,1197993940,21
725951521,1198326456,7
725951521,1198671494,5
725951521,1198680249,3
725951521,1198943369,3
725951521,1199712272,3
725951521,1200053009,12
725951521,1229965474,3
725951521,1291094620,3
725951521,1291094742,4
725951521,1291435551,3
725951521,1292847181,3
725951521,1322137688,3
725951521,1322470368,3
725951521,1350803100,3
725951521,1380495496,19
725951521,1629085008,9
725951521,5812979082,3
725951521,5813014882,85
725951521,5813022281,6
725951521,5813027103,38
725951521,5813047647,4
725951521,5813047793,5
725951521,5813049948,8
725951521,5813050767,7
725951521,5813053866,4
725951521,5813053988,3
725951521,5813061383,20
725951521,5813080979,3
725951521,634962055,17
725951521,663190769,20
725951521,663558074,10
725951521,664645558,22
725951521,664650297,21
725951521,665314820,6
725951521,694920753,28
725951521,696362840,5
725951521,724267537,25
725951521,734581598,8
725951521,755644082,7
725951521,786000969,8
725951521,786674282,24
725951521,786679162,8
725951521,789126240,14
725951521,819828986,8
725951521,847336755,16
725951521,848407278,3
725951521,849421763,35
725951521,879183317,14
725951521,879442155,11
725951521,879779401,3
725951521,880875861,3
725951521,881221166,12
725951521,910438331,4
725951521,910442723,4
725951521,910442752,18
725951521,910442782,3
725951521,910447075,27
725951521,910447181,27
725951521,910447220,24
725951521,910783731,21
725951521,910783883,24
725951521,910783961,8
725951521,910787992,14
725951521,911129204,20
725951521,911134017,11
725951521,911241750,9
725951521,911470352,8
725951521,911574041,19
725951521,911574261,24
725951521,911578496,7
725951521,911578595,14
725951521,911906936,4
725951521,911911004,20
725951521,911911193,19
725951521,911911699,14
725951521,911919044,12
725951521,911919917,14
725951521,912147912,4
725951521,912243353,12
725951521,941123755,18
725951521,941132430,5
725951521,941132434,4
725951521,941482720,13
725951521,941810314,4
725951521,941814787,3
725951521,942173776,3
725951521,942491983,3
725951521,942522378,10
725951521,973959177,3
726024758,1156663078,4
726024758,1187693355,4
726024758,1189549476,3
726024758,1349114715,3
726024758,1380145267,3
726024758,1410127581,5
726024758,1410813978,3
726024758,1412164346,3
726024758,1504268020,7
726024758,1504924440,6
726024758,1536006733,4
726024758,1599069164,3
726024758,1661799601,5
726024758,5812994148,4
726024758,5813128537,5
726024758,632600726,4
726024758,632915714,9
726024758,662966385,4
726024758,663950729,9
726024758,694985489,4
726024758,727371546,6
726024758,758069781,3
726024758,880875900,6
726024758,972624772,5
726024758,974968796,6
727035427,1094722478,3
727035427,1282646571,3
727035427,1410472719,3
727035427,1661122416,4
727035427,5812994149,3
727035427,5813041556,5
727371546,1188163963,4
727371546,1189549476,6
727371546,1410127581,3
727371546,1412164346,7
727371546,1504268020,9
727371546,1536006733,12
727371546,1661799601,8
727371546,5812994148,9
727371546,5812994149,3
727371546,5813095667,9
727371546,5813128537,8
727371546,632600726,5
727371546,632915714,3
727371546,662966385,4
727371546,663950729,6
727371546,697014740,3
727371546,726024758,8
727371546,758069781,4
727371546,759084183,17
727371546,879844144,3
727371546,880875900,6
727371546,912558136,6
727371546,974968796,7
734581598,1003318634,3
734581598,1003672766,7
734581598,1004700437,5
734581598,1008028537,71
734581598,1035045015,5
734581598,1035955516,3
734581598,1097718901,4
734581598,1128088594,3
734581598,1158747783,9
734581598,1167282562,45
734581598,1190171884,3
734581598,1200053009,38
734581598,1223640877,15
734581598,1224936588,12
734581598,1255638782,20
734581598,1256376704,9
734581598,1380145201,3
734581598,1380149563,5
734581598,1380149683,10
734581598,1380495496,15
734581598,1410127303,9
734581598,1410450511,9
734581598,1410472719,11
734581598,1411862814,8
734581598,1441144493,6
734581598,1441481281,3
734581598,1441485388,3
734581598,1441503403,6
734581598,1472542572,3
734581598,1536326457,4
734581598,1599431888,18
734581598,1599436552,15
734581598,1599772916,8
734581598,1628743785,6
734581598,1628744095,6
734581598,416642425,9
734581598,417998204,16
734581598,478375456,20
734581598,509410587,3
734581598,541118908,31
734581598,541119189,14
734581598,541870397,19
734581598,569775058,17
734581598,570461892,21
734581598,571826184,8
734581598,572166953,9
734581598,572167413,5
734581598,572494993,4
734581598,5813014505,3
734581598,5813048042,8
734581598,5813050000,37
734581598,5813056934,46
734581598,5813061383,21
734581598,5813080838,3
734581598,5813128537,3
734581598,601216096,10
734581598,601557317,12
734581598,632600726,7
734581598,633546217,15
734581598,633895972,3
734581598,635234035,30
734581598,662966385,3
734581598,663298610,9
734581598,663898692,21
734581598,664235541,3
734581598,664645558,13
734581598,664650297,44
734581598,694666271,8
734581598,694670373,4
734581598,695270840,6
734581598,695956656,3
734581598,697001770,5
734581598,724280817,8
734581598,757413552,11
734581598,757694775,3
734581598,786013801,72
734581598,786013856,28
734581598,788111826,27
734581598,788794171,20
734581598,818119357,3
734581598,819073675,11
734581598,848817674,15
734581598,849763224,8
734581598,849844855,9
734581598,879183317,51
734581598,880530613,7
734581598,880538997,21
734581598,880875736,9
734581598,880880259,20
734581598,881221166,28
734581598,881458145,56
734581598,881458181,78
734581598,881898734,47
734581598,910442723,11
734581598,910442752,7
734581598,910442782,10
734581598,910783731,11
734581598,910783883,18
734581598,910783961,14
734581598,910796989,5
734581598,910801332,12
734581598,911129204,6
734581598,911129339,11
734581598,911134009,13
734581598,911138168,8
734581598,911211196,10
734581598,911241750,28
734581598,911470352,8
734581598,911504689,43
734581598,911565419,12
734581598,911574041,10
734581598,911574261,27
734581598,911578483,50
734581598,911578496,22
734581598,911578595,9
734581598,911901802,13
734581598,911906936,11
734581598,911911004,25
734581598,911911193,16
734581598,911911699,13
734581598,911919044,33
734581598,911919917,10
734581598,912243353,4
734581598,912488890,73
734581598,912601268,23
734581598,916974420,11
734581598,941469087,17
734581598,941482720,8
734581598,941810314,11
734581598,941814787,18
734581598,941939879,37
734581598,942172835,4
734581598,942173776,34
734581598,942522378,18
734581598,942535218,6
734581598,942539535,4
734581598,943226223,6
734581598,948333783,30
734581598,972871918,8
734581598,972892437,7
734581598,973566036,111
734581598,973959177,15
734581598,974239375,60
755644082,1035955516,3
755644082,1155302782,3
755644082,1156663078,11
755644082,1187693355,3
755644082,1217394039,5
755644082,1218728463,3
755644082,1310499077,8
755644082,1410122382,8
755644082,1410122586,4
755644082,1410450511,5
755644082,1410450949,4
755644082,1441481281,12
755644082,1441485832,4
755644082,1473202957,7
755644082,1504268020,5
755644082,1504924440,7
755644082,1535652862,3
755644082,1568047319,12
755644082,1597683387,10
755644082,1599431888,7
755644082,1599436552,3
755644082,1629085008,5
755644082,1631131487,7
755644082,572167413,3
755644082,5812987327,3
755644082,662840966,4
755644082,662845370,11
755644082,663225743,9
755644082,692857189,4
755644082,724276536,5
755644082,785957618,3
755644082,786013842,5
755644082,849421893,9
755644082,972624772,3
756049717,1097718659,4
756049717,1282646571,3
756049717,757055403,3
756049717,850492366,3
756390536,1097718659,14
756390536,1158507458,3
756390536,1282300415,3
756390536,1380149683,3
756390536,1381484065,15
756390536,5813128308,3
756390536,693979726,3
756390536,789130596,13
757055317,1002507131,3
757055317,1002507159,45
757055317,1002852791,43
757055317,1034219901,47
757055317,1062526223,4
757055317,1125964630,10
757055317,1125964814,9
757055317,1126647624,20
757055317,1127471692,14
757055317,1220576923,17
757055317,1220584946,7
757055317,1291094742,3
757055317,1291444314,6
757055317,1294414279,7
757055317,1318109929,4
757055317,1322129610,4
757055317,1322133296,3
757055317,1322133891,6
757055317,1322137688,3
757055317,1322138079,3
757055317,1322466938,5
757055317,1322470368,6
757055317,1322470462,5
757055317,1353544607,8
757055317,1380495496,13
757055317,1447576662,7
757055317,1508334312,11
757055317,1600083889,5
757055317,387023620,9
757055317,387364605,67
757055317,449438847,61
757055317,508793049,14
757055317,539462336,16
757055317,572870540,7
757055317,5813014873,3
757055317,5813022281,3
757055317,5813040233,6
757055317,5813047157,11
757055317,5813059835,4
757055317,5813061251,20
757055317,5813070465,4
757055317,5813077544,3
757055317,5813080979,5
757055317,634608104,16
757055317,664645558,7
757055317,664650297,3
757055317,665314820,15
757055317,697001770,24
757055317,758419409,39
757055317,849482511,22
757055317,879183317,6
757055317,910438331,40
757055317,912545106,33
757055317,941132434,22
757055317,942491983,22
757055403,1125411720,4
757055403,1188043606,3
757055403,1256376704,5
757055403,1380145201,3
757055403,1380145267,3
757055403,1380149563,4
757055403,1380149683,5
757055403,1410472719,4
757055403,1441499171,3
757055403,1503922566,3
757055403,1599747200,5
757055403,1661121263,3
757055403,1661458883,5
757055403,481112669,3
757055403,5812994149,3
757055403,5813041556,5
757055403,632911211,4
757055403,635234035,3
757055403,664313308,3
757055403,694985489,4
757055403,818119357,4
757055403,848800043,3
757055403,850492366,6
757055403,851170296,3
757055403,879844178,3
757055403,880526292,3
757055403,911134017,4
757055403,911215499,3
757055403,911219981,4
757055403,911220325,5
757055403,912238927,4
757055403,942254492,5
757055403,944262351,4
757413552,1003318634,12
757413552,1127471202,9
757413552,1128495875,9
757413552,1187844616,10
757413552,1188181261,9
757413552,446714544,4
757413552,632229278,7
757413552,633943192,6
757413552,663298610,7
757413552,695671851,6
757413552,697355847,13
757413552,758065781,6
757413552,786674282,4
757413552,788111826,6
757413552,880538997,8
757413552,909877092,14
757413552,910447220,5
757413552,911560974,4
757413552,974627674,9
757699264,1126310716,4
757699264,1310499077,3
757699264,1599431888,3
757699264,1629093706,3
757699264,692857189,3
757699264,880875840,5
758065781,1003318634,11
758065781,1127471202,15
758065781,1128495875,10
758065781,1187844616,5
758065781,1188181261,13
758065781,1218732781,3
758065781,1218732931,10
758065781,446714544,9
758065781,632229278,4
758065781,633943192,5
758065781,663298610,4
758065781,695671851,8
758065781,697355847,4
758065781,757413552,5
758065781,788111826,8
758065781,819138239,4
758065781,880538997,10
758065781,881527223,4
758065781,909877092,15
758065781,911560974,6
758069781,1410127581,4
758069781,1412164346,4
758069781,880875900,4
758069781,974968796,3
758069811,1158507458,3
758069811,1167282562,18
758069811,1200032115,3
758069811,1200053009,5
758069811,5813014573,5
758069811,5813127581,3
758069811,5813128308,3
758069811,666308023,14
758069811,666994301,13
758069811,693979726,4
758069811,941132430,10
758419409,1002507131,19
758419409,1002507159,8
758419409,1002848661,3
758419409,1002852791,6
758419409,1004014587,4
758419409,1034219901,11
758419409,1062526223,20
758419409,1106180107,4
758419409,1125964630,20
758419409,1158747783,18
758419409,1167295853,3
758419409,1167295856,3
758419409,1167295872,6
758419409,1167295916,5
758419409,1167300055,3
758419409,1167300194,4
758419409,1167304403,7
758419409,1167567702,3
758419409,1167641412,4
758419409,1167645442,10
758419409,1167977970,5
758419409,1167982211,4
758419409,1190171884,8
758419409,1198326456,13
758419409,1198334861,5
758419409,1198413357,3
758419409,1198671494,5
758419409,1198680122,4
758419409,1198680249,3
758419409,1198943369,3
758419409,1199677638,8
758419409,1199712167,3
758419409,1229369776,5
758419409,1229965474,3
758419409,1291094742,3
758419409,1291103485,3
758419409,1292423935,12
758419409,1292846965,3
758419409,1292847181,6
758419409,1322129724,4
758419409,1322133825,3
758419409,1324145475,3
758419409,1324430237,38
758419409,1352823209,3
758419409,1508334312,20
758419409,1537634396,10
758419409,1631450739,4
758419409,1661799601,5
758419409,387023620,12
758419409,387364605,20
758419409,449438847,55
758419409,539462336,14
758419409,572870540,3
758419409,5812979230,3
758419409,5812983734,30
758419409,5812994149,4
758419409,5813020455,3
758419409,5813022281,3
758419409,5813047157,8
758419409,5813047647,3
758419409,5813047793,3
758419409,5813048042,6
758419409,5813048896,3
758419409,5813049948,5
758419409,5813050767,5
758419409,5813053866,3
758419409,5813061383,4
758419409,5813070465,27
758419409,5813080979,20
758419409,663190769,3
758419409,665314820,10
758419409,693755250,9
758419409,696336849,5
758419409,697014740,6
758419409,697355847,28
758419409,734581598,28
758419409,757055317,16
758419409,849482511,13
758419409,850194651,10
758419409,850492366,9
758419409,850855138,7
758419409,880530613,10
758419409,880875736,8
758419409,880875861,8
758419409,880880259,5
758419409,881221166,6
758419409,881527223,32
758419409,882239837,26
758419409,910438331,39
758419409,910442723,6
758419409,910442752,18
758419409,910783731,20
758419409,910783883,11
758419409,910783961,3
758419409,910796989,5
758419409,910801332,16
758419409,911129204,25
758419409,911138168,4
758419409,911211196,19
758419409,911241750,20
758419409,911470352,5
758419409,911574261,4
758419409,911578595,16
758419409,911911004,8
758419409,911911193,11
758419409,911919044,29
758419409,912147912,5
758419409,912243353,27
758419409,912545106,5
758419409,912894991,22
758419409,912925080,28
758419409,941132434,17
758419409,941469087,4
758419409,941482720,10
758419409,941810314,16
758419409,941814787,15
758419409,942491983,26
758419409,942587380,11
758419409,973959177,19
758419409,974300015,102
758419409,979752365,27
758743604,1167282562,4
758743604,1200032115,7
758743604,1200053009,3
758743604,635234035,3
758743604,666308023,4
758743604,666994301,4
758743604,910447181,3
758743604,911134017,3
758743604,941132430,3
759084183,1188163963,4
759084183,1189549476,7
759084183,1217394039,13
759084183,1410127581,5
759084183,1412164346,9
759084183,1504268020,9
759084183,1536006733,7
759084183,1599069164,3
759084183,1661799601,5
759084183,5812994148,6
759084183,5812994149,5
759084183,5813095667,13
759084183,5813128537,10
759084183,632915714,5
759084183,662966385,8
759084183,663950729,8
759084183,697014740,3
759084183,726024758,4
759084183,727371546,16
759084183,850829248,3
759084183,880875900,9
759084183,972624772,6
759084183,974968796,12
759084486,1002507170,8
759084486,1032643905,5
759084486,1187831582,11
759084486,1219069439,4
759084486,1224936588,4
759084486,1251275120,5
759084486,1255638782,8
759084486,1412238418,5
759084486,1443268440,6
759084486,1537634396,10
759084486,1661458144,5
759084486,478077561,6
759084486,539810773,7
759084486,540493022,4
759084486,569481415,7
759084486,570185174,14
759084486,570518166,8
759084486,5813015999,8
759084486,5813081686,10
759084486,601216096,6
759084486,696336849,15
759084486,848817674,6
759084486,849832062,3
759084486,849844855,6
759084486,880185131,9
759084486,880526477,13
759084486,916974420,10
759084486,941244280,13
759084486,942254554,5
759084486,943921248,8
760094565,1200053009,4
760094565,1381484065,8
760094565,481112669,3
760094565,635234035,3
760094565,850194651,7
760094565,880875840,8
760094565,916284630,3
760094565,941939879,3
760094565,948333783,4
760094565,979752365,4
785957618,1410450949,5
785957618,1535298460,4
785957618,1631131487,3
785957618,5813070464,3
786000969,1097718659,4
786000969,1126301622,4
786000969,1126305687,3
786000969,1126310716,3
786000969,1155302782,5
786000969,1248765883,5
786000969,1248770299,5
786000969,1249098248,5
786000969,1249763220,4
786000969,1410122586,5
786000969,1410122892,6
786000969,1410450949,3
786000969,1410451120,3
786000969,1410801066,7
786000969,1441144493,6
786000969,1441481281,5
786000969,1441485832,4
786000969,1441485942,5
786000969,1441486002,3
786000969,1472866173,5
786000969,1473202957,6
786000969,1473207713,3
786000969,1535298460,3
786000969,1535652862,4
786000969,1597683387,6
786000969,1599431888,5
786000969,1599436552,9
786000969,1629085008,12
786000969,1631131487,3
786000969,5812987327,4
786000969,5813023615,3
786000969,692857189,6
786000969,693651381,4
786000969,724228740,4
786000969,724276536,10
786000969,755644082,5
786000969,786679162,4
786000969,816682061,3
786000969,817342497,4
786000969,818119357,4
786000969,942535218,3
786000969,943226223,4
786013801,1002848124,6
786013801,1094934199,13
786013801,1126306451,10
786013801,1127471202,6
786013801,1218732781,10
786013801,1218732931,16
786013801,5813014062,8
786013801,664235541,6
786013801,695270840,4
786013801,786013856,11
786013801,786674282,4
786013801,786989348,4
786013801,786989395,3
786013801,817346903,13
786013801,819073675,15
786013801,850104005,6
786013801,878380399,4
786013801,910447220,8
786013801,911504643,7
786013842,1035955516,5
786013842,1155302782,4
786013842,1156663078,8
786013842,1189549476,9
786013842,1217394039,7
786013842,1310499077,8
786013842,1410122382,10
786013842,1410450511,9
786013842,1441481281,3
786013842,1473202957,4
786013842,1504924440,7
786013842,1535652862,4
786013842,1568047319,5
786013842,1597683387,5
786013842,1631131487,9
786013842,572167413,3
786013842,633895972,9
786013842,662840966,8
786013842,662845370,3
786013842,663225743,11
786013842,755644082,5
786013842,849421893,4
786013856,1002848124,8
786013856,1094934199,12
786013856,1126306451,9
786013856,1127471202,4
786013856,1128495875,4
786013856,1218732781,8
786013856,1218732931,12
786013856,5813014062,11
786013856,664235541,8
786013856,695270840,5
786013856,786013801,7
786013856,786674282,8
786013856,786989348,8
786013856,786989395,4
786013856,817346903,12
786013856,819073675,7
786013856,850104005,5
786013856,878380399,12
786013856,910447220,9
786013856,911504643,12
786013856,940791383,5
786674282,1002848124,6
786674282,1094934199,14
786674282,1126306451,17
786674282,1218732781,10
786674282,1218732931,11
786674282,5813014062,11
786674282,663298610,4
786674282,664235541,9
786674282,695270840,9
786674282,786013801,11
786674282,786013856,5
786674282,786989348,9
786674282,786989395,6
786674282,788111826,4
786674282,817346903,9
786674282,819073675,9
786674282,850104005,13
786674282,878380399,14
786674282,880538997,3
786674282,910447220,9
786674282,911504643,13
786674282,940791383,6
786679162,1097718659,14
786679162,1126301622,4
786679162,1217372569,3
786679162,1218728588,4
786679162,1219756158,3
786679162,1249098248,5
786679162,1249763220,3
786679162,1350803100,3
786679162,1381484065,8
786679162,1410105306,4
786679162,1410122586,3
786679162,1410122892,8
786679162,1410451120,3
786679162,1410801066,5
786679162,1441144493,5
786679162,1441485832,5
786679162,1441485942,5
786679162,1442556708,5
786679162,1473207713,6
786679162,1473241269,4
786679162,1535298460,3
786679162,1599431888,4
786679162,1599436552,11
786679162,1628744095,5
786679162,1629085008,11
786679162,1629093706,3
786679162,1629426306,3
786679162,1631486122,3
786679162,572166953,3
786679162,5812987327,3
786679162,692857189,4
786679162,786000969,6
786679162,789130596,4
786989348,1002848124,10
786989348,1094934199,12
786989348,1126306451,7
786989348,1218732781,9
786989348,1218732931,9
786989348,446714544,4
786989348,5813014062,4
786989348,632229278,6
786989348,664235541,10
786989348,695270840,6
786989348,786013856,14
786989348,786674282,10
786989348,786989395,4
786989348,817346903,9
786989348,819073675,6
786989348,850104005,3
786989348,878380399,9
786989348,910447220,6
786989348,911504643,3
786989348,940791383,8
786989395,1002848124,9
786989395,1094934199,3
786989395,1218732781,7
786989395,1218732931,4
786989395,446714544,4
786989395,5813014062,6
786989395,632229278,7
786989395,664235541,4
786989395,786013856,3
786989395,786674282,6
786989395,786989348,3
786989395,817346903,13
786989395,819073675,3
786989395,850104005,5
786989395,878380399,6
786989395,910447220,7
786989395,911504643,6
788111826,1003318634,6
788111826,1127471202,7
788111826,1128495875,11
788111826,1187844616,8
788111826,1188181261,8
788111826,446714544,14
788111826,632229278,8
788111826,633943192,4
788111826,663298610,7
788111826,695671851,6
788111826,697355847,8
788111826,757413552,3
788111826,758065781,9
788111826,786674282,3
788111826,819138239,5
788111826,880538997,4
788111826,881527223,9
788111826,909877092,15
788111826,910447220,4
788111826,911560974,6
788111826,974627674,6
788794171,1065409934,6
788794171,1127471692,3
788794171,1136861363,4
788794171,1167641412,5
788794171,1167645442,3
788794171,1190171884,4
788794171,1198326456,5
788794171,1198671494,5
788794171,1198680249,3
788794171,1199712167,3
788794171,1223640877,3
788794171,1230480261,3
788794171,1255638782,9
788794171,1291094620,3
788794171,1291366237,3
788794171,1292458303,3
788794171,1292847181,4
788794171,1318109929,26
788794171,1322811160,3
788794171,1323156554,5
788794171,1324430237,28
788794171,1380145201,5
788794171,1380149683,6
788794171,1380495496,9
788794171,1410127303,3
788794171,1410472719,3
788794171,416642425,29
788794171,478375456,6
788794171,508793049,12
788794171,509410587,5
788794171,541118908,10
788794171,541870397,34
788794171,5812979082,4
788794171,5812983734,34
788794171,5813020409,4
788794171,5813047793,4
788794171,5813049948,7
788794171,5813050767,3
788794171,5813053866,5
788794171,5813056953,3
788794171,5813061383,12
788794171,5813080838,6
788794171,601216096,3
788794171,601557317,6
788794171,632600726,3
788794171,633546217,22
788794171,663298610,18
788794171,664645558,18
788794171,664650297,11
788794171,695956656,20
788794171,757413552,9
788794171,788111826,13
788794171,819828986,3
788794171,849421763,47
788794171,849844855,3
788794171,879183317,14
788794171,880538997,10
788794171,881221166,13
788794171,881898734,64
788794171,910442752,8
788794171,910442782,5
788794171,910447075,20
788794171,910783731,6
788794171,910783883,3
788794171,910783961,16
788794171,910796989,10
788794171,911129339,4
788794171,911138168,5
788794171,911241750,3
788794171,911470352,4
788794171,911565419,6
788794171,911574041,8
788794171,911574261,12
788794171,911578483,6
788794171,911578496,6
788794171,911578595,12
788794171,911901802,9
788794171,911906936,6
788794171,911911004,12
788794171,911911193,5
788794171,911911699,5
788794171,911919917,13
788794171,912601268,16
788794171,941469087,13
788794171,941939879,7
788794171,942173776,9
788794171,942522378,8
788794171,942587380,4
788794171,973959177,4
789104870,632915714,3
789104870,848800082,3
789104870,972624772,4
789126240,1004014587,12
789126240,1128088594,5
789126240,1137210821,5
789126240,1158747783,14
789126240,1167641412,3
789126240,1167977970,4
789126240,1168059800,3
789126240,1168392468,3
789126240,1197993940,34
789126240,1198326456,3
789126240,1199677638,8
789126240,1261000309,3
789126240,1291094620,3
789126240,1291094742,3
789126240,1291435693,4
789126240,1292847181,3
789126240,1294414279,3
789126240,1322129610,5
789126240,1322133531,4
789126240,1322133768,4
789126240,1322133825,4
789126240,1324430237,36
789126240,1380495496,11
789126240,1631450739,34
789126240,1661122416,8
789126240,387023620,8
789126240,387364605,4
789126240,416642425,7
789126240,446714544,34
789126240,478427368,18
789126240,508793049,3
789126240,541118908,3
789126240,569481415,15
789126240,5812983734,33
789126240,5813014882,11
789126240,5813027103,26
789126240,5813047793,5
789126240,5813048042,3
789126240,5813050767,5
789126240,5813059835,4
789126240,5813061383,12
789126240,5813080979,15
789126240,632229278,23
789126240,633546217,12
789126240,663190769,9
789126240,664645558,17
789126240,664650297,29
789126240,694920753,14
789126240,695956656,14
789126240,696362840,23
789126240,725951521,11
789126240,788794171,5
789126240,819828986,21
789126240,847336755,9
789126240,848800043,6
789126240,848800082,13
789126240,850194651,8
789126240,879183317,28
789126240,880185131,16
789126240,880875840,16
789126240,880875861,86
789126240,880875900,8
789126240,880875927,10
789126240,881216816,3
789126240,881221166,20
789126240,910442752,10
789126240,910447075,5
789126240,910783731,8
789126240,910783883,21
789126240,910783961,3
789126240,911129204,11
789126240,911211196,4
789126240,911470352,3
789126240,911565319,15
789126240,911569552,4
789126240,911574041,6
789126240,911574261,22
789126240,911578496,13
789126240,911578595,20
789126240,911906936,8
789126240,911911004,23
789126240,911911193,17
789126240,911911699,5
789126240,911919044,12
789126240,911919917,14
789126240,912243353,16
789126240,912601268,4
789126240,941123755,38
789126240,941482720,4
789126240,941810314,6
789126240,942522378,10
789126240,942587380,4
789126240,973959177,3
789126240,974300015,6
789130596,1258686925,3
789130596,666308023,6
789130596,666994301,4
789130596,850855138,5
789130596,912925080,3
789130596,944262351,7
816682053,1008028537,4
816682053,1126305687,3
816682053,1126310716,3
816682053,1219069788,4
816682053,1249763220,3
816682053,1410122892,4
816682053,786679162,5
816682053,817674780,3
816682053,912488890,3
816682061,1566333075,3
816682061,1599436552,4
816682061,942172835,3
816682110,1008028537,5
816682110,1250113288,3
816682110,1410105306,3
816682110,1441485633,3
816682110,1628743785,5
816682110,1629085008,3
816682110,760094565,6
816682110,786679162,3
816682110,817674780,3
816682110,847712250,3
816682110,912488890,7
816682110,916284630,4
817342497,1219756158,4
817342497,1249763220,3
817342497,1473202957,4
817342497,1629085008,3
817342497,5812987327,3
817342497,5813127525,3
817342497,692857189,4
817342497,786679162,4
817342497,848407278,3
817346903,1002848124,10
817346903,1094934199,11
817346903,1126306451,9
817346903,1218732781,11
817346903,1218732931,10
817346903,5813014062,15
817346903,664235541,6
817346903,695270840,9
817346903,695671851,4
817346903,786013801,11
817346903,786013856,13
817346903,786674282,9
817346903,786989348,9
817346903,786989395,10
817346903,819073675,4
817346903,850104005,6
817346903,878380399,8
817346903,910447220,7
817346903,911504643,10
817346903,940791383,6
817674780,1008028537,4
817674780,1219069788,3
817674780,1410451120,4
817674780,760094565,5
817674780,816682110,5
817674780,847712250,3
817674780,912488890,7
817674780,912925080,3
817674780,916284630,3
817674780,940808800,3
817683388,1219069788,4
817683388,1258686925,6
817683388,1410451120,3
817683388,1441485388,3
817683388,1441485633,3
817683388,1629093706,4
817683388,1629426306,6
817683388,723546819,6
817683388,851493896,3
817683388,877702431,7
817683388,910447181,3
817683388,911823931,3
817683388,912925080,7
817683388,916284630,14
817683388,940808800,3
817683388,942172835,7
818063189,1003672766,5
818063189,1126301255,11
818063189,1126310776,9
818063189,1126310969,4
818063189,1155652503,8
818063189,1217385533,9
818063189,1218728541,14
818063189,1224254476,4
818063189,1255297613,4
818063189,1286315568,6
818063189,1411862814,3
818063189,1443579770,4
818063189,1472205673,8
818063189,1566644645,8
818063189,1662166202,12
818063189,541119189,5
818063189,5813050000,8
818063189,5813056934,13
818063189,663558074,17
818063189,663898692,5
818063189,692852666,11
818063189,849763224,12
818063189,879442155,12
818063189,879748663,5
818063189,909777910,14
818063189,941132270,6
818063189,971506655,7
818063189,972871918,6
818119357,1034703497,3
818119357,1125411720,3
818119357,1188163963,5
818119357,1349114715,8
818119357,1410127303,8
818119357,1410472719,9
818119357,1441503748,3
818119357,1504268020,3
818119357,1599069164,4
818119357,1599410380,6
818119357,1599747200,7
818119357,1660776511,4
818119357,1661799601,4
818119357,5812994148,4
818119357,5812994149,4
818119357,5813056012,5
818119357,5813095667,3
818119357,632600726,4
818119357,632911211,5
818119357,632915714,5
818119357,693651381,3
818119357,726024758,3
818119357,727371546,3
818119357,786000969,5
818119357,848800043,3
818119357,848800082,5
818119357,850829248,3
818119357,880875900,9
818119357,911215499,4
818119357,972624772,6
818119357,974968796,3
819073675,1002848124,14
819073675,1003318634,3
819073675,1094934199,10
819073675,1126306451,3
819073675,1218732781,3
819073675,1218732931,9
819073675,5813014062,4
819073675,664235541,6
819073675,786013801,11
819073675,786013856,3
819073675,786674282,5
819073675,786989348,4
819073675,786989395,3
819073675,817346903,6
819073675,850104005,6
819073675,878380399,7
819073675,910447220,5
819073675,911504643,6
819138027,1256376704,3
819138027,1441503748,3
819138027,1472537557,3
819138027,1660776511,3
819138027,481112669,3
819138027,635234035,3
819138027,757055403,3
819138035,481112669,6
819138035,635234035,5
819138035,851493896,6
819138035,911134017,3
819138035,912894972,3
819138035,944262351,4
819138035,948333783,4
819138239,1003318634,9
819138239,1128495875,4
819138239,1187844616,9
819138239,1188181261,4
819138239,446714544,5
819138239,633943192,3
819138239,697355847,6
819138239,757413552,4
819138239,758065781,4
819138239,788111826,3
819138239,817346903,5
819138239,880538997,10
819138239,881527223,4
819138239,909877092,5
819828986,1002507131,4
819828986,1004014587,13
819828986,1128088594,8
819828986,1136861363,3
819828986,1158747783,11
819828986,1167300154,3
819828986,1167304403,3
819828986,1167645442,6
819828986,1167645658,4
819828986,1167891559,3
819828986,1167895489,6
819828986,1167896065,5
819828986,1168241257,3
819828986,1197993940,16
819828986,1198326456,4
819828986,1198671494,5
819828986,1198684596,4
819828986,1198693217,3
819828986,1199677638,7
819828986,1260400286,3
819828986,1292847181,7
819828986,1322133296,3
819828986,1324430237,30
819828986,1380495496,10
819828986,1412164346,5
819828986,1631450739,35
819828986,1661122416,10
819828986,416642425,6
819828986,446714544,25
819828986,478427368,22
819828986,508793049,8
819828986,569481415,11
819828986,5812983734,40
819828986,5813014882,5
819828986,5813022281,3
819828986,5813027103,16
819828986,5813047793,4
819828986,5813048042,4
819828986,5813049948,4
819828986,5813050767,3
819828986,5813053866,5
819828986,5813061383,18
819828986,5813080979,29
819828986,632229278,38
819828986,633546217,8
819828986,663190769,16
819828986,664645558,20
819828986,664650297,10
819828986,694920753,7
819828986,695956656,16
819828986,696362840,30
819828986,725951521,11
819828986,789126240,28
819828986,847336755,16
819828986,848800043,7
819828986,848800082,15
819828986,850194651,14
819828986,879183317,13
819828986,879844144,3
819828986,879844206,3
819828986,879844210,6
819828986,880185131,7
819828986,880875840,23
819828986,880875861,107
819828986,880875900,7
819828986,880875927,28
819828986,881221166,26
819828986,910442752,24
819828986,910447075,17
819828986,910783731,19
819828986,910783883,21
819828986,910801332,3
819828986,910878587,3
819828986,911129204,9
819828986,911129339,4
819828986,911470352,24
819828986,911565319,28
819828986,911565419,4
819828986,911569552,25
819828986,911574041,10
819828986,911574261,31
819828986,911578496,11
819828986,911578595,15
819828986,911906936,5
819828986,911911004,35
819828986,911911193,10
819828986,911911699,8
819828986,911919917,15
819828986,912243353,11
819828986,912601268,3
819828986,941123755,18
819828986,941482720,9
819828986,941810314,5
819828986,942522378,5
819828986,942587380,3
819828986,974300015,3
847336755,1002507131,11
847336755,1062526223,4
847336755,1125964630,18
847336755,1197993940,8
847336755,1218728570,5
847336755,1218732640,12
847336755,1291094620,4
847336755,1291103485,3
847336755,1291435551,6
847336755,1291444314,7
847336755,1294082002,3
847336755,1294414279,4
847336755,1322129437,4
847336755,1322129610,5
847336755,1322133296,3
847336755,1322133531,3
847336755,1322466938,6
847336755,1601771527,5
847336755,416642425,18
847336755,478375456,5
847336755,508793049,3
847336755,509410587,10
847336755,541870397,12
847336755,569775058,7
847336755,570461892,7
847336755,5813022281,26
847336755,5813027103,49
847336755,5813056953,7
847336755,5813059835,5
847336755,5813080838,4
847336755,633546217,14
847336755,634962055,26
847336755,663190769,16
847336755,663562172,3
847336755,664645558,11
847336755,665314820,26
847336755,693755250,6
847336755,694920753,36
847336755,695956656,42
847336755,696362840,36
847336755,724280817,7
847336755,725951521,55
847336755,758419409,3
847336755,788794171,7
847336755,789126240,37
847336755,819828986,33
847336755,849421763,7
847336755,879183317,4
847336755,910438331,12
847336755,910447075,11
847336755,941123755,7
847336755,941132434,10
847336755,942491983,5
847336755,972892437,14
847336755,973566036,3
847712233,1410122382,3
847712233,1410122892,3
847712233,1410451120,3
847712233,1410451151,3
847712233,1597683387,3
847712233,662845370,4
847712233,911500529,4
847712233,940791093,3
847712250,1008028537,5
847712250,1126310716,6
847712250,1187693355,3
847712250,1249763220,4
847712250,1410451120,6
847712250,1441485464,3
847712250,1441485633,3
847712250,1441485942,3
847712250,1473207713,3
847712250,1629085008,4
847712250,5812987327,4
847712250,5812991545,3
847712250,760094565,6
847712250,786000969,4
847712250,911500529,3
847712250,912488890,4
847712250,916284630,3
847712250,940808800,4
847712342,1410122892,4
847712342,1410451120,7
847712342,1441485942,3
847712342,1473207713,3
847712342,1597683387,3
848407278,1218733141,3
848407278,1249098248,3
848407278,1473207713,4
848407278,786000969,4
848407278,786679162,5
848407278,817342497,3
848761388,1125969082,6
848761388,1199677638,4
848761388,1259377221,9
848761388,1259377325,10
848761388,1324430237,11
848761388,5812983734,4
848761388,5813014873,4
848761388,5813047157,18
848761388,5813077544,6
848761388,724280817,11
848761388,972892437,4
848800043,1094722478,4
848800043,1125411720,4
848800043,1188163963,3
848800043,1348769299,3
848800043,1349114715,4
848800043,1380145201,3
848800043,1380149563,3
848800043,1380408540,6
848800043,1410127303,4
848800043,1410472719,3
848800043,1441503748,3
848800043,1599069164,5
848800043,1599410380,5
848800043,1599747200,5
848800043,1660776511,3
848800043,1661458883,4
848800043,5812994149,5
848800043,5813041556,3
848800043,632911211,3
848800043,632915714,5
848800043,693651381,6
848800043,693979726,7
848800043,758069811,3
848800043,817342497,3
848800043,818119357,6
848800043,848800082,6
848800043,850492366,5
848800043,850829072,4
848800043,850829248,8
848800043,880526292,7
848800043,880875900,4
848800043,910878587,3
848800043,911215499,3
848800043,912238927,3
848800043,912898873,3
848800043,913235746,3
848800043,972624772,4
848800082,1125411720,7
848800082,1127808629,3
848800082,1160833169,4
848800082,1188163963,10
848800082,1219889738,3
848800082,1282991279,5
848800082,1349114715,5
848800082,1410127303,4
848800082,1410127581,7
848800082,1410472719,5
848800082,1441503748,5
848800082,1504268020,6
848800082,1599069164,3
848800082,1599410380,7
848800082,1599773239,3
848800082,1661799601,7
848800082,5812994148,7
848800082,5812994149,4
848800082,5813040300,4
848800082,5813095667,4
848800082,5813128240,3
848800082,632600726,12
848800082,632911211,6
848800082,632915714,7
848800082,663950729,4
848800082,727371546,3
848800082,817342497,4
848800082,818119357,7
848800082,848800043,5
848800082,850492366,3
848800082,850829248,5
848800082,879844144,6
848800082,879844178,3
848800082,880875900,13
848800082,972624772,7
848800082,974968796,5
848817674,1032643905,5
848817674,1187831582,8
848817674,1224249917,3
848817674,1224936588,3
848817674,1251275120,5
848817674,1255638782,5
848817674,1443268440,5
848817674,478077561,5
848817674,539810773,3
848817674,569481415,12
848817674,570185174,12
848817674,5813015999,4
848817674,5813041365,3
848817674,5813081686,6
848817674,601216096,5
848817674,696336849,10
848817674,759084486,7
848817674,849832062,4
848817674,849844855,5
848817674,880185131,5
848817674,880526477,4
848817674,916974420,6
848817674,941244280,6
848817674,942254554,4
848817674,943921248,4
849421763,1002507131,19
849421763,1062526223,27
849421763,1105834722,4
849421763,1106180107,7
849421763,1125964630,11
849421763,1137210821,12
849421763,1167295853,4
849421763,1167300055,3
849421763,1167567702,5
849421763,1167641412,6
849421763,1167645523,4
849421763,1167645658,3
849421763,1167895489,8
849421763,1167904437,7
849421763,1167977970,9
849421763,1168059800,3
849421763,1168064774,3
849421763,1168241257,4
849421763,1168249921,5
849421763,1197993940,15
849421763,1198334861,4
849421763,1198413357,4
849421763,1198671494,12
849421763,1198675740,5
849421763,1198680122,5
849421763,1198680249,3
849421763,1198931241,4
849421763,1199699496,9
849421763,1199712167,7
849421763,1199712272,10
849421763,1218728570,40
849421763,1218732640,17
849421763,1230026402,6
849421763,1230480261,10
849421763,1292847181,3
849421763,1318109929,13
849421763,1601771527,18
849421763,416642425,96
849421763,478375456,41
849421763,508793049,3
849421763,509410587,17
849421763,541118908,19
849421763,541870397,89
849421763,569775058,10
849421763,570461892,6
849421763,5813020409,10
849421763,5813047647,5
849421763,5813047793,3
849421763,5813048896,4
849421763,5813049948,19
849421763,5813056953,15
849421763,5813077556,6
849421763,5813080838,8
849421763,633546217,70
849421763,663190769,15
849421763,663562172,6
849421763,693755250,25
849421763,695956656,68
849421763,696362840,27
849421763,724280817,21
849421763,788794171,84
849421763,819828986,10
849421763,847336755,10
849421763,879183317,3
849421763,881898734,4
849421763,910447075,19
849421763,912601268,61
849421763,941123755,10
849421763,942173776,5
849421763,972892437,11
849421763,973566036,24
849421893,1156663078,8
849421893,1217394039,7
849421893,1248765883,3
849421893,1410450511,11
849421893,1473202957,4
849421893,1504268020,5
849421893,1504924440,8
849421893,1534616361,3
849421893,1535298439,3
849421893,1568047319,7
849421893,1597683387,3
849421893,1599772916,6
849421893,1629085008,5
849421893,1631131487,10
849421893,572167413,5
849421893,5813014859,4
849421893,5813056012,5
849421893,5813077698,5
849421893,633895972,6
849421893,662845370,10
849421893,662966385,3
849421893,663225743,3
849421893,755644082,3
849421893,786013842,5
849482511,1002507159,53
849482511,1002852791,57
849482511,1034219901,59
849482511,1062526223,4
849482511,1125964630,5
849482511,1125964814,16
849482511,1126647624,23
849482511,1127471692,11
849482511,1167977970,3
849482511,1218732640,3
849482511,1220576923,11
849482511,1220584946,3
849482511,1291094620,3
849482511,1291099014,4
849482511,1291444314,7
849482511,1318109929,6
849482511,1322129437,5
849482511,1322129781,3
849482511,1322133296,4
849482511,1322133768,5
849482511,1322133825,3
849482511,1322133891,4
849482511,1322137688,3
849482511,1322138079,6
849482511,1322470462,4
849482511,1352823209,5
849482511,1353544607,14
849482511,1380495496,11
849482511,1447576662,21
849482511,1508334312,19
849482511,1600083889,5
849482511,1631450739,10
849482511,387023620,7
849482511,387364605,64
849482511,449438847,46
849482511,508793049,11
849482511,539462336,7
849482511,5813022281,5
849482511,5813040233,4
849482511,5813047157,10
849482511,5813059835,3
849482511,5813061251,8
849482511,5813070465,3
849482511,5813080979,11
849482511,634608104,15
849482511,664645558,11
849482511,664650297,8
849482511,665314820,11
849482511,697001770,29
849482511,757055317,9
849482511,758419409,43
849482511,879183317,5
849482511,910438331,34
849482511,912545106,46
849482511,941132434,23
849482511,942491983,22
849763224,1097718901,6
849763224,1126301255,9
849763224,1126310776,9
849763224,1155652503,7
849763224,1217385533,4
849763224,1218728541,8
849763224,1224249917,6
849763224,1224254476,7
849763224,1255297613,8
849763224,1286315568,6
849763224,1411862814,9
849763224,1443579770,6
849763224,1472205673,8
849763224,1566644645,11
849763224,1662166202,8
849763224,541119189,3
849763224,5813050000,10
849763224,5813056934,9
849763224,663558074,7
849763224,663898692,6
849763224,692852666,7
849763224,818063189,14
849763224,879442155,12
849763224,879748663,3
849763224,909777910,10
849763224,941132270,7
849763224,971506655,7
849763224,972871918,4
849832062,1187831582,4
849832062,1224936588,5
849832062,1251275120,4
849832062,1255638782,7
849832062,1443268440,4
849832062,1537634396,4
849832062,1661458144,3
849832062,478077561,4
849832062,481121605,3
849832062,539810773,9
849832062,540493022,3
849832062,569481415,7
849832062,570185174,8
849832062,570518166,3
849832062,5813015999,5
849832062,5813081686,4
849832062,601216096,3
849832062,696336849,10
849832062,759084486,3
849832062,849844855,5
849832062,880185131,3
849832062,880526477,6
849832062,882533209,3
849832062,916974420,4
849832062,942254554,4
849832122,632911211,3
849832122,818119357,3
849844855,1187831582,4
849844855,1224936588,3
849844855,1251275120,5
849844855,1255638782,3
849844855,1412238418,3
849844855,1443268440,9
849844855,1537634396,6
849844855,1661458144,9
849844855,478077561,3
849844855,539810773,6
849844855,540493022,9
849844855,569481415,10
849844855,570185174,6
849844855,570518166,3
849844855,5813015999,5
849844855,5813081686,7
849844855,601216096,4
849844855,696336849,6
849844855,759084486,7
849844855,848817674,5
849844855,849832062,3
849844855,880185131,10
849844855,880526477,3
849844855,881458181,3
849844855,941244280,9
849844855,942254554,5
849844855,943921248,3
850104005,1002848124,7
850104005,1003318634,3
850104005,1094934199,8
850104005,1126306451,4
850104005,1218732781,5
850104005,1218732931,6
850104005,5813014062,6
850104005,664235541,5
850104005,695270840,10
850104005,786013856,6
850104005,786674282,10
850104005,786989348,6
850104005,786989395,4
850104005,817346903,7
850104005,878380399,7
850104005,910447220,9
850104005,911504643,6
850104005,940791383,5
850194651,1200053009,6
850194651,635234035,4
850194651,760094565,9
850194651,880875840,3
850194651,882239837,4
850194651,916284630,3
850194651,941939879,3
850492366,1125411720,5
850492366,1158507467,3
850492366,1159530101,6
850492366,1188163963,3
850492366,1219889738,4
850492366,1349114715,3
850492366,1380145201,3
850492366,1380149563,6
850492366,1380149683,6
850492366,1410127303,5
850492366,1410472719,5
850492366,1441503748,3
850492366,1599069164,3
850492366,1599410380,5
850492366,1599747200,4
850492366,1660776511,5
850492366,1661458883,7
850492366,5812994149,6
850492366,5813041556,4
850492366,5813128308,3
850492366,632911211,3
850492366,632915714,4
850492366,664632485,3
850492366,666308023,3
850492366,693651381,8
850492366,697014777,3
850492366,757055403,6
850492366,818119357,4
850492366,848800043,5
850492366,848800082,5
850492366,850829248,4
850492366,851170296,4
850492366,880526292,3
850492366,880875900,6
850492366,881868311,4
850492366,911215499,4
850492366,913235746,3
850492366,943592989,4
850492366,972624772,5
850829072,1094722478,3
850829072,1380149683,3
850829072,879844144,3
850829072,880526292,3
850829248,1125411720,5
850829248,1129456907,3
850829248,1158507467,3
850829248,1188163963,6
850829248,1200032115,4
850829248,1218728463,5
850829248,1218728544,3
850829248,1249763220,3
850829248,1348769299,3
850829248,1349114715,3
850829248,1410127303,4
850829248,1410127581,5
850829248,1410472719,4
850829248,1441503748,3
850829248,1599069164,5
850829248,1599410380,9
850829248,1599747200,3
850829248,1661122416,3
850829248,1661799601,3
850829248,5812994149,6
850829248,5813041556,4
850829248,632600726,3
850829248,632911211,6
850829248,632915714,7
850829248,818119357,7
850829248,848800043,4
850829248,848800082,3
850829248,880526292,3
850829248,880875900,4
850829248,943592738,3
850829248,972624772,8
850829248,974968796,4
850855138,880875927,3
850855138,911569552,5
850855138,941939879,5
851170296,1003659595,3
851170296,1200032115,5
851170296,1661799601,3
851170296,5812994149,3
851170296,632915714,3
851170296,666308023,6
851493896,1004700437,6
851493896,666308023,4
851493896,912925080,4
851493896,941939879,3
851493896,944262351,5
877702431,1157000178,3
877702431,1218728588,6
877702431,1249763220,4
877702431,1258686925,3
877702431,1410105306,4
877702431,1628744095,4
877702431,723546819,4
877702431,817683388,7
877702431,910447181,3
877702431,912925080,4
877702431,916284630,14
877702431,940808800,4
877702431,942172835,7
878380399,1002848124,9
878380399,1094934199,6
878380399,1126306451,11
878380399,1218732781,7
878380399,1218732931,14
878380399,5813014062,12
878380399,664235541,4
878380399,786013801,8
878380399,786013856,8
878380399,786674282,8
878380399,786989348,4
878380399,786989395,4
878380399,817346903,10
878380399,819073675,9
878380399,850104005,9
878380399,910447220,4
878380399,911504643,4
878380399,940791383,4
878725581,1008028537,7
878725581,1126310716,3
878725581,1219069788,5
878725581,1249102842,3
878725581,1441485464,3
878725581,847712250,3
878725581,850855138,3
878725581,912488890,3
878725581,912925080,6
878725581,916284630,5
878725581,940791093,5
879183317,1105834722,3
879183317,1127471692,12
879183317,1137210821,4
879183317,1137219365,7
879183317,1167895489,3
879183317,1167896065,4
879183317,1167904437,4
879183317,1167977970,5
879183317,1168059800,5
879183317,1197993940,5
879183317,1198006801,3
879183317,1198326456,7
879183317,1198667367,4
879183317,1198680122,4
879183317,1198684596,4
879183317,1199712272,3
879183317,1220576923,13
879183317,1220584946,16
879183317,1229710803,8
879183317,1292847181,6
879183317,1318109929,17
879183317,1353544607,41
879183317,1380495496,10
879183317,1508334312,9
879183317,1600083889,16
879183317,1631450739,10
879183317,387023620,23
879183317,508793049,5
879183317,539462336,19
879183317,5813022281,6
879183317,5813027103,28
879183317,5813047157,31
879183317,5813047793,8
879183317,5813050767,12
879183317,5813053866,6
879183317,5813070465,21
879183317,5813080979,4
879183317,633546217,3
879183317,634608104,12
879183317,634962055,12
879183317,663190769,3
879183317,664645558,10
879183317,664650297,26
879183317,665314820,4
879183317,694920753,38
879183317,695956656,22
879183317,696362840,24
879183317,725951521,49
879183317,757055317,6
879183317,789126240,45
879183317,819828986,41
879183317,849482511,7
879183317,941123755,4
879442155,1126301255,8
879442155,1126310776,6
879442155,1126310969,14
879442155,1155652503,8
879442155,1217385533,11
879442155,1218728541,9
879442155,1224249917,11
879442155,1224254476,6
879442155,1255297613,10
879442155,1286315568,4
879442155,1443579770,8
879442155,1472205673,7
879442155,1566644645,9
879442155,1662166202,7
879442155,541119189,8
879442155,5813050000,12
879442155,5813056934,12
879442155,663558074,16
879442155,663898692,7
879442155,692852666,16
879442155,818063189,12
879442155,849763224,9
879442155,879748663,14
879442155,881458181,4
879442155,909777910,13
879442155,911565319,6
879442155,941132270,5
879442155,971506655,8
879442155,972871918,6
879748663,1126301255,4
879748663,1126310776,9
879748663,1126310969,6
879748663,1155652503,5
879748663,1217385533,9
879748663,1218728541,9
879748663,1224254476,3
879748663,1255297613,4
879748663,1286315568,3
879748663,1411862814,5
879748663,1443579770,10
879748663,1472205673,4
879748663,1566644645,5
879748663,1662166202,7
879748663,541119189,4
879748663,5813050000,9
879748663,5813056934,9
879748663,663558074,9
879748663,663898692,3
879748663,692852666,10
879748663,818063189,4
879748663,849763224,13
879748663,879442155,8
879748663,909777910,8
879748663,941132270,3
879748663,971506655,13
879748663,972871918,4
879779401,1310499077,3
879779401,1599436552,4
879779401,724276536,3
879779401,848407278,3
879844133,916284630,5
879844133,942172835,3
879844144,848800043,3
879844144,848800082,3
879844144,880875900,4
879844178,851493896,3
879844178,942172835,8
879844206,1256376704,3
879844206,1258686925,8
879844206,1282300415,5
879844206,1472542572,4
879844206,1660776511,3
879844206,1661122416,3
879844206,848800082,3
879844206,912925080,5
879844206,916284630,13
879844206,942172835,10
879844210,1599410380,3
879844210,1599747200,4
879844210,848800082,3
879844210,942254492,3
880185131,1032643905,5
880185131,1187831582,10
880185131,1224936588,6
880185131,1251275120,7
880185131,1255638782,7
880185131,1292423935,3
880185131,1412238418,4
880185131,1443268440,9
880185131,1537634396,4
880185131,1661458144,12
880185131,478077561,6
880185131,539810773,4
880185131,569481415,21
880185131,570185174,11
880185131,570518166,9
880185131,5813015999,6
880185131,5813081686,4
880185131,601216096,8
880185131,696336849,10
880185131,759084486,8
880185131,848817674,8
880185131,849832062,10
880185131,849844855,5
880185131,880526477,5
880185131,916974420,4
880185131,941244280,6
880185131,942254554,4
880185131,943921248,10
880526177,1661122416,3
880526177,481112669,10
880526177,635234035,6
880526177,819138027,3
880526177,851493896,6
880526177,880526398,5
880526177,910447181,9
880526177,948333783,4
880526292,1125411720,6
880526292,1188163963,7
880526292,1188716311,3
880526292,1219889738,3
880526292,1348769299,5
880526292,1349114715,4
880526292,1380145201,4
880526292,1380149563,3
880526292,1410472719,5
880526292,1599069164,3
880526292,1599410380,6
880526292,1599747200,5
880526292,1660789784,3
880526292,1661799601,3
880526292,5813041556,6
880526292,632911211,7
880526292,632915714,3
880526292,697014777,3
880526292,757055403,4
880526292,818119357,3
880526292,848800043,3
880526292,848800082,6
880526292,850492366,7
880526292,850829248,7
880526292,880875900,3
880526292,911215499,5
880526292,912238927,3
880526292,972624772,5
880526308,817683388,3
880526308,911134017,6
880526308,944262351,6
880526308,948333783,3
880526398,1220581302,4
880526398,1256376704,3
880526398,481112669,11
880526398,635234035,7
880526398,693979726,3
880526398,851493896,7
880526398,910447181,9
880526398,911134017,3
880526398,948333783,3
880526477,1032643905,7
880526477,1187831582,8
880526477,1251275120,7
880526477,1255638782,3
880526477,1443268440,9
880526477,1537634396,8
880526477,1661458144,4
880526477,478077561,4
880526477,481121605,4
880526477,539810773,7
880526477,540493022,7
880526477,569481415,10
880526477,570185174,10
880526477,570518166,6
880526477,5813015999,9
880526477,5813081686,7
880526477,601216096,4
880526477,696336849,12
880526477,759084486,4
880526477,848817674,5
880526477,849832062,6
880526477,849844855,5
880526477,880185131,5
880526477,916974420,3
880526477,941244280,9
880526477,942254554,3
880526477,943921248,11
880530613,1008028537,16
880530613,1035955516,3
880530613,1158747783,7
880530613,1167282562,35
880530613,1190171884,3
880530613,1200053009,38
880530613,1410105306,7
880530613,1410450511,4
880530613,1410450694,4
880530613,1411862814,12
880530613,1412164346,4
880530613,1441144493,3
880530613,1441481281,11
880530613,1441485633,3
880530613,1443579770,17
880530613,1535298460,3
880530613,1535652862,5
880530613,1566333075,4
880530613,1631450739,86
880530613,1661122416,12
880530613,387023620,8
880530613,416642425,28
880530613,417998204,17
880530613,446714544,38
880530613,449438847,4
880530613,478427368,23
880530613,509410587,13
880530613,541119189,18
880530613,569481415,25
880530613,569775058,25
880530613,572494993,20
880530613,572870540,3
880530613,5813014873,3
880530613,5813041365,3
880530613,5813048042,25
880530613,5813056953,11
880530613,5813061383,16
880530613,5813080979,17
880530613,5813127525,4
880530613,601216096,4
880530613,632229278,36
880530613,633546217,16
880530613,663562172,86
880530613,664235541,10
880530613,695270840,22
880530613,695671851,4
880530613,695956656,6
880530613,696362840,19
880530613,734581598,5
880530613,757055317,6
880530613,757694775,3
880530613,786013801,4
880530613,789126240,22
880530613,819073675,19
880530613,819828986,21
880530613,848800043,7
880530613,848800082,9
880530613,849763224,22
880530613,850104005,11
880530613,850194651,8
880530613,879844144,9
880530613,879844206,5
880530613,879844210,4
880530613,880185131,32
880530613,880526477,4
880530613,880875736,24
880530613,880875840,27
880530613,880875861,55
880530613,880875900,19
880530613,880875927,39
880530613,880880259,19
880530613,881216816,5
880530613,881221166,14
880530613,881458145,63
880530613,881458181,4
880530613,910442723,6
880530613,910442752,9
880530613,910442782,15
880530613,910783731,11
880530613,910783883,15
880530613,910783961,15
880530613,910796989,19
880530613,910801332,15
880530613,910878587,4
880530613,911129204,7
880530613,911129339,6
880530613,911211196,20
880530613,911241750,13
880530613,911470352,11
880530613,911504689,4
880530613,911565319,64
880530613,911565419,9
880530613,911569552,37
880530613,911574041,19
880530613,911574261,24
880530613,911578483,9
880530613,911578496,5
880530613,911578595,16
880530613,911897964,4
880530613,911901802,11
880530613,911906936,15
880530613,911911004,15
880530613,911911193,16
880530613,911911699,11
880530613,911919044,11
880530613,911919917,18
880530613,912243353,8
880530613,912545106,4
880530613,941469087,15
880530613,941482720,9
880530613,941810314,4
880530613,942172835,28
880530613,942173776,32
880530613,942522378,12
880530613,972871918,13
880530613,973566036,5
880530613,973959177,6
880538997,1003318634,8
880538997,1127471202,7
880538997,1128495875,7
880538997,1187844616,5
880538997,1188181261,7
880538997,446714544,7
880538997,632229278,8
880538997,633943192,3
880538997,663298610,3
880538997,695671851,3
880538997,697355847,3
880538997,757413552,7
880538997,758065781,6
880538997,786674282,4
880538997,788111826,7
880538997,819138239,8
880538997,881527223,11
880538997,909877092,8
880538997,911560974,8
880538997,974627674,5
880875736,1062526223,3
880875736,1158747783,10
880875736,1167282562,21
880875736,1190171884,5
880875736,1200053009,33
880875736,1224936588,4
880875736,1411862814,5
880875736,1441485832,3
880875736,1441485942,10
880875736,1441486002,4
880875736,1443579770,9
880875736,1566333075,6
880875736,1629426306,4
880875736,1631450739,125
880875736,1661122416,4
880875736,387023620,5
880875736,387364605,3
880875736,416642425,10
880875736,417998204,7
880875736,446714544,60
880875736,478427368,30
880875736,509410587,4
880875736,541119189,18
880875736,569481415,50
880875736,569775058,68
880875736,572494993,20
880875736,5813014882,7
880875736,5813027103,5
880875736,5813048042,24
880875736,5813056953,20
880875736,5813061383,8
880875736,5813080979,36
880875736,5813127525,7
880875736,5813128240,5
880875736,601216096,3
880875736,632229278,43
880875736,632600726,3
880875736,633200987,7
880875736,633546217,7
880875736,663558074,9
880875736,663562172,33
880875736,664235541,4
880875736,664650297,10
880875736,695956656,15
880875736,696362840,34
880875736,697001770,3
880875736,724267537,6
880875736,725951521,4
880875736,734581598,5
880875736,755644082,4
880875736,757055317,4
880875736,757413552,4
880875736,786674282,6
880875736,786679162,4
880875736,789126240,14
880875736,819073675,8
880875736,819138239,3
880875736,819828986,29
880875736,848800043,24
880875736,848800082,16
880875736,849421763,19
880875736,849421893,4
880875736,849763224,23
880875736,850104005,33
880875736,850194651,6
880875736,879442155,4
880875736,879779401,4
880875736,879844144,9
880875736,879844206,6
880875736,879844210,14
880875736,880185131,24
880875736,880530613,25
880875736,880875840,19
880875736,880875861,64
880875736,880875900,13
880875736,880875927,29
880875736,881216816,7
880875736,881221166,15
880875736,881458145,28
880875736,881898734,4
880875736,910442723,4
880875736,910442752,17
880875736,910442782,5
880875736,910783731,13
880875736,910783883,12
880875736,910783961,14
880875736,910787992,16
880875736,910796989,17
880875736,910801332,17
880875736,910878587,5
880875736,911129204,11
880875736,911129339,5
880875736,911134017,7
880875736,911138168,9
880875736,911211196,8
880875736,911241750,8
880875736,911470352,8
880875736,911565319,75
880875736,911565419,3
880875736,911569552,67
880875736,911574041,19
880875736,911574261,21
880875736,911578483,6
880875736,911578496,24
880875736,911578595,9
880875736,911823931,3
880875736,911901802,11
880875736,911906936,9
880875736,911911004,28
880875736,911911193,9
880875736,911911699,8
880875736,911919917,16
880875736,912243353,6
880875736,916974420,6
880875736,941482720,10
880875736,941810314,7
880875736,941814787,3
880875736,941939879,5
880875736,942172462,5
880875736,942172835,28
880875736,942173776,25
880875736,942254554,3
880875736,942522378,9
880875736,972871918,5
880875736,973566036,3
880875736,973959177,6
880875736,974300015,3
880875840,1004700437,3
880875840,1167282562,4
880875840,1200053009,6
880875840,1381484065,3
880875840,481112669,5
880875840,635234035,5
880875840,760094565,7
880875840,850194651,4
880875840,916284630,4
880875840,948333783,3
880875861,1197993940,22
880875861,1259377221,13
880875861,1259377325,8
880875861,1324430237,71
880875861,387364605,3
880875861,5812983734,80
880875861,5813012006,3
880875861,5813027103,3
880875861,664650297,16
880875861,696362840,5
880875861,758419409,4
880875861,789126240,7
880875861,819828986,4
880875861,847336755,4
880875861,849421763,4
880875861,879183317,12
880875861,941123755,20
880875900,1188163963,10
880875900,1189549476,5
880875900,1349114715,4
880875900,1410127303,3
880875900,1410127581,5
880875900,1410472719,5
880875900,1412164346,20
880875900,1504268020,12
880875900,1504924440,5
880875900,1536006733,11
880875900,1599069164,7
880875900,1599410380,3
880875900,1661799601,9
880875900,5812994148,6
880875900,5812994149,8
880875900,5813095667,12
880875900,5813127525,3
880875900,5813128537,3
880875900,632600726,6
880875900,632911211,3
880875900,632915714,8
880875900,662966385,6
880875900,663950729,4
880875900,726024758,10
880875900,727371546,5
880875900,759084183,12
880875900,848800082,5
880875900,850829248,4
880875900,879844144,4
880875900,912558136,3
880875900,972624772,9
880875900,974968796,12
880875927,666308023,4
880875927,911569552,3
880875927,912925080,6
880875927,944262351,7
880880259,1158747783,35
880880259,1167282562,32
880880259,1200053009,3
880880259,1348769299,6
880880259,1349114669,10
880880259,1350803100,14
880880259,1412164346,11
880880259,1629085008,12
880880259,1631450739,42
880880259,1661122416,12
880880259,387023620,69
880880259,446714544,23
880880259,478077561,25
880880259,478427368,23
880880259,539462336,11
880880259,539810773,5
880880259,540493022,9
880880259,569481415,15
880880259,572870540,3
880880259,5812991632,5
880880259,5813014882,81
880880259,5813022281,8
880880259,5813027103,31
880880259,5813041365,37
880880259,5813048042,10
880880259,5813061383,15
880880259,5813080979,13
880880259,5813128416,3
880880259,632229278,36
880880259,632911211,5
880880259,632915714,4
880880259,633943192,25
880880259,663558074,41
880880259,663950729,3
880880259,665314820,10
880880259,694920753,15
880880259,695671851,25
880880259,696362840,14
880880259,724267537,56
880880259,725951521,32
880880259,726024758,3
880880259,734581598,13
880880259,755644082,29
880880259,757055317,23
880880259,757055403,4
880880259,786000969,4
880880259,786674282,76
880880259,786679162,8
880880259,789126240,9
880880259,789130596,41
880880259,819138239,8
880880259,819828986,13
880880259,848407278,3
880880259,848800082,9
880880259,849421763,141
880880259,849421893,6
880880259,849482511,19
880880259,849832062,9
880880259,850194651,17
880880259,879442155,61
880880259,879779401,14
880880259,879844144,4
880880259,879844206,4
880880259,880185131,38
880880259,880526177,8
880880259,880526292,8
880880259,880526477,22
880880259,880530613,23
880880259,880875736,10
880880259,880875840,95
880880259,880875861,42
880880259,880875900,14
880880259,880875927,54
880880259,881216816,10
880880259,881221166,25
880880259,910442723,30
880880259,910442752,8
880880259,910442782,13
880880259,910447075,45
880880259,910447181,76
880880259,910447220,26
880880259,910473088,10
880880259,910783731,25
880880259,910783883,30
880880259,910783961,7
880880259,910787992,79
880880259,910796989,21
880880259,910801332,6
880880259,911129204,16
880880259,911129339,15
880880259,911134009,12
880880259,911134017,17
880880259,911138168,23
880880259,911211196,17
880880259,911219981,9
880880259,911241750,24
880880259,911470352,23
880880259,911565319,41
880880259,911565419,11
880880259,911569552,3
880880259,911574041,17
880880259,911574261,15
880880259,911578496,15
880880259,911578595,13
880880259,911897818,29
880880259,911897964,10
880880259,911901802,12
880880259,911906936,16
880880259,911911004,16
880880259,911911193,13
880880259,911911699,9
880880259,911919044,16
880880259,911919917,10
880880259,912243353,22
880880259,912545106,3
880880259,941123943,4
880880259,941469087,13
880880259,941482720,20
880880259,941810314,17
880880259,941814787,9
880880259,942522378,6
880880259,942587380,22
880880259,973959177,8
881216816,1258686925,5
881216816,1282300415,5
881216816,1661122416,4
881216816,912925080,3
881216816,916284630,10
881216816,940808800,4
881216816,942172835,9
881221166,1032643905,5
881221166,1062526223,84
881221166,1094934199,45
881221166,1097718901,3
881221166,1125964630,30
881221166,1125964651,30
881221166,1125964814,16
881221166,1125964879,8
881221166,1125969082,13
881221166,1126301255,29
881221166,1126301622,5
881221166,1126306451,49
881221166,1126310716,22
881221166,1126310776,26
881221166,1126310807,6
881221166,1126310841,4
881221166,1126310969,31
881221166,1126647624,18
881221166,1128088594,59
881221166,1128092885,68
881221166,1134253374,3
881221166,1155302782,10
881221166,1155652503,4
881221166,1156663078,5
881221166,1157000178,27
881221166,1158747783,11
881221166,1168659995,7
881221166,1168660239,41
881221166,1168664447,65
881221166,1187831582,9
881221166,1187844616,33
881221166,1188181261,9
881221166,1188371481,9
881221166,1188716311,12
881221166,1189549476,5
881221166,1190171884,3
881221166,1199677638,33
881221166,1217394039,3
881221166,1218728541,3
881221166,1218728570,7
881221166,1218732781,7
881221166,1218732931,3
881221166,1219069439,4
881221166,1219410844,7
881221166,1220576923,16
881221166,1220584946,42
881221166,1251275120,31
881221166,1258073453,58
881221166,1258686925,6
881221166,1353544607,3
881221166,1381484065,9
881221166,1443268440,5
881221166,1447576662,27
881221166,1566644645,33
881221166,1597683387,11
881221166,1599747200,16
881221166,1600079770,14
881221166,1600083889,54
881221166,1601771527,3
881221166,1661458144,6
881221166,481112669,8
881221166,481121605,16
881221166,570461892,3
881221166,572870540,29
881221166,5812987334,9
881221166,5812987339,10
881221166,5812987803,9
881221166,5812994148,8
881221166,5813014873,4
881221166,5813027103,6
881221166,5813040233,36
881221166,5813048042,23
881221166,5813059834,69
881221166,5813061251,16
881221166,5813061383,20
881221166,5813077544,7
881221166,5813080838,4
881221166,634608104,4
881221166,666308023,7
881221166,697001770,3
881221166,725951521,3
881221166,734581598,17
881221166,757694775,4
881221166,758065781,3
881221166,760094565,51
881221166,787374226,4
881221166,848761388,11
881221166,849421763,3
881221166,851493896,49
881221166,880530613,22
881221166,880875736,25
881221166,880880259,28
881221166,882533209,33
881221166,910442723,20
881221166,910442752,6
881221166,910442782,16
881221166,910783731,16
881221166,910783883,12
881221166,910783961,15
881221166,910796989,24
881221166,910801332,22
881221166,911129204,10
881221166,911129339,27
881221166,911134009,22
881221166,911138168,20
881221166,911211196,24
881221166,911241750,28
881221166,911470352,8
881221166,911565419,5
881221166,911574041,6
881221166,911574261,7
881221166,911578496,7
881221166,911901802,18
881221166,911906936,18
881221166,911911004,18
881221166,911911193,16
881221166,911919044,23
881221166,911919917,33
881221166,912243353,8
881221166,916284630,3
881221166,941469087,24
881221166,941482720,7
881221166,941810314,9
881221166,941814787,16
881221166,942522378,7
881221166,944262351,39
881221166,973959177,15
881527223,1003318634,10
881527223,1094934199,5
881527223,1126306451,3
881527223,1127471202,10
881527223,1128495875,11
881527223,1187844616,9
881527223,1188181261,11
881527223,446714544,7
881527223,632229278,6
881527223,633943192,8
881527223,663298610,6
881527223,695671851,6
881527223,697355847,8
881527223,757413552,7
881527223,758065781,8
881527223,788111826,8
881527223,819138239,7
881527223,880538997,6
881527223,909877092,5
881527223,911560974,14
881527223,974627674,3
881868311,1034711992,4
881868311,1167282562,3
881868311,1200032115,3
881868311,1200053009,7
881868311,1256376704,5
881868311,1380149563,4
881868311,666994301,7
881868311,693651381,3
881868311,693979726,3
881868311,941132430,4
881898734,1127476096,3
881898734,1259377221,7
881898734,1259377325,15
881898734,1318109929,43
881898734,1324430237,84
881898734,541870397,4
881898734,5812983734,74
881898734,633546217,3
881898734,697001770,3
881898734,788794171,3
881898734,849421763,42
881898734,910447075,3
881898734,912601268,4
881898734,942587380,3
882239837,1381484065,4
882239837,1508334312,4
882239837,635234035,7
882239837,760094565,5
882239837,787374226,4
882239837,850194651,5
882239837,880875840,5
882239837,912925080,3
882239837,916284630,4
882239837,974300015,3
882239837,979752365,8
882533209,1003672766,4
882533209,1292423935,3
882533209,481121605,3
882533209,5813041365,4
882533209,911565319,3
909777910,1126301255,6
909777910,1126310776,9
909777910,1126310969,8
909777910,1155652503,8
909777910,1217385533,7
909777910,1218728541,11
909777910,1224249917,7
909777910,1224254476,10
909777910,1255297613,9
909777910,1286315568,3
909777910,1411862814,7
909777910,1443579770,9
909777910,1472205673,6
909777910,1566644645,7
909777910,1662166202,6
909777910,541119189,7
909777910,5813050000,9
909777910,5813056934,10
909777910,663558074,8
909777910,663898692,4
909777910,692852666,12
909777910,849763224,11
909777910,879442155,11
909777910,879748663,4
909777910,910787992,4
909777910,941132270,4
909777910,971506655,11
909777910,972871918,6
909877092,1003318634,13
909877092,1127471202,13
909877092,1128495875,15
909877092,1187844616,10
909877092,1188181261,12
909877092,446714544,12
909877092,632229278,7
909877092,633943192,7
909877092,663298610,5
909877092,695270840,6
909877092,695671851,8
909877092,697355847,7
909877092,757413552,8
909877092,758065781,14
909877092,788111826,10
909877092,819073675,5
909877092,819138239,6
909877092,880538997,6
909877092,881527223,6
909877092,911560974,10
909877092,974627674,8
910438331,1002507131,18
910438331,1002507159,5
910438331,1002852791,5
910438331,1034219901,6
910438331,1062526223,8
910438331,1125964630,24
910438331,1137219365,3
910438331,1158747783,7
910438331,1167300194,3
910438331,1167563121,3
910438331,1167641412,3
910438331,1167645442,10
910438331,1167896065,3
910438331,1167904437,3
910438331,1167977970,7
910438331,1168059800,4
910438331,1197993940,21
910438331,1198326456,7
910438331,1198667367,3
910438331,1198671494,4
910438331,1199712272,3
910438331,1224249917,8
910438331,1224254476,7
910438331,1230480261,5
910438331,1255297613,3
910438331,1291435776,3
910438331,1292847181,5
910438331,1322133891,3
910438331,1322137688,3
910438331,1322466938,3
910438331,1410122586,8
910438331,1410122843,5
910438331,1410122892,10
910438331,1410450949,6
910438331,1410451120,3
910438331,1410451151,3
910438331,1631450739,32
910438331,387023620,11
910438331,387364605,10
910438331,449438847,23
910438331,539462336,5
910438331,5812979222,3
910438331,5812983734,5
910438331,5813022281,7
910438331,5813047793,4
910438331,5813048042,15
910438331,5813049948,6
910438331,5813050767,7
910438331,5813053866,4
910438331,5813061383,17
910438331,5813080979,24
910438331,601120917,20
910438331,632155800,14
910438331,634962055,4
910438331,663190769,27
910438331,665314820,12
910438331,693755250,22
910438331,724228740,8
910438331,734581598,9
910438331,757055317,8
910438331,758419409,37
910438331,786989348,11
910438331,786989395,24
910438331,847336755,18
910438331,847712250,10
910438331,847712342,3
910438331,849482511,12
910438331,878380399,25
910438331,878725581,3
910438331,879748663,13
910438331,880530613,8
910438331,880875736,10
910438331,881221166,9
910438331,910442752,22
910438331,910442782,3
910438331,910783731,11
910438331,910783883,17
910438331,910796989,6
910438331,911129204,15
910438331,911211196,8
910438331,911241750,17
910438331,911574041,3
910438331,911574261,6
910438331,911578595,22
910438331,911911004,5
910438331,911911193,23
910438331,911919044,8
910438331,911919917,16
910438331,912147912,100
910438331,912243353,5
910438331,940791383,24
910438331,941123755,21
910438331,941123943,22
910438331,941132270,6
910438331,941132430,28
910438331,941132434,34
910438331,941482720,9
910438331,941810314,6
910438331,941814787,14
910438331,942491983,35
910438331,942587380,3
910438331,971817401,3
910438331,973959177,17
910442723,1158747783,12
910442723,1167282562,21
910442723,1197993940,5
910442723,1200053009,13
910442723,1224254476,4
910442723,1348769299,4
910442723,1349114660,3
910442723,1349114669,9
910442723,1349114715,6
910442723,1350803100,15
910442723,1410118722,3
910442723,1503896377,4
910442723,1503922566,4
910442723,1629085008,23
910442723,1629426306,3
910442723,1631450739,41
910442723,1661122416,7
910442723,387023620,64
910442723,417998204,4
910442723,478077561,59
910442723,478427368,22
910442723,509410587,3
910442723,539462336,53
910442723,539810773,31
910442723,540493022,9
910442723,569481415,14
910442723,569775058,3
910442723,572494993,4
910442723,5812991632,6
910442723,5813014882,52
910442723,5813022281,16
910442723,5813027103,15
910442723,5813041365,51
910442723,5813048042,8
910442723,5813061383,21
910442723,5813080979,7
910442723,5813128240,3
910442723,601120917,6
910442723,632229278,34
910442723,632911211,5
910442723,632915714,11
910442723,633943192,49
910442723,634962055,11
910442723,663558074,54
910442723,663898692,3
910442723,665314820,17
910442723,694920753,12
910442723,694985489,3
910442723,695671851,14
910442723,696362840,10
910442723,724267537,43
910442723,725951521,28
910442723,734581598,11
910442723,755644082,11
910442723,757055317,42
910442723,757055403,3
910442723,786000969,9
910442723,786674282,54
910442723,786679162,15
910442723,789126240,13
910442723,789130596,61
910442723,819138035,4
910442723,819138239,7
910442723,848407278,8
910442723,849421763,139
910442723,849421893,7
910442723,849482511,18
910442723,849832062,8
910442723,850104005,4
910442723,850194651,48
910442723,850855138,18
910442723,879442155,32
910442723,879779401,6
910442723,880185131,19
910442723,880526292,11
910442723,880526477,7
910442723,880530613,7
910442723,880875736,6
910442723,880875840,68
910442723,880875861,24
910442723,880875900,18
910442723,880875927,34
910442723,880880259,28
910442723,881221166,23
910442723,881458145,3
910442723,910442752,20
910442723,910442782,6
910442723,910447075,37
910442723,910447181,65
910442723,910447220,61
910442723,910783731,16
910442723,910783883,10
910442723,910783961,8
910442723,910787992,75
910442723,910796989,14
910442723,910801332,8
910442723,911129204,16
910442723,911129339,29
910442723,911134009,16
910442723,911134017,38
910442723,911138168,23
910442723,911211196,6
910442723,911215499,5
910442723,911220331,3
910442723,911241750,12
910442723,911470352,22
910442723,911560974,28
910442723,911565319,46
910442723,911565419,6
910442723,911569552,4
910442723,911574041,16
910442723,911574261,17
910442723,911578496,23
910442723,911578595,16
910442723,911897818,51
910442723,911897964,14
910442723,911901802,10
910442723,911906936,11
910442723,911911004,20
910442723,911911193,13
910442723,911911699,11
910442723,911919044,19
910442723,911919917,17
910442723,912243353,8
910442723,912545106,4
910442723,941123943,9
910442723,941132430,13
910442723,941469087,5
910442723,941482720,13
910442723,941810314,10
910442723,941814787,11
910442723,942173776,3
910442723,942254492,9
910442723,942254554,7
910442723,942522378,13
910442723,942587380,40
910442723,972871918,5
910442723,973959177,10
910442752,1003318634,10
910442752,1003672766,16
910442752,1004014587,11
910442752,1004017998,6
910442752,1035045015,4
910442752,1065409934,24
910442752,1065410141,15
910442752,1097718659,44
910442752,1097718901,39
910442752,1125969082,33
910442752,1127471202,24
910442752,1127471692,4
910442752,1127476096,16
910442752,1128088594,5
910442752,1128092885,9
910442752,1128495875,7
910442752,1134253374,15
910442752,1155652503,13
910442752,1158747783,9
910442752,1164597572,3
910442752,1167995070,17
910442752,1168659995,5
910442752,1168664495,12
910442752,1217372569,3
910442752,1217385533,32
910442752,1218728541,16
910442752,1218728570,32
910442752,1218732640,10
910442752,1218732781,19
910442752,1218732931,33
910442752,1219069439,54
910442752,1219069788,6
910442752,1248424794,7
910442752,1248765883,5
910442752,1248770299,8
910442752,1249098248,7
910442752,1249763220,8
910442752,1310499077,8
910442752,1318109929,9
910442752,1353544607,22
910442752,1412238418,15
910442752,1442931758,3
910442752,1443268440,3
910442752,1472205673,11
910442752,1536006733,14
910442752,1599069164,5
910442752,1601771527,48
910442752,1631131487,4
910442752,1661121263,3
910442752,1662166202,37
910442752,481112669,30
910442752,508793049,3
910442752,570185174,9
910442752,572167406,14
910442752,572870540,3
910442752,5812987803,23
910442752,5813012006,3
910442752,5813014062,30
910442752,5813014505,6
910442752,5813014873,15
910442752,5813015999,31
910442752,5813023615,4
910442752,5813026993,5
910442752,5813044670,10
910442752,5813048042,12
910442752,5813061383,14
910442752,5813077544,32
910442752,5813081686,3
910442752,5813095667,5
910442752,5813127581,5
910442752,5813128308,5
910442752,632544268,10
910442752,663225743,5
910442752,666308023,37
910442752,666994301,35
910442752,695629525,22
910442752,723602649,16
910442752,724280817,13
910442752,734581598,18
910442752,786013842,3
910442752,787374226,48
910442752,818063189,5
910442752,848761388,48
910442752,880530613,15
910442752,880875736,21
910442752,880880259,14
910442752,881221166,5
910442752,882533209,47
910442752,909877092,3
910442752,910442723,16
910442752,910442782,15
910442752,910783731,29
910442752,910783883,13
910442752,910783961,19
910442752,910796989,34
910442752,910801332,17
910442752,911129204,27
910442752,911129339,14
910442752,911134009,26
910442752,911138168,15
910442752,911211196,14
910442752,911241750,18
910442752,911470352,11
910442752,911500529,5
910442752,911565419,30
910442752,911574041,5
910442752,911574261,10
910442752,911578496,17
910442752,911578595,22
910442752,911901802,13
910442752,911906936,18
910442752,911911004,7
910442752,911911193,14
910442752,911911699,15
910442752,911919044,11
910442752,911919917,6
910442752,912243353,8
910442752,916284630,71
910442752,941244280,3
910442752,941469087,21
910442752,941482720,8
910442752,941810314,7
910442752,941814787,9
910442752,942522378,17
910442752,972555509,27
910442752,972624772,5
910442752,972892437,11
910442752,973959177,7
910442782,1158747783,24
910442782,1197993940,98
910442782,1224249917,17
910442782,1224254476,50
910442782,1255297613,52
910442782,1286315568,5
910442782,1292423935,35
910442782,1348769299,5
910442782,1349114669,4
910442782,1349114715,9
910442782,1350803100,3
910442782,1410118722,3
910442782,1410122382,3
910442782,1410122586,5
910442782,1410122843,7
910442782,1410122892,12
910442782,1410450859,5
910442782,1410450949,26
910442782,1410451120,6
910442782,1441485464,6
910442782,1503922566,3
910442782,1508334312,8
910442782,1537634396,10
910442782,1661799601,3
910442782,387023620,46
910442782,387364605,15
910442782,478077561,6
910442782,539462336,83
910442782,539810773,24
910442782,540493022,19
910442782,5812994149,3
910442782,5813014573,3
910442782,5813014859,3
910442782,5813014873,3
910442782,5813014882,6
910442782,5813022281,29
910442782,5813027103,4
910442782,5813041365,106
910442782,5813048042,22
910442782,5813061383,25
910442782,5813070465,48
910442782,5813080838,3
910442782,601120917,44
910442782,632155800,17
910442782,632911211,15
910442782,632915714,17
910442782,633943192,10
910442782,634962055,49
910442782,662840966,4
910442782,663190769,32
910442782,663950729,7
910442782,664632485,6
910442782,665314820,9
910442782,695671851,20
910442782,696336849,18
910442782,697355847,19
910442782,724228740,13
910442782,724267537,12
910442782,725951521,3
910442782,726024758,18
910442782,727035427,3
910442782,727371546,3
910442782,734581598,22
910442782,755644082,3
910442782,757055317,15
910442782,757055403,6
910442782,758069781,3
910442782,758069811,7
910442782,758419409,5
910442782,785957618,3
910442782,786674282,6
910442782,786989348,12
910442782,786989395,17
910442782,789130596,34
910442782,816682110,14
910442782,817674780,7
910442782,819138027,6
910442782,819138239,32
910442782,847336755,28
910442782,847712250,10
910442782,847712342,17
910442782,849421763,18
910442782,849482511,24
910442782,849832062,10
910442782,849832122,15
910442782,850194651,107
910442782,850492366,6
910442782,850855138,95
910442782,878380399,24
910442782,878725581,7
910442782,879748663,23
910442782,880526398,4
910442782,880526477,29
910442782,880530613,11
910442782,880875736,5
910442782,880875840,14
910442782,880880259,9
910442782,881221166,12
910442782,881527223,10
910442782,882239837,7
910442782,910438331,39
910442782,910442723,8
910442782,910442752,22
910442782,910447075,7
910442782,910447181,10
910442782,910447220,9
910442782,910783731,15
910442782,910783883,24
910442782,910783961,19
910442782,910787992,11
910442782,910796989,13
910442782,910801332,17
910442782,911129204,29
910442782,911129339,11
910442782,911134009,12
910442782,911138168,6
910442782,911211196,16
910442782,911215499,8
910442782,911220325,3
910442782,911241750,22
910442782,911470352,13
910442782,911560974,41
910442782,911565419,9
910442782,911574041,16
910442782,911574261,15
910442782,911578496,9
910442782,911578595,29
910442782,911897818,31
910442782,911897964,25
910442782,911901802,26
910442782,911906936,3
910442782,911911004,25
910442782,911911193,24
910442782,911911699,6
910442782,911919044,18
910442782,911919917,18
910442782,912147912,57
910442782,912238927,4
910442782,912243353,15
910442782,912894991,23
910442782,912925080,39
910442782,940791092,7
910442782,940791383,64
910442782,941123755,59
910442782,941123943,63
910442782,941132270,8
910442782,941132430,82
910442782,941132434,25
910442782,941469087,20
910442782,941482720,14
910442782,941810314,23
910442782,941814787,28
910442782,942254554,26
910442782,942491983,11
910442782,942522378,13
910442782,942587380,76
910442782,973959177,19
910442782,974239375,3
910442782,974300015,15
910442782,979752365,3
910447075,1002507131,15
910447075,1004017998,21
910447075,1035045015,9
910447075,1062526223,6
910447075,1125964630,9
910447075,1127471692,3
910447075,1167641412,4
910447075,1197993940,6
910447075,1198671494,6
910447075,1218732640,11
910447075,1261768832,5
910447075,1291094620,4
910447075,1291103485,6
910447075,1291435551,7
910447075,1291435693,10
910447075,1291444314,9
910447075,1294082002,8
910447075,1294414279,7
910447075,1318109929,13
910447075,1322129437,4
910447075,1322129610,6
910447075,1322129724,5
910447075,1322129730,5
910447075,1322133296,4
910447075,1322133531,6
910447075,1322133768,8
910447075,1322133825,10
910447075,1322133891,4
910447075,1322137688,6
910447075,1322138079,5
910447075,1322142804,3
910447075,1322466938,3
910447075,1322470368,6
910447075,1322470462,3
910447075,1352823209,9
910447075,1353168228,4
910447075,1355806197,3
910447075,1601771527,6
910447075,416642425,107
910447075,478375456,69
910447075,508793049,9
910447075,509410587,13
910447075,541118908,67
910447075,541870397,111
910447075,570461892,9
910447075,5813012006,12
910447075,5813027103,15
910447075,5813047793,4
910447075,5813050767,5
910447075,5813053866,3
910447075,5813056953,14
910447075,5813059835,3
910447075,5813080838,44
910447075,632544268,6
910447075,633546217,68
910447075,634962055,7
910447075,663190769,12
910447075,663562172,14
910447075,693755250,9
910447075,694920753,8
910447075,695629525,5
910447075,695956656,82
910447075,696362840,63
910447075,724280817,3
910447075,725951521,9
910447075,788794171,77
910447075,789126240,26
910447075,819828986,27
910447075,847336755,10
910447075,849421763,24
910447075,912601268,59
910447075,941123755,4
910447075,942173776,3
910447075,972892437,10
910447075,973566036,6
910447220,1002848124,9
910447220,1094934199,8
910447220,1126306451,8
910447220,1218732781,6
910447220,1218732931,8
910447220,5813014062,9
910447220,664235541,9
910447220,695270840,12
910447220,757413552,3
910447220,786013801,14
910447220,786013856,8
910447220,786674282,11
910447220,786989348,9
910447220,786989395,5
910447220,788111826,3
910447220,817346903,10
910447220,819073675,4
910447220,850104005,12
910447220,878380399,7
910447220,911504643,4
910447220,940791383,4
910473088,1310499077,3
910473088,1410122382,3
910473088,1410450949,3
910473088,1568047319,4
910473088,1599431888,4
910473088,1629085008,4
910473088,1631131487,4
910783731,1062526223,8
910783731,1065409934,42
910783731,1065410141,19
910783731,1094722478,6
910783731,1097718659,16
910783731,1097718901,43
910783731,1125964630,3
910783731,1125969082,47
910783731,1126301255,4
910783731,1126306451,6
910783731,1127471202,5
910783731,1127471692,13
910783731,1127476096,19
910783731,1128088594,10
910783731,1128092885,22
910783731,1128495875,16
910783731,1134253374,60
910783731,1155302782,4
910783731,1155652503,22
910783731,1158507458,4
910783731,1158507467,6
910783731,1158747783,4
910783731,1159530101,6
910783731,1167995070,19
910783731,1168659995,37
910783731,1168664495,18
910783731,1189887646,3
910783731,1217372569,4
910783731,1217385533,21
910783731,1217394039,8
910783731,1218728463,7
910783731,1218728541,43
910783731,1218728570,41
910783731,1218732640,12
910783731,1218732781,47
910783731,1218732931,17
910783731,1218733141,3
910783731,1219069439,37
910783731,1219069788,11
910783731,1219410844,5
910783731,1219756158,5
910783731,1248424794,3
910783731,1248770299,3
910783731,1249098248,11
910783731,1249763220,8
910783731,1250113288,6
910783731,1258073453,5
910783731,1318109929,3
910783731,1320799646,10
910783731,1353544607,66
910783731,1412238418,10
910783731,1443268440,24
910783731,1472205673,14
910783731,1536006733,9
910783731,1599069164,9
910783731,1599410380,5
910783731,1601771527,67
910783731,1630765418,8
910783731,1631131487,18
910783731,1662166202,8
910783731,481112669,61
910783731,572167406,6
910783731,5812987803,12
910783731,5812988707,5
910783731,5813014062,17
910783731,5813014873,26
910783731,5813015999,11
910783731,5813027103,3
910783731,5813044670,20
910783731,5813048042,17
910783731,5813061383,6
910783731,5813077544,28
910783731,5813081686,28
910783731,5813095667,3
910783731,5813127581,4
910783731,663225743,3
910783731,666308023,53
910783731,666994301,24
910783731,695629525,3
910783731,723602649,4
910783731,724280817,11
910783731,725951521,3
910783731,734581598,11
910783731,758419409,3
910783731,760094565,9
910783731,786013842,7
910783731,787374226,50
910783731,818063189,11
910783731,848761388,60
910783731,880530613,22
910783731,880875736,12
910783731,880880259,14
910783731,881221166,4
910783731,882533209,75
910783731,910442723,12
910783731,910442752,21
910783731,910442782,14
910783731,910783883,25
910783731,910783961,26
910783731,910796989,22
910783731,910801332,13
910783731,911129204,5
910783731,911129339,21
910783731,911134009,16
910783731,911138168,11
910783731,911211196,13
910783731,911241750,17
910783731,911470352,11
910783731,911565419,13
910783731,911574041,10
910783731,911574261,12
910783731,911578496,22
910783731,911578595,25
910783731,911901802,17
910783731,911906936,16
910783731,911911004,11
910783731,911911193,17
910783731,911911699,11
910783731,911919044,4
910783731,911919917,3
910783731,912243353,9
910783731,916284630,50
910783731,941469087,24
910783731,941482720,10
910783731,941810314,9
910783731,941814787,6
910783731,942522378,12
910783731,972555509,14
910783731,972892437,3
910783731,973959177,3
910783883,1003672766,11
910783883,1065409934,36
910783883,1065410141,16
910783883,1097718659,5
910783883,1097718901,20
910783883,1125964630,4
910783883,1125969082,94
910783883,1127471202,27
910783883,1127471692,11
910783883,1127476096,11
910783883,1128088594,13
910783883,1128092885,14
910783883,1128495875,6
910783883,1134253374,37
910783883,1155652503,25
910783883,1159530101,8
910783883,1164597572,3
910783883,1167995070,21
910783883,1168659995,82
910783883,1168664495,14
910783883,1217372569,3
910783883,1217385533,60
910783883,1217394039,4
910783883,1218728463,3
910783883,1218728541,52
910783883,1218728544,3
910783883,1218728570,92
910783883,1218728588,11
910783883,1218732640,21
910783883,1218732781,43
910783883,1218732931,67
910783883,1218733141,10
910783883,1219069439,57
910783883,1219069788,12
910783883,1219410844,3
910783883,1219756158,18
910783883,1248424794,6
910783883,1248770299,12
910783883,1249098248,20
910783883,1249763220,21
910783883,1249763369,3
910783883,1250113288,13
910783883,1318109929,5
910783883,1353544607,39
910783883,1412238418,24
910783883,1442931758,5
910783883,1443268440,19
910783883,1472205673,3
910783883,1536006733,11
910783883,1599069164,11
910783883,1599410380,11
910783883,1601771527,92
910783883,1630765418,9
910783883,1631131487,11
910783883,481112669,45
910783883,508793049,3
910783883,572870540,5
910783883,5812987803,40
910783883,5812988707,10
910783883,5813014873,31
910783883,5813015999,19
910783883,5813023615,4
910783883,5813027103,3
910783883,5813044670,16
910783883,5813048042,17
910783883,5813059834,3
910783883,5813061383,9
910783883,5813077544,20
910783883,5813081686,3
910783883,632544268,4
910783883,634962055,3
910783883,666308023,31
910783883,734581598,9
910783883,760094565,13
910783883,787374226,54
910783883,818063189,18
910783883,848761388,59
910783883,851493896,5
910783883,880530613,18
910783883,880875736,13
910783883,880880259,22
910783883,881221166,6
910783883,882533209,73
910783883,909877092,3
910783883,910442723,13
910783883,910442752,18
910783883,910442782,15
910783883,910783731,36
910783883,910783961,23
910783883,910796989,31
910783883,910801332,10
910783883,911129204,13
910783883,911129339,13
910783883,911134009,11
910783883,911138168,12
910783883,911211196,19
910783883,911241750,24
910783883,911470352,9
910783883,911504643,3
910783883,911565419,16
910783883,911574041,21
910783883,911574261,9
910783883,911578496,15
910783883,911578595,19
910783883,911901802,30
910783883,911906936,19
910783883,911911004,15
910783883,911911193,24
910783883,911911699,16
910783883,911919044,7
910783883,911919917,13
910783883,912243353,5
910783883,916284630,15
910783883,941469087,31
910783883,941482720,18
910783883,941810314,5
910783883,941814787,12
910783883,942522378,21
910783883,972555509,9
910783883,973959177,6
910783883,974300015,3
910783961,1002507131,12
910783961,1002507159,10
910783961,1002507170,21
910783961,1002848661,28
910783961,1002852791,8
910783961,1034219901,3
910783961,1158747783,13
910783961,1197993940,50
910783961,1200032115,46
910783961,1224249917,30
910783961,1224254476,8
910783961,1255297613,13
910783961,1286315568,22
910783961,1292423935,68
910783961,1380408769,3
910783961,1410118722,4
910783961,1410122382,7
910783961,1410122586,3
910783961,1410122843,7
910783961,1410122892,7
910783961,1410450514,5
910783961,1410450859,4
910783961,1410450949,5
910783961,1410451151,6
910783961,1441485464,18
910783961,1472866173,11
910783961,1504924440,19
910783961,1508334312,40
910783961,1537634396,65
910783961,1660776511,9
910783961,1661799601,17
910783961,387364605,36
910783961,449438847,19
910783961,478375456,4
910783961,539462336,5
910783961,539810773,4
910783961,540493022,4
910783961,570461892,3
910783961,5812994149,22
910783961,5813014573,9
910783961,5813014859,3
910783961,5813022281,6
910783961,5813041365,9
910783961,5813048042,4
910783961,5813061383,7
910783961,5813070465,184
910783961,601120917,33
910783961,604242162,6
910783961,632155800,12
910783961,633943192,4
910783961,634962055,4
910783961,662840966,12
910783961,662845370,10
910783961,663190769,21
910783961,692852666,7
910783961,692857189,6
910783961,693755250,31
910783961,696336849,66
910783961,697014740,11
910783961,697014777,4
910783961,697355847,59
910783961,723546819,8
910783961,724228740,4
910783961,727035427,18
910783961,727371546,16
910783961,734581598,13
910783961,758069781,3
910783961,758069811,11
910783961,758419409,15
910783961,758743604,7
910783961,785957618,16
910783961,786989348,27
910783961,786989395,41
910783961,789104870,10
910783961,816682053,8
910783961,816682061,4
910783961,816682110,4
910783961,817342497,3
910783961,817346903,37
910783961,817674780,7
910783961,817683388,4
910783961,847336755,13
910783961,847712233,10
910783961,847712250,6
910783961,850194651,32
910783961,850492366,32
910783961,850855138,58
910783961,851170296,4
910783961,877702431,3
910783961,878380399,30
910783961,879748663,45
910783961,880530613,14
910783961,880875736,16
910783961,880875840,6
910783961,880880259,9
910783961,881221166,23
910783961,881527223,59
910783961,882239837,95
910783961,909777910,19
910783961,910438331,16
910783961,910442723,5
910783961,910442752,16
910783961,910442782,20
910783961,910783731,16
910783961,910783883,24
910783961,910796989,16
910783961,910801332,15
910783961,911129204,14
910783961,911129339,7
910783961,911134009,4
910783961,911138168,9
910783961,911211196,32
910783961,911241750,30
910783961,911470352,18
910783961,911565419,9
910783961,911574041,13
910783961,911574261,11
910783961,911578496,11
910783961,911578595,28
910783961,911901802,12
910783961,911906936,23
910783961,911911004,21
910783961,911911193,14
910783961,911911699,10
910783961,911919044,11
910783961,911919917,11
910783961,912147912,44
910783961,912243353,14
910783961,912894991,64
910783961,912925080,71
910783961,940791092,3
910783961,940791093,5
910783961,940791123,8
910783961,940791383,8
910783961,940808800,4
910783961,941123755,69
910783961,941123943,32
910783961,941132270,20
910783961,941132430,50
910783961,941132434,11
910783961,941469087,9
910783961,941482720,10
910783961,941810314,12
910783961,941814787,11
910783961,942491983,10
910783961,942522378,22
910783961,942587380,8
910783961,971506655,14
910783961,971817401,15
910783961,971817711,28
910783961,973959177,19
910783961,974300015,94
910783961,979752365,20
910796989,1008028537,3
910796989,1158747783,14
910796989,1167282562,42
910796989,1200053009,16
910796989,1350803100,4
910796989,1410105306,5
910796989,1410801066,3
910796989,1411862814,19
910796989,1441481281,9
910796989,1441485633,5
910796989,1441485832,8
910796989,1441485942,12
910796989,1441486002,4
910796989,1443579770,5
910796989,1535652862,3
910796989,1566333075,5
910796989,1631450739,86
910796989,1661122416,15
910796989,387023620,17
910796989,416642425,6
910796989,417998204,20
910796989,446714544,21
910796989,478077561,13
910796989,478427368,38
910796989,509410587,12
910796989,539462336,6
910796989,540493022,8
910796989,541119189,27
910796989,569481415,37
910796989,569775058,23
910796989,572494993,9
910796989,5813014882,11
910796989,5813022281,7
910796989,5813027103,6
910796989,5813041365,26
910796989,5813048042,10
910796989,5813056953,16
910796989,5813061383,16
910796989,5813080979,12
910796989,5813128240,4
910796989,632229278,74
910796989,632911211,5
910796989,633200861,6
910796989,633200987,6
910796989,633943192,14
910796989,634962055,12
910796989,663558074,17
910796989,663562172,56
910796989,663898692,24
910796989,664235541,16
910796989,665314820,3
910796989,694920753,3
910796989,695270840,13
910796989,695956656,18
910796989,696362840,12
910796989,724267537,11
910796989,725951521,10
910796989,734581598,6
910796989,755644082,6
910796989,757055403,3
910796989,786000969,13
910796989,786674282,23
910796989,786679162,9
910796989,789126240,8
910796989,789130596,11
910796989,819073675,6
910796989,819138027,4
910796989,819138239,16
910796989,819828986,24
910796989,848800043,5
910796989,848800082,12
910796989,849421763,25
910796989,849421893,4
910796989,849482511,4
910796989,849763224,12
910796989,850104005,24
910796989,850194651,41
910796989,850855138,6
910796989,879442155,6
910796989,879844206,3
910796989,879844210,11
910796989,880185131,51
910796989,880526177,3
910796989,880526292,6
910796989,880526477,3
910796989,880530613,10
910796989,880875736,14
910796989,880875840,39
910796989,880875861,68
910796989,880875900,15
910796989,880875927,66
910796989,880880259,19
910796989,881216816,4
910796989,881221166,14
910796989,881458145,34
910796989,910442723,15
910796989,910442752,16
910796989,910442782,5
910796989,910447181,14
910796989,910447220,8
910796989,910783731,14
910796989,910783883,16
910796989,910783961,15
910796989,910787992,22
910796989,910801332,33
910796989,910878587,19
910796989,911129204,18
910796989,911129339,16
910796989,911134009,10
910796989,911134017,22
910796989,911138168,16
910796989,911211196,9
910796989,911241750,5
910796989,911470352,11
910796989,911565319,100
910796989,911565419,10
910796989,911569552,42
910796989,911574041,9
910796989,911574261,19
910796989,911578483,8
910796989,911578496,28
910796989,911578595,10
910796989,911897818,16
910796989,911897964,4
910796989,911901802,14
910796989,911906936,7
910796989,911911004,29
910796989,911911193,6
910796989,911911699,13
910796989,911919044,6
910796989,911919917,15
910796989,912243353,17
910796989,941469087,7
910796989,941482720,4
910796989,941810314,17
910796989,941814787,10
910796989,942172462,3
910796989,942172835,41
910796989,942173776,24
910796989,942254554,9
910796989,942522378,10
910796989,942587380,14
910796989,972871918,6
910796989,973959177,4
910801332,1035955516,4
910801332,1069757725,3
910801332,1126647624,3
910801332,1158747783,5
910801332,1167282562,73
910801332,1200053009,39
910801332,1223640877,4
910801332,1224936588,13
910801332,1255638782,4
910801332,1380145201,10
910801332,1410105306,9
910801332,1410127303,4
910801332,1410127581,3
910801332,1410450511,3
910801332,1411862814,15
910801332,1412164346,8
910801332,1441144493,11
910801332,1441481281,20
910801332,1441485388,5
910801332,1441485832,9
910801332,1441485942,16
910801332,1441486002,6
910801332,1441498763,5
910801332,1441503748,12
910801332,1443579770,20
910801332,1472537557,3
910801332,1535298439,17
910801332,1535298460,3
910801332,1535652862,22
910801332,1566333075,5
910801332,1631450739,72
910801332,416642425,10
910801332,417998204,24
910801332,446714544,35
910801332,478427368,30
910801332,509410587,24
910801332,541119189,35
910801332,541870397,8
910801332,569481415,49
910801332,569775058,77
910801332,572494993,27
910801332,5813014882,9
910801332,5813048042,17
910801332,5813056953,21
910801332,5813061383,14
910801332,5813080979,15
910801332,5813122799,4
910801332,5813128537,6
910801332,601216096,15
910801332,601557317,7
910801332,632229278,32
910801332,632600726,4
910801332,633200861,6
910801332,633200987,4
910801332,633541717,6
910801332,663298610,5
910801332,663558074,6
910801332,663562172,58
910801332,663898692,31
910801332,664235541,30
910801332,664645558,10
910801332,664650297,54
910801332,694920753,3
910801332,695270840,6
910801332,695956656,15
910801332,696362840,17
910801332,724267537,15
910801332,734581598,5
910801332,757413552,13
910801332,786000969,3
910801332,786674282,22
910801332,788111826,3
910801332,788794171,3
910801332,789126240,11
910801332,819073675,6
910801332,819828986,13
910801332,848800043,19
910801332,848800082,9
910801332,848817674,19
910801332,849421763,9
910801332,849421893,3
910801332,849763224,31
910801332,849844855,5
910801332,850104005,55
910801332,850194651,8
910801332,879183317,14
910801332,879442155,5
910801332,879779401,7
910801332,880185131,14
910801332,880530613,10
910801332,880538997,11
910801332,880875736,21
910801332,880875840,12
910801332,880875861,38
910801332,880875900,6
910801332,880875927,13
910801332,880880259,6
910801332,881221166,20
910801332,881458145,65
910801332,881898734,17
910801332,910442723,12
910801332,910442752,19
910801332,910442782,19
910801332,910783731,15
910801332,910783883,17
910801332,910783961,23
910801332,910787992,24
910801332,910796989,30
910801332,910878587,5
910801332,911129204,12
910801332,911129339,4
910801332,911134009,7
910801332,911134017,20
910801332,911138168,10
910801332,911211196,12
910801332,911241750,13
910801332,911470352,17
910801332,911565319,59
910801332,911565419,16
910801332,911569552,40
910801332,911574041,10
910801332,911574261,13
910801332,911578483,31
910801332,911578496,17
910801332,911578595,18
910801332,911823931,3
910801332,911901802,15
910801332,911906936,13
910801332,911911004,14
910801332,911911193,12
910801332,911911699,13
910801332,911919044,16
910801332,911919917,15
910801332,912243353,8
910801332,912545106,3
910801332,912601268,18
910801332,916974420,10
910801332,941469087,11
910801332,941482720,15
910801332,941810314,6
910801332,941814787,14
910801332,941939879,30
910801332,942172835,77
910801332,942173776,42
910801332,942522378,11
910801332,972871918,33
910801332,973959177,10
910878587,1256376704,4
910878587,1380149563,3
910878587,693651381,4
910878587,879844206,3
910878587,881216816,3
910878587,916284630,8
910878587,942172835,4
911129204,1003318634,25
911129204,1003659595,4
911129204,1003672766,28
911129204,1004014587,27
911129204,1004017998,16
911129204,1004700437,27
911129204,1035045015,12
911129204,1097718659,72
911129204,1097718901,87
911129204,1158747783,21
911129204,1318109929,59
911129204,1472205673,37
911129204,1503581412,5
911129204,1628744095,4
911129204,1629093706,5
911129204,1631486122,4
911129204,1662166202,23
911129204,508793049,11
911129204,570185174,18
911129204,570518166,29
911129204,572167406,5
911129204,5813012006,14
911129204,5813014062,34
911129204,5813014505,21
911129204,5813016167,5
911129204,5813048042,11
911129204,5813061383,12
911129204,5813077544,4
911129204,5813077698,3
911129204,5813128308,11
911129204,632544268,35
911129204,633895972,9
911129204,635234035,25
911129204,663225743,18
911129204,665314820,3
911129204,666994301,60
911129204,693651381,3
911129204,693979726,9
911129204,695629525,38
911129204,723602649,42
911129204,724276536,23
911129204,724280817,127
911129204,734581598,10
911129204,756049717,3
911129204,757699264,7
911129204,758419409,3
911129204,786013801,3
911129204,786013842,15
911129204,787374226,4
911129204,818063189,33
911129204,848761388,3
911129204,850194651,4
911129204,880530613,8
911129204,880875736,18
911129204,880880259,18
911129204,881221166,6
911129204,881458181,10
911129204,882533209,10
911129204,909877092,29
911129204,910442723,21
911129204,910442752,20
911129204,910442782,9
911129204,910783731,7
911129204,910783883,11
911129204,910783961,27
911129204,910796989,30
911129204,910801332,12
911129204,911129339,16
911129204,911134009,11
911129204,911138168,32
911129204,911211196,9
911129204,911241750,6
911129204,911470352,12
911129204,911504643,58
911129204,911504689,3
911129204,911565419,19
911129204,911574041,14
911129204,911574261,12
911129204,911578496,15
911129204,911578595,4
911129204,911901802,14
911129204,911906936,26
911129204,911911004,15
911129204,911911193,8
911129204,911911699,16
911129204,911919044,10
911129204,911919917,7
911129204,912243353,9
911129204,912488890,10
911129204,916284630,68
911129204,941244280,25
911129204,941469087,14
911129204,941482720,10
911129204,941810314,6
911129204,941814787,13
911129204,942522378,17
911129204,948333783,10
911129204,972555509,63
911129204,972624772,13
911129204,972892437,33
911129204,973959177,14
911129204,974239375,6
911129204,974300015,4
911129339,1158747783,20
911129339,1167282562,6
911129339,1197993940,34
911129339,1200053009,13
911129339,1224249917,3
911129339,1224254476,21
911129339,1255297613,23
911129339,1286315568,3
911129339,1349114660,10
911129339,1349114669,5
911129339,1349114715,6
911129339,1350803100,6
911129339,1410122382,4
911129339,1410122586,6
911129339,1410122892,6
911129339,1410450859,5
911129339,1410450949,8
911129339,1410451120,4
911129339,1410801066,3
911129339,1503922566,9
911129339,1629085008,12
911129339,1629426306,7
911129339,1631450739,3
911129339,387023620,82
911129339,478077561,40
911129339,478375456,3
911129339,478427368,4
911129339,539462336,66
911129339,539810773,15
911129339,540493022,17
911129339,5812991632,6
911129339,5813014882,67
911129339,5813022281,21
911129339,5813027103,18
911129339,5813041365,79
911129339,5813048042,12
911129339,5813061383,32
911129339,5813077544,5
911129339,5813080838,5
911129339,601120917,18
911129339,632155800,23
911129339,632229278,9
911129339,632915714,5
911129339,633943192,42
911129339,634962055,30
911129339,663190769,17
911129339,663558074,27
911129339,663950729,10
911129339,664632485,10
911129339,665314820,27
911129339,694920753,14
911129339,694985489,3
911129339,695671851,34
911129339,724267537,38
911129339,725951521,12
911129339,734581598,18
911129339,757055317,44
911129339,757055403,4
911129339,785957618,4
911129339,786000969,13
911129339,786674282,25
911129339,786989395,13
911129339,789126240,3
911129339,789130596,91
911129339,819138027,4
911129339,819138239,12
911129339,847336755,13
911129339,848407278,7
911129339,849421763,108
911129339,849421893,5
911129339,849482511,11
911129339,849832062,9
911129339,850194651,79
911129339,850855138,26
911129339,878380399,3
911129339,878725581,5
911129339,879442155,47
911129339,879748663,16
911129339,880185131,3
911129339,880526292,28
911129339,880526477,22
911129339,880530613,6
911129339,880875736,10
911129339,880875840,79
911129339,880875861,11
911129339,880875900,4
911129339,880875927,18
911129339,880880259,6
911129339,881221166,25
911129339,910438331,5
911129339,910442723,22
911129339,910442752,12
911129339,910442782,14
911129339,910447075,16
911129339,910447181,43
911129339,910447220,47
911129339,910473088,3
911129339,910783731,25
911129339,910783883,24
911129339,910783961,14
911129339,910787992,60
911129339,910796989,13
911129339,911129204,15
911129339,911134009,34
911129339,911134017,32
911129339,911138168,18
911129339,911211196,13
911129339,911215499,12
911129339,911241750,24
911129339,911470352,21
911129339,911560974,28
911129339,911565319,18
911129339,911565419,16
911129339,911569552,4
911129339,911574041,28
911129339,911574261,23
911129339,911578496,25
911129339,911578595,28
911129339,911897818,45
911129339,911897964,25
911129339,911901802,15
911129339,911906936,7
911129339,911911004,36
911129339,911911193,14
911129339,911911699,13
911129339,911919044,26
911129339,911919917,28
911129339,912147912,21
911129339,912238927,21
911129339,912243353,17
911129339,912894991,3
911129339,940791092,4
911129339,940791383,21
911129339,941123755,34
911129339,941123943,28
911129339,941132430,33
911129339,941132434,12
911129339,941469087,4
911129339,941482720,27
911129339,941810314,17
911129339,941814787,21
911129339,942254492,4
911129339,942254554,26
911129339,942491983,7
911129339,942522378,15
911129339,942587380,66
911129339,973959177,27
911134009,1158747783,11
911134009,1167282562,11
911134009,1197993940,15
911134009,1224254476,6
911134009,1286315568,14
911134009,1348769299,5
911134009,1349114669,8
911134009,1349114715,8
911134009,1350803100,3
911134009,1410122586,11
911134009,1410122843,4
911134009,1410450859,4
911134009,1410450949,12
911134009,1410451120,7
911134009,1441485464,3
911134009,1503896377,15
911134009,1503922566,6
911134009,1629085008,8
911134009,1629426306,7
911134009,387023620,37
911134009,478077561,22
911134009,539462336,94
911134009,539810773,36
911134009,540493022,25
911134009,541118908,4
911134009,572870540,3
911134009,5813014882,69
911134009,5813022281,9
911134009,5813027103,25
911134009,5813041365,101
911134009,5813048042,11
911134009,5813061383,23
911134009,5813070464,5
911134009,5813128416,3
911134009,632155800,22
911134009,632911211,9
911134009,632915714,6
911134009,633943192,53
911134009,634962055,21
911134009,662840966,6
911134009,662845370,3
911134009,663190769,9
911134009,663558074,16
911134009,663950729,10
911134009,664632485,9
911134009,665314820,35
911134009,694920753,9
911134009,694985489,11
911134009,695671851,45
911134009,724267537,54
911134009,725951521,23
911134009,734581598,16
911134009,755644082,18
911134009,757055317,22
911134009,757055403,5
911134009,786000969,5
911134009,786674282,34
911134009,786679162,15
911134009,786989348,3
911134009,786989395,18
911134009,789130596,62
911134009,819138035,3
911134009,819138239,26
911134009,847336755,12
911134009,847712233,4
911134009,847712250,6
911134009,848407278,12
911134009,849421763,125
911134009,849482511,30
911134009,849832062,20
911134009,849832122,10
911134009,850194651,82
911134009,850855138,40
911134009,878380399,3
911134009,878725581,7
911134009,879442155,55
911134009,879748663,18
911134009,880526292,4
911134009,880526398,17
911134009,880526477,13
911134009,880530613,5
911134009,880875736,4
911134009,880875840,53
911134009,880875927,11
911134009,880880259,17
911134009,881221166,21
911134009,910438331,9
911134009,910442723,21
911134009,910442752,25
911134009,910442782,17
911134009,910447075,25
911134009,910447181,71
911134009,910447220,54
911134009,910473088,3
911134009,910783731,20
911134009,910783883,27
911134009,910783961,15
911134009,910787992,57
911134009,910796989,9
911134009,910801332,7
911134009,911129204,27
911134009,911129339,22
911134009,911134017,24
911134009,911138168,22
911134009,911211196,12
911134009,911215499,18
911134009,911241750,21
911134009,911470352,15
911134009,911560974,30
911134009,911565319,6
911134009,911565419,7
911134009,911574041,15
911134009,911574261,13
911134009,911578496,12
911134009,911578595,22
911134009,911897818,16
911134009,911897964,27
911134009,911901802,13
911134009,911906936,6
911134009,911911004,28
911134009,911911193,22
911134009,911911699,8
911134009,911919044,18
911134009,911919917,14
911134009,912147912,27
911134009,912238927,14
911134009,912243353,23
911134009,940791092,3
911134009,940791383,31
911134009,941123755,33
911134009,941123943,39
911134009,941132270,6
911134009,941132430,43
911134009,941132434,9
911134009,941469087,14
911134009,941482720,18
911134009,941810314,18
911134009,941814787,25
911134009,942173776,3
911134009,942254492,9
911134009,942254554,10
911134009,942491983,4
911134009,942522378,13
911134009,942587380,65
911134009,973959177,16
911134009,974239375,3
911134017,948333783,4
911138168,1158747783,11
911138168,1167282562,38
911138168,1200053009,18
911138168,1224249917,5
911138168,1348769299,10
911138168,1349114669,10
911138168,1349114715,15
911138168,1380145267,4
911138168,1412164346,5
911138168,1441481281,6
911138168,1503896377,3
911138168,1629085008,22
911138168,1629426306,9
911138168,387023620,86
911138168,417998204,3
911138168,446714544,6
911138168,478077561,53
911138168,478427368,5
911138168,509410587,6
911138168,539462336,67
911138168,539810773,24
911138168,540493022,31
911138168,569481415,5
911138168,569775058,10
911138168,5813014882,66
911138168,5813022281,20
911138168,5813027103,17
911138168,5813041365,58
911138168,5813048042,9
911138168,5813061383,26
911138168,5813128416,3
911138168,632229278,5
911138168,632911211,13
911138168,632915714,18
911138168,633943192,38
911138168,634962055,9
911138168,663558074,41
911138168,663562172,3
911138168,663898692,3
911138168,663950729,13
911138168,664632485,4
911138168,665314820,18
911138168,694920753,36
911138168,695671851,23
911138168,695956656,3
911138168,724267537,53
911138168,725951521,9
911138168,726024758,12
911138168,734581598,17
911138168,755644082,4
911138168,757055317,17
911138168,757055403,6
911138168,786000969,16
911138168,786674282,18
911138168,786679162,3
911138168,789126240,3
911138168,789130596,78
911138168,819073675,7
911138168,819138027,5
911138168,819138035,3
911138168,819138239,25
911138168,848407278,13
911138168,848800082,4
911138168,849421763,107
911138168,849421893,15
911138168,849482511,41
911138168,849832062,26
911138168,849832122,7
911138168,850194651,60
911138168,850855138,35
911138168,879442155,35
911138168,879779401,3
911138168,880526292,10
911138168,880526477,29
911138168,880530613,7
911138168,880875736,14
911138168,880875840,75
911138168,880875861,5
911138168,880875900,5
911138168,880875927,21
911138168,880880259,30
911138168,881221166,22
911138168,881458145,10
911138168,910442723,21
911138168,910442752,18
911138168,910442782,8
911138168,910447075,22
911138168,910447181,31
911138168,910447220,55
911138168,910783731,14
911138168,910783883,28
911138168,910783961,10
911138168,910787992,72
911138168,910796989,15
911138168,910801332,18
911138168,911129204,20
911138168,911129339,21
911138168,911134009,19
911138168,911134017,58
911138168,911211196,17
911138168,911215499,12
911138168,911219981,3
911138168,911220331,14
911138168,911241750,13
911138168,911470352,15
911138168,911560974,40
911138168,911565319,13
911138168,911565419,7
911138168,911574041,25
911138168,911574261,23
911138168,911578496,21
911138168,911578595,30
911138168,911897818,34
911138168,911897964,24
911138168,911901802,17
911138168,911906936,12
911138168,911911004,32
911138168,911911193,20
911138168,911911699,21
911138168,911919044,14
911138168,911919917,19
911138168,912238927,11
911138168,912243353,30
911138168,912894991,4
911138168,941123943,6
911138168,941132430,4
911138168,941469087,10
911138168,941482720,24
911138168,941810314,17
911138168,941814787,18
911138168,942172462,3
911138168,942172835,6
911138168,942173776,9
911138168,942254492,5
911138168,942254554,13
911138168,942522378,21
911138168,942587380,56
911138168,972871918,12
911138168,973959177,11
911211196,1008028537,79
911211196,1035955516,11
911211196,1069757725,4
911211196,1158747783,21
911211196,1167282562,52
911211196,1190171884,3
911211196,1200053009,68
911211196,1223640877,19
911211196,1224936588,7
911211196,1255638782,8
911211196,1256376704,4
911211196,1380145201,6
911211196,1380149563,8
911211196,1380495496,11
911211196,1410105306,11
911211196,1410127303,5
911211196,1410127581,4
911211196,1410450511,13
911211196,1410450694,4
911211196,1410472719,6
911211196,1411862814,13
911211196,1441144493,5
911211196,1441481281,6
911211196,1441485388,17
911211196,1441485633,12
911211196,1441485832,12
911211196,1441486002,6
911211196,1443579770,17
911211196,1535298460,8
911211196,1535652862,17
911211196,1536326457,4
911211196,1631450739,5
911211196,416642425,29
911211196,417998204,25
911211196,446714544,4
911211196,509410587,15
911211196,541119189,13
911211196,541870397,24
911211196,569775058,51
911211196,572494993,20
911211196,5813012311,3
911211196,5813048042,23
911211196,5813056953,9
911211196,5813061383,21
911211196,5813080979,3
911211196,601216096,28
911211196,601557317,3
911211196,632600726,14
911211196,633200861,3
911211196,633200871,5
911211196,633200987,9
911211196,633541717,4
911211196,633546217,20
911211196,663298610,7
911211196,663562172,73
911211196,663898692,11
911211196,664235541,53
911211196,664313308,8
911211196,664645558,14
911211196,664650297,34
911211196,695270840,36
911211196,695956656,16
911211196,734581598,11
911211196,757413552,11
911211196,788111826,27
911211196,788794171,10
911211196,819073675,15
911211196,848817674,16
911211196,849763224,9
911211196,849844855,5
911211196,879183317,59
911211196,880530613,11
911211196,880538997,17
911211196,880875736,10
911211196,880875861,7
911211196,880880259,5
911211196,881221166,17
911211196,881458145,82
911211196,881458181,4
911211196,881898734,47
911211196,910442723,16
911211196,910442752,13
911211196,910442782,8
911211196,910783731,18
911211196,910783883,18
911211196,910783961,23
911211196,910796989,7
911211196,910801332,13
911211196,911129204,9
911211196,911129339,9
911211196,911134009,7
911211196,911138168,8
911211196,911241750,31
911211196,911470352,16
911211196,911565319,11
911211196,911565419,17
911211196,911569552,9
911211196,911574041,14
911211196,911574261,19
911211196,911578483,36
911211196,911578496,7
911211196,911578595,24
911211196,911901802,27
911211196,911906936,23
911211196,911911004,32
911211196,911911193,17
911211196,911911699,17
911211196,911919044,11
911211196,911919917,15
911211196,912243353,13
911211196,912488890,3
911211196,912545106,4
911211196,912601268,21
911211196,916974420,11
911211196,941469087,24
911211196,941482720,8
911211196,941810314,13
911211196,941814787,13
911211196,941939879,43
911211196,942172835,24
911211196,942173776,39
911211196,942522378,16
911211196,972871918,18
911211196,973959177,5
911215499,1159530101,3
911215499,1188043606,3
911215499,1188163963,5
911215499,1349114715,5
911215499,1380145201,4
911215499,1380145267,6
911215499,1410127303,4
911215499,1441503748,3
911215499,1598382541,4
911215499,1599410380,3
911215499,1599747200,3
911215499,1661799601,3
911215499,5812987327,5
911215499,5813041556,6
911215499,632911211,4
911215499,757055403,3
911215499,818119357,7
911215499,848800043,7
911215499,848800082,3
911215499,850829248,4
911215499,880526292,5
911215499,943592989,4
911215499,944262351,3
911219981,851493896,5
911219981,910447181,4
911220325,851493896,5
911220325,910447181,3
911220325,911134017,3
911220331,850492366,3
911241750,1008028537,114
911241750,1035955516,8
911241750,1158747783,11
911241750,1167282562,50
911241750,1200053009,50
911241750,1223640877,8
911241750,1224936588,17
911241750,1255638782,26
911241750,1380145201,8
911241750,1380495496,12
911241750,1410105306,8
911241750,1410127303,3
911241750,1410450511,27
911241750,1410450694,3
911241750,1410472719,15
911241750,1410813978,3
911241750,1411862814,49
911241750,1441144493,10
911241750,1441481281,9
911241750,1441485388,6
911241750,1441485633,12
911241750,1441503748,19
911241750,1443579770,33
911241750,1472537557,17
911241750,1535652862,7
911241750,1536326457,7
911241750,1567020107,3
911241750,1597722005,9
911241750,1599436552,15
911241750,1628743785,3
911241750,1628744095,8
911241750,1631450739,12
911241750,416642425,24
911241750,417998204,21
911241750,446714544,4
911241750,449438847,3
911241750,478375456,16
911241750,478427368,8
911241750,509410587,6
911241750,541118908,14
911241750,541119189,32
911241750,541870397,30
911241750,569775058,53
911241750,572494993,26
911241750,572870540,3
911241750,5813012311,9
911241750,5813048042,16
911241750,5813050000,9
911241750,5813056934,11
911241750,5813056953,12
911241750,5813061383,23
911241750,5813080838,4
911241750,5813122799,5
911241750,5813128308,3
911241750,601216096,34
911241750,601557317,15
911241750,632259507,8
911241750,633200861,5
911241750,633200871,10
911241750,633200987,5
911241750,633201022,6
911241750,633546217,34
911241750,663298610,36
911241750,663562172,28
911241750,663898692,31
911241750,664235541,18
911241750,664645558,7
911241750,664650297,14
911241750,694665957,3
911241750,694666271,4
911241750,695270840,36
911241750,695956656,13
911241750,696362840,7
911241750,725360291,7
911241750,734581598,16
911241750,757413552,13
911241750,758419409,6
911241750,786013801,37
911241750,786013856,12
911241750,788111826,13
911241750,788794171,20
911241750,789126240,5
911241750,819073675,34
911241750,848817674,38
911241750,849763224,15
911241750,849844855,25
911241750,850104005,9
911241750,879183317,57
911241750,880530613,10
911241750,880538997,4
911241750,880875736,13
911241750,880875861,4
911241750,880880259,18
911241750,881221166,22
911241750,881458145,91
911241750,881458181,60
911241750,881898734,52
911241750,910442723,11
911241750,910442752,21
911241750,910442782,18
911241750,910783731,18
911241750,910783883,29
911241750,910783961,23
911241750,910796989,12
911241750,910801332,17
911241750,911129204,13
911241750,911129339,17
911241750,911134009,20
911241750,911138168,17
911241750,911211196,25
911241750,911470352,10
911241750,911504689,29
911241750,911565319,8
911241750,911565419,9
911241750,911574041,15
911241750,911574261,11
911241750,911578483,49
911241750,911578496,24
911241750,911578595,18
911241750,911901802,31
911241750,911906936,16
911241750,911911004,20
911241750,911911193,19
911241750,911911699,13
911241750,911919044,9
911241750,911919917,22
911241750,912243353,17
911241750,912488890,32
911241750,912545106,6
911241750,912601268,19
911241750,916974420,24
911241750,941469087,16
911241750,941482720,7
911241750,941810314,12
911241750,941814787,19
911241750,941939879,53
911241750,942172835,14
911241750,942173776,65
911241750,942522378,7
911241750,942539535,4
911241750,948333783,22
911241750,972871918,15
911241750,973566036,51
911241750,973959177,4
911241750,974239375,20
911470352,1002507131,21
911470352,1002507159,16
911470352,1002507170,58
911470352,1002848124,42
911470352,1002848661,48
911470352,1002852791,12
911470352,1034219901,17
911470352,1062526223,11
911470352,1126301255,4
911470352,1126306451,3
911470352,1126310969,4
911470352,1128088594,13
911470352,1128092885,3
911470352,1129456907,12
911470352,1158747783,25
911470352,1160833169,5
911470352,1190171884,87
911470352,1200032115,77
911470352,1258686925,68
911470352,1292423935,10
911470352,1381484065,77
911470352,1447576662,6
911470352,1473202957,29
911470352,1473207713,13
911470352,1504582746,5
911470352,1508334312,3
911470352,1661458144,30
911470352,481121605,113
911470352,572870540,6
911470352,5813040300,3
911470352,5813041556,21
911470352,5813047157,111
911470352,5813048042,17
911470352,5813059834,13
911470352,5813061383,14
911470352,5813080838,5
911470352,604242162,55
911470352,634608104,40
911470352,692852666,13
911470352,692857189,5
911470352,693755250,58
911470352,697001770,25
911470352,727371546,3
911470352,734581598,21
911470352,757694775,88
911470352,758065781,44
911470352,759084183,10
911470352,759084486,50
911470352,816682061,3
911470352,817342497,9
911470352,817346903,25
911470352,850829072,7
911470352,850829248,3
911470352,851493896,10
911470352,877702431,4
911470352,880530613,22
911470352,880875736,20
911470352,880880259,26
911470352,881221166,5
911470352,882239837,20
911470352,909777910,42
911470352,910442723,8
911470352,910442752,8
911470352,910442782,4
911470352,910783731,10
911470352,910783883,17
911470352,910783961,8
911470352,910796989,17
911470352,910801332,16
911470352,911129204,15
911470352,911129339,17
911470352,911134009,17
911470352,911138168,19
911470352,911211196,22
911470352,911241750,17
911470352,911565419,14
911470352,911574041,23
911470352,911574261,10
911470352,911578496,22
911470352,911578595,15
911470352,911901802,16
911470352,911906936,6
911470352,911911004,7
911470352,911911193,14
911470352,911911699,18
911470352,911919044,17
911470352,911919917,6
911470352,912243353,14
911470352,912545106,38
911470352,912894972,12
911470352,913235746,22
911470352,940808800,5
911470352,941123943,5
911470352,941469087,7
911470352,941482720,18
911470352,941810314,19
911470352,941814787,6
911470352,942522378,12
911470352,943592738,5
911470352,943921248,18
911470352,971506655,30
911470352,971817711,38
911470352,973959177,17
911470352,974627674,38
911470352,974968796,6
911470352,979752365,18
911500529,1004700437,6
911500529,1126301622,4
911500529,1155302782,3
911500529,1218733141,4
911500529,1248770299,3
911500529,1249098248,3
911500529,1310499077,4
911500529,1410122892,4
911500529,1441144493,3
911500529,1441485633,4
911500529,1441485942,4
911500529,1473207713,4
911500529,1503581177,4
911500529,1597722005,4
911500529,1599431888,7
911500529,1599436552,5
911500529,1629085008,6
911500529,5812987327,6
911500529,663225743,4
911500529,692857189,5
911500529,724228740,3
911500529,724276536,5
911500529,757694775,5
911500529,879779401,3
911500529,880875840,3
911500529,940808800,3
911504643,1002848124,6
911504643,1094934199,4
911504643,1126306451,6
911504643,1188181261,9
911504643,1218732781,8
911504643,1218732931,13
911504643,5813014062,7
911504643,664235541,5
911504643,786013801,12
911504643,786013856,10
911504643,786674282,14
911504643,786989348,4
911504643,786989395,4
911504643,817346903,10
911504643,819073675,4
911504643,850104005,10
911504643,878380399,6
911504643,910447220,7
911504643,940791383,5
911504689,1125964651,61
911504689,1597722005,3
911504689,1599436552,5
911504689,1599772916,4
911504689,1628743785,4
911504689,1628744095,7
911504689,417998204,52
911504689,541119189,3
911504689,570461892,8
911504689,571826184,3
911504689,572167413,4
911504689,572494993,36
911504689,5812987803,58
911504689,5813050000,19
911504689,5813056934,19
911504689,601120917,42
911504689,632155800,49
911504689,723602649,66
911504689,724267537,45
911504689,786013801,5
911504689,786013856,6
911504689,881221166,3
911504689,881458181,3
911504689,911134009,3
911504689,911565419,4
911504689,911578496,4
911504689,911906936,4
911504689,911911004,3
911504689,942535218,4
911504689,971817711,65
911560974,1003318634,6
911560974,1127471202,11
911560974,1128495875,10
911560974,1187844616,10
911560974,1188181261,13
911560974,446714544,7
911560974,632229278,8
911560974,633943192,3
911560974,695671851,4
911560974,697355847,7
911560974,757413552,8
911560974,758065781,8
911560974,788111826,5
911560974,817346903,5
911560974,880538997,6
911560974,881527223,8
911560974,909877092,10
911560974,974627674,8
911565319,481121605,5
911565319,5813041365,3
911565319,911578483,3
911565419,1158747783,26
911565419,1197993940,48
911565419,1200032115,3
911565419,1224249917,23
911565419,1224254476,12
911565419,1255297613,7
911565419,1286315568,47
911565419,1292423935,97
911565419,1410122586,7
911565419,1410450514,13
911565419,1410450859,9
911565419,1410450949,4
911565419,1410451120,16
911565419,1410451151,4
911565419,1508334312,27
911565419,1537634396,71
911565419,1660776511,22
911565419,1661799601,18
911565419,387364605,24
911565419,449438847,35
911565419,478375456,3
911565419,539462336,3
911565419,541118908,7
911565419,5812994149,18
911565419,5813014573,6
911565419,5813014873,3
911565419,5813041365,13
911565419,5813047157,3
911565419,5813048042,15
911565419,5813061383,13
911565419,5813070464,13
911565419,5813070465,141
911565419,601120917,7
911565419,632155800,52
911565419,662840966,9
911565419,662845370,11
911565419,663190769,18
911565419,695956656,3
911565419,696336849,46
911565419,697014740,16
911565419,697014777,10
911565419,697355847,74
911565419,724228740,17
911565419,727371546,3
911565419,734581598,16
911565419,758069781,3
911565419,758069811,5
911565419,758419409,15
911565419,786989348,61
911565419,786989395,19
911565419,789104870,15
911565419,816682053,9
911565419,847336755,40
911565419,847712233,4
911565419,850194651,17
911565419,850492366,16
911565419,850855138,40
911565419,878380399,13
911565419,878725581,4
911565419,879748663,7
911565419,880530613,20
911565419,880875736,9
911565419,880880259,13
911565419,881221166,17
911565419,881527223,46
911565419,882239837,74
911565419,910438331,17
911565419,910442723,7
911565419,910442752,24
911565419,910442782,13
911565419,910783731,21
911565419,910783883,23
911565419,910783961,18
911565419,910796989,10
911565419,910801332,17
911565419,911129204,22
911565419,911129339,3
911565419,911134009,14
911565419,911138168,7
911565419,911211196,19
911565419,911241750,19
911565419,911470352,12
911565419,911574041,7
911565419,911574261,12
911565419,911578496,13
911565419,911578595,28
911565419,911901802,15
911565419,911906936,33
911565419,911911004,22
911565419,911911193,13
911565419,911911699,12
911565419,911919044,15
911565419,911919917,22
911565419,912147912,52
911565419,912243353,11
911565419,912894991,102
911565419,912925080,89
911565419,940791115,12
911565419,940791383,14
911565419,941123755,106
911565419,941123943,88
911565419,941132270,28
911565419,941132430,88
911565419,941132434,20
911565419,941469087,28
911565419,941482720,18
911565419,941810314,13
911565419,941814787,21
911565419,942491983,35
911565419,942522378,9
911565419,942587380,3
911565419,973566036,3
911565419,973959177,22
911565419,974239375,5
911565419,974300015,94
911565419,979752365,59
911569552,1004700437,3
911569552,1258686925,3
911569552,850855138,6
911569552,851493896,5
911569552,880875927,4
911569552,882239837,3
911569552,941939879,3
911569552,944262351,3
911574041,1002507131,18
911574041,1002507159,8
911574041,1002507170,53
911574041,1002848124,32
911574041,1002848661,27
911574041,1002852791,17
911574041,1034219901,22
911574041,1062526223,14
911574041,1094934199,7
911574041,1125964630,4
911574041,1125964651,3
911574041,1126301255,7
911574041,1126301622,4
911574041,1126306451,7
911574041,1128088594,13
911574041,1128092885,20
911574041,1158747783,15
911574041,1190171884,52
911574041,1200032115,51
911574041,1200053009,4
911574041,1258073453,6
911574041,1258686925,56
911574041,1292423935,7
911574041,1380408769,3
911574041,1381484065,60
911574041,1447576662,10
911574041,1472866173,6
911574041,1473202957,11
911574041,1473207713,5
911574041,1504582746,5
911574041,1504924440,7
911574041,1597683387,4
911574041,1661458144,21
911574041,416642425,4
911574041,481121605,96
911574041,572870540,17
911574041,5813041556,11
911574041,5813047157,72
911574041,5813048042,25
911574041,5813059834,10
911574041,5813061251,3
911574041,5813061383,15
911574041,5813080838,5
911574041,604242162,38
911574041,634608104,26
911574041,692852666,11
911574041,693755250,69
911574041,694920753,3
911574041,697001770,48
911574041,697355847,3
911574041,723546819,7
911574041,727371546,4
911574041,734581598,16
911574041,757694775,84
911574041,758065781,46
911574041,759084183,8
911574041,759084486,47
911574041,817342497,5
911574041,817346903,9
911574041,850829072,4
911574041,850829248,18
911574041,851493896,10
911574041,877702431,6
911574041,880530613,16
911574041,880875736,14
911574041,880880259,14
911574041,881221166,4
911574041,881868311,3
911574041,882239837,9
911574041,909777910,16
911574041,910442723,15
911574041,910442752,17
911574041,910442782,9
911574041,910783731,14
911574041,910783883,10
911574041,910783961,5
911574041,910796989,13
911574041,910801332,11
911574041,911129204,12
911574041,911129339,9
911574041,911134009,11
911574041,911138168,14
911574041,911211196,17
911574041,911241750,24
911574041,911470352,22
911574041,911565419,9
911574041,911574261,9
911574041,911578496,22
911574041,911578595,9
911574041,911901802,15
911574041,911906936,12
911574041,911911004,8
911574041,911911193,12
911574041,911911699,6
911574041,911919044,12
911574041,911919917,7
911574041,912243353,17
911574041,912545106,34
911574041,912894972,3
911574041,912898873,7
911574041,912925080,4
911574041,913235746,4
911574041,940808800,8
911574041,941469087,13
911574041,941482720,23
911574041,941810314,22
911574041,941814787,15
911574041,942522378,13
911574041,943592738,3
911574041,943921248,31
911574041,971506655,36
911574041,971817711,19
911574041,973959177,24
911574041,974239375,3
911574041,974627674,29
911574041,974968796,4
911574041,979752365,12
911574261,1002507170,22
911574261,1002848124,11
911574261,1002848661,7
911574261,1032643905,18
911574261,1062526223,80
911574261,1094934199,52
911574261,1125411720,6
911574261,1125964630,28
911574261,1125964651,33
911574261,1125964814,18
911574261,1125964899,5
911574261,1126301255,50
911574261,1126301622,10
911574261,1126305687,5
911574261,1126306451,31
911574261,1126310716,13
911574261,1126310776,21
911574261,1126310807,6
911574261,1126310841,9
911574261,1126310969,12
911574261,1126647624,9
911574261,1128088594,32
911574261,1128092885,44
911574261,1129456907,4
911574261,1156999846,13
911574261,1157000178,12
911574261,1158747783,23
911574261,1168660239,48
911574261,1168664447,38
911574261,1187831582,31
911574261,1187844616,34
911574261,1188163963,7
911574261,1188181261,35
911574261,1190171884,29
911574261,1199677638,37
911574261,1200032115,9
911574261,1219889738,8
911574261,1220576923,14
911574261,1220584946,40
911574261,1251269930,8
911574261,1251275120,24
911574261,1258073453,40
911574261,1258686925,37
911574261,1345056477,6
911574261,1381484065,68
911574261,1447576662,23
911574261,1472866173,3
911574261,1473202957,6
911574261,1566644645,27
911574261,1597683387,20
911574261,1600079770,18
911574261,1600083889,66
911574261,1661458144,16
911574261,1661458883,12
911574261,481121605,55
911574261,572870540,18
911574261,5812987321,4
911574261,5812987327,26
911574261,5812987334,4
911574261,5812994148,5
911574261,5813040233,13
911574261,5813041556,7
911574261,5813047157,15
911574261,5813048042,16
911574261,5813059834,63
911574261,5813061251,16
911574261,5813061383,26
911574261,5813080838,4
911574261,604242162,20
911574261,634608104,10
911574261,693755250,12
911574261,696362840,4
911574261,697001770,7
911574261,734581598,18
911574261,757694775,26
911574261,758065781,21
911574261,759084183,4
911574261,759084486,19
911574261,760094565,18
911574261,819828986,4
911574261,848761388,3
911574261,850829072,4
911574261,850829248,4
911574261,851493896,33
911574261,880530613,24
911574261,880875736,21
911574261,880875861,3
911574261,880880259,27
911574261,881221166,9
911574261,882533209,11
911574261,910442723,18
911574261,910442752,9
911574261,910442782,11
911574261,910783731,9
911574261,910783883,7
911574261,910783961,6
911574261,910796989,23
911574261,910801332,18
911574261,911129204,15
911574261,911129339,15
911574261,911134009,26
911574261,911138168,13
911574261,911211196,26
911574261,911241750,24
911574261,911470352,23
911574261,911565419,8
911574261,911574041,12
911574261,911578496,9
911574261,911578595,3
911574261,911901802,9
911574261,911906936,7
911574261,911911004,23
911574261,911911193,13
911574261,911911699,5
911574261,911919044,19
911574261,911919917,18
911574261,912243353,5
911574261,912545106,12
911574261,941469087,18
911574261,941482720,17
911574261,941810314,9
911574261,941814787,26
911574261,942522378,7
911574261,943592738,5
911574261,943921248,15
911574261,944262351,26
911574261,971506655,11
911574261,971817711,15
911574261,973959177,18
911574261,974239375,5
911574261,974627674,9
911574261,974968796,11
911578483,1292423935,6
911578483,1322137688,4
911578496,1002507131,29
911578496,1002507159,15
911578496,1002507170,67
911578496,1002848124,47
911578496,1002848661,68
911578496,1002852791,37
911578496,1034219901,12
911578496,1128092885,30
911578496,1158747783,19
911578496,1190171884,71
911578496,1200032115,75
911578496,1258686925,81
911578496,1292423935,16
911578496,1381484065,56
911578496,1447576662,4
911578496,1472866173,7
911578496,1473202957,6
911578496,1473207713,12
911578496,1504582746,12
911578496,1504924440,16
911578496,1661458144,53
911578496,416642425,3
911578496,481121605,109
911578496,5813041556,22
911578496,5813047157,113
911578496,5813048042,16
911578496,5813061383,6
911578496,5813070465,4
911578496,5813080838,4
911578496,604242162,43
911578496,633546217,4
911578496,634608104,44
911578496,692852666,35
911578496,692857189,22
911578496,693755250,112
911578496,695956656,3
911578496,697001770,30
911578496,723546819,10
911578496,727371546,10
911578496,734581598,5
911578496,757694775,98
911578496,758065781,46
911578496,759084183,32
911578496,759084486,21
911578496,816682061,8
911578496,817342497,4
911578496,817346903,57
911578496,817683388,14
911578496,850829072,19
911578496,850829248,12
911578496,877702431,14
911578496,880530613,18
911578496,880875736,26
911578496,880880259,12
911578496,881221166,11
911578496,882239837,22
911578496,882533209,3
911578496,909777910,49
911578496,910442723,18
911578496,910442752,13
911578496,910442782,6
911578496,910783731,12
911578496,910783883,9
911578496,910783961,13
911578496,910796989,29
911578496,910801332,15
911578496,911129204,18
911578496,911129339,11
911578496,911134009,12
911578496,911138168,11
911578496,911211196,20
911578496,911241750,28
911578496,911470352,12
911578496,911565419,8
911578496,911574041,16
911578496,911574261,10
911578496,911578595,16
911578496,911901802,12
911578496,911906936,16
911578496,911911004,7
911578496,911911193,3
911578496,911911699,21
911578496,911919044,22
911578496,911919917,3
911578496,912243353,11
911578496,912545106,23
911578496,912558136,8
911578496,912894972,13
911578496,912894991,8
911578496,912925080,6
911578496,913235746,17
911578496,940808800,10
911578496,941469087,6
911578496,941482720,14
911578496,941810314,13
911578496,941814787,22
911578496,942522378,3
911578496,943921248,42
911578496,971506655,42
911578496,971817711,39
911578496,973959177,9
911578496,974300015,4
911578496,974627674,51
911578496,974968796,24
911578496,979752365,39
911578595,1003672766,3
911578595,1062526223,14
911578595,1065409934,41
911578595,1065410141,18
911578595,1094722478,9
911578595,1094934199,6
911578595,1097718659,43
911578595,1097718901,30
911578595,1125964630,8
911578595,1125964651,5
911578595,1125969082,46
911578595,1126301255,5
911578595,1126310969,7
911578595,1127471202,8
911578595,1127471692,22
911578595,1127476096,20
911578595,1128092885,10
911578595,1128495875,22
911578595,1134253374,24
911578595,1155652503,22
911578595,1156663078,4
911578595,1158507458,14
911578595,1158507467,3
911578595,1159530101,13
911578595,1167995070,17
911578595,1168659995,43
911578595,1168664495,28
911578595,1189882785,8
911578595,1189887646,6
911578595,1199677638,4
911578595,1217385533,5
911578595,1217394039,10
911578595,1218728463,11
911578595,1218728541,30
911578595,1218728544,9
911578595,1218728570,45
911578595,1218728588,7
911578595,1218732640,13
911578595,1218732781,44
911578595,1218732931,33
911578595,1219069439,53
911578595,1219069788,4
911578595,1219756158,14
911578595,1249098248,3
911578595,1249763220,5
911578595,1250113157,3
911578595,1250113288,14
911578595,1310499077,8
911578595,1320799646,6
911578595,1353544607,78
911578595,1412238418,27
911578595,1442931758,4
911578595,1443268440,41
911578595,1472205673,27
911578595,1536006733,10
911578595,1599069164,4
911578595,1599410380,13
911578595,1601771527,74
911578595,1629093706,4
911578595,1631131487,16
911578595,1661121263,4
911578595,1662166202,16
911578595,449438847,4
911578595,481112669,30
911578595,5812987803,13
911578595,5812988707,8
911578595,5813014062,26
911578595,5813014873,13
911578595,5813015999,18
911578595,5813016167,6
911578595,5813023615,4
911578595,5813027103,4
911578595,5813044670,28
911578595,5813048042,12
911578595,5813059834,3
911578595,5813061383,7
911578595,5813077544,18
911578595,5813081686,22
911578595,5813095667,3
911578595,632544268,9
911578595,663225743,7
911578595,666308023,37
911578595,666994301,13
911578595,695629525,5
911578595,723602649,9
911578595,724280817,5
911578595,725951521,3
911578595,734581598,7
911578595,760094565,3
911578595,786013842,5
911578595,787374226,37
911578595,818063189,11
911578595,848761388,42
911578595,880530613,12
911578595,880875736,16
911578595,880880259,16
911578595,881221166,15
911578595,882533209,53
911578595,910442723,12
911578595,910442752,14
911578595,910442782,6
911578595,910783731,27
911578595,910783883,13
911578595,910783961,12
911578595,910796989,17
911578595,910801332,17
911578595,911129204,9
911578595,911129339,11
911578595,911134009,20
911578595,911138168,11
911578595,911211196,10
911578595,911241750,10
911578595,911470352,9
911578595,911500529,3
911578595,911504643,6
911578595,911565419,19
911578595,911574041,8
911578595,911578496,7
911578595,911901802,10
911578595,911906936,8
911578595,911911004,8
911578595,911911193,21
911578595,911911699,4
911578595,911919917,5
911578595,912243353,6
911578595,916284630,57
911578595,941132434,3
911578595,941469087,17
911578595,941482720,5
911578595,941810314,11
911578595,941814787,5
911578595,942522378,4
911578595,972555509,13
911578595,973959177,8
911823931,1134253374,10
911823931,1219069788,3
911823931,1219756158,3
911823931,1441485388,4
911823931,1629426306,3
911823931,787374226,11
911823931,880875927,5
911823931,882239837,14
911823931,911569552,7
911823931,979752365,8
911897818,1223640877,17
911897818,1600079770,31
911897818,478077561,7
911897818,478427368,32
911897818,539810773,8
911897818,540493022,6
911897818,5813014505,36
911897818,5813044670,38
911897818,5813128416,3
911897818,601557317,20
911897818,604242162,36
911897818,632911211,5
911897818,757055317,4
911897818,819138239,3
911897818,849482511,4
911897818,880526292,4
911897818,880526477,5
911897818,911215499,3
911897818,911897964,16
911897818,912894991,32
911897818,941482720,4
911897818,942254554,6
911897964,1223640877,21
911897964,1348769299,3
911897964,1349114669,3
911897964,1380145267,3
911897964,1600079770,34
911897964,478077561,7
911897964,478427368,29
911897964,539810773,8
911897964,540493022,3
911897964,5813014505,37
911897964,5813044670,31
911897964,601557317,14
911897964,604242162,36
911897964,849482511,5
911897964,849832062,8
911897964,880526477,6
911897964,911215499,3
911897964,911560974,3
911897964,911565419,3
911897964,911897818,18
911897964,911911004,3
911897964,912238927,3
911897964,912894991,29
911897964,942254492,3
911897964,942254554,5
911901802,1158747783,13
911901802,1197993940,84
911901802,1224249917,30
911901802,1224254476,23
911901802,1255297613,17
911901802,1286315568,40
911901802,1348769299,5
911901802,1349114669,13
911901802,1349114715,6
911901802,1380145267,13
911901802,1410122382,16
911901802,1410122586,21
911901802,1410122843,10
911901802,1410122892,9
911901802,1410450514,4
911901802,1410451120,6
911901802,1410451151,5
911901802,1410813978,5
911901802,1441485464,12
911901802,1503922566,9
911901802,1508334312,4
911901802,1631450739,3
911901802,387023620,75
911901802,478077561,10
911901802,478375456,3
911901802,539462336,65
911901802,539810773,39
911901802,540493022,29
911901802,5813014859,4
911901802,5813022281,22
911901802,5813041365,105
911901802,5813048042,8
911901802,5813061383,19
911901802,5813070465,11
911901802,5813128416,19
911901802,601120917,59
911901802,632155800,22
911901802,632911211,8
911901802,632915714,23
911901802,633546217,4
911901802,633943192,25
911901802,634962055,49
911901802,662840966,5
911901802,662845370,10
911901802,663190769,41
911901802,663950729,19
911901802,664235541,3
911901802,664632485,7
911901802,665314820,7
911901802,695671851,33
911901802,697355847,3
911901802,724228740,19
911901802,726024758,18
911901802,734581598,16
911901802,757055317,22
911901802,757055403,18
911901802,758069781,6
911901802,786989348,29
911901802,786989395,24
911901802,789130596,64
911901802,816682053,3
911901802,816682110,7
911901802,817674780,17
911901802,819138027,4
911901802,819138035,18
911901802,819138239,64
911901802,847336755,17
911901802,847712250,8
911901802,849482511,36
911901802,849832062,16
911901802,849832122,6
911901802,850194651,112
911901802,850855138,71
911901802,878380399,39
911901802,878725581,12
911901802,879748663,11
911901802,880526177,11
911901802,880526292,6
911901802,880526398,5
911901802,880526477,41
911901802,880530613,16
911901802,880875736,11
911901802,880875840,18
911901802,880875861,5
911901802,880880259,13
911901802,881221166,23
911901802,882239837,3
911901802,909777910,3
911901802,910438331,8
911901802,910442723,13
911901802,910442752,26
911901802,910442782,33
911901802,910783731,19
911901802,910783883,20
911901802,910783961,11
911901802,910796989,14
911901802,910801332,19
911901802,911129204,27
911901802,911129339,12
911901802,911134009,20
911901802,911138168,13
911901802,911211196,12
911901802,911215499,5
911901802,911220325,3
911901802,911220331,4
911901802,911241750,27
911901802,911470352,11
911901802,911560974,39
911901802,911565419,9
911901802,911574041,11
911901802,911574261,14
911901802,911578496,12
911901802,911578595,32
911901802,911897818,35
911901802,911897964,71
911901802,911906936,20
911901802,911911004,27
911901802,911911193,12
911901802,911911699,12
911901802,911919044,24
911901802,911919917,19
911901802,912147912,52
911901802,912238927,10
911901802,912243353,13
911901802,912894991,14
911901802,912925080,5
911901802,940791093,6
911901802,940791123,11
911901802,940791383,11
911901802,941123755,49
911901802,941123943,72
911901802,941132270,32
911901802,941132430,77
911901802,941132434,24
911901802,941469087,8
911901802,941482720,25
911901802,941810314,24
911901802,941814787,22
911901802,942254492,6
911901802,942254554,53
911901802,942491983,38
911901802,942522378,8
911901802,942587380,71
911901802,973959177,17
911901802,974239375,3
911906936,1002507131,7
911906936,1002507159,7
911906936,1002507170,33
911906936,1002848124,8
911906936,1002848661,26
911906936,1002852791,8
911906936,1034219901,7
911906936,1158747783,15
911906936,1190171884,16
911906936,1197993940,27
911906936,1200032115,42
911906936,1224249917,12
911906936,1255297613,16
911906936,1258686925,17
911906936,1286315568,5
911906936,1292423935,72
911906936,1380408540,4
911906936,1380408769,3
911906936,1381484065,3
911906936,1410122382,5
911906936,1410122586,4
911906936,1410122843,4
911906936,1410450514,9
911906936,1410451120,4
911906936,1410451151,6
911906936,1441485464,4
911906936,1472866173,3
911906936,1473207713,4
911906936,1504924440,5
911906936,1508334312,13
911906936,1537634396,22
911906936,1660776511,10
911906936,1661799601,5
911906936,387364605,12
911906936,416642425,4
911906936,449438847,22
911906936,478375456,3
911906936,481121605,31
911906936,541118908,7
911906936,5812994149,12
911906936,5813041556,6
911906936,5813047157,47
911906936,5813048042,15
911906936,5813061383,16
911906936,5813070465,79
911906936,5813080838,4
911906936,601120917,11
911906936,604242162,17
911906936,632155800,10
911906936,634608104,20
911906936,663190769,9
911906936,692852666,10
911906936,692857189,8
911906936,693755250,26
911906936,696336849,58
911906936,697001770,14
911906936,697014740,9
911906936,697014777,5
911906936,697355847,27
911906936,727371546,6
911906936,734581598,18
911906936,757694775,28
911906936,758065781,15
911906936,758069811,6
911906936,758419409,6
911906936,759084183,5
911906936,759084486,33
911906936,786013856,3
911906936,786989348,21
911906936,786989395,19
911906936,789104870,16
911906936,817346903,37
911906936,817683388,9
911906936,847336755,15
911906936,850194651,9
911906936,850492366,9
911906936,850855138,21
911906936,851170296,11
911906936,878380399,6
911906936,878725581,10
911906936,879748663,3
911906936,880530613,11
911906936,880875736,13
911906936,880880259,10
911906936,881221166,7
911906936,881527223,30
911906936,882239837,41
911906936,909777910,20
911906936,910438331,5
911906936,910442723,12
911906936,910442752,20
911906936,910442782,9
911906936,910783731,15
911906936,910783883,9
911906936,910783961,20
911906936,910796989,14
911906936,910801332,13
911906936,911129204,16
911906936,911129339,13
911906936,911134009,4
911906936,911138168,3
911906936,911211196,13
911906936,911241750,3
911906936,911470352,10
911906936,911504689,3
911906936,911565419,23
911906936,911574041,8
911906936,911574261,6
911906936,911578496,20
911906936,911578595,15
911906936,911901802,16
911906936,911911004,9
911906936,911911193,25
911906936,911911699,17
911906936,911919044,11
911906936,911919917,4
911906936,912147912,23
911906936,912243353,15
911906936,912545106,13
911906936,912894991,70
911906936,912925080,73
911906936,913235746,4
911906936,940791092,5
911906936,940791093,7
911906936,940808800,4
911906936,941123755,24
911906936,941123943,34
911906936,941132270,23
911906936,941132430,22
911906936,941132434,4
911906936,941469087,29
911906936,941482720,14
911906936,941810314,26
911906936,941814787,17
911906936,942491983,11
911906936,942522378,15
911906936,943592738,14
911906936,943921248,4
911906936,971506655,21
911906936,971817711,22
911906936,973959177,22
911906936,974239375,4
911906936,974300015,41
911906936,974627674,22
911906936,979752365,57
911911004,1002507170,11
911911004,1032643905,17
911911004,1062526223,125
911911004,1094934199,28
911911004,1097718901,3
911911004,1125411720,19
911911004,1125964630,36
911911004,1125964651,53
911911004,1125964814,22
911911004,1125964879,5
911911004,1126301255,56
911911004,1126301622,23
911911004,1126305687,5
911911004,1126306451,70
911911004,1126310716,5
911911004,1126310776,24
911911004,1126310807,10
911911004,1126310969,59
911911004,1126647624,42
911911004,1127471692,3
911911004,1128088594,64
911911004,1128092885,69
911911004,1134253374,8
911911004,1155302782,14
911911004,1156663078,9
911911004,1156999846,3
911911004,1158747783,11
911911004,1168660239,64
911911004,1168664447,36
911911004,1187831582,56
911911004,1187844616,33
911911004,1188163963,11
911911004,1188181261,22
911911004,1188371481,6
911911004,1188716311,10
911911004,1189549476,3
911911004,1190171884,6
911911004,1199677638,44
911911004,1200032115,3
911911004,1220576923,20
911911004,1220584946,36
911911004,1251265778,6
911911004,1251269930,14
911911004,1251275120,24
911911004,1258073453,46
911911004,1258686925,13
911911004,1282300415,7
911911004,1381484065,40
911911004,1443268440,9
911911004,1447576662,30
911911004,1566644645,31
911911004,1597683387,5
911911004,1599747200,5
911911004,1600079770,23
911911004,1600083889,83
911911004,1630462217,3
911911004,1661458883,4
911911004,481112669,4
911911004,481121605,28
911911004,541118908,3
911911004,541870397,3
911911004,572870540,34
911911004,5812987327,10
911911004,5812987334,7
911911004,5812987339,6
911911004,5812994148,5
911911004,5813015999,8
911911004,5813040233,19
911911004,5813048042,6
911911004,5813059834,73
911911004,5813061251,20
911911004,5813061383,32
911911004,604242162,8
911911004,633546217,3
911911004,666308023,5
911911004,693755250,6
911911004,695956656,3
911911004,697001770,3
911911004,734581598,13
911911004,757694775,13
911911004,758065781,12
911911004,759084486,9
911911004,760094565,61
911911004,787374226,6
911911004,848761388,12
911911004,850829248,11
911911004,851493896,39
911911004,880530613,31
911911004,880875736,22
911911004,880880259,17
911911004,881221166,22
911911004,881898734,3
911911004,882533209,42
911911004,910442723,29
911911004,910442752,12
911911004,910442782,20
911911004,910783731,3
911911004,910783883,7
911911004,910783961,13
911911004,910796989,25
911911004,910801332,12
911911004,911129204,19
911911004,911129339,18
911911004,911134009,23
911911004,911138168,24
911911004,911211196,20
911911004,911241750,17
911911004,911470352,4
911911004,911565419,14
911911004,911574041,13
911911004,911574261,30
911911004,911578496,7
911911004,911578595,13
911911004,911901802,25
911911004,911906936,7
911911004,911911193,7
911911004,911911699,4
911911004,911919044,24
911911004,911919917,28
911911004,912243353,15
911911004,941469087,13
911911004,941482720,18
911911004,941810314,9
911911004,941814787,24
911911004,942522378,11
911911004,943921248,10
911911004,944262351,58
911911004,971817711,7
911911004,973959177,12
911911004,974239375,3
911911193,1003672766,7
911911193,1062526223,10
911911193,1065409934,51
911911193,1065410141,25
911911193,1094722478,4
911911193,1094934199,4
911911193,1097718659,14
911911193,1097718901,14
911911193,1125964630,8
911911193,1125964651,3
911911193,1125964899,3
911911193,1125969082,77
911911193,1126310716,4
911911193,1126310776,4
911911193,1126310969,6
911911193,1127471202,17
911911193,1127471692,21
911911193,1127476096,19
911911193,1127808629,5
911911193,1128088594,8
911911193,1128092885,33
911911193,1128495875,18
911911193,1134253374,23
911911193,1155652503,21
911911193,1158507458,8
911911193,1158747783,7
911911193,1167995070,30
911911193,1168659995,85
911911193,1168664495,19
911911193,1200053009,3
911911193,1217385533,72
911911193,1217394039,5
911911193,1218728463,4
911911193,1218728541,37
911911193,1218728544,3
911911193,1218728570,113
911911193,1218728588,6
911911193,1218732640,40
911911193,1218732781,62
911911193,1218732931,41
911911193,1219069439,88
911911193,1219069788,12
911911193,1219410844,5
911911193,1219756158,22
911911193,1248424794,5
911911193,1248770299,15
911911193,1249098248,16
911911193,1249763220,17
911911193,1250113157,3
911911193,1250113288,13
911911193,1258073453,10
911911193,1310499077,8
911911193,1320799646,6
911911193,1353544607,63
911911193,1412238418,25
911911193,1443268440,26
911911193,1447576662,9
911911193,1536006733,6
911911193,1566644645,11
911911193,1599410380,11
911911193,1601771527,84
911911193,1631131487,7
911911193,481112669,54
911911193,572870540,7
911911193,5812987803,46
911911193,5812988707,13
911911193,5813014873,22
911911193,5813015999,13
911911193,5813027103,3
911911193,5813040233,4
911911193,5813044670,10
911911193,5813048042,19
911911193,5813059834,8
911911193,5813061251,5
911911193,5813061383,14
911911193,5813077544,21
911911193,5813081686,33
911911193,5813095667,24
911911193,633546217,3
911911193,666308023,48
911911193,666994301,4
911911193,695629525,3
911911193,724280817,6
911911193,725951521,3
911911193,734581598,20
911911193,760094565,11
911911193,787374226,40
911911193,848761388,48
911911193,851493896,6
911911193,880530613,12
911911193,880875736,16
911911193,880880259,18
911911193,881221166,10
911911193,882533209,53
911911193,910442723,15
911911193,910442752,32
911911193,910442782,18
911911193,910783731,19
911911193,910783883,24
911911193,910783961,13
911911193,910796989,16
911911193,910801332,17
911911193,911129204,7
911911193,911129339,18
911911193,911134009,15
911911193,911138168,14
911911193,911211196,11
911911193,911241750,13
911911193,911470352,14
911911193,911504643,4
911911193,911565419,11
911911193,911574041,9
911911193,911574261,8
911911193,911578496,11
911911193,911578595,22
911911193,911901802,16
911911193,911906936,16
911911193,911911004,9
911911193,911911699,10
911911193,911919044,6
911911193,911919917,12
911911193,912243353,9
911911193,916284630,12
911911193,941469087,22
911911193,941482720,4
911911193,941810314,13
911911193,941814787,6
911911193,942522378,11
911911193,944262351,7
911911193,972555509,4
911911193,973959177,5
911911699,1002507131,20
911911699,1002507159,23
911911699,1002507170,66
911911699,1002848124,44
911911699,1002848661,66
911911699,1002852791,26
911911699,1034219901,19
911911699,1062526223,3
911911699,1158747783,12
911911699,1190171884,24
911911699,1200032115,77
911911699,1258686925,33
911911699,1292423935,59
911911699,1380408540,4
911911699,1473202957,17
911911699,1473207713,24
911911699,1504582746,10
911911699,1504924440,3
911911699,1508334312,16
911911699,1537634396,38
911911699,1661458144,21
911911699,1661799601,15
911911699,387364605,6
911911699,449438847,31
911911699,478375456,3
911911699,481121605,57
911911699,5812994149,5
911911699,5813014573,6
911911699,5813047157,82
911911699,5813048042,25
911911699,5813059834,4
911911699,5813061383,3
911911699,5813070465,58
911911699,604242162,20
911911699,634608104,37
911911699,692852666,44
911911699,692857189,12
911911699,693755250,102
911911699,696336849,15
911911699,697001770,13
911911699,697014740,9
911911699,697355847,18
911911699,723546819,4
911911699,727035427,3
911911699,727371546,6
911911699,734581598,9
911911699,757694775,29
911911699,758065781,6
911911699,758419409,14
911911699,758743604,4
911911699,759084183,7
911911699,759084486,21
911911699,786989348,4
911911699,816682061,4
911911699,817346903,40
911911699,817683388,11
911911699,850492366,19
911911699,850829072,3
911911699,850855138,7
911911699,877702431,9
911911699,880530613,9
911911699,880875736,14
911911699,880880259,9
911911699,881221166,6
911911699,881527223,48
911911699,882239837,57
911911699,909777910,51
911911699,910442723,11
911911699,910442752,16
911911699,910442782,5
911911699,910783731,22
911911699,910783883,21
911911699,910796989,11
911911699,910801332,15
911911699,911129204,12
911911699,911129339,16
911911699,911134009,4
911911699,911138168,15
911911699,911211196,18
911911699,911241750,19
911911699,911470352,16
911911699,911565419,7
911911699,911574041,5
911911699,911574261,7
911911699,911578496,19
911911699,911578595,19
911911699,911901802,7
911911699,911906936,18
911911699,911911004,3
911911699,911911193,4
911911699,911919044,15
911911699,911919917,4
911911699,912243353,15
911911699,912545106,8
911911699,912894972,8
911911699,912894991,59
911911699,912925080,52
911911699,940808800,7
911911699,941123755,3
911911699,941123943,4
911911699,941469087,8
911911699,941482720,11
911911699,941810314,10
911911699,941814787,20
911911699,942173776,3
911911699,942522378,28
911911699,943592738,6
911911699,943921248,12
911911699,971506655,53
911911699,971817711,38
911911699,973959177,19
911911699,974300015,30
911911699,974627674,26
911911699,974968796,15
911911699,979752365,88
911919044,1003318634,15
911919044,1003672766,26
911919044,1004014587,20
911919044,1004017998,4
911919044,1004700437,16
911919044,1008028537,30
911919044,1035045015,17
911919044,1097718901,5
911919044,1158747783,15
911919044,1167282562,38
911919044,1200053009,17
911919044,1223640877,6
911919044,1224936588,6
911919044,1255638782,9
911919044,1256376704,4
911919044,1318109929,31
911919044,1380495496,11
911919044,1410127303,5
911919044,1410127581,6
911919044,1411862814,3
911919044,1441848753,5
911919044,1597722005,3
911919044,1598067695,4
911919044,1599431888,10
911919044,1599436552,26
911919044,1599772916,5
911919044,1628743785,10
911919044,1628744095,29
911919044,387364605,3
911919044,449438847,5
911919044,478375456,21
911919044,508793049,5
911919044,541118908,37
911919044,541870397,3
911919044,570185174,19
911919044,570461892,35
911919044,570518166,6
911919044,571826184,3
911919044,572166953,7
911919044,572167413,8
911919044,5813012006,11
911919044,5813014505,19
911919044,5813048042,4
911919044,5813050000,79
911919044,5813056934,58
911919044,5813061383,31
911919044,5813080838,10
911919044,5813128308,6
911919044,601557317,8
911919044,633895972,14
911919044,635234035,45
911919044,663562172,6
911919044,663898692,4
911919044,664650297,20
911919044,693651381,4
911919044,693979726,6
911919044,724276536,4
911919044,724280817,12
911919044,734581598,22
911919044,757413552,12
911919044,758419409,5
911919044,786013801,86
911919044,786013856,20
911919044,788794171,7
911919044,818119357,7
911919044,848817674,8
911919044,849844855,10
911919044,879183317,12
911919044,880530613,7
911919044,880538997,14
911919044,880875736,15
911919044,880880259,20
911919044,881221166,15
911919044,881458145,20
911919044,881458181,83
911919044,881898734,26
911919044,882239837,3
911919044,909877092,17
911919044,910442723,27
911919044,910442752,7
911919044,910442782,15
911919044,910783731,9
911919044,910783883,16
911919044,910783961,15
911919044,910796989,6
911919044,910801332,8
911919044,911129204,4
911919044,911129339,14
911919044,911134009,20
911919044,911138168,19
911919044,911211196,6
911919044,911241750,11
911919044,911470352,19
911919044,911504689,46
911919044,911565419,21
911919044,911574041,21
911919044,911574261,17
911919044,911578483,28
911919044,911578496,21
911919044,911578595,17
911919044,911901802,22
911919044,911906936,7
911919044,911911004,23
911919044,911911193,10
911919044,911911699,16
911919044,911919917,23
911919044,912243353,12
911919044,912488890,57
911919044,912601268,4
911919044,912894991,4
911919044,941244280,6
911919044,941469087,21
911919044,941482720,18
911919044,941810314,8
911919044,941814787,7
911919044,941939879,15
911919044,942172835,17
911919044,942173776,4
911919044,942522378,21
911919044,942535218,5
911919044,943226223,12
911919044,948333783,15
911919044,972624772,6
911919044,972871918,12
911919044,972892437,6
911919044,973566036,122
911919044,973959177,12
911919044,974239375,93
911919044,974300015,3
911919917,1002507131,11
911919917,1002507170,3
911919917,1002848124,5
911919917,1032643905,26
911919917,1062526223,48
911919917,1094934199,13
911919917,1097718901,3
911919917,1125411720,6
911919917,1125964630,10
911919917,1125964651,24
911919917,1125964814,11
911919917,1126301255,11
911919917,1126301622,3
911919917,1126306451,22
911919917,1126310716,4
911919917,1126310807,5
911919917,1126310969,11
911919917,1126647624,22
911919917,1128088594,41
911919917,1128092885,58
911919917,1134253374,10
911919917,1155302782,7
911919917,1156663078,6
911919917,1157000178,3
911919917,1158747783,7
911919917,1168660239,53
911919917,1168664447,76
911919917,1187831582,25
911919917,1187844616,27
911919917,1188163963,15
911919917,1188181261,36
911919917,1188371481,4
911919917,1189549476,7
911919917,1199677638,46
911919917,1200032115,5
911919917,1219889738,4
911919917,1220576923,18
911919917,1220581302,13
911919917,1220584946,61
911919917,1251269930,8
911919917,1251275120,48
911919917,1251952397,6
911919917,1258073453,35
911919917,1258686925,8
911919917,1282646571,4
911919917,1381484065,9
911919917,1447576662,18
911919917,1473202957,4
911919917,1566644645,29
911919917,1599747200,20
911919917,1600079770,28
911919917,1600083889,39
911919917,1661458144,3
911919917,1661458883,15
911919917,416642425,3
911919917,481112669,16
911919917,481121605,20
911919917,572870540,15
911919917,5812987327,6
911919917,5812987339,5
911919917,5812994148,4
911919917,5813014873,12
911919917,5813040233,24
911919917,5813048042,16
911919917,5813059834,31
911919917,5813061251,8
911919917,5813061383,20
911919917,5813077544,10
911919917,5813095667,3
911919917,665314820,4
911919917,666308023,14
911919917,696362840,3
911919917,725951521,3
911919917,734581598,16
911919917,757694775,6
911919917,758065781,4
911919917,760094565,46
911919917,787374226,17
911919917,848761388,12
911919917,848800043,3
911919917,850829248,3
911919917,851493896,19
911919917,880530613,18
911919917,880875736,13
911919917,880880259,17
911919917,881221166,31
911919917,882533209,37
911919917,910442723,13
911919917,910442752,12
911919917,910442782,13
911919917,910783731,5
911919917,910783883,9
911919917,910783961,5
911919917,910796989,19
911919917,910801332,12
911919917,911129204,9
911919917,911129339,12
911919917,911134009,21
911919917,911138168,18
911919917,911211196,21
911919917,911241750,16
911919917,911470352,5
911919917,911565419,4
911919917,911574041,14
911919917,911574261,19
911919917,911578496,6
911919917,911578595,4
911919917,911901802,12
911919917,911906936,12
911919917,911911004,21
911919917,911911193,11
911919917,911919044,30
911919917,912243353,7
911919917,941469087,12
911919917,941482720,22
911919917,941810314,11
911919917,941814787,12
911919917,942522378,5
911919917,942587380,5
911919917,944262351,30
911919917,971817711,7
911919917,973959177,23
912147912,1002507131,3
912147912,1062526223,3
912147912,1259377221,16
912147912,1259377325,16
912147912,1324430237,22
912147912,1631450739,31
912147912,387023620,5
912147912,539462336,5
912147912,5812983734,14
912147912,5813022281,3
912147912,693755250,27
912147912,941123755,4
912238927,1094722478,3
912238927,1380149683,7
912238927,1441503748,4
912238927,1661122416,5
912238927,481112669,8
912238927,5813041556,3
912238927,5813128308,3
912238927,635234035,9
912238927,693651381,3
912238927,756062593,3
912238927,757055403,3
912238927,819138035,3
912238927,848800043,4
912238927,851493896,6
912238927,880526398,4
912238927,910447181,6
912238927,911134017,5
912238927,911215499,3
912238927,911219981,3
912238927,911220325,3
912238927,944262351,5
912238927,948333783,4
912243353,1003318634,15
912243353,1003672766,33
912243353,1004014587,26
912243353,1004017998,18
912243353,1004700437,35
912243353,1008028537,3
912243353,1035045015,13
912243353,1065409934,7
912243353,1097718659,65
912243353,1097718901,42
912243353,1158747783,17
912243353,1318109929,40
912243353,1472205673,19
912243353,1503581177,4
912243353,1534616361,8
912243353,1568047319,11
912243353,1629093706,10
912243353,1631486122,4
912243353,1662166202,30
912243353,508793049,10
912243353,570185174,35
912243353,570518166,23
912243353,571826184,4
912243353,572167406,11
912243353,572167413,5
912243353,5813012006,25
912243353,5813014062,36
912243353,5813014505,15
912243353,5813014882,3
912243353,5813015999,3
912243353,5813026993,4
912243353,5813048042,16
912243353,5813050000,8
912243353,5813056934,24
912243353,5813061383,11
912243353,5813080838,3
912243353,5813128308,10
912243353,632544268,26
912243353,633895972,8
912243353,635234035,35
912243353,663225743,16
912243353,666994301,47
912243353,693979726,6
912243353,695629525,24
912243353,723602649,26
912243353,724276536,9
912243353,724280817,106
912243353,734581598,8
912243353,756390536,3
912243353,786013842,12
912243353,786013856,13
912243353,818063189,31
912243353,818119357,10
912243353,880530613,12
912243353,880875736,9
912243353,880880259,7
912243353,881221166,8
912243353,881458181,21
912243353,909877092,16
912243353,910442723,4
912243353,910442752,8
912243353,910442782,6
912243353,910783883,7
912243353,910783961,8
912243353,910796989,10
912243353,910801332,9
912243353,911129204,21
912243353,911129339,8
912243353,911134009,17
912243353,911138168,10
912243353,911211196,9
912243353,911241750,15
912243353,911470352,6
912243353,911500529,16
912243353,911504643,24
912243353,911504689,7
912243353,911565419,11
912243353,911574041,10
912243353,911574261,10
912243353,911578496,9
912243353,911578595,4
912243353,911901802,15
912243353,911906936,13
912243353,911911004,11
912243353,911911193,7
912243353,911911699,13
912243353,911919044,7
912243353,911919917,4
912243353,912488890,13
912243353,916284630,40
912243353,941244280,5
912243353,941469087,12
912243353,941482720,26
912243353,941810314,13
912243353,941814787,8
912243353,942522378,18
912243353,948333783,16
912243353,972555509,52
912243353,972892437,10
912243353,973566036,13
912243353,973959177,8
912243353,974239375,13
912545106,1002507159,21
912545106,1002852791,31
912545106,1034219901,13
912545106,1062526223,7
912545106,1105834722,4
912545106,1125964630,18
912545106,1125964814,9
912545106,1126647624,32
912545106,1129456907,6
912545106,1136861363,8
912545106,1158747783,20
912545106,1160833169,4
912545106,1167641412,4
912545106,1167645442,6
912545106,1167977970,5
912545106,1168923315,4
912545106,1190171884,129
912545106,1198326456,8
912545106,1198334861,3
912545106,1198671494,3
912545106,1198675740,3
912545106,1198680249,3
912545106,1199712167,3
912545106,1218728570,18
912545106,1218732640,32
912545106,1229369776,3
912545106,1258686925,39
912545106,1291435551,3
912545106,1292847181,4
912545106,1294414279,4
912545106,1322470368,3
912545106,1324430237,26
912545106,1381484065,28
912545106,1447576662,10
912545106,1508334312,34
912545106,1601771527,29
912545106,1661458144,7
912545106,481121605,25
912545106,572870540,3
912545106,5812979082,3
912545106,5812983734,24
912545106,5813040233,4
912545106,5813041556,10
912545106,5813047157,22
912545106,5813047446,5
912545106,5813047793,11
912545106,5813048042,24
912545106,5813049948,6
912545106,5813050767,4
912545106,5813053866,6
912545106,5813059834,4
912545106,5813059835,3
912545106,5813061251,18
912545106,5813070465,21
912545106,604242162,34
912545106,634608104,37
912545106,697001770,46
912545106,734581598,17
912545106,757055317,11
912545106,757694775,30
912545106,758065781,22
912545106,759084486,11
912545106,849482511,19
912545106,850829072,4
912545106,850829248,6
912545106,880530613,24
912545106,880875736,19
912545106,880880259,22
912545106,881898734,7
912545106,882239837,15
912545106,910442723,16
912545106,910442752,5
912545106,910442782,5
912545106,910796989,14
912545106,910801332,26
912545106,911129204,19
912545106,911129339,7
912545106,911134009,15
912545106,911138168,18
912545106,911211196,23
912545106,911241750,30
912545106,911470352,5
912545106,911578595,8
912545106,911901802,5
912545106,911911193,4
912545106,911919044,23
912545106,912243353,17
912545106,913235746,4
912545106,941482720,11
912545106,941810314,15
912545106,941814787,15
912545106,942587380,6
912545106,943592738,5
912545106,943921248,13
912545106,972892437,6
912545106,973959177,19
912545106,974627674,41
912545106,974968796,7
912545106,979752365,12
912558136,1200032115,3
912558136,1200053009,4
912558136,1412164346,3
912558136,5812994149,3
912558136,974968796,3
912601268,1004017998,6
912601268,1035045015,3
912601268,1065409934,9
912601268,1127471692,12
912601268,1136861363,3
912601268,1158747783,3
912601268,1167295856,3
912601268,1167641412,3
912601268,1167904437,3
912601268,1167977970,6
912601268,1190171884,6
912601268,1198326456,7
912601268,1198931241,3
912601268,1223640877,5
912601268,1224936588,6
912601268,1292847181,4
912601268,1318109929,42
912601268,1322129437,3
912601268,1322129610,3
912601268,1322129730,6
912601268,1322133891,4
912601268,1324430237,28
912601268,1353544607,7
912601268,1380145201,5
912601268,1380149563,6
912601268,1380149683,4
912601268,1380495496,15
912601268,1410472719,3
912601268,416642425,13
912601268,478375456,38
912601268,508793049,14
912601268,509410587,6
912601268,541118908,24
912601268,541870397,28
912601268,569775058,6
912601268,5812983734,29
912601268,5813047446,3
912601268,5813047793,8
912601268,5813048042,3
912601268,5813049948,3
912601268,5813050767,4
912601268,5813056953,4
912601268,5813061383,11
912601268,5813080838,10
912601268,601216096,4
912601268,601557317,6
912601268,632600726,8
912601268,633546217,8
912601268,663562172,18
912601268,664313308,4
912601268,664645558,9
912601268,664650297,16
912601268,694666271,4
912601268,695956656,11
912601268,757413552,8
912601268,788111826,11
912601268,788794171,18
912601268,848817674,4
912601268,849421763,45
912601268,879183317,13
912601268,880538997,30
912601268,880875736,3
912601268,881221166,12
912601268,881898734,72
912601268,910442723,5
912601268,910442752,5
912601268,910447075,16
912601268,910783731,4
912601268,910783883,9
912601268,910783961,7
912601268,910796989,3
912601268,911470352,6
912601268,911565419,9
912601268,911574261,12
912601268,911578483,13
912601268,911578496,3
912601268,911578595,11
912601268,911901802,5
912601268,911911004,20
912601268,911911193,9
912601268,911911699,11
912601268,911919917,9
912601268,941469087,9
912601268,941482720,5
912601268,941939879,20
912601268,942173776,3
912601268,942522378,10
912601268,942587380,3
912894972,1167282562,6
912894972,1200032115,17
912894972,1200053009,11
912894972,1380149683,7
912894972,1661122416,4
912894972,666308023,6
912894972,666994301,10
912894972,850829248,4
912894972,941132430,8
912894991,1223640877,25
912894991,1508334312,4
912894991,1537634396,21
912894991,1600079770,24
912894991,1660776511,10
912894991,478427368,32
912894991,5813014505,49
912894991,5813014573,5
912894991,5813044670,38
912894991,5813070465,8
912894991,601557317,25
912894991,604242162,38
912894991,696336849,25
912894991,697014740,5
912894991,697014777,5
912894991,697355847,4
912894991,727035427,3
912894991,758069811,3
912894991,758743604,8
912894991,789104870,5
912894991,850492366,4
912894991,851170296,6
912894991,881527223,8
912894991,910796989,3
912894991,911241750,4
912894991,911897818,30
912894991,911897964,30
912894991,912243353,3
912894991,943933727,3
912898873,1200032115,4
912898873,666994301,6
912898873,941132430,5
912925080,789130596,8
912925080,850855138,5
912925080,880875927,3
912925080,941939879,4
912925080,944262351,6
913235746,1034711992,4
913235746,1094722478,5
913235746,1129456907,3
913235746,1159530101,3
913235746,1200032115,10
913235746,1200053009,7
913235746,1219889738,3
913235746,1256376704,3
913235746,1380149683,3
913235746,1410127303,4
913235746,1441503748,4
913235746,1442931671,3
913235746,1472542572,7
913235746,1599069164,4
913235746,1599410380,3
913235746,1599747200,7
913235746,1661458883,3
913235746,5813041556,3
913235746,632911211,5
913235746,666994301,5
913235746,757055403,5
913235746,758743604,3
913235746,818119357,3
913235746,848800043,5
913235746,848800082,4
913235746,850492366,3
913235746,880526292,4
913235746,911215499,5
913235746,912894972,4
913235746,912898873,5
913235746,943933727,4
916284630,1167282562,3
916284630,1200053009,6
916284630,1381484065,5
916284630,481112669,4
916284630,880875840,8
916284630,882239837,7
916284630,948333783,4
916284630,979752365,4
916974420,1032643905,4
916974420,1187831582,9
916974420,1224936588,7
916974420,1251275120,5
916974420,1255638782,8
916974420,1412238418,4
916974420,1443268440,4
916974420,1537634396,7
916974420,1661458144,7
916974420,539810773,3
916974420,540493022,7
916974420,569481415,5
916974420,570185174,6
916974420,570518166,5
916974420,5813015999,6
916974420,5813081686,3
916974420,601216096,7
916974420,696336849,10
916974420,759084486,7
916974420,849844855,4
916974420,880185131,4
916974420,880526477,3
916974420,941244280,3
916974420,942254554,3
916974420,943921248,7
940791093,1218728463,3
940791093,1410122586,3
940791093,755644082,3
940791115,1126305687,3
940791115,1410122382,4
940791115,1410450694,3
940791115,1504924440,3
940791115,663225743,3
940791115,692857189,4
940791123,1441481281,4
940791123,1441503403,3
940791123,1568047319,3
940791123,755644082,3
940791123,942535218,3
940791383,1002848124,12
940791383,1094934199,6
940791383,1126306451,4
940791383,1218732781,5
940791383,1218732931,5
940791383,446714544,4
940791383,5813014062,5
940791383,664235541,5
940791383,695270840,6
940791383,786013856,5
940791383,786674282,6
940791383,786989348,6
940791383,817346903,9
940791383,819073675,4
940791383,850104005,3
940791383,878380399,6
940791383,910447220,4
940791383,911504643,8
940808800,1126310716,5
940808800,1217372569,3
940808800,1248770299,5
940808800,1249098248,3
940808800,1249763220,4
940808800,1258686925,9
940808800,1380408769,6
940808800,1410122892,3
940808800,1410451151,3
940808800,1441144493,8
940808800,1441481281,4
940808800,1441485388,3
940808800,1441485633,3
940808800,1441485832,4
940808800,1441486002,3
940808800,1473207713,5
940808800,1570806389,3
940808800,1628744095,3
940808800,1629085008,6
940808800,1629093706,5
940808800,1629426306,3
940808800,5812987339,3
940808800,633200861,3
940808800,692857189,4
940808800,723546819,4
940808800,724228740,4
940808800,724276536,3
940808800,786000969,4
940808800,816682061,4
940808800,817683388,8
940808800,847712250,3
940808800,877702431,4
940808800,879844133,5
940808800,879844206,3
940808800,881216816,3
940808800,911500529,5
940808800,912925080,4
940808800,916284630,6
940808800,942172835,10
941123755,1002507131,4
941123755,1062526223,24
941123755,1125964630,6
941123755,1167977970,5
941123755,1197993940,15
941123755,1198326456,4
941123755,1198671494,4
941123755,1198671672,4
941123755,1218728570,5
941123755,1218732640,3
941123755,1260422110,3
941123755,1380495496,3
941123755,1601771527,9
941123755,416642425,5
941123755,509410587,5
941123755,569775058,15
941123755,5812983734,4
941123755,5813014882,5
941123755,5813020409,4
941123755,5813022281,8
941123755,5813027103,45
941123755,5813047793,5
941123755,5813048896,3
941123755,5813050767,3
941123755,5813053866,6
941123755,5813056953,6
941123755,633546217,6
941123755,634962055,17
941123755,663190769,11
941123755,663562172,16
941123755,664645558,5
941123755,664650297,9
941123755,665314820,7
941123755,693755250,5
941123755,694920753,30
941123755,695956656,26
941123755,696362840,18
941123755,724280817,7
941123755,725951521,43
941123755,789126240,36
941123755,819828986,36
941123755,847336755,4
941123755,849421763,9
941123755,879183317,3
941123755,910438331,4
941123755,910447075,8
941123755,942491983,3
941123755,973566036,6
941132270,1126310776,8
941132270,1126310969,5
941132270,1155652503,5
941132270,1217385533,7
941132270,1218728541,9
941132270,1224249917,5
941132270,1224254476,9
941132270,1255297613,5
941132270,1286315568,3
941132270,1411862814,3
941132270,1443579770,3
941132270,1472205673,7
941132270,1566644645,3
941132270,1662166202,7
941132270,541119189,3
941132270,5813050000,6
941132270,5813056934,3
941132270,663558074,6
941132270,663898692,4
941132270,692852666,12
941132270,818063189,6
941132270,849763224,9
941132270,879442155,10
941132270,879748663,5
941132270,909777910,10
941132270,971506655,12
941132270,972871918,3
941132434,1002507131,17
941132434,1034219901,3
941132434,1062526223,4
941132434,1106180107,3
941132434,1125964630,5
941132434,1137219365,4
941132434,1158747783,12
941132434,1167295856,3
941132434,1167300154,5
941132434,1167300194,4
941132434,1167304403,4
941132434,1167563121,3
941132434,1167645442,3
941132434,1167977970,4
941132434,1168064774,3
941132434,1197993940,33
941132434,1198006801,4
941132434,1198257581,3
941132434,1198326456,4
941132434,1198667367,7
941132434,1198671494,3
941132434,1198671672,4
941132434,1198675740,3
941132434,1198680426,3
941132434,1224249917,9
941132434,1224254476,11
941132434,1229965474,4
941132434,1230026228,3
941132434,1255297613,13
941132434,1261056809,4
941132434,1286315568,10
941132434,1291094620,5
941132434,1292847181,6
941132434,1322129610,3
941132434,1322466938,4
941132434,1324145475,3
941132434,1380495496,3
941132434,1410122586,6
941132434,1410122892,8
941132434,1410451120,7
941132434,1441485464,8
941132434,1631450739,30
941132434,5812979222,3
941132434,5812983734,6
941132434,5813020409,3
941132434,5813022281,24
941132434,5813048042,5
941132434,5813048896,3
941132434,5813049948,3
941132434,5813050767,3
941132434,5813053866,3
941132434,5813061383,7
941132434,5813080979,22
941132434,601120917,28
941132434,632155800,16
941132434,634962055,4
941132434,663190769,12
941132434,665314820,27
941132434,693755250,35
941132434,694920753,3
941132434,724228740,7
941132434,725951521,3
941132434,734581598,5
941132434,758419409,11
941132434,785957618,5
941132434,786989348,21
941132434,786989395,16
941132434,816682053,3
941132434,847336755,11
941132434,847712250,8
941132434,849482511,6
941132434,878380399,12
941132434,879748663,6
941132434,881221166,12
941132434,910438331,25
941132434,910442752,16
941132434,910783731,14
941132434,910783883,28
941132434,910796989,9
941132434,911129204,9
941132434,911211196,8
941132434,911241750,11
941132434,911470352,3
941132434,911574041,5
941132434,911574261,7
941132434,911578496,3
941132434,911578595,19
941132434,911911004,16
941132434,911911193,19
941132434,911919044,13
941132434,911919917,12
941132434,912147912,86
941132434,912243353,16
941132434,940791383,26
941132434,941123755,27
941132434,941123943,17
941132434,941132270,9
941132434,941132430,22
941132434,941482720,13
941132434,941810314,15
941132434,941814787,12
941132434,942491983,28
941132434,942587380,11
941132434,973959177,14
941244280,1032643905,5
941244280,1187831582,10
941244280,1251275120,7
941244280,1255638782,9
941244280,1412238418,7
941244280,1537634396,13
941244280,1661458144,11
941244280,478077561,3
941244280,539810773,5
941244280,540493022,13
941244280,569481415,14
941244280,570185174,15
941244280,570518166,8
941244280,5813015999,9
941244280,5813081686,11
941244280,601216096,8
941244280,696336849,25
941244280,759084486,7
941244280,848817674,10
941244280,849832062,9
941244280,849844855,3
941244280,880185131,12
941244280,880526477,11
941244280,911565319,5
941244280,916974420,4
941244280,942254554,5
941244280,943921248,10
941469087,1002507131,4
941469087,1002507170,5
941469087,1002848661,4
941469087,1158747783,23
941469087,1197993940,86
941469087,1200032115,15
941469087,1224249917,23
941469087,1224254476,9
941469087,1255297613,10
941469087,1286315568,10
941469087,1292423935,66
941469087,1348769299,5
941469087,1410122382,7
941469087,1410122586,7
941469087,1410122843,3
941469087,1410122892,5
941469087,1410450514,10
941469087,1410450859,3
941469087,1410450949,3
941469087,1410451120,11
941469087,1441485464,15
941469087,1508334312,7
941469087,1537634396,27
941469087,1661799601,10
941469087,387023620,11
941469087,387364605,16
941469087,449438847,20
941469087,478077561,9
941469087,478375456,5
941469087,539462336,14
941469087,539810773,10
941469087,541118908,3
941469087,570461892,3
941469087,5812994149,12
941469087,5813014573,4
941469087,5813014873,4
941469087,5813014882,3
941469087,5813022281,4
941469087,5813041365,27
941469087,5813047157,6
941469087,5813048042,17
941469087,5813061383,9
941469087,5813070465,89
941469087,5813080838,7
941469087,5813128416,4
941469087,601120917,5
941469087,632155800,27
941469087,632911211,3
941469087,632915714,11
941469087,634962055,8
941469087,662840966,3
941469087,662845370,17
941469087,663190769,24
941469087,665314820,5
941469087,693755250,4
941469087,696336849,36
941469087,697014740,6
941469087,697355847,50
941469087,724228740,4
941469087,726024758,10
941469087,727035427,10
941469087,727371546,7
941469087,734581598,9
941469087,757055317,3
941469087,758419409,18
941469087,758743604,5
941469087,786989348,36
941469087,786989395,40
941469087,789130596,3
941469087,816682053,7
941469087,817346903,6
941469087,817674780,7
941469087,819138035,4
941469087,847336755,36
941469087,847712233,6
941469087,847712250,11
941469087,849482511,5
941469087,850194651,35
941469087,850492366,5
941469087,850855138,65
941469087,878380399,15
941469087,878725581,7
941469087,879748663,19
941469087,880526477,15
941469087,880530613,5
941469087,880875736,14
941469087,880880259,6
941469087,881221166,17
941469087,881527223,20
941469087,882239837,25
941469087,910438331,28
941469087,910442723,4
941469087,910442752,14
941469087,910442782,22
941469087,910783731,29
941469087,910783883,17
941469087,910783961,8
941469087,910796989,17
941469087,910801332,11
941469087,911129204,12
941469087,911129339,12
941469087,911134009,4
941469087,911138168,15
941469087,911211196,6
941469087,911241750,15
941469087,911470352,8
941469087,911560974,16
941469087,911565419,28
941469087,911574261,13
941469087,911578496,10
941469087,911578595,9
941469087,911897818,7
941469087,911901802,18
941469087,911906936,17
941469087,911911004,4
941469087,911911193,21
941469087,911911699,15
941469087,911919044,9
941469087,911919917,13
941469087,912147912,61
941469087,912243353,14
941469087,912894991,47
941469087,912925080,72
941469087,940791092,7
941469087,940791093,6
941469087,940791115,9
941469087,940791383,28
941469087,940808800,3
941469087,941123755,78
941469087,941123943,82
941469087,941132270,48
941469087,941132430,86
941469087,941132434,15
941469087,941482720,11
941469087,941810314,27
941469087,941814787,26
941469087,942491983,27
941469087,942522378,5
941469087,942587380,16
941469087,943933727,4
941469087,971506655,3
941469087,971817401,7
941469087,971817711,3
941469087,973959177,20
941469087,974239375,5
941469087,974300015,72
941469087,979752365,52
941482720,1003318634,19
941482720,1003672766,22
941482720,1004014587,21
941482720,1004017998,13
941482720,1004700437,31
941482720,1008028537,25
941482720,1034711992,5
941482720,1035045015,13
941482720,1097718659,28
941482720,1097718901,28
941482720,1158747783,10
941482720,1224936588,17
941482720,1318109929,31
941482720,1380149683,4
941482720,1380495496,15
941482720,1410127303,4
941482720,1472205673,7
941482720,1568047319,31
941482720,1597722005,3
941482720,1599431888,21
941482720,1599436552,4
941482720,1628743785,13
941482720,1628744095,5
941482720,1629093706,4
941482720,1631486122,4
941482720,449438847,3
941482720,541118908,6
941482720,541870397,6
941482720,570185174,9
941482720,570461892,9
941482720,570518166,22
941482720,571826184,7
941482720,572166953,6
941482720,5813012006,16
941482720,5813014062,6
941482720,5813014505,21
941482720,5813048042,10
941482720,5813050000,36
941482720,5813056934,33
941482720,5813061383,12
941482720,5813080838,28
941482720,5813128308,9
941482720,601557317,5
941482720,632544268,7
941482720,632600726,5
941482720,633895972,5
941482720,635234035,53
941482720,663225743,5
941482720,664313308,3
941482720,664645558,4
941482720,664650297,15
941482720,666994301,19
941482720,695629525,9
941482720,723602649,11
941482720,724276536,7
941482720,724280817,60
941482720,734581598,12
941482720,757413552,7
941482720,758419409,3
941482720,786013801,21
941482720,786013856,44
941482720,788111826,3
941482720,788794171,5
941482720,818063189,14
941482720,818119357,7
941482720,848817674,3
941482720,850855138,3
941482720,879183317,16
941482720,880530613,7
941482720,880538997,12
941482720,880875736,13
941482720,880880259,11
941482720,881221166,11
941482720,881458145,4
941482720,881458181,74
941482720,881898734,17
941482720,909877092,16
941482720,910442723,11
941482720,910442752,5
941482720,910442782,13
941482720,910783883,9
941482720,910783961,12
941482720,910796989,16
941482720,910801332,7
941482720,911129204,8
941482720,911129339,17
941482720,911134009,17
941482720,911138168,6
941482720,911211196,4
941482720,911241750,4
941482720,911470352,8
941482720,911504643,15
941482720,911504689,49
941482720,911565419,8
941482720,911574041,14
941482720,911574261,16
941482720,911578483,19
941482720,911578496,8
941482720,911578595,8
941482720,911901802,14
941482720,911906936,15
941482720,911911004,11
941482720,911911193,12
941482720,911911699,9
941482720,911919044,18
941482720,911919917,7
941482720,912243353,14
941482720,912488890,66
941482720,912601268,4
941482720,941244280,8
941482720,941469087,8
941482720,941810314,25
941482720,941814787,8
941482720,941939879,15
941482720,942522378,15
941482720,948333783,67
941482720,972555509,19
941482720,972624772,7
941482720,972892437,8
941482720,973566036,54
941482720,973959177,19
941482720,974239375,41
941482720,974300015,4
941810314,1003318634,23
941810314,1003672766,24
941810314,1004014587,26
941810314,1004017998,9
941810314,1004700437,35
941810314,1008028537,42
941810314,1035045015,17
941810314,1065409934,3
941810314,1097718659,8
941810314,1097718901,13
941810314,1158747783,9
941810314,1167282562,3
941810314,1200053009,10
941810314,1318109929,26
941810314,1380495496,4
941810314,1410472719,3
941810314,1508334312,3
941810314,1568047319,33
941810314,1598067695,3
941810314,1599431888,6
941810314,1599436552,8
941810314,1599772916,8
941810314,1628743785,11
941810314,1628744095,6
941810314,387364605,4
941810314,478375456,15
941810314,508793049,9
941810314,541118908,21
941810314,541870397,4
941810314,570185174,19
941810314,570461892,32
941810314,570518166,9
941810314,571826184,14
941810314,572167413,5
941810314,5813012006,15
941810314,5813014062,4
941810314,5813014505,12
941810314,5813048042,7
941810314,5813050000,58
941810314,5813056934,57
941810314,5813059834,3
941810314,5813061383,11
941810314,5813080838,34
941810314,5813128308,3
941810314,601216096,12
941810314,601557317,4
941810314,634962055,3
941810314,635234035,69
941810314,664313308,5
941810314,664650297,14
941810314,666994301,4
941810314,695629525,3
941810314,723602649,3
941810314,724280817,18
941810314,734581598,7
941810314,757413552,8
941810314,786013801,46
941810314,786013856,65
941810314,788111826,6
941810314,788794171,3
941810314,818063189,4
941810314,818119357,5
941810314,848817674,7
941810314,849844855,4
941810314,879183317,4
941810314,880530613,14
941810314,880538997,3
941810314,880875736,19
941810314,880880259,21
941810314,881221166,22
941810314,881458181,89
941810314,881898734,7
941810314,909877092,13
941810314,910442723,22
941810314,910442752,5
941810314,910442782,10
941810314,910783731,10
941810314,910783883,6
941810314,910783961,25
941810314,910796989,16
941810314,910801332,9
941810314,911129204,8
941810314,911129339,17
941810314,911134009,18
941810314,911138168,9
941810314,911211196,7
941810314,911241750,4
941810314,911470352,18
941810314,911504689,72
941810314,911565419,16
941810314,911574041,23
941810314,911574261,15
941810314,911578483,14
941810314,911578496,17
941810314,911578595,4
941810314,911901802,14
941810314,911906936,29
941810314,911911004,8
941810314,911911193,8
941810314,911911699,28
941810314,911919044,21
941810314,911919917,14
941810314,912243353,11
941810314,912488890,89
941810314,912545106,4
941810314,912601268,6
941810314,912925080,4
941810314,941244280,4
941810314,941469087,20
941810314,941482720,23
941810314,941814787,18
941810314,941939879,5
941810314,942172835,5
941810314,942522378,17
941810314,942535218,8
941810314,942587380,3
941810314,948333783,73
941810314,972555509,6
941810314,972624772,9
941810314,973566036,108
941810314,973959177,24
941810314,974239375,87
941810314,974300015,3
941814787,1003318634,3
941814787,1008028537,66
941814787,1035955516,6
941814787,1097718659,9
941814787,1097718901,6
941814787,1158747783,14
941814787,1167282562,25
941814787,1200053009,49
941814787,1223640877,10
941814787,1224936588,17
941814787,1255638782,22
941814787,1380149683,3
941814787,1380495496,14
941814787,1410127581,6
941814787,1410450511,8
941814787,1411862814,10
941814787,1441144493,8
941814787,1441485633,3
941814787,1443579770,7
941814787,1472205673,5
941814787,1472537557,3
941814787,1535652862,3
941814787,1567020107,3
941814787,1568047319,3
941814787,1598067695,5
941814787,1599431888,19
941814787,1599772916,5
941814787,1628743785,5
941814787,387364605,3
941814787,416642425,3
941814787,417998204,15
941814787,478375456,18
941814787,509410587,13
941814787,541118908,13
941814787,541870397,16
941814787,569775058,22
941814787,570461892,24
941814787,571826184,4
941814787,572166953,5
941814787,572167413,7
941814787,5813048042,13
941814787,5813050000,28
941814787,5813056934,65
941814787,5813061383,8
941814787,5813070465,3
941814787,5813080838,25
941814787,5813080979,3
941814787,5813128537,9
941814787,601557317,15
941814787,632600726,10
941814787,633201022,8
941814787,633546217,19
941814787,633895972,9
941814787,635234035,34
941814787,662966385,10
941814787,663298610,10
941814787,664235541,15
941814787,664645558,7
941814787,664650297,42
941814787,666994301,3
941814787,695629525,3
941814787,695956656,7
941814787,724280817,24
941814787,734581598,18
941814787,757413552,6
941814787,758419409,4
941814787,786013801,23
941814787,786013856,49
941814787,788111826,18
941814787,788794171,27
941814787,818063189,3
941814787,819073675,7
941814787,848817674,5
941814787,849763224,25
941814787,849844855,15
941814787,879183317,20
941814787,880530613,13
941814787,880538997,12
941814787,880875736,7
941814787,880875861,3
941814787,880880259,13
941814787,881221166,13
941814787,881458145,53
941814787,881458181,81
941814787,881898734,23
941814787,910442723,8
941814787,910442752,17
941814787,910442782,11
941814787,910783731,7
941814787,910783883,16
941814787,910783961,16
941814787,910796989,9
941814787,910801332,10
941814787,911129204,7
941814787,911129339,19
941814787,911134009,12
941814787,911138168,13
941814787,911211196,13
941814787,911241750,25
941814787,911470352,13
941814787,911504643,9
941814787,911504689,51
941814787,911565419,27
941814787,911574041,19
941814787,911574261,16
941814787,911578483,48
941814787,911578496,21
941814787,911578595,9
941814787,911823931,6
941814787,911901802,31
941814787,911906936,20
941814787,911911004,16
941814787,911911193,19
941814787,911911699,19
941814787,911919917,19
941814787,912243353,6
941814787,912488890,87
941814787,912601268,19
941814787,912925080,3
941814787,916974420,13
941814787,941469087,21
941814787,941482720,10
941814787,941810314,13
941814787,941939879,20
941814787,942173776,23
941814787,942522378,10
941814787,942535218,14
941814787,942539535,3
941814787,943226223,8
941814787,948333783,39
941814787,972555509,4
941814787,972892437,3
941814787,973566036,96
941814787,973959177,24
941814787,974239375,65
941814787,974300015,4
941939879,1258686925,9
941939879,850855138,3
941939879,851493896,4
942172462,787374226,4
942172462,880875927,3
942172462,882239837,3
942172462,979752365,3
942173776,1259377221,22
942173776,1259377325,19
942173776,1318109929,53
942173776,1324430237,22
942173776,416642425,3
942173776,5812983734,22
942173776,633546217,9
942173776,695956656,9
942173776,849421763,58
942173776,881898734,7
942254492,1159530101,4
942254492,1220581302,3
942254492,1349114715,3
942254492,1380145201,3
942254492,1599069164,3
942254492,1660776511,3
942254492,481112669,6
942254492,5813041556,4
942254492,635234035,8
942254492,756390536,3
942254492,757055403,5
942254492,848800043,4
942254492,850829248,3
942254492,851493896,3
942254492,880526398,3
942254492,910447181,4
942254492,911215499,3
942254554,1187831582,5
942254554,1224936588,4
942254554,1412238418,10
942254554,1443268440,8
942254554,1537634396,9
942254554,1661458144,6
942254554,481121605,5
942254554,540493022,3
942254554,570185174,8
942254554,570518166,3
942254554,5813015999,5
942254554,5813081686,3
942254554,696336849,8
942254554,848817674,5
942254554,849832062,4
942254554,849844855,6
942254554,880185131,5
942254554,880526477,5
942254554,916974420,4
942254554,941244280,6
942254554,943921248,5
942491983,1002507131,28
942491983,1034219901,7
942491983,1125964630,5
942491983,1136861363,4
942491983,1158747783,17
942491983,1167300154,5
942491983,1167641412,5
942491983,1167645442,9
942491983,1167645523,4
942491983,1167645658,6
942491983,1167896065,4
942491983,1167977970,6
942491983,1168249921,4
942491983,1168923315,3
942491983,1197993940,22
942491983,1198257581,3
942491983,1198326456,5
942491983,1198667367,5
942491983,1198671494,7
942491983,1198680426,6
942491983,1199699496,3
942491983,1199712167,6
942491983,1199712272,3
942491983,1200032115,4
942491983,1224249917,6
942491983,1224254476,5
942491983,1255297613,3
942491983,1260422110,4
942491983,1286315568,9
942491983,1291099014,3
942491983,1292847181,6
942491983,1294082002,4
942491983,1322129610,3
942491983,1322133531,3
942491983,1410122382,9
942491983,1410122892,4
942491983,1410450514,5
942491983,1410451120,12
942491983,1441485464,7
942491983,1631450739,17
942491983,449438847,21
942491983,5813022281,28
942491983,5813027103,3
942491983,5813047793,5
942491983,5813048042,14
942491983,5813049948,4
942491983,5813050767,13
942491983,5813053866,12
942491983,5813053988,4
942491983,5813061383,14
942491983,5813070464,4
942491983,5813080979,26
942491983,601120917,9
942491983,632155800,27
942491983,634962055,3
942491983,662845370,3
942491983,663190769,28
942491983,665314820,29
942491983,693755250,20
942491983,694920753,4
942491983,724228740,3
942491983,734581598,21
942491983,757055317,4
942491983,758419409,27
942491983,786989348,44
942491983,786989395,27
942491983,816682110,4
942491983,847336755,29
942491983,849482511,5
942491983,878380399,6
942491983,878725581,3
942491983,879748663,3
942491983,880530613,6
942491983,880875736,3
942491983,881221166,14
942491983,910438331,40
942491983,910442723,3
942491983,910442752,21
942491983,910783731,20
942491983,910783883,21
942491983,910796989,8
942491983,910801332,7
942491983,911129204,16
942491983,911211196,8
942491983,911241750,20
942491983,911574261,7
942491983,911578496,5
942491983,911578595,33
942491983,911911004,3
942491983,911911193,19
942491983,911911699,3
942491983,911919044,8
942491983,911919917,5
942491983,912147912,107
942491983,912243353,9
942491983,940791115,3
942491983,940791383,11
942491983,941123755,43
942491983,941123943,22
942491983,941132270,8
942491983,941132430,48
942491983,941132434,42
942491983,941469087,4
942491983,941482720,15
942491983,941810314,20
942491983,941814787,10
942491983,971817401,3
942491983,973959177,16
942522378,1002507131,14
942522378,1002507159,27
942522378,1002507170,36
942522378,1002848124,33
942522378,1002848661,35
942522378,1002852791,10
942522378,1034219901,8
942522378,1158747783,13
942522378,1160833169,3
942522378,1190171884,35
942522378,1200032115,56
942522378,1200053009,3
942522378,1224249917,6
942522378,1258686925,32
942522378,1286315568,4
942522378,1292423935,59
942522378,1380408540,3
942522378,1410450514,3
942522378,1473202957,5
942522378,1473207713,3
942522378,1504582746,4
942522378,1504924440,5
942522378,1508334312,19
942522378,1537634396,32
942522378,1660776511,16
942522378,1661458144,15
942522378,1661799601,18
942522378,387364605,13
942522378,449438847,14
942522378,478375456,4
942522378,481121605,38
942522378,541118908,4
942522378,5812994149,16
942522378,5813014573,9
942522378,5813040300,3
942522378,5813047157,68
942522378,5813048042,15
942522378,5813061383,7
942522378,5813070464,3
942522378,5813070465,58
942522378,604242162,22
942522378,632155800,4
942522378,633546217,5
942522378,634608104,26
942522378,692852666,16
942522378,692857189,13
942522378,693755250,83
942522378,694920753,3
942522378,695956656,3
942522378,696336849,27
942522378,697001770,12
942522378,697355847,34
942522378,723546819,5
942522378,724228740,4
942522378,727035427,7
942522378,727371546,22
942522378,734581598,18
942522378,757694775,25
942522378,758065781,5
942522378,758069811,4
942522378,758419409,12
942522378,759084183,4
942522378,759084486,29
942522378,786989348,7
942522378,817342497,5
942522378,817346903,19
942522378,847336755,4
942522378,850829248,11
942522378,850855138,6
942522378,851170296,4
942522378,880530613,14
942522378,880875736,18
942522378,880880259,24
942522378,881221166,12
942522378,881527223,27
942522378,881868311,8
942522378,882239837,62
942522378,909777910,34
942522378,910442723,11
942522378,910442752,19
942522378,910442782,3
942522378,910783731,10
942522378,910783883,17
942522378,910783961,13
942522378,910796989,13
942522378,910801332,19
942522378,911129204,18
942522378,911129339,13
942522378,911134009,7
942522378,911138168,8
942522378,911211196,20
942522378,911241750,18
942522378,911470352,14
942522378,911565419,13
942522378,911574041,18
942522378,911574261,13
942522378,911578496,12
942522378,911578595,18
942522378,911901802,9
942522378,911906936,9
942522378,911911004,5
942522378,911911193,5
942522378,911911699,23
942522378,911919044,25
942522378,911919917,7
942522378,912243353,6
942522378,912545106,15
942522378,912894972,5
942522378,912894991,43
942522378,912925080,43
942522378,913235746,6
942522378,940808800,9
942522378,941123755,21
942522378,941123943,14
942522378,941132270,6
942522378,941132430,9
942522378,941469087,6
942522378,941482720,13
942522378,941810314,11
942522378,941814787,17
942522378,942173776,4
942522378,942491983,6
942522378,943592738,3
942522378,943921248,17
942522378,971506655,44
942522378,971817711,41
942522378,973959177,15
942522378,974239375,4
942522378,974300015,38
942522378,974627674,18
942522378,974968796,8
942522378,979752365,43
942535218,1258073453,6
942535218,757694775,4
942535218,941939879,3
942539535,1414617465,4
942539535,757694775,4
942539535,941939879,3
942587380,1168664495,3
942587380,1190171884,3
942587380,1197993940,7
942587380,1259377221,15
942587380,1259377325,13
942587380,1324430237,79
942587380,1631450739,35
942587380,5812983734,84
942587380,5813022281,8
942587380,5813041365,3
942587380,634962055,8
942587380,693755250,20
942587380,694920753,5
942587380,879183317,4
942587380,881898734,3
942587380,941123755,7
942587380,942491983,4
943226223,1410122586,3
943226223,1473207713,4
943226223,1599431888,5
943226223,1599772916,5
943226223,572166953,3
943226223,572167413,3
943226223,5812987327,4
943226223,755644082,5
943226223,849421893,3
943592738,1599747200,3
943592738,5812994149,4
943592738,850829248,5
943592738,880875900,3
943592738,974968796,3
943592989,1200032115,4
943592989,5813023615,3
943921248,1002507170,7
943921248,1032643905,6
943921248,1187831582,5
943921248,1224936588,9
943921248,1251275120,9
943921248,1255638782,10
943921248,1412238418,6
943921248,1443268440,8
943921248,1537634396,7
943921248,1661458144,6
943921248,478077561,10
943921248,539810773,6
943921248,540493022,7
943921248,569481415,13
943921248,570185174,15
943921248,570518166,13
943921248,5813015999,10
943921248,5813081686,12
943921248,601216096,6
943921248,696336849,12
943921248,759084486,4
943921248,848817674,6
943921248,849844855,6
943921248,880185131,12
943921248,880526477,9
943921248,916974420,10
943921248,941244280,6
943921248,942254554,8
943933727,666308023,4
943933727,666994301,3
943933727,941132430,3
944262351,1004700437,3
944262351,789130596,4
944262351,851493896,6
944262351,880875927,5
944262351,912925080,5
948333783,1167282562,5
948333783,1200053009,4
948333783,635234035,3
948333783,760094565,3
948333783,850194651,4
948333783,882239837,9
948333783,911134017,4
948333783,916284630,7
971506655,1126301255,4
971506655,1126310776,12
971506655,1126310969,9
971506655,1155652503,8
971506655,1217385533,8
971506655,1218728541,11
971506655,1224249917,11
971506655,1224254476,6
971506655,1255297613,7
971506655,1286315568,6
971506655,1292423935,3
971506655,1411862814,5
971506655,1443579770,11
971506655,1472205673,15
971506655,1566644645,13
971506655,1662166202,11
971506655,541119189,7
971506655,5813050000,12
971506655,5813056934,7
971506655,663558074,17
971506655,663898692,6
971506655,692852666,18
971506655,818063189,6
971506655,849763224,11
971506655,879442155,5
971506655,879748663,7
971506655,909777910,14
971506655,941132270,6
971506655,972871918,8
971817401,1126310716,3
971817401,1441485633,3
971817401,1473207713,4
971817401,786000969,3
971817401,816682061,3
971817401,912488890,7
971817711,1002848124,8
971817711,1125964651,56
971817711,1473202957,3
971817711,1473207713,7
971817711,1504582746,3
971817711,417998204,43
971817711,572494993,29
971817711,5812987803,70
971817711,5813040300,3
971817711,601120917,40
971817711,632155800,42
971817711,692852666,4
971817711,692857189,3
971817711,723546819,3
971817711,723602649,51
971817711,724267537,44
971817711,817346903,5
971817711,877702431,5
971817711,909777910,14
971817711,911504689,61
971817711,911897964,3
971817711,971506655,16
972555509,1035045015,3
972555509,1065409934,6
972555509,1127471692,3
972555509,1220576923,3
972555509,1220584946,21
972555509,1259377221,17
972555509,1259377325,20
972555509,1324430237,12
972555509,1353544607,10
972555509,1600083889,41
972555509,5812983734,15
972555509,632544268,8
972555509,663562172,3
972555509,695629525,6
972555509,973566036,44
972624772,1003659595,5
972624772,1125411720,8
972624772,1127808629,3
972624772,1188163963,6
972624772,1189549476,3
972624772,1349114715,6
972624772,1410127303,6
972624772,1410127581,8
972624772,1410472719,8
972624772,1410813978,3
972624772,1412164346,4
972624772,1504268020,11
972624772,1536006733,3
972624772,1599069164,6
972624772,1599410380,6
972624772,1661799601,9
972624772,5812994148,8
972624772,5812994149,8
972624772,5813095667,9
972624772,632600726,10
972624772,632911211,3
972624772,632915714,11
972624772,663950729,7
972624772,726024758,4
972624772,727371546,8
972624772,759084183,5
972624772,818119357,4
972624772,848800082,5
972624772,849421893,6
972624772,880875900,12
972624772,974968796,11
972871918,1097718901,4
972871918,1126301255,7
972871918,1126310969,6
972871918,1217385533,5
972871918,1218728541,7
972871918,1224249917,6
972871918,1255297613,6
972871918,1286315568,6
972871918,1443579770,9
972871918,1472205673,3
972871918,1566644645,4
972871918,1662166202,4
972871918,541119189,4
972871918,5813050000,4
972871918,5813056934,11
972871918,663558074,9
972871918,663898692,4
972871918,692852666,8
972871918,818063189,3
972871918,849763224,3
972871918,879442155,12
972871918,879748663,5
972871918,909777910,8
972871918,911565319,3
972871918,971506655,4
972892437,1002507131,11
972892437,1002507159,5
972892437,1002852791,3
972892437,1062526223,9
972892437,1065410141,16
972892437,1125964630,16
972892437,1125964814,44
972892437,1126647624,16
972892437,1127476096,20
972892437,1167995070,41
972892437,1168659995,9
972892437,1168660239,7
972892437,1168664447,5
972892437,1168664495,39
972892437,1197993940,4
972892437,1198006801,10
972892437,1198680426,3
972892437,1218728570,6
972892437,1218732640,18
972892437,1219069439,9
972892437,1220576923,5
972892437,1229965474,3
972892437,1261768832,7
972892437,1291094620,6
972892437,1291099014,5
972892437,1291103485,3
972892437,1291435551,5
972892437,1291444314,8
972892437,1292847181,3
972892437,1294082002,3
972892437,1294414279,6
972892437,1322129437,8
972892437,1322129730,3
972892437,1322129781,5
972892437,1322133296,9
972892437,1322133531,4
972892437,1322133768,5
972892437,1322133858,5
972892437,1322133891,4
972892437,1322138079,3
972892437,1322466938,7
972892437,1322470462,6
972892437,1352823209,8
972892437,1355806197,3
972892437,1447576662,104
972892437,1508334312,3
972892437,1601771527,4
972892437,509410587,15
972892437,569775058,7
972892437,570461892,13
972892437,572870540,109
972892437,5813014873,91
972892437,5813040233,48
972892437,5813047157,9
972892437,5813050767,4
972892437,5813053866,5
972892437,5813056953,13
972892437,5813059835,8
972892437,5813061251,34
972892437,5813077544,106
972892437,632544268,7
972892437,634608104,16
972892437,663190769,16
972892437,693755250,8
972892437,695629525,9
972892437,697001770,20
972892437,724280817,17
972892437,847336755,14
972892437,849421763,5
972892437,910447075,11
972892437,912545106,10
972892437,941123755,6
973566036,1002507131,12
973566036,1004017998,10
973566036,1035045015,36
973566036,1062526223,22
973566036,1065409934,3
973566036,1065410141,74
973566036,1106180107,8
973566036,1125964630,4
973566036,1127476096,55
973566036,1137210821,5
973566036,1167295856,4
973566036,1167641412,6
973566036,1167645523,3
973566036,1167645658,6
973566036,1167895489,6
973566036,1167896065,5
973566036,1167977970,13
973566036,1167995070,59
973566036,1168059800,8
973566036,1168064774,5
973566036,1168241257,5
973566036,1168664495,46
973566036,1197993940,4
973566036,1198257581,4
973566036,1198334861,3
973566036,1198671494,6
973566036,1198675740,4
973566036,1198680122,5
973566036,1198680249,3
973566036,1198680426,10
973566036,1198680441,3
973566036,1198684596,3
973566036,1199699496,4
973566036,1218728570,18
973566036,1218732640,3
973566036,1220576923,4
973566036,1220584946,6
973566036,1229369776,4
973566036,1230026228,3
973566036,1230480261,5
973566036,1292847181,3
973566036,1600083889,3
973566036,1601771527,22
973566036,478375456,3
973566036,509410587,6
973566036,569775058,11
973566036,570461892,7
973566036,5813012006,49
973566036,5813014873,12
973566036,5813020409,7
973566036,5813047647,7
973566036,5813047793,3
973566036,5813048896,4
973566036,5813049948,5
973566036,5813050767,5
973566036,5813053866,5
973566036,5813056953,5
973566036,5813077544,37
973566036,5813080838,7
973566036,632544268,73
973566036,663190769,5
973566036,663562172,11
973566036,693755250,17
973566036,695629525,73
973566036,724280817,18
973566036,847336755,4
973566036,849421763,28
973566036,910447075,8
973566036,941123755,3
973566036,972892437,10
973959177,1003318634,17
973959177,1003672766,19
973959177,1004014587,14
973959177,1004017998,3
973959177,1004700437,34
973959177,1008028537,50
973959177,1035045015,24
973959177,1097718659,11
973959177,1097718901,10
973959177,1158747783,12
973959177,1190171884,5
973959177,1200053009,22
973959177,1224936588,8
973959177,1255638782,13
973959177,1318109929,17
973959177,1380149683,4
973959177,1380495496,10
973959177,1472205673,3
973959177,1568047319,23
973959177,1598067695,5
973959177,1599436552,8
973959177,1599772916,5
973959177,1628743785,7
973959177,1628744095,13
973959177,1662166202,8
973959177,478375456,18
973959177,508793049,3
973959177,541118908,20
973959177,541870397,8
973959177,570185174,14
973959177,570461892,25
973959177,570518166,3
973959177,571826184,16
973959177,572167406,7
973959177,572167413,6
973959177,5813012006,7
973959177,5813014062,4
973959177,5813014505,16
973959177,5813026993,5
973959177,5813047157,4
973959177,5813048042,10
973959177,5813050000,44
973959177,5813056934,74
973959177,5813061383,16
973959177,5813077698,3
973959177,5813080838,40
973959177,5813128537,3
973959177,632600726,5
973959177,633895972,6
973959177,635234035,60
973959177,662966385,3
973959177,664650297,12
973959177,666994301,5
973959177,695629525,4
973959177,697001770,3
973959177,723602649,6
973959177,724280817,30
973959177,734581598,5
973959177,786013801,39
973959177,786013856,77
973959177,788111826,8
973959177,788794171,11
973959177,818063189,7
973959177,818119357,6
973959177,848817674,4
973959177,849844855,4
973959177,879183317,7
973959177,880530613,10
973959177,880538997,10
973959177,880875736,10
973959177,880880259,13
973959177,881221166,9
973959177,881458145,10
973959177,881458181,98
973959177,881898734,24
973959177,909877092,4
973959177,910442723,18
973959177,910442752,7
973959177,910442782,24
973959177,910783731,10
973959177,910783883,11
973959177,910783961,18
973959177,910796989,11
973959177,910801332,13
973959177,911129204,7
973959177,911129339,9
973959177,911134009,15
973959177,911138168,10
973959177,911211196,7
973959177,911241750,7
973959177,911470352,16
973959177,911500529,3
973959177,911504643,6
973959177,911504689,49
973959177,911565419,21
973959177,911574041,13
973959177,911574261,10
973959177,911578483,27
973959177,911578496,10
973959177,911578595,11
973959177,911901802,18
973959177,911906936,14
973959177,911911004,25
973959177,911911193,20
973959177,911911699,14
973959177,911919044,20
973959177,911919917,15
973959177,912243353,12
973959177,912488890,85
973959177,912545106,5
973959177,912601268,8
973959177,916284630,7
973959177,916974420,5
973959177,941244280,4
973959177,941469087,16
973959177,941482720,15
973959177,941810314,26
973959177,941814787,27
973959177,941939879,17
973959177,942522378,16
973959177,942535218,13
973959177,948333783,67
973959177,972555509,8
973959177,972624772,4
973959177,973566036,114
973959177,974239375,87
974239375,1004014587,7
974239375,1004017998,3
974239375,1035045015,4
974239375,1065410141,3
974239375,1259377221,15
974239375,1259377325,22
974239375,1324430237,23
974239375,1353544607,24
974239375,541118908,6
974239375,569775058,31
974239375,5812983734,12
974239375,5813080838,3
974239375,663562172,14
974300015,1002848661,4
974300015,1004014587,11
974300015,1004017998,3
974300015,1034219901,3
974300015,1062526223,33
974300015,1199677638,4
974300015,1259377221,19
974300015,1259377325,10
974300015,1324430237,77
974300015,387023620,26
974300015,387364605,3
974300015,449438847,10
974300015,539462336,25
974300015,5812983734,90
974300015,880875861,3
974627674,1003318634,7
974627674,1127471202,12
974627674,1128495875,4
974627674,1187844616,6
974627674,1188181261,10
974627674,1218732781,3
974627674,446714544,6
974627674,632229278,11
974627674,633943192,6
974627674,663298610,4
974627674,697355847,11
974627674,757413552,4
974627674,758065781,6
974627674,788111826,8
974627674,819138239,3
974627674,880538997,6
974627674,881527223,7
974627674,909877092,5
974627674,911560974,10
974968796,1003659595,3
974968796,1125411720,3
974968796,1127808629,3
974968796,1188163963,7
974968796,1189549476,8
974968796,1189882785,3
974968796,1349114715,3
974968796,1410127581,6
974968796,1441503403,3
974968796,1504268020,10
974968796,1599069164,6
974968796,1599410380,3
974968796,1631131487,3
974968796,1661799601,8
974968796,5812994149,9
974968796,5813095667,9
974968796,5813128537,3
974968796,632600726,15
974968796,632915714,11
974968796,663950729,8
974968796,726024758,7
974968796,727371546,9
974968796,759084183,11
974968796,789104870,3
974968796,848800082,4
974968796,850829248,4
974968796,851170296,5
974968796,879844144,4
974968796,880875900,9
974968796,912558136,3
974968796,972624772,11
979752365,1200053009,4
979752365,481112669,3
979752365,760094565,4
979752365,882239837,5
979752365,916284630,3
979752365,948333783,6
