bodyId_pre,bodyId_post,weight
1005110376,1418186940,3
1005110376,5901217539,4
1005857954,1261229600,4
1005858013,1006984280,21
1005858013,1375482740,3
1005858013,1533063011,3
1005858013,1564097484,8
1005858013,5812990956,3
1005858013,974839595,5
1005858013,974839704,3
1005858013,974839706,4
1007576087,1190374287,3
1007576087,1320263998,3
1007891891,1285849916,3
1007891891,1692627340,3
1007891891,2064040127,4
1007891891,5813055495,5
1016403512,1016403672,4
1016403512,1017094185,3
1016403512,1017448980,3
1016403512,1047779784,15
1016403512,1047780090,19
1016403512,1048470473,7
1016403512,1048492504,5
1016403512,1049838815,4
1016403512,1080519686,3
1016403512,1136399018,6
1016403512,1167429808,7
1016403512,5813016057,17
1016403512,862265490,10
1016403512,862615150,9
1016403512,892259847,12
1016403512,893628094,4
1016403512,985710145,14
1016403512,987419574,3
1016403512,987424042,17
1016403672,1016403512,4
1016403672,1016758041,3
1016403672,1017094185,6
1016403672,1017448980,6
1016403672,1017789715,6
1016403672,1018472039,4
1016403672,1047779784,5
1016403672,1048125254,4
1016403672,1048492504,4
1016403672,1167429808,3
1016403672,5813048268,5
1016403672,862265490,3
1016403672,862615150,18
1016403672,892259847,3
1016403672,892609630,3
1016403672,893628094,4
1016403672,985710145,3
1016403672,986059699,4
1016403672,986059778,7
1016403672,986063833,9
1016408273,1016749264,3
1016408273,1016753670,5
1016408273,1285750483,3
1016408273,1597456370,3
1016408273,862615150,3
1016408273,954342682,3
1016408273,954692704,6
1016408273,955365826,3
1016408273,985731781,4
1016408310,1047119615,3
1016408310,1048125065,4
1016408310,1167092919,3
1016408310,1261902646,4
1016408310,5813035500,3
1016408310,5813041801,3
1016408310,924344128,3
1016408310,955383212,6
1016749259,1016749264,8
1016749259,1016753670,13
1016749259,1016758041,4
1016749259,1017094185,3
1016749259,1017781118,3
1016749259,1017789715,5
1016749259,1047119615,4
1016749259,1048492326,5
1016749259,1284394253,3
1016749259,1440252127,8
1016749259,1783362106,3
1016749259,5813016661,4
1016749259,861242399,6
1016749259,862615150,4
1016749259,892609630,4
1016749259,956060773,3
1016749259,985369220,3
1016749259,986059699,5
1016749259,986059778,5
1016749259,986063833,4
1016749259,986759122,8
1016749259,987104744,3
1016749264,1016749259,3
1016749264,1016753670,6
1016749264,1016758041,3
1016749264,1047119615,7
1016749264,1047784012,3
1016749264,1048120973,3
1016749264,5813056280,3
1016749264,861242399,3
1016749264,892277790,5
1016749264,892600621,3
1016749264,892609630,5
1016749264,923321015,3
1016749264,954692704,3
1016749264,955715991,5
1016749264,986059699,5
1016749264,986759122,4
1016749264,987104744,5
1016753670,1017094185,4
1016753670,1783362106,3
1016753670,1876105544,4
1016753670,5813016661,3
1016753670,862615150,6
1016753670,892277790,6
1016753670,892609630,13
1016753670,955715991,8
1016753670,956060773,3
1016753670,985731781,3
1016753670,986059778,5
1016753670,986404884,6
1016758041,1016749264,4
1016758041,1016753670,4
1016758041,1017094185,5
1016758041,1017785388,5
1016758041,1046734991,3
1016758041,1379907704,4
1016758041,1783362106,5
1016758041,862615150,7
1016758041,892259847,3
1016758041,892277790,5
1016758041,892600621,3
1016758041,892609630,6
1016758041,918529614,3
1016758041,985369220,4
1016758041,985722839,3
1016758041,985731781,3
1016758041,986059699,7
1016758041,986404884,7
1016758041,986763734,3
1017090133,1107764430,6
1017090133,892259847,10
1017090133,892958763,3
1017090133,892963477,3
1017090133,925017453,4
1017090133,955374862,7
1017090133,985714517,3
1017090133,985731781,3
1017090133,986396100,6
1017090133,986404884,6
1017094185,1016753670,3
1017094185,1017448980,4
1017094185,1047779784,4
1017094185,1047780090,5
1017094185,1048125254,3
1017094185,5813048268,5
1017094185,862615150,16
1017094185,892259847,4
1017094185,893628094,4
1017094185,955715991,3
1017094185,985714517,3
1017094185,986063833,3
1017094185,986396100,3
1017448980,1017094185,4
1017448980,1047780090,4
1017448980,1535410628,3
1017448980,5813016057,4
1017448980,770249286,4
1017448980,862265490,5
1017448980,862615150,8
1017448980,892259847,3
1017448980,893628094,4
1017448980,955374862,3
1017781118,1016749259,4
1017781118,1047119615,3
1017781118,1048120973,4
1017781118,1048125065,3
1017781118,1048492326,3
1017781118,1440252127,4
1017781118,861242399,3
1017781118,892277790,6
1017781118,892600621,6
1017781118,918529614,4
1017781118,986759122,8
1017785388,1016758041,4
1017785388,1017789715,7
1017785388,1017793356,3
1017785388,1018472039,4
1017785388,1048120973,7
1017785388,1048125254,5
1017785388,1048491559,5
1017785388,1048837669,3
1017785388,1079527169,8
1017785388,1079841570,4
1017785388,1080532771,4
1017785388,1110885663,3
1017785388,1136740119,4
1017785388,1228817231,3
1017785388,1291573712,3
1017785388,1783362106,3
1017785388,862615150,3
1017785388,892277790,4
1017785388,892609630,3
1017785388,986059778,3
1017785388,986759122,3
1017785388,987091864,4
1017789715,1016403672,4
1017789715,1016749259,8
1017789715,1017094185,9
1017789715,1017793356,7
1017789715,1018472039,4
1017789715,1046734991,3
1017789715,1047119615,3
1017789715,1048125254,10
1017789715,1048470473,5
1017789715,1048492326,4
1017789715,1048492504,6
1017789715,1079527169,3
1017789715,862615150,9
1017789715,892259847,7
1017789715,985377724,4
1017789715,986759122,4
1017789715,986763451,3
1017789715,987104744,4
1017793356,1017094185,6
1017793356,1017448980,3
1017793356,1017789715,5
1017793356,1018472039,3
1017793356,1046734991,4
1017793356,1048125254,7
1017793356,1048470473,4
1017793356,1048492504,3
1017793356,1079522281,7
1017793356,1079527169,4
1017793356,1080196056,4
1017793356,1080541849,3
1017793356,1291573712,3
1017793356,5813016057,7
1017793356,862615150,11
1017793356,892259847,7
1017793356,985710145,3
1017793356,986759122,5
1017793356,986763451,6
1017797863,1047784113,8
1017797863,1048125065,3
1017797863,1049174217,4
1017797863,1079855015,10
1017797863,1079859469,3
1017797863,1080200318,4
1017797863,1109194016,6
1017797863,1440252127,10
1017797863,5813035545,4
1017797863,5813041801,8
1017797863,5813048880,4
1017797863,5813056280,5
1017797863,861242399,8
1017797863,892277790,8
1017797863,985377724,5
1017797863,986758977,3
1017797863,986763734,3
1017802759,1017797863,4
1017802759,1049174217,7
1017802759,1049511270,3
1017802759,1079859469,8
1017802759,1079867909,3
1017802759,1109194016,3
1017802759,1169492931,3
1017802759,1281324958,4
1017802759,5813035545,3
1017802759,5813056280,3
1017802759,892259847,3
1017802759,892277790,3
1017802759,986422220,6
1017802884,1017781118,3
1017802884,1048492326,5
1017802884,1049169888,3
1017802884,1079527169,4
1017802884,1079855015,8
1017802884,1080196056,8
1017802884,1080200419,6
1017802884,1080541803,4
1017802884,1110557531,6
1017802884,1110894595,4
1017802884,1136744598,8
1017802884,1440252127,3
1017802884,1535769552,4
1017802884,5813041801,4
1017802884,862615150,5
1017802884,892600621,11
1017802884,986763451,3
1017802884,987104744,4
1018458566,1018804242,4
1018458566,1079841570,6
1018458566,1080519686,6
1018458566,1080528656,3
1018458566,1291573712,3
1018458566,5813015200,5
1018458566,862265490,5
1018458566,862615150,16
1018458566,892259847,12
1018458715,1018458566,4
1018458715,1018804242,8
1018458715,1080519686,4
1018458715,1107764430,3
1018458715,1136740119,10
1018458715,1167429808,4
1018458715,1198468674,3
1018458715,1261902687,3
1018458715,5813015200,6
1018458715,862265490,11
1018458715,862615150,49
1018458715,892259847,22
1018458715,893628094,6
1018458715,918529614,6
1018458715,924326157,4
1018458715,925344753,3
1018458715,955365353,4
1018458715,955702120,4
1018458715,956056543,3
1018458715,956060536,9
1018458715,985714517,6
1018458715,985722839,5
1018458715,986396100,6
1018458715,987091864,7
1018462968,1016749259,9
1018462968,1016753670,5
1018462968,1017785388,5
1018462968,1048125065,3
1018462968,1048125254,3
1018462968,1048837669,4
1018462968,1079527169,5
1018462968,1110885663,4
1018462968,1167433954,3
1018462968,1291573712,3
1018462968,5813016661,10
1018462968,862615150,4
1018462968,893645771,6
1018462968,918529614,3
1018462968,954692704,3
1018462968,955383212,3
1018462968,955715991,3
1018462968,985369220,5
1018462968,985386679,3
1018462968,985731781,4
1018472039,1016403672,4
1018472039,1017781118,4
1018472039,1018462968,3
1018472039,1048125254,3
1018472039,1048492326,4
1018472039,1048492504,3
1018472039,1783362106,3
1018472039,862615150,4
1018472039,892600621,8
1018472039,892609630,4
1018472039,918529614,5
1018472039,986059699,4
1018472039,986763451,4
1018476201,1047080740,5
1018476201,1047784012,4
1018476201,1047787967,3
1018476201,1048837669,5
1018476201,1079527389,3
1018476201,1109194016,3
1018476201,5813048880,3
1018476201,924344128,3
1018476201,955383212,7
1018476201,956060773,3
1018804242,1018458566,5
1018804242,1079841570,3
1018804242,1080519686,6
1018804242,1136740119,4
1018804242,5813015200,11
1018804242,862265490,9
1018804242,862615150,30
1018804242,892259847,12
1018804242,925344753,5
1018804242,987419574,3
1018804242,987424258,3
1037328706,1016753670,3
1037328706,1070638914,3
1037328706,1079859469,3
1037328706,1109194016,3
1037328706,1159715613,19
1037328706,1190737748,8
1037328706,1221768103,5
1037328706,1284394253,33
1037328706,1313038188,5
1037328706,1352598905,4
1037328706,1352684733,6
1037328706,1378156512,10
1037328706,1378856024,3
1037328706,1379907704,81
1037328706,1407260897,5
1037328706,1438300285,7
1037328706,1438304143,4
1037328706,1439590350,6
1037328706,1440252127,23
1037328706,1467961485,5
1037328706,1469227143,3
1037328706,1502364155,11
1037328706,1502701269,8
1037328706,1503042472,15
1037328706,1535769552,14
1037328706,1536403805,3
1037328706,1563364112,10
1037328706,1596091814,7
1037328706,1690274628,3
1037328706,1719569268,9
1037328706,1749007519,3
1037328706,1783362106,137
1037328706,1845431840,4
1037328706,5812990726,5
1037328706,5812991619,7
1037328706,5812999543,3
1037328706,5813023434,16
1037328706,5813033675,12
1037328706,5813048268,60
1037328706,5813048880,3
1037328706,5813055129,5
1037328706,5901215446,4
1037328706,789636635,85
1037328706,861242399,27
1037328706,862265490,6
1037328706,862615150,85
1037328706,892259847,40
1037328706,892268510,4
1037328706,892277790,11
1037328706,892600621,36
1037328706,892609630,94
1037328706,892622947,7
1037328706,892968637,4
1037328706,893628094,9
1037328706,918529614,90
1037328706,924344128,6
1037328706,954692704,4
1037328706,955374672,3
1037328706,955715991,4
1037328706,956060773,3
1037328706,986758977,3
1038079690,5813048268,7
1038079690,892259847,7
1038079690,893628094,9
1046734991,1017448980,4
1046734991,1048125254,3
1046734991,1167429808,3
1046734991,770249286,6
1046734991,862615150,8
1046734991,892259847,3
1046734991,892600621,5
1046734991,892609630,5
1046734991,918529614,4
1046734991,985714517,3
1046734991,986063833,3
1047080740,1136744508,3
1047080740,1285750483,5
1047080740,861242399,3
1047080740,986422220,6
1047106475,1228817231,4
1047106475,1285849916,4
1047106475,986404884,5
1047106475,986759122,6
1047119615,1017781118,6
1047119615,1047106475,3
1047119615,1047787967,3
1047119615,1440252127,3
1047119615,5813041801,3
1047119615,862615150,3
1047119615,892277790,8
1047119615,892609630,4
1047119615,986759122,3
1047123862,1047119615,5
1047123862,1047787967,3
1047123862,1048125065,5
1047123862,5813041801,4
1047123862,5813048880,8
1047123862,923661510,3
1047123862,956060773,4
1047779784,1016403512,11
1047779784,1016403672,5
1047779784,1017094185,9
1047779784,1017448980,6
1047779784,1017789715,4
1047779784,1017793356,4
1047779784,1047780090,8
1047779784,1048125254,8
1047779784,1080537421,4
1047779784,1167429808,4
1047779784,5813016057,10
1047779784,5813048268,4
1047779784,862615150,7
1047779784,892259847,11
1047779784,893628094,5
1047779784,985710145,10
1047779784,986763451,3
1047779784,987424042,4
1047780090,1017094185,4
1047780090,1109841562,4
1047780090,5813015200,3
1047780090,5813016057,4
1047780090,862265490,15
1047780090,892259847,11
1047780090,893628094,5
1047780090,987419139,3
1047780090,987419574,3
1047780090,987424042,4
1047784012,1047119615,4
1047784012,1047787967,3
1047784012,1440252127,11
1047784012,5813016987,4
1047784012,5813048880,7
1047784012,5813056280,6
1047784012,861242399,8
1047784012,986758977,5
1047784109,1017781118,3
1047784109,1017793356,3
1047784109,1017802759,3
1047784109,1047784113,6
1047784109,1049174217,6
1047784109,1079527389,4
1047784109,1079855015,5
1047784109,1079859469,3
1047784109,1080200318,4
1047784109,5813035545,5
1047784109,5813041801,3
1047784109,5813048880,5
1047784109,986422220,3
1047784113,1017781118,6
1047784113,1017797863,4
1047784113,1047119615,6
1047784113,1047784012,3
1047784113,1048120973,3
1047784113,1048125065,7
1047784113,1048492326,5
1047784113,1048837669,3
1047784113,1079855015,6
1047784113,1284394253,3
1047784113,1440252127,10
1047784113,5813041801,3
1047784113,5813048880,4
1047784113,5813056280,6
1047784113,892277790,3
1047784113,892600621,5
1047784113,986758977,3
1047784113,986763734,9
1047784113,987104744,5
1047787967,1018476201,3
1047787967,1047119615,4
1047787967,1048125065,3
1047787967,1285750483,3
1047787967,1285849916,6
1047787967,1440252127,3
1047787967,5813016987,4
1047787967,5813048880,3
1047787967,892609630,5
1047787967,956060773,4
1048120973,1017781118,5
1048120973,1048492326,3
1048120973,1109167269,3
1048120973,861242399,3
1048120973,892259847,4
1048120973,892277790,4
1048120973,892600621,3
1048120973,892609630,6
1048120973,986759122,6
1048125065,1047119615,4
1048125065,1048120973,3
1048125065,1048492326,3
1048125065,1079527169,4
1048125065,1285849916,3
1048125065,5813048880,6
1048125065,892600621,3
1048125254,1016403672,5
1048125254,1017094185,8
1048125254,1017448980,4
1048125254,1017789715,9
1048125254,1017793356,3
1048125254,1046734991,3
1048125254,1047779784,5
1048125254,1047780090,3
1048125254,1048120973,3
1048125254,1048470473,8
1048125254,1048492504,5
1048125254,1783362106,3
1048125254,5813016057,8
1048125254,862615150,19
1048125254,892259847,12
1048125254,893628094,7
1048125254,986059778,8
1048125254,986404884,6
1048125254,986759122,3
1048125254,986763451,4
1048470473,1016403512,4
1048470473,1017094185,9
1048470473,1017448980,3
1048470473,1017789715,5
1048470473,1017793356,12
1048470473,1017802884,3
1048470473,1047779784,6
1048470473,1047780090,6
1048470473,1048125254,4
1048470473,1048492326,3
1048470473,1048492504,7
1048470473,1048837669,3
1048470473,1049839301,3
1048470473,1079522281,4
1048470473,1080532771,4
1048470473,1110536002,5
1048470473,5813016057,6
1048470473,862615150,22
1048470473,892259847,16
1048470473,893628094,4
1048491559,1016749259,3
1048491559,1016749264,3
1048491559,1017781118,3
1048491559,1017785388,6
1048491559,1017802884,3
1048491559,1018472039,6
1048491559,1048120973,4
1048491559,1048125254,3
1048491559,1048470473,4
1048491559,1048837669,3
1048491559,1049502699,6
1048491559,1079527169,3
1048491559,1080200318,5
1048491559,1080541849,3
1048491559,1136740119,4
1048491559,1136744598,3
1048491559,1167092919,3
1048491559,1228817231,3
1048491559,1535769552,4
1048491559,1783362106,6
1048491559,5813016661,6
1048491559,5813056280,3
1048491559,862615150,15
1048491559,892600621,5
1048491559,955383212,4
1048491559,956056543,3
1048491559,986763451,5
1048491559,987091864,3
1048491559,987104744,3
1048492326,1079522281,4
1048492326,1079527169,6
1048492326,1109167269,3
1048492326,1783362106,6
1048492326,5813041801,5
1048492326,862615150,8
1048492326,892277790,7
1048492326,918529614,3
1048492326,986759122,3
1048492504,1016403672,3
1048492504,1017448980,3
1048492504,1017793356,7
1048492504,1047780090,3
1048492504,1048125254,4
1048492504,1048470473,7
1048492504,1048491559,3
1048492504,1049169888,3
1048492504,1079522281,4
1048492504,1139498661,3
1048492504,5813016057,5
1048492504,862615150,11
1048492504,893628094,5
1048492504,985710145,3
1048492504,986763451,5
1048837074,1017802759,7
1048837074,1049174217,5
1048837074,1049510640,6
1048837074,1079527389,3
1048837074,1110885932,3
1048837074,1111580845,3
1048837074,1440252127,3
1048837074,924348411,3
1048837074,956082289,4
1048837074,986767293,3
1048837074,987116716,4
1048837669,1017781118,3
1048837669,1017785388,4
1048837669,1017802884,8
1048837669,1047784113,4
1048837669,1048125065,4
1048837669,1048491559,6
1048837669,1048492326,4
1048837669,1049174217,3
1048837669,1049502699,3
1048837669,1079527169,3
1048837669,1079855015,5
1048837669,1080200438,5
1048837669,1080532771,3
1048837669,1080537608,3
1048837669,1110557531,4
1048837669,1136744598,3
1048837669,1440252127,15
1048837669,5813041801,5
1048837669,5813048880,3
1048837669,5813056280,4
1048837669,861242399,5
1048837669,862615150,3
1048837669,892277790,3
1048837669,892600621,4
1048837669,955383212,3
1048837669,986763734,5
1048837669,987104744,3
1049169888,1017781118,3
1049169888,1017802884,3
1049169888,1079855015,9
1049169888,1079859469,3
1049169888,1079867909,4
1049169888,1080196056,5
1049169888,1080200318,3
1049169888,1109194016,8
1049169888,1110557531,8
1049169888,1110894595,3
1049169888,1136744598,4
1049169888,1138117141,5
1049169888,1291573712,3
1049169888,5813041801,4
1049169888,862615150,4
1049169888,892277790,5
1049169888,892600621,4
1049169888,918529614,3
1049174217,1049510640,4
1049174217,1079859469,7
1049174217,1080200318,3
1049174217,1110894595,3
1049174217,1284394253,3
1049174217,986422220,3
1049502699,1017781118,3
1049502699,1048491559,5
1049502699,1048837669,7
1049502699,1049169888,5
1049502699,1049839301,3
1049502699,1080196056,3
1049502699,1080200318,3
1049502699,1080212848,5
1049502699,1080213108,4
1049502699,1080532771,6
1049502699,1080541803,4
1049502699,1080545525,8
1049502699,1109194016,4
1049502699,1110557531,4
1049502699,1110894595,8
1049502699,1111217863,6
1049502699,1142257556,10
1049502699,862615150,7
1049502699,892259847,7
1049506374,1049174217,4
1049506374,1142598324,7
1049506374,5813041801,3
1049506374,892600621,3
1049506374,955383212,9
1049510640,1049174217,3
1049510640,1251996302,3
1049511179,1017802759,4
1049511179,1079867909,3
1049511179,1080212848,5
1049511179,1080545525,7
1049511179,1109194016,3
1049511179,1110885932,3
1049511179,1111917081,3
1049511179,1136744598,3
1049511179,862615150,3
1049511270,1048837669,3
1049511270,1049510640,4
1049511270,1049511179,3
1049511270,1080532771,3
1049511270,1109194016,3
1049511270,1110885932,3
1049511270,1136744598,3
1049511270,1139153107,3
1049511270,955383212,4
1049511270,986422220,3
1049838815,1047780090,9
1049838815,1049839301,4
1049838815,1080196056,3
1049838815,1080519686,4
1049838815,1080532771,5
1049838815,1080537421,3
1049838815,1080537610,3
1049838815,1110536002,5
1049838815,1110885663,6
1049838815,1136740119,4
1049838815,1167433990,3
1049838815,1262602271,6
1049838815,1291573712,3
1049838815,5812996568,3
1049838815,5813016057,9
1049838815,5813081845,4
1049838815,5813087952,3
1049838815,862265490,11
1049838815,862615150,17
1049838815,892259847,11
1049838815,987419139,3
1049838815,987424042,8
1049839301,1017785388,5
1049839301,1049502699,17
1049839301,1049838815,8
1049839301,1080196056,4
1049839301,1080532771,7
1049839301,1080537421,6
1049839301,1080537608,6
1049839301,1080537610,3
1049839301,1080541849,9
1049839301,1110557531,5
1049839301,1291573712,6
1049839301,1472996209,3
1049839301,862615150,13
1049839301,892259847,7
1069187878,1006984280,3
1069187878,5813026936,15
1069187878,5813031440,3
1070638675,857456902,3
1072063538,1159555822,3
1072063538,1261220478,4
1072063538,1262602271,4
1072063538,1281998821,3
1072063538,1311677904,5
1072063538,1469999513,4
1072063538,1540518369,4
1072063538,1597157083,4
1072063538,5813020347,5
1072063538,5813022959,5
1072063538,5813023480,3
1072063538,5813026936,6
1072063538,5813061218,3
1072063538,5813068748,7
1072063538,5813078261,4
1072063538,770249286,4
1072063538,862615150,3
1072063538,925344753,3
1072063538,974839708,3
1076724887,861224611,4
1076724887,861233221,6
1076724887,891582338,4
1076724887,985347040,6
1076724887,985347061,13
1077454826,1198132041,3
1077792194,892968554,3
1077792194,923321015,6
1077792194,924002690,4
1077792194,924344128,3
1077792194,954010798,3
1077792387,1047780090,4
1077792387,5813016057,8
1077792387,862615150,9
1077792387,892259847,4
1078111105,1018458715,3
1078111105,1047780090,3
1078111105,5813016652,4
1078111105,5813048268,5
1078111105,5813050604,11
1078111105,862265490,35
1078111105,862615150,6
1078111105,892259847,4
1078111105,892963477,5
1078111105,893628094,10
1078111105,923998505,3
1078111105,925003837,6
1078111105,925017553,3
1078111105,955020637,6
1078111105,955365353,4
1078111105,955374862,3
1078111105,985722546,22
1078111105,985722839,3
1078111105,987424042,10
1079143870,1016408273,3
1079143870,1047106475,3
1079143870,1128572709,9
1079143870,1139835270,3
1079143870,1260538467,8
1079143870,1263646693,5
1079143870,1295035551,9
1079143870,1467987587,4
1079143870,1501980151,5
1079143870,1657258136,3
1079143870,1781981967,4
1079143870,1810659099,3
1079143870,544038294,3
1079143870,5813016987,4
1079143870,676504624,4
1079143870,789636635,3
1079143870,956397821,4
1079143870,987419574,3
1079522281,1049839301,5
1079522281,1080196056,4
1079522281,1080519686,3
1079522281,1597456370,3
1079522281,5813016057,10
1079522281,862615150,14
1079522281,892259847,12
1079527169,1017094185,3
1079527169,1048491559,3
1079527169,1048492504,3
1079527169,1079855015,4
1079527169,1080196056,3
1079527169,861242399,5
1079527169,862615150,8
1079527169,892277790,3
1079527169,892600621,4
1079527169,892609630,3
1079527389,1017802759,4
1079527389,1047784109,3
1079527389,1048837074,4
1079527389,1049511270,3
1079527389,1284394253,3
1079527389,5813035545,6
1079527389,924689450,3
1079527389,986422220,4
1079527389,986758977,3
1079841570,1018458566,3
1079841570,1049510640,3
1079841570,1080519686,4
1079841570,1291573712,3
1079841570,862265490,3
1079841570,862615150,15
1079841570,892259847,15
1079855015,1048492326,3
1079855015,1079527169,6
1079855015,1080196056,4
1079855015,1110557531,3
1079855015,1110894595,3
1079855015,5813041801,3
1079855015,861242399,5
1079855015,862615150,4
1079855015,892259847,3
1079855015,892277790,8
1079855015,892600621,6
1079855015,986763734,3
1079859469,1049174217,6
1079859469,1079855015,5
1079859469,1080537608,3
1079859469,1109194016,5
1079859469,1110557531,4
1079859469,1111580845,3
1079859469,1440252127,5
1079859469,1624747496,3
1079859469,861242399,4
1079859469,892277790,6
1079867909,1017802759,3
1079867909,1048837074,3
1079867909,1049510640,3
1079867909,1049511270,3
1079867909,1079859469,8
1079867909,1080200419,8
1079867909,1109194016,5
1079867909,1110186452,3
1079867909,1110903013,4
1079867909,1110906913,3
1079867909,1111580845,3
1079867909,1198123389,3
1079867909,5813016380,3
1079867909,5813044569,3
1079872487,1110562345,3
1079872487,1110903093,6
1079872487,1110906913,3
1079872487,1111243796,4
1079872487,1138117141,5
1079872487,1169492931,6
1079872487,1199496243,8
1079872487,1200182517,4
1079872487,1200523569,3
1079872487,5812983845,5
1079872487,5813016380,4
1079872487,5813044569,5
1080196056,1079522281,4
1080196056,1079855015,5
1080196056,1080537610,4
1080196056,1110557531,6
1080196056,862615150,7
1080196056,892259847,8
1080200318,1017781118,4
1080200318,1017797863,5
1080200318,1047784113,4
1080200318,1048491559,3
1080200318,1048492326,4
1080200318,1048837074,3
1080200318,1048837669,5
1080200318,1049169888,4
1080200318,1049502699,3
1080200318,1080545525,3
1080200318,1110186452,3
1080200318,1136744598,3
1080200318,5813041801,4
1080200318,5813056280,5
1080200318,955383212,6
1080200318,986763734,3
1080200419,1017802884,6
1080200419,1049169888,7
1080200419,1079859469,3
1080200419,1079867909,6
1080200419,1080196056,9
1080200419,1080200438,7
1080200419,1080537421,4
1080200419,1080537608,4
1080200419,1080537610,3
1080200419,1080541803,4
1080200419,1080541849,4
1080200419,1110557531,4
1080200419,1110894595,3
1080200419,1136744598,5
1080200419,1262602271,5
1080200419,1291573712,8
1080200419,1440252127,3
1080200419,862615150,5
1080200419,892277790,4
1080200419,892609630,3
1080200419,987116716,3
1080200438,1017793356,7
1080200438,1048492504,4
1080200438,1049839301,3
1080200438,1079522281,5
1080200438,1080200419,6
1080200438,1080213108,3
1080200438,1080537421,10
1080200438,1080537608,7
1080200438,1080537610,8
1080200438,1080541803,10
1080200438,1080541849,11
1080200438,1111567676,4
1080200438,1111576163,4
1080200438,1291573712,10
1080200438,5813061218,3
1080200438,5813081845,4
1080200438,862615150,4
1080200438,892259847,4
1080212848,1049169888,3
1080212848,1049502699,4
1080212848,1049511179,9
1080212848,1079859469,3
1080212848,1079867909,4
1080212848,1110186452,3
1080212848,1111217863,4
1080212848,1138117141,3
1080212848,1141601145,4
1080212848,1142257556,3
1080212848,1198123389,3
1080212848,1200182520,4
1080212848,1291573712,3
1080212848,862615150,5
1080212848,892600621,3
1080213108,1048491559,3
1080213108,1049502699,3
1080213108,1080212848,6
1080213108,1111248481,4
1080213108,1111567676,3
1080213108,1111576163,3
1080213108,1141251402,3
1080213108,1141601145,5
1080213108,1141937695,6
1080213108,1142257556,8
1080213108,1142266328,5
1080213108,5813016381,6
1080213108,862615150,6
1080213108,892259847,10
1080519686,1017448980,4
1080519686,1018458566,7
1080519686,1018462968,3
1080519686,1018804242,10
1080519686,1048491559,3
1080519686,1079841570,4
1080519686,1080528656,3
1080519686,1080532771,5
1080519686,1110536002,3
1080519686,1111217863,5
1080519686,1136740119,5
1080519686,5813015200,11
1080519686,862265490,6
1080519686,862615150,32
1080519686,892259847,19
1080519686,893628094,3
1080528656,1018458566,3
1080528656,1111567676,5
1080528656,5813015200,3
1080528656,862265490,5
1080528656,862615150,13
1080528656,892259847,17
1080532771,1016403672,5
1080532771,1017785388,3
1080532771,1017789715,3
1080532771,1048470473,6
1080532771,1048491559,4
1080532771,1048492504,5
1080532771,1049502699,10
1080532771,1049838815,3
1080532771,1077792387,3
1080532771,1080200438,3
1080532771,1080528656,3
1080532771,1080537610,4
1080532771,1080541803,5
1080532771,1110566303,4
1080532771,1110885663,6
1080532771,1111217863,8
1080532771,1111576163,3
1080532771,1142257556,6
1080532771,1167092919,3
1080532771,1262602271,4
1080532771,5813015200,3
1080532771,862265490,4
1080532771,862615150,17
1080532771,892259847,15
1080532771,918529614,3
1080537421,1016403512,4
1080537421,1048470473,8
1080537421,1048492504,3
1080537421,1049839301,12
1080537421,1080200438,6
1080537421,1080213108,3
1080537421,1080537610,6
1080537421,1080541803,4
1080537421,1080878335,9
1080537421,1110536002,5
1080537421,1110566303,7
1080537421,1110885663,3
1080537421,1111576163,5
1080537421,1136399018,3
1080537421,1137085385,3
1080537421,1291573712,6
1080537421,5813016057,8
1080537421,5813081845,6
1080537421,862265490,3
1080537421,862615150,8
1080537421,892259847,7
1080537421,893628094,4
1080537421,986763451,3
1080537608,1080541803,3
1080537608,1080541849,4
1080537608,5813069528,4
1080537608,862615150,12
1080537608,892259847,6
1080537610,1049174217,3
1080537610,1049502699,3
1080537610,1080196056,5
1080537610,1080200438,3
1080537610,1080541849,5
1080537610,1110894595,4
1080537610,862615150,16
1080537610,892259847,15
1080541803,1017802759,4
1080541803,1017802884,6
1080541803,1080196056,4
1080541803,1080200419,6
1080541803,1080200438,9
1080541803,1080212848,3
1080541803,1080537608,5
1080541803,1080537610,3
1080541803,1080541849,5
1080541803,1110557531,9
1080541803,1110894595,13
1080541803,1136744598,3
1080541803,1137085385,5
1080541803,1198123389,3
1080541803,1291573712,3
1080541803,1532699530,3
1080541803,862615150,4
1080541803,892600621,3
1080541849,1079522281,4
1080541849,1079855015,3
1080541849,1080196056,3
1080541849,1080537608,3
1080541849,1110894595,5
1080541849,5813081845,4
1080541849,862265490,3
1080541849,862615150,10
1080541849,892259847,12
1080545525,1048837669,6
1080545525,1049502699,9
1080545525,1049511179,8
1080545525,1079855015,5
1080545525,1080212848,5
1080545525,1110186452,3
1080545525,1111217863,3
1080545525,1200182517,4
1080878335,1048491559,3
1080878335,1048837669,4
1080878335,1049502699,6
1080878335,1049839301,3
1080878335,1080532771,5
1080878335,1080537610,4
1080878335,1080541849,4
1080878335,1111567676,3
1080878335,1141259920,3
1080878335,1262602271,6
1080878335,5813081845,7
1080878335,862615150,12
1080878335,892259847,17
1100558968,1198818609,3
1100558968,1231955849,3
1100558968,5813023322,3
1100900138,770249286,7
1107764430,5813048268,3
1107764430,770249286,7
1107764430,862615150,9
1107764430,892259847,6
1107764430,892609630,3
1107764430,955365826,4
1107764430,956060536,3
1107764430,985714517,3
1107764430,986404884,3
1109167269,1016753670,4
1109167269,1017781118,3
1109167269,1047119615,6
1109167269,1048120973,8
1109167269,1048125065,3
1109167269,1048492326,3
1109167269,1079527169,4
1109167269,1079855015,4
1109167269,5813041801,3
1109167269,5813048880,6
1109167269,5813056280,3
1109167269,986759122,4
1109167269,987104744,3
1109194016,1049174217,4
1109194016,1079855015,6
1109194016,1110894595,4
1109194016,1139153107,3
1109194016,1470950640,3
1109194016,1627561374,3
1109194016,5813041801,3
1109194016,861242399,8
1109194016,892277790,6
1109194016,892600621,5
1109841562,1047780090,3
1109841562,862615150,4
1109841562,892259847,8
1110186452,1017802759,5
1110186452,1079867909,6
1110186452,1111580845,7
1110186452,1138117141,3
1110186452,1138807924,5
1110186452,1169492931,4
1110186452,1221285128,5
1110186452,1281324958,3
1110186452,1439927802,6
1110186452,5813044569,3
1110186452,861242399,3
1110186452,892277790,6
1110535962,1080200318,4
1110535962,1080537421,6
1110535962,1080537610,3
1110535962,1110562345,5
1110535962,1110566383,6
1110535962,1110903013,3
1110535962,1110903093,3
1110535962,1111576163,5
1110535962,1138807924,6
1110535962,1139153136,3
1110535962,1200182520,4
1110535962,1221285128,3
1110535962,1291573712,5
1110535962,1532699530,6
1110535962,5813061218,3
1110535962,862615150,3
1110535962,892259847,3
1110535962,892600621,4
1110536002,1017448980,3
1110536002,1048470473,7
1110536002,1048491559,4
1110536002,1049502699,5
1110536002,1049838815,5
1110536002,1077792387,3
1110536002,1079522281,3
1110536002,1080532771,3
1110536002,1080541849,4
1110536002,1110885663,4
1110536002,1111217863,3
1110536002,1136399018,4
1110536002,5813016057,5
1110536002,5813081845,3
1110536002,862265490,9
1110536002,862615150,7
1110536002,892259847,10
1110536002,987424258,3
1110557531,1017802884,3
1110557531,1049174217,3
1110557531,1079855015,3
1110557531,1080196056,5
1110557531,1080200419,5
1110557531,1080537608,3
1110557531,1080541849,4
1110557531,1109194016,4
1110557531,1110894595,5
1110557531,1253700547,3
1110557531,1440252127,5
1110557531,1563467433,4
1110557531,892609630,3
1110562345,1048837669,5
1110562345,1049502699,3
1110562345,1080541803,3
1110562345,1080545525,4
1110562345,1138117141,3
1110562345,1200182520,5
1110562345,1291573712,3
1110562345,1439927802,3
1110562345,862615150,9
1110566098,1110535962,4
1110566098,1110566383,5
1110566098,1110903093,7
1110566098,1110906913,8
1110566098,1111243796,3
1110566098,1138807924,6
1110566098,1139153136,6
1110566098,1199496243,3
1110566098,1200523569,7
1110566098,1532699530,10
1110566303,1049502699,3
1110566303,1080532771,9
1110566303,1080537608,8
1110566303,1080537610,3
1110566303,1080541849,4
1110566303,1080878335,4
1110566303,1111917081,3
1110566303,1137085385,6
1110566303,1141259920,3
1110566303,1141937695,3
1110566303,1262602271,9
1110566303,2404108218,5
1110566303,5813061218,4
1110566303,5813081845,9
1110566303,862615150,21
1110566303,892259847,13
1110566383,1080200438,3
1110566383,1080537421,6
1110566383,1080537610,3
1110566383,1110535962,3
1110566383,1110566303,3
1110566383,1110906913,3
1110566383,1111243796,6
1110566383,1111243870,5
1110566383,1111244083,6
1110566383,1111576163,11
1110566383,1137085385,5
1110566383,1138807924,5
1110566383,1291573712,7
1110566383,1532699530,3
1110566383,1533040625,3
1110566383,5813081845,5
1110885663,1017094185,3
1110885663,1017785388,4
1110885663,1048120973,4
1110885663,1048125254,4
1110885663,1048492326,3
1110885663,1049502699,3
1110885663,1079527169,4
1110885663,1080196056,4
1110885663,1080519686,9
1110885663,1080532771,6
1110885663,1136399018,4
1110885663,1136740119,6
1110885663,1167092919,4
1110885663,5813016057,6
1110885663,5813016661,3
1110885663,862265490,4
1110885663,862615150,3
1110885663,892259847,7
1110885932,1017802759,4
1110885932,1049174217,3
1110885932,1049510640,3
1110885932,924348411,3
1110894595,1049169888,4
1110894595,1049502699,5
1110894595,1080537608,3
1110894595,1080541849,3
1110894595,862615150,7
1110894595,892277790,4
1110903013,1080200419,6
1110903013,1080200438,3
1110903013,1080541803,5
1110903013,1110557531,3
1110903013,1110562345,3
1110903013,1110894595,4
1110903013,1111576163,3
1110903013,1136744598,3
1110903013,1137085385,5
1110903013,1138117141,6
1110903013,1139153136,4
1110903013,1198123389,4
1110903013,1221285128,3
1110903013,1281324958,5
1110903013,1291573712,6
1110903013,1935821486,4
1110903013,5813016380,3
1110903013,892600621,3
1110903093,1079872487,7
1110903093,1110566098,5
1110903093,1110566383,3
1110903093,1110906913,5
1110903093,1111243796,3
1110903093,1111917081,4
1110903093,1139153136,4
1110903093,1172623224,4
1110903093,1172627154,4
1110903093,1199496243,7
1110903093,1200182517,3
1110903093,1200523569,4
1110903093,1532699530,13
1110903093,1533040625,4
1110903093,5813016380,4
1110906913,1110535962,4
1110906913,1110566098,4
1110906913,1110903013,3
1110906913,1110903093,6
1110906913,1111243796,4
1110906913,1138117141,3
1110906913,1138807924,3
1110906913,1139153136,4
1110906913,1172627154,4
1110906913,1199496243,4
1110906913,1200182520,4
1110906913,1291573712,5
1110906913,1532699530,4
1110906913,1625804723,4
1110906913,5812983845,5
1110906913,5813016380,5
1111217863,1018458566,3
1111217863,1048491559,5
1111217863,1049502699,11
1111217863,1049839301,4
1111217863,1080213108,7
1111217863,1080528656,4
1111217863,1080532771,10
1111217863,1080537421,3
1111217863,1080545525,3
1111217863,1111567676,8
1111217863,1141937695,4
1111217863,1142257556,9
1111217863,1262602271,4
1111217863,862615150,33
1111217863,892259847,19
1111243796,1200523569,3
1111243796,1439927802,3
1111243796,2088971332,4
1111243796,862615150,12
1111243796,892259847,4
1111243870,1080212848,4
1111243870,1110535962,3
1111243870,1110566383,5
1111243870,1111248481,9
1111243870,1141937695,3
1111243870,1142266328,6
1111243870,1172627154,3
1111243870,1200523569,3
1111243870,5813016381,7
1111243870,862615150,3
1111244083,1080213108,4
1111244083,1111243870,7
1111244083,1111244201,5
1111244083,1137085385,8
1111244083,1141601145,10
1111244083,1141937695,3
1111244083,1142266328,3
1111244083,1172627154,3
1111244083,1262602271,3
1111244083,1291573712,4
1111244083,5813016381,5
1111244083,5813061218,6
1111244083,862615150,13
1111244083,892259847,8
1111244201,1049502699,4
1111244201,1080213108,3
1111244201,1080878335,3
1111244201,1111243796,3
1111244201,1137085385,6
1111244201,1138117141,3
1111244201,1141937695,3
1111244201,1291573712,3
1111244201,5813081845,7
1111244201,862615150,24
1111244201,892259847,10
1111248481,1080213108,11
1111248481,1111243870,9
1111248481,1111567676,4
1111248481,1141601145,14
1111248481,1141937695,13
1111248481,1142266328,8
1111248481,5813016381,4
1111248481,5813061218,3
1111248481,862615150,20
1111248481,892259847,14
1111567676,1049502699,4
1111567676,1080213108,7
1111567676,1080528656,7
1111567676,1080532771,3
1111567676,1080537421,5
1111567676,1110566303,5
1111567676,1111217863,12
1111567676,1111243870,4
1111567676,1142266328,7
1111567676,1200182520,3
1111567676,862265490,5
1111567676,862615150,18
1111567676,892259847,22
1111572164,1017802759,3
1111572164,1079867909,5
1111572164,1111580845,3
1111572164,1169492931,3
1111572164,1172623224,3
1111576163,1049839301,3
1111576163,1080200419,3
1111576163,1080200438,8
1111576163,1080537421,7
1111576163,1080537608,3
1111576163,1080537610,3
1111576163,1080541803,4
1111576163,1080541849,8
1111576163,1110535962,3
1111576163,1110566303,3
1111576163,1110566383,5
1111576163,1110903013,8
1111576163,1111244201,6
1111576163,1137085385,4
1111576163,1138807924,3
1111576163,1139153136,4
1111576163,1141259920,3
1111576163,1141937695,5
1111576163,1142266328,3
1111576163,1262602271,5
1111576163,1291573712,10
1111576163,1935821486,3
1111576163,862615150,8
1111580845,1138117141,5
1111580845,1169492931,7
1111580845,861242399,4
1111580845,862615150,3
1111917081,1049510640,5
1111917081,1049511179,5
1111917081,1049511270,4
1111917081,1079872487,3
1111917081,1080545525,4
1111917081,1111580845,3
1111917081,1200182517,4
1111917081,924348411,4
1128572709,1047119615,3
1128572709,1079143870,13
1128572709,1109167269,4
1128572709,1139835270,3
1128572709,1193448112,3
1128572709,1260542968,5
1128572709,1261565786,3
1128572709,1263646693,5
1128572709,1282690130,3
1128572709,1295035551,4
1128572709,1467987587,3
1128572709,1501980151,3
1128572709,1625804723,3
1128572709,1626560096,4
1128572709,1629880348,3
1128572709,2154767014,3
1128572709,5812992898,4
1128572709,5813016987,4
1128572709,676504624,5
1128572709,789636635,4
1128572709,923661937,3
1131011511,1192735693,4
1131011511,1192739907,6
1131011511,1349603861,3
1131011511,2247202730,3
1131339501,1260538467,3
1131339501,1692627340,4
1131339501,5813055495,3
1136399017,5813016065,6
1136399017,5813016661,4
1136399017,5813027631,4
1136399017,5813035500,4
1136399017,5813056280,3
1136399017,892277790,3
1136399017,892281819,4
1136399017,892968554,3
1136399017,923661510,8
1136399017,924344089,3
1136399017,924344128,5
1136399017,924689450,3
1136399017,955374672,3
1136399017,986059699,4
1136399018,1017094185,3
1136399018,1017785388,3
1136399018,1018458715,3
1136399018,1047780090,5
1136399018,1080519686,7
1136399018,1109841562,3
1136399018,1167429808,8
1136399018,1262602271,3
1136399018,1291573712,3
1136399018,5813015200,3
1136399018,5813016057,3
1136399018,5813087952,3
1136399018,862265490,6
1136399018,862610554,3
1136399018,862615150,18
1136399018,892259847,12
1136399018,893628094,5
1136399018,955702120,3
1136399018,956060536,4
1136399018,985714517,6
1136399018,985722546,4
1136399018,987091864,6
1136399018,987424042,5
1136399018,987424258,5
1136740119,1017094185,4
1136740119,1018458715,6
1136740119,1018804242,4
1136740119,1047780090,3
1136740119,1048125254,4
1136740119,1048491559,4
1136740119,1080519686,6
1136740119,1080532771,5
1136740119,1110885663,3
1136740119,1262602271,4
1136740119,5813015200,6
1136740119,5813016661,7
1136740119,862615150,38
1136740119,892259847,18
1136740119,893628094,6
1136740119,956060536,5
1136740119,985710145,3
1136740119,985714517,3
1136740119,985722839,4
1136740119,986063833,3
1136740119,986404884,3
1136740119,987091864,6
1136744508,1047080740,4
1136744508,1048837669,4
1136744508,5813048880,3
1136744508,5813056280,3
1136744508,924002690,4
1136744508,955383212,4
1136744508,986758977,3
1136744508,986767293,6
1136744536,5813031440,3
1136744536,861242399,6
1136744536,862610554,3
1136744536,891935748,4
1136744536,892281819,6
1136744536,892600621,5
1136744536,892609630,7
1136744536,892623020,4
1136744536,892959608,3
1136744536,892963332,5
1136744536,893642012,5
1136744536,923644961,4
1136744536,925021558,5
1136744536,955365826,3
1136744536,956043578,5
1136744594,1166756335,4
1136744594,1379907704,3
1136744594,5813048452,4
1136744594,861242399,4
1136744594,862265699,3
1136744594,862610554,3
1136744594,862615150,3
1136744594,891927839,6
1136744594,892259847,5
1136744594,892273269,4
1136744594,892277790,4
1136744594,892609615,6
1136744594,892609630,4
1136744594,892963332,7
1136744594,892963681,7
1136744594,893287523,6
1136744594,893633230,3
1136744594,893642012,6
1136744594,918529614,4
1136744594,923640363,5
1136744594,923644961,4
1136744594,924326233,5
1136744598,1017797863,5
1136744598,1017802884,11
1136744598,1048492326,3
1136744598,1049169888,5
1136744598,1049174217,4
1136744598,1079855015,9
1136744598,1080196056,3
1136744598,1109194016,8
1136744598,1110557531,11
1136744598,1110894595,4
1136744598,1440252127,5
1136744598,1535769552,5
1136744598,861242399,3
1136744598,892277790,8
1136744598,892600621,3
1136744615,1136399017,3
1136744615,5812987740,5
1136744615,893645771,3
1136744615,923644592,5
1136744615,924344089,4
1137085385,1111244201,7
1137085385,1111567676,3
1137085385,1159715613,3
1137085385,5813081845,3
1137085385,862615150,17
1137085385,892259847,18
1137085556,1048837074,6
1137085556,1049510640,3
1137085556,1049511179,3
1137085556,956082289,6
1137085556,987116716,3
1137763222,1352598905,3
1137763222,1783362106,5
1137763222,861242399,5
1137763222,862615150,8
1137763222,892259847,3
1137763222,892600621,7
1137763222,892609630,3
1137763222,918529614,11
1138117141,1111580845,3
1138117141,1141251402,3
1138117141,1169492931,3
1138117141,1200523569,3
1138117141,1625804774,4
1138117141,5813109987,3
1138117141,862615150,6
1138117141,892259847,3
1138807924,1110535962,3
1138807924,1110566098,3
1138807924,1110566383,3
1138807924,1110903013,3
1138807924,1111243870,3
1138807924,1111244083,3
1138807924,1139153136,9
1138807924,1167434000,3
1138807924,1291573712,7
1138807924,1532699530,4
1138807924,1533040625,4
1138812529,891931735,5
1138812529,892268510,3
1138812529,893645771,3
1138812529,923636089,3
1138812529,923644592,4
1139153107,1048837074,3
1139153107,1049169888,5
1139153107,1079855015,4
1139153107,1080541803,4
1139153107,1109194016,12
1139153107,1110557531,5
1139153107,1110894595,4
1139153107,5813041801,3
1139153136,1079872487,5
1139153136,1110535962,4
1139153136,1110566098,4
1139153136,1110894595,3
1139153136,1110903013,5
1139153136,1110903093,3
1139153136,1110906913,3
1139153136,1111243796,4
1139153136,1111243870,4
1139153136,1138807924,5
1139153136,1200182520,3
1139153136,1200523569,3
1139153136,1221285128,4
1139153136,1281324958,3
1139153136,1291573712,6
1139153136,1439927802,4
1139153136,1532699530,3
1139153136,892600621,3
1139498661,1046734991,5
1139498661,1048492326,3
1139498661,1079522281,6
1139498661,1080196056,3
1139498661,1810659099,3
1139498661,892259847,4
1139498661,986404884,3
1139835270,1016408310,3
1139835270,862615150,4
1139835270,892968554,3
1139835270,923644592,3
1139835270,924344089,4
1139835270,954010798,5
1139835270,955374672,5
1140547788,1049510640,4
1140547788,1080545525,3
1140547788,955383212,6
1140547788,986422220,3
1141251402,1049174217,3
1141251402,1080545525,5
1141251402,1109194016,3
1141251402,1110566098,3
1141251402,5813041801,3
1141259920,1048491559,3
1141259920,1048837669,5
1141259920,1049502699,7
1141259920,1049511270,3
1141259920,1110562345,4
1141259920,1141937695,3
1141259920,1253700547,3
1141259920,1262602271,4
1141259920,1533040625,3
1141259920,1935821486,4
1141259920,5813081845,3
1141259920,862615150,8
1141601145,1080212848,8
1141601145,1080213108,9
1141601145,1111248481,3
1141601145,1141937695,3
1141601145,1142266328,5
1141601145,1167434000,3
1141601145,5813016381,7
1141601145,862615150,4
1141937695,1080212848,5
1141937695,1080213108,4
1141937695,1111243870,3
1141937695,1142266328,5
1141937695,1200182517,5
1141937695,1200182520,3
1141937695,5813016380,3
1141937695,5813016381,5
1141937695,862615150,3
1141937695,892259847,6
1142257556,1017802884,5
1142257556,1049502699,8
1142257556,1080200438,5
1142257556,1080212848,5
1142257556,1080213108,5
1142257556,1080532771,3
1142257556,1080541803,4
1142257556,1111217863,3
1142257556,1111567676,4
1142257556,1141259920,4
1142257556,862615150,7
1142257556,892259847,10
1142257556,892600621,3
1142266328,1080213108,8
1142266328,1110566383,4
1142266328,1111243870,9
1142266328,1111248481,6
1142266328,1111567676,5
1142266328,1141601145,5
1142266328,1141937695,5
1142266328,5813016381,4
1142266328,5813081845,3
1142266328,862615150,11
1142266328,892259847,6
1142598324,1049510640,3
1142598324,1079859469,5
1142598324,1111580845,4
1142598324,1200182520,4
1142598324,5813041801,4
1142598324,5813044569,3
1158187240,1158191887,12
1158187240,1158864995,3
1158187240,1218901359,9
1158187240,1281303666,9
1158187240,1281324958,48
1158187240,1405231475,65
1158187240,1466861327,7
1158187240,1471601440,3
1158187240,1498574596,5
1158187240,1562673627,5
1158187240,1565846637,11
1158187240,1590979045,3
1158187240,1781268241,4
1158187240,1809264255,9
1158187240,1815070402,4
1158187240,1840636280,5
1158187240,1874035952,4
1158187240,1907574944,4
1158187240,1907578957,4
1158187240,1936848448,3
1158187240,2215161310,9
1158187240,2307027729,26
1158187240,5813024015,6
1158187240,5813061197,5
1158191562,1254037524,3
1158191562,1410235604,3
1158191562,1436188322,3
1158191562,1528244653,3
1158191562,1559948889,3
1158191562,1564075996,5
1158191562,1566510982,3
1158191562,1594126047,3
1158191562,1594812379,4
1158191562,1687874335,3
1158191562,1905114003,3
1158191622,1249936614,6
1158191622,1688211725,3
1158191622,1722005199,4
1158191622,1722670397,3
1158536635,1718918218,5
1158536635,1722346846,3
1158864995,1189559257,4
1158864995,1281324958,29
1158864995,1405231475,50
1158864995,1438524573,4
1158864995,1466998977,25
1158864995,1471601440,4
1158864995,1562673627,7
1158864995,1565846637,16
1158864995,1627117134,3
1158864995,1782668028,3
1158864995,1815070402,4
1158864995,1845078711,6
1158864995,1876902545,4
1158864995,1907587934,3
1158864995,1907924777,4
1158864995,1938207942,8
1158864995,1938544937,5
1158864995,2307027729,33
1158864995,5813023322,3
1158864995,5813024015,26
1158864995,5901215446,3
1158877703,1221280490,5
1158877703,1221285175,3
1158877703,1471610338,3
1158877703,1472965897,3
1158877703,1684443103,3
1158877703,1689239035,3
1158877703,1754019541,3
1158877703,1781324410,3
1158877703,1782318275,3
1158877703,1807572051,3
1158877703,1814055949,6
1158877703,1817112855,5
1158877703,1817449375,3
1158877703,1817453065,3
1158877703,1817457987,3
1158877703,1817790176,4
1158877703,1817790222,3
1158877703,1848151236,5
1158877703,1848496662,3
1158877703,1849183960,3
1158877703,1849503142,4
1158877703,1849507321,3
1158877703,1875460978,6
1158877703,1880887003,3
1158877703,2245501457,3
1158877703,5812988086,3
1158877703,5812999009,3
1158877783,1221285175,3
1158877783,1528577476,3
1158877783,1621008677,3
1158877783,1654413566,3
1158877783,1656834653,3
1158877783,1722307233,5
1158877783,1747518018,5
1158877783,1754019541,3
1158877783,1783361972,7
1158877783,1812696567,3
1158877783,1814060070,4
1158877783,1817113079,3
1158877783,1817449236,6
1158877783,1817449375,4
1158877783,1817458052,4
1158877783,1847806203,3
1158877783,1848492714,7
1158877783,1848824817,3
1158877783,1876820783,3
1158877783,1878845629,3
1158877783,1879877415,3
1158877783,5812999009,5
1158877783,5813039410,3
1159551037,1471259890,3
1159551037,1751994423,3
1159555822,1072063538,3
1159555822,1189912812,3
1159555822,1342371499,8
1159555822,1932730059,3
1159555822,2336572685,4
1159555822,5812994062,3
1159715613,1221768103,6
1159715613,1500361710,3
1159715613,2027880999,3
1159715613,5812988175,6
1159715613,5813026936,8
1159715613,731736853,24
1161705902,1131011511,3
1163384537,1226797688,4
1163384537,1876105544,3
1163384537,2064040033,7
1163384537,2064040127,4
1163384537,789636635,3
1164374521,1163384537,3
1166406326,1293006629,4
1166756335,1136744594,3
1166756335,1137763222,9
1166756335,1352598905,5
1166756335,5813031440,4
1166756335,5813048452,6
1166756335,862615150,7
1166756335,891927839,4
1166756335,891935958,3
1166756335,892259847,4
1166756335,892268282,3
1166756335,892600621,5
1166756335,892609630,5
1166756335,892613686,3
1166756335,893287494,4
1166756335,893633230,3
1167092919,1017781118,7
1167092919,1017793356,3
1167092919,1017802884,7
1167092919,1048125065,3
1167092919,1048491559,5
1167092919,1048492326,5
1167092919,1048837669,8
1167092919,1049502699,4
1167092919,1079527169,4
1167092919,1079855015,9
1167092919,1079859469,4
1167092919,1080196056,4
1167092919,1080200419,3
1167092919,1080541849,3
1167092919,1080545525,3
1167092919,1110557531,8
1167092919,1110894595,3
1167092919,1167433990,5
1167092919,1228817231,3
1167092919,1262602271,6
1167092919,1291573712,3
1167092919,1440252127,4
1167092919,5813016661,8
1167092919,5813056280,3
1167092919,861242399,5
1167092919,892259847,5
1167092919,892600621,3
1167092919,987091864,3
1167097258,1168129036,3
1167097258,1169847128,3
1167097258,1232257688,3
1167429808,1018458715,3
1167429808,1047780090,3
1167429808,1136399018,3
1167429808,862265490,4
1167429808,862615150,15
1167429808,892259847,20
1167429808,893628094,10
1167429808,985714517,3
1167429808,986396100,3
1167429808,986396204,3
1167429808,986404884,3
1167429808,987419574,3
1167429808,987424042,6
1167429808,987424258,3
1167433954,1079855015,3
1167433954,1080200438,3
1167433954,1285849916,4
1167433990,1017785388,5
1167433990,1047119615,5
1167433990,1047787967,3
1167433990,1048120973,3
1167433990,1048125065,5
1167433990,1048492326,3
1167433990,1048837669,4
1167433990,1049174217,4
1167433990,1167092919,4
1167433990,5813016661,4
1167433990,5813041801,7
1167433990,892600621,5
1167433991,1169492931,3
1167433991,1439927802,3
1167433991,987116716,3
1167434000,1138117141,7
1167434000,1439927802,4
1167438034,1110903093,5
1167438034,1228264951,5
1167438034,1232266414,4
1167438034,1263327135,9
1167438034,1263327185,3
1167438034,1352684733,12
1167438034,1414776601,4
1167438034,1466511550,3
1167438034,1558605812,3
1167438034,1838257401,5
1167438034,5812991538,12
1167438189,1100558968,3
1167438189,1199855170,4
1167438189,1231619255,3
1167438189,1232249325,3
1167438189,1261220560,4
1167438189,1627509034,3
1167438189,5812989550,3
1167438283,1198132028,3
1167438283,1201568417,3
1167438283,1231619255,3
1167438283,1232249325,3
1167438283,5813023322,6
1167438283,5813048670,4
1167438288,1201568417,4
1167438288,1261907163,3
1167438288,5813023322,5
1167783672,1201568417,3
1167783672,1231955849,3
1167783672,1292670202,4
1167783672,5813023322,5
1168120366,1110906913,3
1168120366,1138117141,4
1168120366,1169492931,3
1168120366,1200523569,4
1168129036,1167438288,3
1168129036,1169847128,3
1168129036,1198132028,4
1168129036,1201568464,3
1168129036,1231619255,3
1168129036,1232257688,3
1168129036,5812986572,3
1168129036,5813023322,3
1168815348,1200541130,3
1168815348,1534059927,3
1168815348,1938536260,5
1168815348,5813023322,3
1168815348,5813090856,3
1169147605,1080196056,5
1169147605,1468238571,3
1169147605,1627561374,3
1169492931,1111580845,6
1169492931,1251996302,8
1169492931,1439927802,4
1169492931,861242399,4
1169492931,987116716,3
1169847128,1504342382,4
1169847128,5813023322,3
1169847128,5813048670,4
1172623224,1111572164,3
1172623224,1111580845,4
1172623224,1138117141,3
1172623224,1138807924,4
1172623224,1141251402,3
1172623224,1169492931,4
1172623224,1200523569,4
1172623224,1291573712,3
1172623224,1439927802,3
1172623224,5813016381,3
1172627154,1080545525,5
1172627154,1111572164,3
1172627154,1169492931,4
1172627154,1199496243,3
1172627154,1200182517,3
1172627154,1200182520,4
1172627154,1439927802,3
1172627154,1533040625,3
1188548330,1722346846,3
1188885499,1219592090,4
1188885499,1250277991,3
1188885499,1497875250,3
1188885499,1529923621,4
1188885499,1562404878,3
1188885499,1564075996,3
1188885499,1564753797,3
1188885499,1565833050,3
1188885499,1566514866,3
1188885499,1566519741,4
1188885499,1566528972,3
1188885499,1905114003,3
1188889654,1252337419,3
1189227147,1251969396,3
1189227147,1404778340,3
1189227147,1531063618,3
1189227147,1562745969,3
1189227147,1563095512,4
1189227147,1564123481,3
1189227147,1566169568,3
1189227147,1566519741,3
1189227147,1566852153,3
1189227147,1594126040,3
1189227147,5812990470,4
1189227147,5813056453,3
1189227147,5813056671,6
1189230326,1159555822,9
1189230326,1220257051,4
1189230326,1344392982,4
1189230326,1404446113,3
1189230326,1407873674,5
1189230326,1439203192,5
1189230326,1469269528,4
1189230326,1469947367,3
1189230326,1565846637,14
1189230326,1622350949,6
1189230326,1627890175,3
1189230326,1628230708,4
1189230326,1658643766,3
1189230326,1658990108,5
1189230326,1660219098,6
1189230326,1689989271,4
1189230326,1689989557,3
1189230326,1689994034,7
1189230326,1689994425,4
1189230326,1690015835,4
1189230326,1690020010,7
1189230326,1721025057,3
1189230326,1723386459,4
1189230326,1781328716,5
1189230326,1782714902,6
1189230326,1813054194,5
1189230326,1813399871,3
1189230326,5812994826,3
1189230326,5812995757,9
1189230326,5813023322,8
1189230326,5813031567,3
1189230326,5813055080,3
1189230326,5813069046,4
1189230326,5813075607,4
1189230639,1189912812,7
1189230639,1566173909,3
1189230639,5813023353,3
1189559257,1158864995,5
1189559257,1281324958,34
1189559257,1405231475,54
1189559257,1405780725,6
1189559257,1438524573,8
1189559257,1466998977,10
1189559257,1471601440,4
1189559257,1562673627,3
1189559257,1565846637,10
1189559257,1621357756,3
1189559257,1625080038,3
1189559257,1715459859,3
1189559257,1749258134,5
1189559257,1809264255,4
1189559257,1874035952,10
1189559257,1876471221,4
1189559257,1876894387,4
1189559257,1876902545,4
1189559257,1877217777,5
1189559257,1877930505,5
1189559257,1906496111,7
1189559257,1907169406,4
1189559257,1907571222,3
1189559257,1907584319,4
1189559257,1936848448,6
1189559257,1938207942,5
1189559257,1938544937,6
1189559257,2307027729,32
1189559257,5812993692,4
1189559257,5813024015,22
1189559257,5813069377,3
1189559257,5813075607,3
1189567690,1158877783,3
1189567690,1405788552,3
1189567690,1593012939,4
1189567690,1747181914,3
1189567690,1752962124,4
1189567690,1754019541,3
1189567690,1781333405,6
1189567690,1814031575,5
1189567690,1817448921,4
1189567690,1817452948,4
1189567690,1817463007,3
1189567690,1817790222,3
1189567690,1818122205,3
1189567690,1848156241,6
1189567690,1848824817,5
1189567690,1879877415,4
1189567690,1912600163,4
1189567690,5812988086,5
1189567690,5812992219,3
1189567690,5813038918,7
1189904590,1251969396,3
1189904590,1283031294,3
1189904590,1344055093,3
1189904590,1499226615,3
1189904590,1529923621,9
1189904590,1562404878,5
1189904590,1563436471,4
1189904590,1564075996,3
1189904590,1566511014,3
1189904590,1566528972,3
1189904590,1566856415,5
1189904590,1656834653,3
1189904590,1905114003,7
1189912345,1228264951,10
1189912345,1281998821,3
1189912345,1838615654,3
1189912345,5813023322,22
1189912345,5813023480,3
1189912812,1188889654,3
1189912812,1189230639,7
1189912812,1352684733,5
1190250299,1473332777,3
1190250299,1497200791,4
1190250299,1622360309,3
1190250299,1747181914,4
1190250299,1754019541,4
1190250299,1779567374,3
1190250299,1817449059,3
1190250299,1817449375,3
1190250299,1817785682,3
1190250299,1848151236,3
1190250299,1848156241,3
1190250299,1848492258,4
1190250299,1848820426,3
1190250299,1848828925,4
1190250299,1880887003,4
1190250299,2245501457,4
1190250299,5812988086,5
1190250299,5812999009,3
1190250299,5813076492,5
1190374287,731736853,10
1190737748,1072063538,48
1190737748,1100404581,7
1190737748,1221768103,3
1190737748,1283371992,3
1190737748,1471601440,3
1190737748,5813020347,3
1190737748,770249286,3
1192434435,5813054748,3
1192434435,980598738,3
1192739907,1192735693,3
1192739907,1254801742,4
1192739907,2247202730,3
1193448112,1231955849,5
1193448112,1288893609,3
1193448112,1376485417,3
1193448112,1377845289,3
1193448112,1444351896,5
1193448112,1817786077,5
1193448112,1907156409,4
1193448112,2031960555,3
1193448112,5813033742,3
1193448112,981000564,4
1194384626,1225114259,3
1194384626,1225761499,4
1194384626,5813055495,3
1197791057,5813016041,3
1197791057,861579069,4
1197791057,861920004,3
1197791057,862256868,7
1197791057,862602167,5
1197791057,862615150,7
1197791057,892259847,9
1197791057,892604992,6
1197791057,893628094,5
1198123389,1017802759,3
1198123389,1079867909,5
1198123389,1080200419,5
1198123389,1080537608,3
1198123389,1110557531,3
1198123389,1110566098,3
1198123389,1110566383,3
1198123389,1110903013,3
1198123389,1139153136,4
1198123389,1291573712,4
1198123389,1439927802,3
1198123389,5813016380,4
1198123389,892277790,4
1198132022,1047787967,3
1198132022,5813041453,4
1198132022,892277790,7
1198132022,892281819,3
1198132022,892600621,6
1198132022,892963919,5
1198132022,893645771,8
1198132022,954010798,3
1198132022,954342682,5
1198132022,955029299,3
1198132022,955378609,3
1198132022,955715991,4
1198132022,986059699,5
1198132028,1167783672,3
1198132028,1201568464,4
1198132028,1232249325,4
1198132028,1232288020,3
1198132028,1232594718,4
1198132028,1259852010,4
1198132028,5812986572,3
1198132028,5813023322,9
1198132041,1260538467,3
1198132041,1377841477,4
1198132041,1444351896,4
1198132041,1629206279,20
1198132041,1719953914,4
1198132041,1751986317,5
1198132041,1782321284,3
1198468674,862265490,5
1198468674,862615150,5
1198468674,925017553,4
1198468674,955365353,4
1198468674,955702120,4
1198468674,956060536,6
1198468674,985722546,7
1198468674,986396100,4
1198477582,1198477590,3
1198477582,1658199518,7
1198477582,1720950695,6
1198477582,5812988137,3
1198477582,5813023322,10
1198477582,5813090856,3
1198477590,1169847128,3
1198477590,1198132028,4
1198477590,1293011130,3
1198477590,5813023322,5
1198818551,1110186452,6
1198818551,1224560577,6
1198818551,1228264951,6
1198818551,1232262105,5
1198818551,1232607449,3
1198818551,1232607453,3
1198818551,1261229600,4
1198818551,1262990404,3
1198818551,1281324958,7
1198818551,1294362035,3
1198818551,1294362042,3
1198818551,1294362092,3
1198818551,1352684733,7
1198818551,1404109050,3
1198818551,1501664753,4
1198818551,1590979045,5
1198818551,5812988098,3
1198818551,5812988099,5
1198818551,5812988128,8
1198818551,5813038198,3
1198818551,5813044882,3
1198818551,5813060834,3
1198818551,5813077658,4
1198818609,1167783672,4
1198818609,1200195625,3
1198818609,1200541193,4
1198818609,1232249314,3
1198818609,5812987690,3
1198818609,5813023322,5
1198818609,5813048670,6
1198818618,1200195649,4
1198818618,1200541165,4
1198818618,1229166973,6
1198818618,1262654081,3
1198818618,1263663980,3
1198818618,1352684733,6
1198818618,5812988577,3
1198818618,5813038203,3
1199159353,1199159635,3
1199159353,1199504502,3
1199159353,1200886425,3
1199159353,1293011130,4
1199159353,1351317122,4
1199159353,5813023322,7
1199159635,1167097258,3
1199159635,1168129036,3
1199159635,1231955849,3
1199159635,1261220560,3
1199159635,1351623779,3
1199496144,1221285128,3
1199496144,1221285175,4
1199496144,1221289185,3
1199496144,1232607449,5
1199496144,1251287671,6
1199496144,1262994911,4
1199496144,1263331517,7
1199496144,1263663953,6
1199496144,1263668331,7
1199496144,1263668551,5
1199496144,1293006629,6
1199496144,1294366310,4
1199496144,1352684733,6
1199496144,5812989120,4
1199496144,5813033742,4
1199496144,5813038196,4
1199496144,5813038293,5
1199496144,5813056453,4
1199496144,5813062009,4
1199496144,5813067943,4
1199496144,5813077658,4
1199496243,1079872487,12
1199496243,1110566098,3
1199496243,1110903093,7
1199496243,1110906913,5
1199496243,1111917081,5
1199496243,1169492931,4
1199496243,1200182520,4
1199496243,1200523569,4
1199496243,1532699530,3
1199496243,5812983845,8
1199496243,5813016380,5
1199496243,5813031359,3
1199504502,1231614730,5
1199504502,1232288020,3
1199504502,1351317122,3
1199504502,5812989550,3
1199504502,5813023322,8
1199850242,1658199518,4
1199850242,5813023322,7
1199855170,1100558968,4
1199855170,1167097258,4
1199855170,1167438189,3
1199855170,1232249325,3
1199855170,1261220560,3
1199855170,1261907163,4
1199855170,1564075996,4
1199855170,5813023322,3
1200182517,1007576087,5
1200182517,1049511179,4
1200182517,1049511270,3
1200182517,1080545525,3
1200182517,1111580845,4
1200182517,1167438189,3
1200182517,1169492931,5
1200182517,1200182520,6
1200182517,1261565726,3
1200182517,1405780725,3
1200182517,1439927802,3
1200182517,1529923621,5
1200182517,1658990108,4
1200182517,892277790,3
1200182520,1049511179,4
1200182520,1080212848,3
1200182520,1080213108,5
1200182520,1080545525,3
1200182520,1169492931,5
1200182520,1172627154,4
1200182520,1200182517,3
1200182520,1291573712,3
1200182520,1439927802,3
1200182520,987116716,3
1200195625,1200541130,6
1200195625,1200541193,4
1200195625,1229507863,3
1200195625,1229849059,4
1200195625,1261229600,4
1200195625,5812989090,5
1200195625,5812989550,4
1200195625,5813023322,8
1200195649,1198818618,3
1200195649,1200536439,3
1200195649,1229166973,3
1200195649,1262654081,4
1200195649,1262654129,3
1200195649,1263309965,3
1200195649,1352684733,6
1200195649,5812988109,4
1200195649,5813038203,5
1200195649,5813054032,3
1200195649,5813077663,4
1200523558,1470950640,3
1200523558,5813054748,12
1200523558,974839708,3
1200523569,1099199236,4
1200523569,1111243796,3
1200523569,1138117141,3
1200523569,1439927802,4
1200523569,1528253194,3
1200523569,1533040625,3
1200523569,5813109987,4
1200523569,862615150,3
1200523569,892600621,5
1200536439,1200195649,3
1200536439,1229162353,3
1200536439,1229162381,3
1200536439,1229166973,7
1200536439,1352684733,4
1200536439,5812988109,4
1200536439,5813038232,3
1200536439,5813038238,3
1200541130,1168815348,5
1200541130,1200541193,3
1200541130,1229507863,5
1200541130,1229849059,6
1200541130,1230531237,3
1200541130,1259851971,5
1200541130,1261229600,9
1200541130,1261561493,6
1200541130,1627509034,3
1200541130,5812989090,4
1200541130,5813023322,5
1200541165,1201231760,5
1200541165,1229162353,5
1200541165,1263327214,3
1200541165,1263996477,3
1200541165,5812988137,4
1200541165,5813038294,3
1200541165,5813054032,4
1200541193,1200195625,5
1200541193,1200541130,3
1200541193,1229507863,3
1200541193,1232257688,3
1200541193,1259851971,3
1200541193,1259852010,3
1200541193,1261220560,3
1200541193,5812987690,3
1200541193,5812989090,4
1200541193,5813023322,3
1200886425,1167438288,4
1200886425,1231614730,3
1200886425,1293011130,4
1200886425,1351317122,3
1200886425,5813023322,4
1201227074,1199496144,4
1201227074,1231217536,3
1201227074,1232288020,9
1201227074,1262654129,5
1201227074,1262994911,5
1201227074,1263642185,4
1201227074,1263646370,4
1201227074,1263668331,4
1201227074,1294366310,4
1201227074,1352684733,9
1201227074,1751262627,3
1201227074,5812988514,3
1201227074,5812988569,5
1201227074,5812988577,6
1201227074,5812989105,7
1201227074,5813016577,5
1201227074,5813038196,3
1201227074,5813038203,3
1201227074,5813038232,3
1201227074,5813038238,5
1201227074,5813067943,3
1201227074,5813077658,6
1201231377,1288267063,4
1201231700,1226887763,8
1201231700,1229162381,12
1201231700,1230190016,7
1201231700,1232266231,11
1201231700,1232266394,3
1201231700,1232266616,7
1201231700,1262654081,5
1201231700,1263327214,3
1201231700,1263996477,5
1201231700,1319530284,8
1201231700,1352684733,13
1201231700,1471307510,4
1201231700,1563393904,4
1201231700,5812989163,4
1201231700,5813038203,3
1201231700,5813038294,6
1201231760,1200195649,6
1201231760,1200541165,4
1201231760,1226887763,3
1201231760,1229162381,3
1201231760,1229166973,8
1201231760,1262654081,5
1201231760,1263309965,3
1201231760,1263327214,7
1201231760,1352684733,12
1201231760,5812988132,3
1201231760,5812988568,4
1201231760,5812989059,3
1201231816,1200195649,4
1201231816,1200536439,3
1201231816,1232266303,7
1201231816,1232603375,3
1201231816,1232607205,6
1201231816,1232607453,3
1201231816,1262654129,6
1201231816,1263996477,5
1201231816,1294366310,3
1201231816,1319530284,3
1201231816,1352684733,6
1201231816,1532699404,3
1201231816,1533036404,3
1201231816,1563393904,4
1201231816,1595106149,5
1201231816,5812988569,3
1201231816,5812988577,3
1201231816,5813038202,3
1201231816,5813038203,8
1201231816,5813044882,4
1201231816,5813054032,3
1201231816,5813077663,5
1201231826,1228264951,8
1201231826,1352684733,3
1201231826,1471307510,4
1201231826,1501660164,3
1201231826,1502342255,6
1201231826,5812989163,4
1201231826,5812989167,3
1201568417,1230190149,4
1201568417,1563389824,3
1201568417,5813023322,8
1201568464,1168129036,4
1201568464,1169847128,3
1201568464,1231619255,3
1201568464,1231955819,3
1201568464,1293011130,3
1201568464,5813023322,3
1218901359,1158187240,11
1218901359,1158191887,4
1218901359,1249932198,10
1218901359,1281324958,55
1218901359,1343749180,3
1218901359,1405231475,71
1218901359,1466861327,5
1218901359,1498574596,6
1218901359,1565846637,14
1218901359,1621357756,10
1218901359,1625080038,3
1218901359,1715459859,3
1218901359,1745821751,8
1218901359,1809264255,6
1218901359,1838257401,14
1218901359,1839288696,3
1218901359,2307027729,18
1218901359,5812998136,10
1219592090,1250277991,6
1219592090,1405788552,3
1219592090,1437165487,3
1219592090,1629163100,3
1219592090,1656834653,7
1219592090,1689187126,5
1219592090,1782680353,3
1219592090,1817449236,3
1219592090,1817790176,3
1219592090,1817790222,3
1219592090,1847815147,6
1219592090,1849178917,3
1219592090,1849183960,3
1219592090,1878845629,3
1219592090,5812992219,4
1220257051,1158191887,5
1220257051,1159555822,8
1220257051,1218901359,3
1220257051,1221285128,4
1220257051,1222332850,8
1220257051,1281324958,13
1220257051,1282348408,8
1220257051,1343045604,5
1220257051,1404446113,3
1220257051,1407874177,3
1220257051,1469269528,3
1220257051,1565846637,20
1220257051,1593417998,3
1220257051,1657525433,3
1220257051,1658643766,4
1220257051,1658644171,5
1220257051,1658990108,6
1220257051,1689989271,6
1220257051,1689993656,6
1220257051,1689994034,4
1220257051,1689994425,4
1220257051,1690011290,6
1220257051,1690015835,9
1220257051,1721365654,5
1220257051,1749275570,3
1220257051,1781674298,4
1220257051,1782714902,5
1220257051,1783068831,5
1220257051,2059295981,3
1220257051,5812995757,3
1220257051,5812999862,3
1220257051,5813023322,7
1220257051,5813023480,3
1220257051,5813047992,5
1220257051,5813055080,6
1220270134,1013291042,6
1220270134,1159555822,3
1220270134,1200195625,3
1220270134,1261229600,5
1220270134,1281324958,3
1220270134,1289238841,3
1220270134,1343732093,3
1220270134,1352684733,73
1220270134,1558605812,3
1220270134,1565846637,3
1220270134,1566519741,3
1220270134,1589636158,3
1220270134,1688505620,3
1220270134,1745510607,3
1220270134,1750243366,3
1220270134,1807572051,4
1220270134,1870993614,4
1220270134,5813023322,46
1220270134,5813047992,3
1220270134,5813062759,3
1220270134,950561202,5
1220607239,1717899693,3
1221280490,1158877703,3
1221280490,1158877783,3
1221280490,1221285175,3
1221280490,1347126097,5
1221280490,1348153557,3
1221280490,1497200791,3
1221280490,1565729476,3
1221280490,1656153289,5
1221280490,1656834653,4
1221280490,1752962124,3
1221280490,1782680353,6
1221280490,1807572051,3
1221280490,1812363713,3
1221280490,1813028777,3
1221280490,1817107934,4
1221280490,1817112855,5
1221280490,1817449116,3
1221280490,1817453257,4
1221280490,1817457808,4
1221280490,1848143184,3
1221280490,1849161407,5
1221280490,1849178917,3
1221280490,1849183960,4
1221280490,2245501457,3
1221280490,5813034336,4
1221280490,5813038679,3
1221285128,1263668551,3
1221285128,1281324958,6
1221285128,1352684733,189
1221285128,5813068748,13
1221285175,1158877703,4
1221285175,1497200791,4
1221285175,1530606252,3
1221285175,1629163100,6
1221285175,1656153289,4
1221285175,1656834653,3
1221285175,1689239035,3
1221285175,1781324410,3
1221285175,1782318275,5
1221285175,1783690466,3
1221285175,1812696567,3
1221285175,1813028777,4
1221285175,1817108009,4
1221285175,1817112807,3
1221285175,1817448971,3
1221285175,1817452948,4
1221285175,1817463007,3
1221285175,1817799390,3
1221285175,1818136404,4
1221285175,1848820426,4
1221285175,1848837843,6
1221285175,1849161220,3
1221285175,1875124235,3
1221285175,1875460978,5
1221285175,1878845629,3
1221285175,1880887003,3
1221285175,1908865507,3
1221285175,2029624973,4
1221285175,5813039410,5
1221285175,5813068239,3
1221289185,1158187240,4
1221289185,1158191887,11
1221289185,1189559257,6
1221289185,1191273014,5
1221289185,1199496144,5
1221289185,1221285175,3
1221289185,1262994911,3
1221289185,1263331517,5
1221289185,1263663953,6
1221289185,1293006629,3
1221289185,1294362042,3
1221289185,1352684733,4
1221289185,1501323994,3
1221289185,1501664753,3
1221289185,5812988128,3
1221289185,5812988532,5
1221289185,5812988573,3
1221289185,5813038196,9
1221289185,5813038197,3
1221289185,5813050102,3
1221289185,5813056453,3
1221289185,5813060834,6
1221289185,5813062009,3
1221289185,5813075607,6
1221768103,1072063538,29
1221768103,1190374287,8
1221768103,1190737748,11
1221768103,1223127391,3
1221768103,1283371992,4
1221768103,1407260897,3
1221768103,1441590157,3
1221971218,1226887763,4
1221971218,1282007450,3
1221971218,1403392477,3
1221971218,1405231475,7
1221971218,1438912593,3
1221971218,1470971204,3
1221971218,1500598873,3
1221971218,1533683889,4
1221971218,1534363304,4
1221971218,1566411868,4
1221971218,1626482563,10
1221971218,1626827782,5
1221971218,1716496582,4
1221971218,1719595635,3
1221971218,1753674977,6
1221971218,1782369340,6
1221971218,1783051578,4
1221971218,1783051753,4
1221971218,1813403998,4
1221971218,1814414329,3
1221971218,1814418212,4
1221971218,1814422650,4
1221971218,1814777260,3
1221971218,1814781082,3
1221971218,1814781356,3
1221971218,1815126312,3
1221971218,1815131045,7
1221971218,1815826155,3
1221971218,1844750081,6
1221971218,2307027729,30
1221971218,5812998825,3
1221971218,5813023322,9
1221971218,5813034151,3
1221971218,5813038821,4
1221971218,5813038822,4
1221971218,5813038825,3
1221971218,5813046478,4
1222302866,1507446240,4
1222302866,1535808539,3
1222302866,1537803538,3
1222332850,1159555822,26
1222332850,1220257051,6
1222332850,1221285128,3
1222332850,1281324958,14
1222332850,1344392982,5
1222332850,1352684733,5
1222332850,1404446113,4
1222332850,1407873674,5
1222332850,1407874177,3
1222332850,1469947367,8
1222332850,1565846637,21
1222332850,1593417998,3
1222332850,1658643766,7
1222332850,1658644171,7
1222332850,1689993656,7
1222332850,1689994034,3
1222332850,1689994425,3
1222332850,1690011290,5
1222332850,1690015835,7
1222332850,1721020290,5
1222332850,1721025057,3
1222332850,1746858454,4
1222332850,1749258134,3
1222332850,1781328716,3
1222332850,1781674298,3
1222332850,1783068831,16
1222332850,2059295981,5
1222332850,5812994062,8
1222332850,5812994826,4
1222332850,5812999862,9
1222332850,5813023322,14
1222332850,5813023480,3
1222332850,5813038319,3
1222332850,5813038998,4
1222332850,5813042873,3
1222332850,5813044940,3
1222332850,5813069046,4
1222696284,1259856448,3
1222696284,5813023434,3
1223127391,1285197124,3
1223127391,1467987587,3
1223127391,1685555983,3
1223127391,5901197740,3
1225114259,1194384626,5
1225114259,5813055495,5
1225455907,1017785388,3
1225761499,1194384626,3
1225761499,852738570,4
1225791777,852724544,3
1226084614,1259856448,4
1226084614,1291569166,7
1226084614,1441949046,8
1226084614,974839706,4
1226797688,1164374521,3
1226797688,5813055495,4
1226797688,852738570,3
1228264951,1221285128,9
1228817231,1016408310,3
1228817231,1016749259,5
1228817231,1016749264,5
1228817231,1016758041,3
1228817231,1017785388,8
1228817231,1018462968,3
1228817231,1018472039,5
1228817231,1047119615,6
1228817231,1048120973,3
1228817231,1048491559,3
1228817231,1079527169,3
1228817231,1079855015,6
1228817231,1535769552,3
1228817231,5813016661,8
1228817231,5813041801,4
1228817231,862615150,3
1228817231,892259847,3
1228817231,892277790,5
1228817231,893645771,4
1228817231,918529614,3
1228817231,955715991,4
1228817231,956060773,4
1228817231,986059699,4
1228817231,986759122,3
1228817231,986763734,6
1228817231,987091864,6
1228817231,987104744,5
1229162353,1198818618,4
1229162353,1200195649,5
1229162353,1200536439,3
1229162353,1200541165,4
1229162353,1201231760,3
1229162353,1201231816,3
1229162353,1229166973,3
1229162353,1262654129,4
1229162353,1263327214,9
1229162353,1263663980,4
1229162353,1595106149,3
1229162353,5812988109,4
1229162353,5813038202,5
1229162353,5813038203,5
1229162353,5813038232,3
1229162381,1198818618,5
1229162381,1200195649,4
1229162381,1200541165,5
1229162381,1201231700,6
1229162381,1201231760,5
1229162381,1201231816,3
1229162381,1229162353,4
1229162381,1229166973,5
1229162381,1230190016,5
1229162381,1232266616,3
1229162381,1262654081,3
1229162381,1262654129,5
1229162381,1263327214,7
1229162381,1263996477,6
1229162381,1319530284,9
1229162381,1352684733,4
1229162381,1595106149,3
1229162381,5812988132,4
1229162381,5812988137,8
1229162381,5812988514,3
1229162381,5812988568,4
1229162381,5812988577,4
1229162381,5813038203,8
1229162381,5813038294,5
1229162381,5813054032,3
1229162381,5813077663,6
1229166973,1198818618,5
1229166973,1200195649,5
1229166973,1200536439,3
1229166973,1201231760,5
1229166973,1229162381,3
1229166973,1230190016,4
1229166973,1230535525,4
1229166973,1232266616,4
1229166973,1263309965,4
1229166973,1263996477,3
1229166973,1352684733,19
1229166973,5812988109,5
1229166973,5812988137,4
1229166973,5812989059,3
1229166973,5813038202,3
1229166973,5813054032,3
1229166973,5813077663,3
1229507863,1200195625,3
1229507863,1200541130,3
1229507863,1200541193,3
1229507863,1229849059,3
1229507863,1230531237,4
1229507863,1232607542,4
1229507863,1261229600,8
1229507863,1938536260,3
1229507863,5813023322,9
1229507904,1230531125,5
1229507904,1263646370,4
1229507904,1263663980,3
1229507904,1352684733,6
1229507904,5812989105,3
1229507904,5812989120,3
1229507904,5813016578,3
1229507904,5813038197,3
1229507904,5813038293,3
1229507904,5813062009,6
1229849059,1198818609,3
1229849059,1200195625,3
1229849059,1200541130,3
1229849059,1200541193,3
1229849059,1232262131,3
1229849059,5813023322,6
1230190016,1198818618,7
1230190016,1200195649,10
1230190016,1200541165,5
1230190016,1201231700,4
1230190016,1201231760,9
1230190016,1226887763,3
1230190016,1229162381,3
1230190016,1229166973,6
1230190016,1232266231,5
1230190016,1232266616,3
1230190016,1262654081,7
1230190016,1263309965,6
1230190016,1263327214,5
1230190016,1319530284,3
1230190016,1352684733,8
1230190016,5812988132,4
1230190016,5812988577,3
1230190016,5813038232,4
1230190016,5813038294,5
1230190016,5813077663,3
1230190149,1199850242,4
1230190149,1229507863,3
1230190149,1874782886,6
1230190149,5813090856,3
1230526698,1048837074,5
1230526698,1049174217,5
1230526698,1049510640,3
1230526698,1079855015,3
1230526698,1109194016,4
1230526698,1110186452,3
1230526698,1169492931,3
1230526698,1376827225,3
1230526698,5813041801,5
1230526698,956082289,3
1230526698,986422220,4
1230526698,986767293,3
1230531125,1263331517,4
1230531125,1263642185,4
1230531125,1352684733,13
1230531125,5812988077,3
1230531125,5812988532,5
1230531125,5813038197,3
1230531125,5813050102,6
1230531237,1232262131,3
1230531237,1261229600,4
1230531237,1534059927,3
1230531237,1658199518,4
1230531237,1938536260,4
1230531237,5813023322,7
1230531237,5813069020,3
1230535525,1200536439,3
1230535525,1229166973,5
1230535525,1263663980,3
1230535525,1352684733,4
1230535525,5812988132,4
1230535525,5813054032,3
1231217536,1229507904,3
1231217536,1232634093,8
1231217536,1260879515,3
1231217536,1263642185,3
1231217536,1263646370,3
1231217536,1263663980,4
1231217536,1352684733,7
1231217536,5813016578,4
1231217536,5813077658,3
1231614730,1199504502,4
1231614730,5813023322,7
1231619255,1199159635,3
1231619255,1201568464,3
1231619255,1232249325,3
1231619255,5813023322,7
1231955783,1167438283,3
1231955783,5813023322,3
1231955783,5813048670,3
1231955819,1198132028,3
1231955819,1200541130,3
1231955819,1201568464,6
1231955819,1231619255,4
1231955819,1259851971,3
1231955819,1259852010,5
1231955849,1167438283,3
1231955849,1232257688,3
1231955849,1351317122,3
1231955849,5813023322,5
1232249314,5812989550,3
1232249314,5813023322,3
1232249325,1167438283,3
1232249325,1167438288,3
1232249325,1198132028,3
1232249325,1231619255,3
1232249325,1261220560,3
1232249325,1292670202,4
1232249325,1720950695,5
1232257688,1167438283,3
1232257688,1231619255,3
1232257688,1231955849,6
1232257688,1232249325,3
1232257688,1232594718,3
1232257688,1261907163,4
1232257688,5813023322,4
1232262105,1110186452,3
1232262105,1198818551,6
1232262105,1221285128,3
1232262105,1224560577,7
1232262105,1232603375,6
1232262105,1232607205,3
1232262105,1232607449,4
1232262105,1261229600,3
1232262105,1262990404,3
1232262105,1281324958,15
1232262105,1294362042,7
1232262105,1294362092,3
1232262105,1352684733,6
1232262105,1501664753,5
1232262105,1715459859,11
1232262105,1747181914,7
1232262105,1781324410,3
1232262105,5812988128,4
1232262105,5812988514,6
1232262105,5812988573,6
1232262105,5813038198,4
1232262105,5813044882,3
1232262105,5813049193,5
1232262105,5813067943,3
1232262131,1200541193,3
1232262131,1229849059,4
1232262131,1231619255,3
1232262131,5812987690,4
1232262131,5813023322,3
1232266231,1200195649,4
1232266231,1201231700,11
1232266231,1201231760,4
1232266231,1229162381,5
1232266231,1229166973,5
1232266231,1230190016,9
1232266231,1232266616,6
1232266231,1262654129,3
1232266231,1263327214,3
1232266231,1319530284,9
1232266231,1352684733,9
1232266231,1563393904,3
1232266231,5812988568,4
1232266231,5812989059,3
1232266231,5812989163,4
1232266231,5813038294,5
1232266231,5813077663,5
1232266303,1229162353,3
1232266303,1229162381,4
1232266303,1232634093,5
1232266303,1263309965,5
1232266303,1351623779,4
1232266303,1595106149,4
1232266303,1907169406,3
1232266303,5812988132,5
1232266303,5812988137,3
1232266303,5812988569,3
1232266303,5813038202,3
1232266303,5813038232,5
1232266303,5813038238,3
1232266394,1228264951,9
1232266394,1232607205,3
1232266394,1294362092,3
1232266394,1319530284,3
1232266394,1352684733,8
1232266394,1501660164,3
1232266394,1502001218,3
1232266394,1502342255,6
1232266394,5812989163,5
1232266394,5813049193,3
1232266414,1167438034,4
1232266414,1228264951,4
1232266414,1232266394,3
1232266414,1232607453,6
1232266414,1263327135,3
1232266414,1294021030,3
1232266414,1294362035,3
1232266414,1352684733,10
1232266414,1414776601,4
1232266414,1501660164,6
1232266414,1502001218,3
1232266414,1502342255,5
1232266414,1532699404,3
1232266414,1789933168,5
1232266414,1818122205,5
1232266414,1838257401,10
1232266414,5812989163,4
1232266414,5812989167,3
1232266414,5812991538,10
1232266414,5812998136,6
1232266616,1198818618,3
1232266616,1200195649,3
1232266616,1201231700,5
1232266616,1201231760,4
1232266616,1229162381,6
1232266616,1229166973,4
1232266616,1230190016,7
1232266616,1232266231,4
1232266616,1262654081,4
1232266616,1319530284,6
1232266616,1352684733,17
1232266616,5812988568,5
1232266616,5812989059,3
1232266616,5813038294,4
1232266616,5813077663,3
1232288020,1201227074,7
1232288020,1201231816,3
1232288020,1224560577,3
1232288020,1229507904,3
1232288020,1232603375,5
1232288020,1232607449,5
1232288020,1262654129,7
1232288020,1262994911,5
1232288020,1263642185,6
1232288020,1263663980,5
1232288020,1263668331,3
1232288020,1263668551,6
1232288020,1293006629,6
1232288020,1294366310,7
1232288020,1352684733,11
1232288020,1595106149,6
1232288020,1688505620,6
1232288020,1782318275,3
1232288020,5812988128,3
1232288020,5812988514,4
1232288020,5812988569,11
1232288020,5812988577,3
1232288020,5812989105,5
1232288020,5813016577,4
1232288020,5813038196,5
1232288020,5813038202,6
1232288020,5813038293,5
1232288020,5813044882,3
1232288020,5813056280,3
1232288020,5813067943,5
1232288020,5813077658,4
1232594718,1167438189,3
1232594718,1260879601,3
1232594718,1627509034,4
1232594718,5813023322,3
1232603375,1049169888,7
1232603375,1201227074,5
1232603375,1232262105,4
1232603375,1232288020,3
1232603375,1232607205,3
1232603375,1232607453,3
1232603375,1262654129,5
1232603375,1262990404,11
1232603375,1263663953,5
1232603375,1281324958,4
1232603375,1352684733,6
1232603375,1501660164,3
1232603375,1715459859,6
1232603375,1809264255,11
1232603375,1817457847,8
1232603375,1817458164,6
1232603375,5812988128,4
1232603375,5812988569,4
1232603375,5812988573,3
1232603375,5812989163,4
1232603375,5812989593,3
1232603375,5813038202,4
1232603375,5813044882,7
1232603375,5813049193,5
1232603375,5813060834,3
1232603375,5813069020,3
1232603375,5813077658,8
1232603386,1110186452,3
1232603386,1158191887,3
1232603386,1198818551,4
1232603386,1221285128,4
1232603386,1232288020,4
1232603386,1232607449,6
1232603386,1232607542,3
1232603386,1255405703,7
1232603386,1262990404,3
1232603386,1263668331,3
1232603386,1281324958,7
1232603386,1294362042,7
1232603386,1352684733,4
1232603386,1404109050,3
1232603386,1466511550,4
1232603386,1466844031,5
1232603386,1466861327,6
1232603386,1498574596,7
1232603386,1501664753,3
1232603386,1533036404,3
1232603386,1751666374,4
1232603386,5812988098,4
1232603386,5812988099,5
1232603386,5812992408,3
1232603386,5813038196,3
1232603386,5813038198,7
1232603386,5813060834,4
1232603386,5813077658,4
1232607205,1017793356,3
1232607205,1200195649,3
1232607205,1201231816,7
1232607205,1229162381,8
1232607205,1232266303,6
1232607205,1232603375,4
1232607205,1262990404,3
1232607205,1263327214,8
1232607205,1263996477,4
1232607205,1319530284,5
1232607205,1352684733,4
1232607205,1563393904,3
1232607205,1907578957,4
1232607205,5812988137,3
1232607205,5812988573,3
1232607205,5812988577,5
1232607205,5812989163,4
1232607205,5813038202,5
1232607205,5813038203,5
1232607205,5813044882,5
1232607205,5813069377,3
1232607205,5813077663,4
1232607449,1017797863,4
1232607449,1199496144,5
1232607449,1201227074,4
1232607449,1221285128,9
1232607449,1232262105,4
1232607449,1232288020,6
1232607449,1232603386,6
1232607449,1263663953,4
1232607449,1263668331,4
1232607449,1263668551,5
1232607449,1281324958,11
1232607449,1293006629,3
1232607449,1294362042,5
1232607449,1294366310,3
1232607449,1352684733,3
1232607449,1498574596,3
1232607449,1654413566,3
1232607449,1747518018,3
1232607449,1749258134,6
1232607449,5812988099,3
1232607449,5812988128,3
1232607449,5812988514,3
1232607449,5812989593,4
1232607449,5813038196,7
1232607449,5813038198,6
1232607449,5813038293,3
1232607449,5813044882,3
1232607449,5813060834,3
1232607449,5813067943,5
1232607449,5813069053,10
1232607449,5813077658,7
1232607453,1224560577,6
1232607453,1228264951,3
1232607453,1232288020,4
1232607453,1281324958,6
1232607453,1352684733,5
1232607453,1404109050,3
1232607453,1501660164,4
1232607453,1563393904,6
1232607453,1814410124,5
1232607453,1906159299,6
1232607453,1937875810,10
1232607453,5812988573,3
1232607453,5813044882,4
1232607542,1198818551,5
1232607542,1228264951,6
1232607542,1232603375,4
1232607542,1232603386,3
1232607542,1232607449,4
1232607542,1262990404,3
1232607542,1263327135,6
1232607542,1281324958,9
1232607542,1294362035,5
1232607542,1294362092,5
1232607542,1352684733,12
1232607542,1501660164,3
1232607542,1745821751,3
1232607542,1808241116,5
1232607542,1839288696,5
1232607542,1932052159,4
1232607542,5812988099,3
1232607542,5812989593,7
1232607542,5812991538,11
1232607542,5813038198,5
1232607542,5813060834,4
1232634093,1200536439,3
1232634093,1230535525,4
1232634093,1260879515,3
1232634093,1263646370,3
1232634093,1263668551,5
1232634093,1352684733,9
1232634093,5812989059,3
1232634093,5812989105,5
1232634093,5813038202,4
1232634093,5813038238,6
1249932198,1218901359,15
1249932198,1255405703,6
1249932198,1281324958,65
1249932198,1405231475,78
1249932198,1498574596,4
1249932198,1565846637,11
1249932198,1621357756,3
1249932198,1715459859,4
1249932198,1745821751,8
1249932198,1809264255,12
1249932198,1838257401,11
1249932198,1839288696,4
1249932198,1840636280,3
1249932198,1877939213,5
1249932198,1907578957,3
1249932198,1938207942,3
1249932198,2215161310,5
1249932198,2307027729,30
1249932198,5812998136,3
1249936614,1158191622,4
1249936614,1158877783,4
1249936614,1218901359,5
1249936614,1255405703,5
1249936614,1280971174,6
1249936614,1342022174,4
1249936614,1589969344,4
1249940263,1158187240,16
1249940263,1158191887,8
1249940263,1158877783,9
1249940263,1188885499,4
1249940263,1189912345,16
1249940263,1198818609,5
1249940263,1200541193,3
1249940263,1218901359,15
1249940263,1219592090,6
1249940263,1220257051,4
1249940263,1229849059,9
1249940263,1249932198,7
1249940263,1250277991,8
1249940263,1281998821,4
1249940263,1282007450,5
1249940263,1311677904,15
1249940263,1316530839,3
1249940263,1350626363,5
1249940263,1540280212,4
1249940263,5813075607,5
1250277991,1189567690,3
1250277991,1219592090,3
1250277991,1589972966,5
1250277991,1628528573,3
1250277991,1629163100,4
1250277991,1689239035,3
1250277991,1722307233,3
1250277991,1783361972,4
1250277991,1783690466,3
1250277991,1808241116,6
1250277991,1812696567,3
1250277991,1814055949,4
1250277991,1814729788,4
1250277991,1817449059,3
1250277991,1817457808,11
1250277991,1817457987,4
1250277991,1817458164,3
1250277991,1817794820,3
1250277991,1847806203,3
1250277991,1848151236,3
1250277991,1848483949,3
1250277991,1848492258,3
1250277991,1879519066,4
1250277991,1880887003,4
1250277991,5812991769,3
1251287671,1281324958,18
1251287671,1405231475,33
1251287671,1438524573,3
1251287671,1466998977,21
1251287671,1565846637,17
1251287671,1781268241,4
1251287671,1810956698,6
1251287671,1874035952,4
1251287671,1876471221,5
1251287671,1876894387,9
1251287671,1876902545,3
1251287671,1877217777,3
1251287671,1877930505,4
1251287671,1906496111,5
1251287671,1907169406,4
1251287671,1907571222,3
1251287671,1907574944,3
1251287671,1907933561,4
1251287671,1908226457,5
1251287671,1938207942,3
1251287671,1938544937,7
1251287671,2307027729,25
1251287671,5813000577,3
1251287671,5813023322,6
1251287671,5813024015,43
1251654856,1006984280,3
1251654856,1158191887,4
1251654856,1158864995,3
1251654856,1169492931,3
1251654856,1200523569,7
1251654856,1252151253,6
1251654856,1255405703,10
1251654856,1282007450,3
1251654856,1312368829,13
1251654856,1313038188,6
1251654856,1343395439,41
1251654856,1374438280,21
1251654856,1406147470,11
1251654856,1436961485,4
1251654856,1438912593,3
1251654856,1439927802,8
1251654856,1466861327,6
1251654856,1467797424,5
1251654856,1469227143,14
1251654856,1528253194,47
1251654856,1532358825,8
1251654856,1533040839,6
1251654856,1558605812,7
1251654856,1562785146,11
1251654856,1563126068,13
1251654856,1563467433,13
1251654856,1622740353,16
1251654856,1624074309,21
1251654856,1624747496,14
1251654856,1625804774,3
1251654856,1626909735,13
1251654856,1808936407,3
1251654856,1813391435,34
1251654856,1813728233,6
1251654856,1813732543,28
1251654856,1815809293,3
1251654856,1839288696,7
1251654856,2059978318,3
1251654856,2121711447,3
1251654856,5812990157,10
1251654856,5812991470,8
1251654856,5812991538,3
1251654856,5812992408,4
1251654856,5812994939,6
1251654856,5813031359,5
1251654856,5813033675,3
1251654856,5813075607,3
1251654856,5901196898,7
1251654856,892609630,3
1251969396,1410235604,3
1251969396,1529923621,3
1251969396,1559948889,3
1251969396,1562400848,3
1251969396,1563436471,4
1251969396,1563436481,4
1251969396,1566178615,3
1251969396,1566510982,7
1251969396,1566514866,3
1251969396,1594121850,3
1251969396,1749270652,3
1252151253,1342371499,5
1252151253,1379907704,4
1252151253,2336572685,5
1252151253,5813048268,6
1252151253,862615150,3
1252151253,918529614,7
1252337098,1189912345,3
1252337098,1437959040,3
1252337098,1500020379,5
1252337098,1530704811,3
1252337098,1533088563,3
1252337098,2027880999,3
1252337098,5812991436,3
1252337419,1189912345,3
1252337419,1220270134,3
1252337419,1222302866,3
1252337419,5812988098,3
1252665371,1159555822,3
1252665371,1255405703,3
1252677095,5813033675,4
1253700547,1017802884,3
1253700547,1049169888,3
1253700547,1080200419,3
1253700547,1080537608,4
1253700547,1110557531,3
1253700547,1110894595,3
1253700547,1810659099,3
1253821732,1223127391,7
1253821732,1285849916,3
1253821732,1503042472,3
1253821732,1685555983,8
1253821732,1690602927,3
1253821732,1782321284,4
1253821732,544038294,6
1253821732,731736853,12
1254037524,1288897699,3
1254037524,1289229616,4
1254037524,1289229674,5
1254037524,1289233656,4
1254037524,1289233847,3
1254037524,1319587003,4
1254037524,1319591297,4
1254037524,1319591709,3
1254037524,1320273763,3
1255138222,1070638675,3
1255138222,1167783672,3
1255138222,1198132041,3
1255138222,1260884244,3
1255138222,1375482740,5
1255138222,1783362106,3
1256490714,1257163007,3
1256826061,1136740119,3
1256835428,1346460600,3
1257163007,1136740119,3
1257163007,1257167607,3
1257167607,2279282060,4
1257245650,1228264951,6
1257245650,1995861983,3
1257508477,976187276,3
1259851971,1167438283,3
1259851971,1199855170,3
1259851971,1200541130,5
1259851971,1231955819,4
1259851971,1231955849,3
1259851971,5812989090,6
1259851971,5813023322,4
1259851971,5813044940,3
1259852010,1167438283,3
1259852010,1200195625,3
1259852010,1231955819,7
1259852010,1261561493,3
1259852010,1563389824,3
1259852010,1658199518,4
1259852010,5812986572,5
1259852010,5812989090,3
1259852010,5812989550,3
1259852010,5813023322,7
1259856448,1261229600,4
1259856448,1282348408,3
1259856448,1291569166,15
1259856448,1356772884,28
1259856448,1449225711,6
1259856448,5812991476,10
1259856448,5813044940,57
1259856448,5813069020,5
1260192984,1080537610,4
1260192984,1470996844,3
1260197431,1356772884,44
1260197510,1260884244,23
1260197510,1325405571,8
1260538467,1263646693,4
1260542968,1260197431,4
1260542968,1261565786,3
1260542968,1418186940,14
1260542968,5813022538,15
1260542968,892609630,3
1260879515,1352684733,8
1260879515,5813038238,3
1260879601,1261561493,3
1260879601,1293011130,3
1260879601,5813023322,8
1260883995,1418186940,7
1260883995,5813022538,21
1260884244,1261565786,5
1260884244,1325405571,3
1260884244,1325733981,3
1260884244,1418186940,11
1260884244,1534721340,14
1261220478,1169847128,3
1261220478,1201568417,4
1261220478,1260879515,3
1261220478,1293011130,3
1261220478,5812989550,3
1261220478,5813016578,4
1261220478,5813023322,4
1261220478,5813038232,4
1261220560,1167438283,3
1261220560,1168129036,4
1261220560,1199855170,4
1261220560,1232249325,4
1261220560,1232262131,3
1261220560,1627509034,4
1261220560,5812989550,5
1261229600,1282348408,95
1261229600,1356772884,6
1261229600,1444351896,3
1261229600,1449225711,24
1261229600,1597493900,6
1261229600,5812991476,57
1261229600,5813044940,8
1261229600,5813068840,100
1261229600,5813069020,26
1261561493,1232594718,3
1261561493,1260879601,3
1261561493,1261565726,3
1261561493,5812989550,3
1261561493,986763451,3
1261565726,1168815348,3
1261565726,1229507863,3
1261565726,1229849059,4
1261565726,1230190149,3
1261565726,1232249325,4
1261565726,1232262131,3
1261565726,1232594718,3
1261565726,1261561493,3
1261565726,5812989090,4
1261565786,1260884244,4
1261565786,1534721340,6
1261565786,892277790,5
1261902646,1017781118,5
1261902646,1018476201,3
1261902646,1048125065,4
1261902646,1048492326,5
1261902646,1079527169,5
1261902646,1110557531,4
1261902646,1110894595,3
1261902646,1167433990,3
1261902646,986763734,3
1261902687,1291569166,3
1261902687,1375482740,3
1261902687,1503331732,15
1261902687,1533338992,17
1261902687,1629206279,7
1261902687,1876125353,4
1261902687,5812991476,9
1261902687,5813054748,10
1261902687,974839704,9
1261902715,1411250251,3
1261907163,1168129036,5
1261907163,1199159635,5
1261907163,5813023322,4
1262602271,1017785388,6
1262602271,1018458566,3
1262602271,1018462968,6
1262602271,1018804242,3
1262602271,1048491559,7
1262602271,1048837669,12
1262602271,1049502699,9
1262602271,1049511270,3
1262602271,1049838815,7
1262602271,1049839301,11
1262602271,1077792387,3
1262602271,1079841570,3
1262602271,1080200318,5
1262602271,1080212848,8
1262602271,1080213108,6
1262602271,1080519686,3
1262602271,1080532771,12
1262602271,1080545525,9
1262602271,1080878335,7
1262602271,1110536002,9
1262602271,1110566303,11
1262602271,1110885663,10
1262602271,1111217863,5
1262602271,1111243870,3
1262602271,1111244083,5
1262602271,1111244201,4
1262602271,1111572164,3
1262602271,1136399018,8
1262602271,1136740119,7
1262602271,1141251402,3
1262602271,1141259920,3
1262602271,1141601145,3
1262602271,1141937695,5
1262602271,1142257556,6
1262602271,1167092919,7
1262602271,1167433954,3
1262602271,1167434000,3
1262602271,1198468674,5
1262602271,1228817231,6
1262602271,1291573712,12
1262602271,1533040625,7
1262602271,1625804723,6
1262602271,1935821486,9
1262602271,5813016381,3
1262602271,5813016650,9
1262602271,5813016661,3
1262602271,862602167,5
1262602271,862610554,3
1262602271,893633230,4
1262602271,923977051,3
1262602271,924326157,4
1262602271,925004416,5
1262602271,925008566,3
1262602271,925017453,4
1262602271,925017553,5
1262602271,955702120,8
1262602271,956060536,3
1262602271,987091864,3
1262602271,987419574,7
1262654081,1198818618,3
1262654081,1200195649,5
1262654081,1200541165,5
1262654081,1226887763,3
1262654081,1229166973,4
1262654081,1230190016,6
1262654081,1232266616,7
1262654081,1232634093,3
1262654081,1263309965,3
1262654081,1352684733,13
1262654081,5813038294,6
1262654129,1016749259,4
1262654129,1201227074,4
1262654129,1201231816,5
1262654129,1229162353,5
1262654129,1229162381,3
1262654129,1229166973,3
1262654129,1232266303,4
1262654129,1232607205,5
1262654129,1260879515,3
1262654129,1263327214,3
1262654129,1595106149,10
1262654129,1817453065,3
1262654129,1848143184,4
1262654129,1849178917,3
1262654129,1907510214,7
1262654129,1936848448,4
1262654129,5812988128,4
1262654129,5812988132,4
1262654129,5812988137,5
1262654129,5812988577,5
1262654129,5812989059,3
1262654129,5812991476,5
1262654129,5813016577,4
1262654129,5813038203,7
1262654129,5813054032,5
1262654129,5813077658,10
1262654129,5813077663,6
1262990404,1049169888,3
1262990404,1110903013,3
1262990404,1201231816,7
1262990404,1221285128,9
1262990404,1224560577,5
1262990404,1232262105,4
1262990404,1232288020,3
1262990404,1232603375,7
1262990404,1232607453,6
1262990404,1261229600,3
1262990404,1263663953,3
1262990404,1281324958,18
1262990404,1501664753,3
1262990404,1532699404,6
1262990404,1809264255,7
1262990404,1812363713,8
1262990404,1817448921,3
1262990404,1817449236,3
1262990404,1998922583,6
1262990404,5812988573,4
1262990404,5813044882,5
1262990404,5813069020,3
1262990404,5813077658,6
1262994911,1199496144,8
1262994911,1201227074,8
1262994911,1201231700,3
1262994911,1229166973,3
1262994911,1230531125,3
1262994911,1232288020,3
1262994911,1262654129,3
1262994911,1263331517,4
1262994911,1263642185,3
1262994911,1263668331,4
1262994911,1263668551,6
1262994911,1294366310,3
1262994911,1352684733,6
1262994911,1595106149,4
1262994911,5812988128,5
1262994911,5812988532,3
1262994911,5812989105,3
1262994911,5813016578,3
1262994911,5813056453,4
1262994911,5813062009,4
1262994911,5813067943,5
1263309965,1200195649,5
1263309965,1200536439,3
1263309965,1200541165,5
1263309965,1229162353,4
1263309965,1229162381,3
1263309965,1229166973,5
1263309965,1232266231,3
1263309965,1263327214,3
1263309965,1263646370,4
1263309965,1352684733,21
1263309965,5812988137,3
1263309965,5812988569,3
1263309965,5812989059,4
1263309965,5813038232,4
1263327135,1167438034,4
1263327135,1228264951,11
1263327135,1232266414,3
1263327135,1232603386,4
1263327135,1232607453,3
1263327135,1262990404,3
1263327135,1281324958,7
1263327135,1294362035,3
1263327135,1294362092,6
1263327135,1352684733,12
1263327135,1404109050,7
1263327135,1466511550,5
1263327135,1470966783,3
1263327135,1501660164,6
1263327135,1501664753,3
1263327135,1558605812,18
1263327135,1589972966,3
1263327135,1621008677,5
1263327135,1621357756,4
1263327135,5812988098,3
1263327135,5812989593,6
1263327135,5812991538,6
1263327135,5813050145,4
1263327185,1167438034,5
1263327185,1228264951,8
1263327185,1232607542,3
1263327185,1249932198,3
1263327185,1263327135,7
1263327185,1294021030,5
1263327185,1294362000,5
1263327185,1294362035,4
1263327185,1294362092,3
1263327185,1352684733,9
1263327185,1501660164,3
1263327185,1501664753,4
1263327185,1558605812,20
1263327185,1807572051,4
1263327185,5812988098,4
1263327185,5812991538,5
1263327185,5813050145,5
1263327214,1198818618,8
1263327214,1200541165,4
1263327214,1201231760,9
1263327214,1229162353,6
1263327214,1229162381,5
1263327214,1229166973,6
1263327214,1230190016,4
1263327214,1232266231,3
1263327214,1232266616,3
1263327214,1263663980,3
1263327214,1263996477,3
1263327214,1352684733,7
1263327214,5812988137,4
1263327214,5812989059,4
1263327214,5813038203,3
1263327214,5813054032,9
1263327214,5813077663,3
1263331517,1199496144,6
1263331517,1221289185,4
1263331517,1229507904,3
1263331517,1230531125,5
1263331517,1231217536,4
1263331517,1232634093,3
1263331517,1262994911,8
1263331517,1263668551,3
1263331517,1293006629,5
1263331517,1294366310,6
1263331517,1316086414,3
1263331517,1352684733,14
1263331517,5812988077,4
1263331517,5812988098,4
1263331517,5812988514,3
1263331517,5812989105,3
1263331517,5812989120,4
1263331517,5813016577,4
1263331517,5813016578,4
1263331517,5813038196,8
1263331517,5813050102,3
1263331517,5813062009,7
1263331517,5813067943,3
1263642185,1229507904,8
1263642185,1231217536,3
1263642185,1232288020,5
1263642185,1263331517,5
1263642185,1263663980,4
1263642185,1263668551,4
1263642185,1294366310,4
1263642185,1352684733,6
1263642185,5812988532,3
1263642185,5812989105,4
1263642185,5812989120,7
1263642185,5813016577,5
1263642185,5813016578,6
1263642185,5813038293,8
1263642185,5813062009,3
1263646370,1200536439,3
1263646370,1201227074,4
1263646370,1229507904,4
1263646370,1230535525,5
1263646370,1263309965,3
1263646370,1352684733,7
1263646370,5812989120,3
1263646370,5813038238,4
1263646693,1260197510,4
1263646693,1260538467,85
1263646693,1260542968,96
1263646693,1260883995,69
1263646693,1260884244,70
1263646693,1295035551,55
1263646693,1418186940,3
1263646693,1534721340,3
1263663953,1221285128,9
1263663953,1221289185,5
1263663953,1232262105,3
1263663953,1232603375,5
1263663953,1232603386,5
1263663953,1232607449,9
1263663953,1263668331,3
1263663953,1281324958,10
1263663953,1294366310,6
1263663953,1352357010,4
1263663953,1352684733,6
1263663953,1498574596,3
1263663953,1501664753,3
1263663953,1533036404,4
1263663953,1561301125,3
1263663953,1715459859,3
1263663953,5812988514,4
1263663953,5813038196,6
1263663953,5813038293,3
1263663953,5813049193,3
1263663953,5813056453,5
1263663953,5813060163,3
1263663953,5813067943,3
1263663953,5813069053,7
1263663953,5813077658,6
1263663980,1229162353,3
1263663980,1230535525,3
1263663980,1231217536,3
1263663980,1232266231,3
1263663980,1232266303,6
1263663980,1260879515,6
1263663980,1263309965,3
1263663980,1352684733,10
1263663980,5812988132,4
1263663980,5812988137,3
1263663980,5813038203,3
1263663980,5813038232,3
1263663980,5813038238,5
1263663980,5813054032,4
1263663980,5813077663,3
1263663980,892964102,3
1263668331,1199496144,4
1263668331,1221285128,4
1263668331,1231217536,3
1263668331,1232603386,3
1263668331,1232607449,5
1263668331,1263331517,6
1263668331,1263642185,5
1263668331,1263663953,5
1263668331,1281324958,9
1263668331,1293006629,7
1263668331,1294362042,5
1263668331,1294366310,7
1263668331,1352684733,4
1263668331,1405780725,5
1263668331,1530606252,3
1263668331,1595106149,3
1263668331,5812988099,3
1263668331,5812988128,4
1263668331,5812988514,3
1263668331,5812989120,3
1263668331,5812989593,4
1263668331,5813038196,5
1263668331,5813038197,4
1263668331,5813038293,4
1263668331,5813056453,4
1263668331,5813067943,3
1263668331,5901215446,4
1263668551,1199496144,3
1263668551,1201227074,4
1263668551,1232288020,8
1263668551,1232634093,3
1263668551,1260879515,3
1263668551,1262654129,3
1263668551,1262994911,8
1263668551,1263331517,5
1263668551,1263642185,4
1263668551,1263668331,3
1263668551,1293006629,5
1263668551,1352684733,4
1263668551,1595106149,3
1263668551,5812988569,7
1263668551,5812989105,10
1263668551,5812989120,4
1263668551,5813016577,10
1263668551,5813038238,4
1263668551,5813038293,4
1263668551,5813067943,7
1263668551,5813077658,3
1263996477,1198818618,4
1263996477,1200195649,8
1263996477,1201231816,5
1263996477,1229162353,4
1263996477,1229162381,5
1263996477,1229166973,4
1263996477,1231217536,3
1263996477,1232266231,4
1263996477,1232266303,4
1263996477,1232607205,3
1263996477,1262654129,5
1263996477,1263327214,4
1263996477,1319530284,4
1263996477,1352684733,6
1263996477,1595106149,5
1263996477,5812988132,4
1263996477,5812988137,8
1263996477,5812988577,3
1263996477,5813038203,7
1263996477,5813038232,8
1263996477,5813054032,8
1263996477,5813077663,6
1280971174,1188885499,3
1280971174,1199496243,3
1280971174,1251969396,3
1280971174,1252665371,5
1280971174,1342704830,3
1280971174,1352357010,4
1280971174,1434798670,7
1280971174,1435822283,3
1280971174,1440567395,3
1280971174,1466511550,3
1280971174,1497875250,3
1280971174,1562404815,4
1280971174,1563436481,3
1280971174,1563441250,4
1280971174,1565833050,3
1280971174,1566528972,4
1280971174,1593784995,3
1280971174,1747569967,3
1280971174,1749270652,3
1280971174,5812992219,8
1281303666,1158187240,8
1281303666,1281324958,56
1281303666,1405231475,53
1281303666,1405780725,3
1281303666,1466998977,4
1281303666,1565846637,13
1281303666,1590979045,3
1281303666,1749258134,6
1281303666,1781268241,3
1281303666,1838257401,3
1281303666,1840636280,3
1281303666,1877217777,3
1281303666,1878271377,6
1281303666,1907169406,3
1281303666,1907571222,3
1281303666,1907578957,5
1281303666,1998922583,7
1281303666,2215161310,3
1281303666,2307027729,17
1281303666,5812998136,7
1281303666,5813024015,13
1281303666,5813061197,3
1281303666,5813069053,4
1281303666,5901215446,3
1281316775,1250277991,3
1281316775,1255405703,3
1281316775,1322626125,3
1281316775,1503754464,3
1281316775,1532401727,3
1281316775,5812988098,4
1281324958,1158187240,3
1281324958,1218901359,4
1281324958,1590979045,3
1281649467,1229849059,5
1281649467,1352684733,3
1281649467,1504765194,3
1281649467,1535462901,3
1281985562,1283371992,4
1281985562,1503755184,5
1281985562,1534107181,3
1281998821,1228264951,8
1281998821,1566519741,3
1281998821,887195902,13
1282007450,1040013335,5
1282007450,1221971218,7
1282007450,1226887763,5
1282007450,1282348408,3
1282007450,1343749180,6
1282007450,1407179534,10
1282007450,1437850908,4
1282007450,1438908304,3
1282007450,1438912593,7
1282007450,1441598865,3
1282007450,1467548306,3
1282007450,1500598873,3
1282007450,1530636214,5
1282007450,1534363304,3
1282007450,1626482563,6
1282007450,1627131491,3
1282007450,1782364786,8
1282007450,1782369340,4
1282007450,1809614687,3
1282007450,1811630361,3
1282007450,1813403869,4
1282007450,1813403953,3
1282007450,1813403998,3
1282007450,1814777260,4
1282007450,1814780768,4
1282007450,1814781537,3
1282007450,1938195143,6
1282007450,2307027729,24
1282007450,5812987894,8
1282007450,5813023322,6
1282007450,5813038769,3
1282348408,1261229600,108
1282348408,1449225711,4
1282348408,5813023480,4
1282348408,5813044940,13
1282348408,5813068840,169
1282690130,1049174217,4
1282690130,1049510640,4
1282690130,1110885932,3
1282690130,1111917081,3
1282690130,1376827225,3
1282690130,924002690,4
1282690130,924348411,3
1282690130,956082289,5
1282690130,986422220,4
1282690130,986758977,3
1282693736,1158191887,3
1282693736,1220257051,10
1282693736,1437850908,5
1282806123,1072063538,4
1282806123,1285849916,6
1282806123,1563099587,5
1282844980,1283031294,3
1282844980,1562689878,4
1282844980,1623081361,3
1282844980,1808936407,5
1282844980,2181730644,4
1282844980,5813061218,5
1282844980,7112579856,5
1283013506,1221971218,6
1283013506,1226887763,4
1283013506,1343749180,5
1283013506,1352684733,3
1283013506,1403392477,3
1283013506,1405231475,5
1283013506,1407179534,4
1283013506,1437850908,11
1283013506,1438908304,4
1283013506,1441598865,5
1283013506,1530636214,3
1283013506,1534363304,4
1283013506,1626482563,3
1283013506,1627131491,6
1283013506,1688164533,5
1283013506,1691259738,7
1283013506,1719595635,5
1283013506,1752016801,4
1283013506,1782369015,5
1283013506,1782369340,4
1283013506,1782369359,5
1283013506,1809614687,3
1283013506,1814781628,3
1283013506,1814781633,6
1283013506,1815131045,3
1283013506,1815826155,4
1283013506,1844750081,7
1283013506,1845453234,3
1283013506,1872033743,3
1283013506,1876147388,3
1283013506,2307027729,20
1283013506,5812987894,6
1283013506,5812996383,3
1283013506,5901214470,3
1283031294,1049174217,3
1283031294,1343395439,7
1283031294,1406147470,8
1283031294,1469227143,6
1283031294,1529933124,4
1283031294,1562689878,3
1283031294,1657949330,6
1283031294,2310627904,3
1283031294,5812987690,3
1283031294,5812994939,3
1283034573,1283031294,10
1283147383,1379907704,5
1283147383,789636635,4
1283147383,862615150,5
1283147383,918529614,3
1283371992,1346465519,3
1283371992,1438563366,4
1283371992,5813031359,4
1284101668,1261565786,4
1284101668,1262602271,3
1284101668,1444351896,3
1284101668,1467987587,3
1284101668,1816754260,3
1284101668,5813022538,3
1284101668,5813054443,3
1284394253,1347125913,3
1284394253,1441949046,3
1284394253,1563372679,4
1285167873,1347902152,4
1285167873,1348916717,3
1285167873,1348920795,3
1285750483,1037328706,11
1285750483,1285849916,7
1285750483,1469227143,5
1285750483,1688573830,3
1285750483,731736853,10
1285849916,1285750483,3
1285849916,1507933560,7
1285849916,1563099587,17
1285849916,1597157083,13
1285849916,5813050455,5
1285849916,5813054443,16
1285849916,5813061218,23
1285849916,5813068748,20
1285849916,731736853,40
1288267063,1166065510,3
1288893454,1319928264,3
1288893454,1350945956,4
1288893503,1288893672,3
1288893503,1289229700,3
1288893503,1289233753,3
1288893503,1319579283,4
1288893503,1319586861,4
1288893503,2000900137,3
1288893591,1289238130,3
1288893591,1289238742,4
1288893591,1319246910,3
1288893591,1319586861,4
1288893591,1319591655,3
1288893591,1351282553,3
1288893609,1288893454,3
1288893609,1289234133,5
1288893609,1319591655,4
1288893672,1288893503,3
1288893672,1288897930,4
1288893672,1289229572,3
1288893672,1289229674,3
1288893672,1289238841,3
1288893672,1289238972,6
1288893672,1289239054,4
1288893672,1319919610,4
1288893672,1319927827,4
1288893672,1350613510,4
1288893672,1350626363,3
1288893672,1350937208,6
1288893672,1350945956,3
1288893672,1412989266,3
1288893672,1505412068,3
1288893672,1683440362,4
1288893672,2000900137,3
1288897699,1254037524,3
1288897699,1289229616,4
1288897699,1289229700,3
1288897699,1289233760,3
1288897699,1289574672,3
1288897699,1319911391,3
1288897699,1319915822,3
1288897699,1319919918,3
1288897699,1319923967,3
1288897930,1288893672,3
1288897930,1289238742,3
1288897930,1289574672,3
1288897930,1319586861,3
1288897930,1319591563,3
1288897930,1319919608,3
1288897930,1319928209,3
1288897930,1319928264,3
1288897930,1319932206,3
1288897930,1444024342,3
1288897930,1505412068,3
1288897930,1528926565,4
1289229572,1254037524,5
1289229572,1289233760,4
1289229572,1289238742,3
1289229572,1289238841,3
1289229572,1289238970,3
1289229572,1319579391,3
1289229572,1319591297,6
1289229572,1319591480,4
1289229572,1319927345,3
1289229572,1350945956,5
1289229572,1505412068,4
1289229572,1908528698,3
1289229572,5813133779,3
1289229616,1254037524,5
1289229616,1289229572,6
1289229616,1289233656,3
1289229616,1289234133,3
1289229616,1319251041,6
1289229616,1319579391,3
1289229616,1319591242,3
1289229616,1319915731,4
1289229616,1319927827,3
1289229616,1319928209,3
1289229616,1350945956,3
1289229674,1288893503,3
1289229674,1288893609,4
1289229674,1289233760,4
1289229674,1289234133,5
1289229674,1289238972,3
1289229674,1319586861,3
1289229674,1319591678,3
1289229674,1319927345,3
1289229674,1997498177,5
1289229674,2000900137,5
1289229674,5813133779,3
1289229700,1288893672,3
1289229700,1288897699,4
1289229700,1289229572,3
1289229700,1289229616,3
1289229700,1319583148,4
1289229700,1319587380,3
1289229700,1319919814,3
1289229700,1319928209,3
1289229700,1320263998,5
1289229700,1350272746,4
1289229700,5813133779,3
1289233656,1254037524,3
1289233656,1288897699,3
1289233656,1289234133,3
1289233656,1319586861,4
1289233656,1319911391,3
1289233656,1808267138,4
1289233656,2000900137,4
1289233753,1288893503,3
1289233753,1289229572,3
1289233753,1289229616,3
1289233753,1289229700,3
1289233753,1289238130,3
1289233753,5813133779,3
1289233760,1289229674,4
1289233760,1289233847,4
1289233760,1289238841,3
1289233760,1289239054,5
1289233760,1750587711,3
1289233847,1288893503,3
1289233847,1289229700,4
1289233847,1289239054,5
1289233847,1317457971,4
1289233847,1319583082,3
1289233847,1319591442,4
1289233847,1319915731,5
1289233847,1320273763,3
1289233864,1288893672,4
1289233864,1289229674,5
1289234133,1254037524,3
1289234133,1288893503,5
1289234133,1289229674,4
1289234133,1319591442,3
1289234133,1319919698,3
1289234133,1319927345,6
1289234133,1908528698,4
1289238130,1288893503,4
1289238358,1288893609,3
1289238358,1319246910,3
1289238358,1350272746,3
1289238358,2000900137,4
1289238742,1288893591,4
1289238742,1288897930,6
1289238742,1289229572,6
1289238742,1289229700,3
1289238742,1289233753,3
1289238742,1997498177,4
1289238841,1289229572,4
1289238841,1289233760,3
1289238841,1289238970,3
1289238841,1289238972,4
1289238841,1319251041,6
1289238841,1319591480,3
1289238841,1319591678,3
1289238841,1319915731,3
1289238841,1319919698,3
1289238841,1319928264,3
1289238841,1320263998,3
1289238841,1412989266,3
1289238841,1683440362,7
1289238970,1288893672,5
1289238970,1319591678,4
1289238972,1288893672,3
1289238972,1289229616,3
1289238972,1289233864,3
1289238972,1289238970,5
1289238972,1319583082,3
1289238972,1319915822,3
1289238972,1319919610,3
1289238972,1412989266,3
1289238972,1808267138,5
1289239054,1288893609,3
1289239054,1289229616,3
1289239054,1289233760,3
1289239054,1289233864,3
1289239054,1319246910,3
1289239054,1319919608,5
1289239054,1319919610,3
1289239054,1319919918,4
1289239054,2000900137,4
1289574643,1254037524,3
1289574643,1319591297,3
1289574643,1319919814,5
1289574643,1412989088,4
1289574672,1254037524,3
1289574672,1288897699,3
1289574672,1289229616,3
1289574672,1289233656,3
1289574672,1289239054,3
1289574672,1319583205,4
1289574672,1319915731,3
1289574672,1319919698,3
1289574672,1319927827,3
1289574672,1320263998,4
1289574672,1412989266,3
1289574672,1997498177,5
1290209390,1221285128,5
1290209390,1351623779,43
1290209390,1352684733,4
1290209390,1783068831,3
1290209390,5813023353,12
1290209390,5813062668,55
1290209390,5813079585,3
1291569166,1259856448,40
1291569166,1356772884,7
1291569166,1449225711,24
1291569166,5812991476,71
1291569166,5813044940,97
1291573712,1016408310,7
1291573712,1017785388,10
1291573712,1048491559,8
1291573712,1048837669,11
1291573712,1049502699,14
1291573712,1049506374,8
1291573712,1049838815,7
1291573712,1049839301,8
1291573712,1080200318,5
1291573712,1080212848,9
1291573712,1080213108,4
1291573712,1080519686,4
1291573712,1080532771,13
1291573712,1080545525,8
1291573712,1080878335,4
1291573712,1109167269,5
1291573712,1110536002,9
1291573712,1110562345,3
1291573712,1110566303,18
1291573712,1110885663,9
1291573712,1110903013,3
1291573712,1111243870,6
1291573712,1111244083,12
1291573712,1111244201,8
1291573712,1111567676,5
1291573712,1136399018,7
1291573712,1136744536,4
1291573712,1139498661,3
1291573712,1141251402,6
1291573712,1141259920,11
1291573712,1141601145,5
1291573712,1142257556,6
1291573712,1142598324,5
1291573712,1167092919,9
1291573712,1167433954,3
1291573712,1167433990,4
1291573712,1167434000,4
1291573712,1172623224,6
1291573712,1172627154,7
1291573712,1198123389,4
1291573712,1200182520,8
1291573712,1228817231,7
1291573712,1262602271,8
1291573712,1532699530,3
1291573712,1533040625,10
1291573712,1535769552,3
1291573712,1625804774,4
1291573712,1935821486,11
1291573712,5813015200,6
1291573712,5813016650,6
1291573712,5813016661,5
1291573712,5813035500,5
1291573712,5813109987,3
1291573712,862606678,3
1291573712,862610554,3
1291573712,862615150,4
1291573712,893645771,6
1291573712,925008566,3
1291573712,925017453,3
1291573712,955383212,4
1291573712,955698260,4
1291573712,956043578,5
1291573712,956056543,5
1291573712,956397821,4
1291573712,987091864,7
1291573712,987419139,4
1291573712,987424258,3
1292670202,1198132028,3
1292670202,1200886425,3
1292670202,1232249325,3
1292670202,1261907163,3
1292670202,1535087168,3
1292670202,5813023322,3
1293006629,1199496144,5
1293006629,1221289185,4
1293006629,1232288020,9
1293006629,1232603386,3
1293006629,1232607449,4
1293006629,1262654129,3
1293006629,1262994911,9
1293006629,1263331517,3
1293006629,1263642185,4
1293006629,1263663953,3
1293006629,1263668331,10
1293006629,1263668551,6
1293006629,1294366310,4
1293006629,1352684733,6
1293006629,1377845289,5
1293006629,1563393904,3
1293006629,5812988128,4
1293006629,5812988514,3
1293006629,5812988532,4
1293006629,5813038196,5
1293006629,5813038197,4
1293006629,5813038293,3
1293006629,5813062009,5
1293006629,5813067943,4
1293006629,5813077658,4
1293011130,1167097258,3
1293011130,1199159353,5
1293011130,1199504502,3
1293011130,1232257688,3
1293011130,1260879601,5
1293011130,1261220478,5
1293011130,1292670202,3
1293011130,1351317122,4
1294021030,1228264951,7
1294021030,1232603386,5
1294021030,1232607542,3
1294021030,1255405703,9
1294021030,1294362000,4
1294021030,1294362035,3
1294021030,1352684733,14
1294021030,1404109050,6
1294021030,1466511550,6
1294021030,1558605812,4
1294021030,5812988098,6
1294021030,5812989167,5
1294021030,5812989593,4
1294021030,5812991538,3
1294362000,1198818551,6
1294362000,1224560577,7
1294362000,1228264951,3
1294362000,1232607449,4
1294362000,1232607453,3
1294362000,1232607542,5
1294362000,1249932198,5
1294362000,1281324958,7
1294362000,1352684733,11
1294362000,1404109050,3
1294362000,1466511550,3
1294362000,1501660164,5
1294362000,1558605812,6
1294362000,1589972966,3
1294362000,1621357756,4
1294362000,5812983845,6
1294362000,5812988099,5
1294362000,5812988128,3
1294362000,5812991538,3
1294362000,5813038198,3
1294362000,5813050145,8
1294362035,1139153136,3
1294362035,1198818551,5
1294362035,1221285128,5
1294362035,1228264951,4
1294362035,1232603386,6
1294362035,1232607453,3
1294362035,1232607542,4
1294362035,1261229600,3
1294362035,1263327185,3
1294362035,1281324958,5
1294362035,1294362092,6
1294362035,1311677904,3
1294362035,1352684733,13
1294362035,1501660164,6
1294362035,1501664753,3
1294362035,1501665145,3
1294362035,1502001218,3
1294362035,1558605812,6
1294362035,1838257401,5
1294362035,1839288696,9
1294362035,5812988098,3
1294362035,5812988099,3
1294362035,5812988573,3
1294362035,5812989593,3
1294362035,5812991538,13
1294362035,5813038918,4
1294362035,5813044882,4
1294362035,5813049193,3
1294362042,1198818551,3
1294362042,1199496144,5
1294362042,1221285128,9
1294362042,1221289185,4
1294362042,1224560577,3
1294362042,1232603375,3
1294362042,1232603386,7
1294362042,1232607449,7
1294362042,1263668331,4
1294362042,1281303666,3
1294362042,1281324958,5
1294362042,1293006629,3
1294362042,1352684733,4
1294362042,1405780725,4
1294362042,1466511550,3
1294362042,1501664753,4
1294362042,5812988098,4
1294362042,5812988128,6
1294362042,5812989593,6
1294362042,5813035545,4
1294362042,5813038197,3
1294362042,5813038198,7
1294362042,5813038293,4
1294362042,5813056453,5
1294362042,5813060834,7
1294362042,5813062009,3
1294362042,5813067943,4
1294362042,5813077658,5
1294362092,1139153136,6
1294362092,1198818551,4
1294362092,1221285128,6
1294362092,1224560577,5
1294362092,1228264951,6
1294362092,1232262105,4
1294362092,1232266394,5
1294362092,1232603375,3
1294362092,1261229600,6
1294362092,1263327135,5
1294362092,1281324958,6
1294362092,1294362035,4
1294362092,1352684733,13
1294362092,1745821751,5
1294362092,1848496662,4
1294362092,1849507321,6
1294362092,5813044882,3
1294362092,5813049193,6
1294366310,1199496144,5
1294366310,1201227074,4
1294366310,1221289185,3
1294366310,1231217536,3
1294366310,1232262105,3
1294366310,1232603375,4
1294366310,1232607449,3
1294366310,1262994911,6
1294366310,1263331517,4
1294366310,1263642185,7
1294366310,1263663953,5
1294366310,1263668331,6
1294366310,1263668551,3
1294366310,1293006629,9
1294366310,5812988128,5
1294366310,5812988514,4
1294366310,5812988532,4
1294366310,5812988569,6
1294366310,5812988573,3
1294366310,5812989105,4
1294366310,5812989120,3
1294366310,5813016577,4
1294366310,5813038196,6
1294366310,5813038198,5
1294366310,5813038293,5
1294366310,5813062009,4
1294366310,5813067943,9
1295035551,1260197510,6
1295035551,1260538467,13
1295035551,1260542968,43
1295035551,1260883995,27
1295035551,1260884244,59
1295035551,1261565786,8
1295035551,1263646693,12
1295035551,1418186940,3
1295035551,1534721340,13
1295035551,861242399,4
1311677904,1226887763,11
1311677904,1228264951,19
1311677904,5813038319,3
1311677904,887195902,12
1312015204,1228264951,18
1312015204,1281324958,3
1312015204,5813023322,13
1312368829,1251996302,5
1312368829,1282348408,5
1313038188,1100404634,12
1313038188,1261229600,4
1313038188,1406147470,6
1313038188,1466998977,13
1313038188,5813033675,3
1313702895,1158877783,3
1313702895,1189567690,4
1313702895,1471610338,3
1313702895,1497200791,5
1313702895,1621008677,3
1313702895,1687831632,5
1313702895,1689187126,3
1313702895,1719928105,3
1313702895,1752672460,3
1313702895,1782318275,4
1313702895,1813028777,4
1313702895,1814055949,6
1313702895,1814729223,4
1313702895,1817444670,3
1313702895,1817448659,3
1313702895,1817453257,3
1313702895,1817457808,5
1313702895,1818136404,3
1313702895,1844421716,3
1313702895,1848496662,4
1313702895,5812988086,3
1315464724,1198132041,5
1316103996,1374784418,4
1316103996,1407269278,7
1316103996,1407269350,3
1316103996,1438299718,3
1316103996,1438304143,3
1316103996,1500024261,3
1316103996,1937501015,3
1316103996,2027880999,3
1316103996,5813068748,3
1316530839,1376134899,4
1316530839,1559979355,4
1316535138,1347901684,5
1316535138,1347906163,4
1316535138,1348920548,4
1316535138,1842682322,4
1316867205,1348248235,3
1316867205,5813038168,3
1317457971,1319591297,3
1317457971,1505412068,4
1319246910,1254037524,3
1319246910,1288893591,3
1319246910,1289229616,3
1319246910,1289229700,3
1319246910,1289238130,3
1319246910,1319579391,3
1319246910,1319591242,3
1319246910,1319591480,3
1319246910,1319591655,3
1319246910,1319591709,3
1319246910,1319919608,4
1319246910,1319919814,4
1319246910,1319919918,3
1319246910,1350613510,4
1319246910,1412989088,3
1319251041,1289229616,5
1319530284,1200195649,3
1319530284,1200541165,3
1319530284,1201231700,5
1319530284,1201231816,5
1319530284,1226887763,4
1319530284,1229162353,6
1319530284,1229166973,6
1319530284,1230190016,7
1319530284,1232266231,5
1319530284,1232266616,5
1319530284,1232607205,6
1319530284,1232607453,3
1319530284,1262654081,4
1319530284,1263309965,3
1319530284,1263327214,5
1319530284,1263996477,6
1319530284,1352684733,8
1319530284,1595106149,3
1319530284,5812988137,4
1319530284,5812988577,8
1319530284,5813038203,7
1319530284,5813038294,3
1319530284,5813054032,3
1319530284,5813068748,4
1319574557,1685555983,3
1319578883,1288893591,3
1319578883,1319919918,3
1319578883,1808267138,3
1319579283,5813133779,3
1319579391,1288897930,3
1319579391,1289229572,3
1319579391,1289238841,6
1319579391,1319919698,3
1319579391,1319928209,3
1319579391,1350272746,3
1319579391,1683440362,3
1319579391,1808267138,5
1319579391,2000900137,4
1319579391,5813069020,3
1319583082,1319911391,3
1319583082,1319915731,3
1319583082,1997498177,3
1319583082,5812991476,3
1319583148,1289229616,3
1319583148,1289238130,4
1319583148,1289239054,4
1319583148,1317457971,3
1319583148,1319915731,3
1319583148,1319928209,4
1319583148,1350272746,3
1319583205,1288897930,3
1319583205,1289238972,3
1319583205,1319919610,3
1319583205,1319919814,5
1319583205,1319927345,4
1319583205,1412989088,4
1319586861,1288897699,3
1319586861,1289233656,3
1319586861,1289238972,3
1319586861,1289239054,3
1319586861,1289574643,4
1319586861,1289574672,3
1319586861,1319915822,4
1319586861,1319923967,3
1319586861,1528926565,3
1319586861,1997498177,3
1319587003,1288893454,3
1319587003,1288897699,5
1319587003,1288897930,3
1319587003,1289233753,3
1319587003,1289233847,6
1319587003,1317457971,4
1319587003,1319583148,3
1319587003,1319591242,3
1319587003,1319591678,3
1319587003,1319919918,4
1319587003,1320273763,3
1319587003,1350626363,5
1319587380,1289229700,3
1319587380,1289233847,4
1319587380,1350937208,3
1319591242,1289229616,3
1319591242,1319591678,3
1319591242,1319911391,3
1319591242,1319919698,4
1319591242,1319928209,3
1319591242,1505412068,3
1319591297,1289233656,4
1319591297,1289233760,4
1319591297,1289238130,3
1319591297,1319591563,3
1319591297,1319915731,3
1319591297,1908528698,3
1319591442,1254037524,3
1319591442,1289229572,3
1319591442,1289229616,3
1319591442,1289233760,3
1319591442,1289233847,3
1319591442,1319591655,3
1319591442,1319932206,3
1319591442,1528926565,3
1319591480,1319246910,5
1319591480,1319578883,3
1319591480,1319911391,6
1319591480,1350613510,3
1319591480,1444024342,3
1319591480,1683440362,3
1319591480,1808267138,5
1319591563,1319583205,4
1319591563,1319591297,4
1319591563,1319919918,3
1319591563,1319928209,4
1319591655,1289233847,3
1319591655,1289238972,3
1319591655,1317457971,4
1319591655,1319919608,3
1319591655,1319923967,3
1319591655,1319928264,3
1319591655,1444024342,5
1319591655,1528926565,4
1319591678,1289238970,6
1319591678,1319583148,3
1319591678,1319587003,3
1319591678,1350937208,5
1319591678,1997498177,4
1319591709,1288893672,4
1319591709,1289233864,4
1319591709,1317457971,3
1319591709,1319587003,3
1319591709,1319591678,3
1319591709,1319915731,3
1319591709,1319928209,3
1319591709,1350626363,3
1319911391,1289238742,4
1319911391,1319591480,5
1319911391,1319919814,4
1319911391,1808267138,3
1319915731,1254037524,4
1319915731,1289229616,4
1319915731,1289233847,3
1319915731,1289238358,3
1319915731,1319579283,3
1319915731,1319579391,3
1319915731,1319583148,3
1319915731,1319915822,4
1319915731,1319923967,3
1319915731,1319928209,3
1319915731,1350613510,4
1319915822,1289229616,3
1319915822,1289233656,4
1319915822,1289233760,5
1319915822,1289574643,3
1319915822,1317457971,3
1319915822,1319586861,3
1319915822,1319587003,3
1319915822,1319591655,3
1319915822,1319915731,5
1319915822,1319919698,3
1319915822,1319923967,3
1319915822,1319928264,3
1319915822,1350613510,4
1319915822,1350626363,4
1319915822,1440566287,3
1319915822,5813068615,3
1319919608,1289238742,3
1319919608,1289238972,3
1319919608,1319579391,4
1319919608,1319583082,3
1319919608,1319591655,3
1319919608,1319911391,5
1319919608,1319919610,3
1319919610,1289574672,3
1319919610,1319919608,4
1319919610,1319927345,4
1319919610,1412989266,4
1319919610,1505412068,3
1319919610,1683440362,3
1319919698,1289238841,4
1319919698,1289238970,4
1319919698,1289238972,4
1319919698,1289239054,3
1319919698,1319246910,3
1319919698,1319591678,5
1319919698,1319919814,3
1319919698,1319923967,4
1319919698,1319927345,3
1319919698,1319928209,3
1319919698,1350945956,4
1319919698,1505412068,3
1319919698,1528926565,4
1319919814,1288893591,3
1319919814,1289229700,4
1319919814,1289574672,3
1319919814,1319246910,4
1319919814,1319583205,3
1319919814,1319591655,4
1319919814,1319911391,6
1319919814,1319919608,3
1319919814,1319919918,4
1319919814,1443682977,5
1319919814,1808267138,8
1319919918,1288893591,3
1319919918,1289238130,3
1319919918,1289238841,3
1319919918,1319591297,3
1319919918,1319591480,3
1319919918,1319591655,4
1319919918,1319591709,3
1319919918,1319928264,3
1319919918,1320263998,3
1319919918,1683440362,3
1319919918,1808267138,3
1319923967,1254037524,3
1319923967,1288893609,3
1319923967,1319591655,3
1319923967,1350626363,5
1319923967,1350945956,3
1319923967,1412989088,4
1319923967,1528926565,6
1319927345,1319583082,3
1319927345,1319587003,3
1319927345,1319587380,5
1319927345,1319919610,4
1319927827,1288893609,3
1319927827,1288893672,3
1319927827,1289229674,3
1319927827,1289234133,5
1319927827,1319591242,4
1319927827,1350626363,3
1319927827,1412989088,4
1319928209,1288897699,3
1319928209,1288897930,6
1319928209,1289233656,4
1319928209,1289238970,4
1319928209,1319591480,3
1319928209,1319591563,4
1319928209,1319919698,3
1319928209,1319919814,4
1319928209,1319928264,4
1319928209,1350626363,5
1319928209,1528926565,3
1319928209,1683440362,3
1319928209,1997498177,3
1319928264,1288893503,4
1319928264,1288897699,4
1319928264,1289229674,3
1319928264,1289574672,3
1319928264,1319579391,3
1319928264,1319586861,4
1319928264,1319928209,5
1319932206,1288893591,4
1319932206,1288897699,3
1319932206,1319591655,3
1319932206,1319919918,3
1319932206,1319928264,3
1320263998,1289229572,3
1320263998,1289229616,3
1320263998,1289229700,3
1320263998,1289233864,4
1320263998,1289574672,4
1320263998,1350272746,3
1320263998,1350937208,3
1320263998,1528926565,4
1320273763,1319919698,4
1320273763,1505412068,3
1320273763,1528926565,3
1320273763,1997498177,3
1321222721,1379907704,6
1321222721,5813048268,5
1321222721,861579069,4
1321222721,862615150,3
1321222721,892259847,5
1321222721,918529614,4
1322626125,1445445434,3
1325405571,1260197510,11
1325405571,1260542968,5
1325405571,1260883995,3
1325405571,1418186940,52
1325405571,1444351896,11
1325405571,5813022538,6
1325733981,1260884244,5
1325733981,1418186940,61
1325733981,1444351896,25
1342022174,1252665371,6
1342022174,1280971174,3
1342022174,1722670151,3
1342022174,1749620832,3
1342022174,5813062668,3
1342371499,1159555822,6
1342371499,1352357010,4
1342371499,1540518369,4
1342371499,1869649833,3
1342371499,1932730059,3
1342371499,2336572685,10
1342704830,1188885499,3
1342704830,1344055093,4
1342704830,1374784418,4
1342704830,1410235604,3
1342704830,1502635634,3
1342704830,1532410248,3
1342704830,2121707030,6
1342704830,5812987890,3
1342704830,5812989593,3
1342704830,5813056671,6
1343045604,1159555822,16
1343045604,1189230326,3
1343045604,1220257051,5
1343045604,1222332850,3
1343045604,1281324958,14
1343045604,1282348408,5
1343045604,1344392982,4
1343045604,1407873674,7
1343045604,1469269528,5
1343045604,1469947367,6
1343045604,1565846637,11
1343045604,1622350949,5
1343045604,1657525433,3
1343045604,1658643766,5
1343045604,1658990108,7
1343045604,1659331215,4
1343045604,1660219098,3
1343045604,1689994034,6
1343045604,1689994325,4
1343045604,1690015835,6
1343045604,1690020010,3
1343045604,1723386459,4
1343045604,1746858454,3
1343045604,1749275570,3
1343045604,1781674298,6
1343045604,1782714902,3
1343045604,1783068831,7
1343045604,1843744231,4
1343045604,1845117373,3
1343045604,5812994062,3
1343045604,5813023322,4
1343045604,5813038319,3
1343045604,5813045792,8
1343045604,5813047992,4
1343045604,5813055080,3
1343378332,1373734609,3
1343378332,1628187260,3
1343378332,1784057323,4
1343395439,1251654856,5
1343395439,1261229600,3
1343395439,1281324958,22
1343395439,1282348408,3
1343395439,1374442368,3
1343395439,1406147470,5
1343395439,1466998977,8
1343395439,1563126068,5
1343395439,1565846637,30
1343395439,1624074309,4
1343395439,1624747496,6
1343395439,1813391435,4
1343395439,1813728233,5
1343395439,5812990157,4
1343395439,7112579856,3
1343732093,1222302866,4
1343732093,1252337419,3
1343732093,1536783933,3
1343732093,5813045646,3
1343749180,1040013335,7
1343749180,1218901359,4
1343749180,1282007450,6
1343749180,1282348408,5
1343749180,1283013506,3
1343749180,1343395439,4
1343749180,1352684733,3
1343749180,1403392477,4
1343749180,1405231475,7
1343749180,1407179534,6
1343749180,1438912593,6
1343749180,1500598873,4
1343749180,1530636214,4
1343749180,1533683889,4
1343749180,1716496582,4
1343749180,1782369340,3
1343749180,1782369359,3
1343749180,1783051578,3
1343749180,1813403630,4
1343749180,1813403953,4
1343749180,1814777260,3
1343749180,1814781356,4
1343749180,1814781537,3
1343749180,1814781628,3
1343749180,1815471919,6
1343749180,1872033743,5
1343749180,1876484146,7
1343749180,2307027729,28
1343749180,5812987894,6
1343749180,5813023322,5
1343749180,5813038769,5
1343749180,5813046478,3
1343749180,5901214470,5
1344055093,1342704830,3
1344055093,1502635634,4
1344055093,1563095512,3
1344055093,1566178615,3
1344055093,1566528972,3
1344055093,1593784995,3
1344055093,1652725444,3
1344055093,1905114003,3
1344055093,5813056671,5
1344207087,731736853,29
1344207087,789636635,4
1344249576,1039335355,3
1344253853,1344249576,8
1344253853,1405300499,3
1344253853,1405300548,3
1344253853,1467698336,3
1344253853,5813095193,3
1344392982,1159555822,8
1344392982,1222332850,5
1344392982,1281303666,4
1344392982,1281324958,12
1344392982,1283031294,3
1344392982,1343045604,4
1344392982,1404446113,8
1344392982,1405780725,4
1344392982,1407873674,4
1344392982,1438550573,3
1344392982,1439203192,5
1344392982,1469947367,3
1344392982,1565846637,14
1344392982,1658644171,5
1344392982,1658990108,3
1344392982,1660219098,3
1344392982,1689994034,3
1344392982,1689994325,3
1344392982,1689994425,5
1344392982,1690015835,4
1344392982,1721365654,4
1344392982,1723386459,6
1344392982,1781674298,4
1344392982,1813054194,6
1344392982,1966864706,6
1344392982,2059295981,5
1344392982,5812994062,6
1344392982,5812994826,3
1344392982,5812995757,4
1344392982,5813023322,7
1344392982,5813038319,4
1344392982,5813038998,3
1344392982,5813055080,3
1344509330,1629206279,4
1344509330,789636635,12
1345079276,1472965897,4
1345079276,1534694621,3
1345079276,1565729476,3
1345079276,1655474822,3
1345079276,1656153289,3
1345079276,1751262627,3
1345079276,1783690466,3
1345079276,1813028777,3
1345079276,1814031575,3
1345079276,1817453557,5
1345079276,1817457984,3
1345079276,1817790176,3
1345079276,1817790222,3
1345079276,1818122205,3
1345079276,1844421716,3
1345079276,1848151236,3
1345079276,1848151877,3
1345079276,1848483949,3
1345079276,1848820426,3
1345079276,1849161407,4
1345079276,1879519066,4
1345079276,1879877415,4
1346465519,1377845289,6
1346465519,1408880450,8
1346465519,5813033742,3
1346788757,1504700834,3
1347125913,1441949046,3
1347125913,1535718264,4
1347126097,1189567690,4
1347126097,1221280490,4
1347126097,1375769049,3
1347126097,1405788552,4
1347126097,1437165487,3
1347126097,1565729476,4
1347126097,1621008677,5
1347126097,1628528573,3
1347126097,1659515529,3
1347126097,1689915765,3
1347126097,1714791446,3
1347126097,1719928105,3
1347126097,1814410124,3
1347126097,1817448921,3
1347126097,1817449116,3
1347126097,1817453257,3
1347126097,1817453557,4
1347126097,1847806203,3
1347126097,1848156241,4
1347126097,1849178917,3
1347126097,1849179266,3
1347126097,1875124235,3
1347126097,1880887003,3
1347126097,2029624973,4
1347812305,1530606252,3
1347812305,1534694621,3
1347812305,1625800608,3
1347812305,1689187126,4
1347812305,1714791446,5
1347812305,1807572051,3
1347812305,1808241116,5
1347812305,1814729223,3
1347812305,1817449059,3
1347812305,1817790222,3
1347812305,1848824817,3
1347812305,1849166071,3
1347812305,1880887003,6
1347812305,1912600163,4
1347901684,1316534973,3
1347901684,1316535138,3
1347901684,1348242642,4
1347901684,1348248235,3
1347901684,1349253404,4
1347901684,1904420313,3
1347901684,2278224718,4
1347901726,1316535138,3
1347901726,1347901684,3
1347901726,1347906562,5
1347901726,1348248235,5
1347901726,1348580534,4
1347901726,1348916717,4
1347901726,1350277508,5
1347901726,1379277446,4
1347901726,1411655369,4
1347901726,1411988034,4
1347901726,1412320780,6
1347901726,1475391747,4
1347901726,1559979355,3
1347901726,1842682322,3
1347901726,1904420313,3
1347901726,2211737961,4
1347901726,2278224718,5
1347902152,1285167873,3
1347902152,1316867205,4
1347902152,1348248235,4
1347905926,1347906163,3
1347905926,1348242642,3
1347905926,1411655369,3
1347906163,1316534973,3
1347906163,1347902152,3
1347906562,1316535138,3
1347906562,1347902152,6
1347906562,1347905926,3
1348153557,1190250299,4
1348153557,1221280490,3
1348153557,1471607030,3
1348153557,1656153289,6
1348153557,1690917721,4
1348153557,1781324410,3
1348153557,1812363713,4
1348153557,1812696567,3
1348153557,1817453257,4
1348153557,1817457984,5
1348153557,1817785661,3
1348153557,1817785682,4
1348153557,1847810811,3
1348153557,1879519066,3
1348153557,1912600163,3
1348153557,5812993994,5
1348153557,5812999009,3
1348242642,1316535138,5
1348242642,1347906163,5
1348242642,1348248235,7
1348242642,1348920548,3
1348242642,1379277446,3
1348242642,1412320780,4
1348242642,1468230494,4
1348242919,1316867205,3
1348242919,1347902152,4
1348242919,1348248235,3
1348242919,1348584223,3
1348242919,1348916717,3
1348242919,1348920795,3
1348242919,2211737961,3
1348242919,2278224718,4
1348247173,1347906163,4
1348247173,1350273443,3
1348248235,1347902152,3
1348248235,1347905926,3
1348248235,1347906163,3
1348248235,1347906562,4
1348248235,1348242919,4
1348248235,1348920795,3
1348248235,1379277446,4
1348248235,1380957320,3
1348248235,1412320780,3
1348248235,1468230494,6
1348248235,1475391747,4
1348248235,1559979355,4
1348248235,1904420313,6
1348248235,2121340624,3
1348248235,2211737961,3
1348580534,1316535138,4
1348580534,1347901726,3
1348580534,1347906163,3
1348580534,1842682322,3
1348584223,1316535138,3
1348584223,1347901684,4
1348584223,1347902152,3
1348584223,1347906163,3
1348584223,1348580534,4
1348584223,1348920548,4
1348584223,1379277446,3
1348584223,1412320780,3
1348584223,1842682322,3
1348584223,2121340624,5
1348829819,1503999967,3
1348916717,1316534973,3
1348916717,1316867205,4
1348916717,1348242919,7
1348916717,1348829819,3
1348916717,1348920548,4
1348916717,1348920795,4
1348916717,1350273443,4
1348916717,1350277508,3
1348916717,1379277446,3
1348916717,1475391747,5
1348916717,1559979355,3
1348916717,1904420313,3
1348916717,2211737961,4
1348916717,2278224718,3
1348920548,1316535138,4
1348920548,1347902152,4
1348920548,1350277508,4
1348920548,1412320780,3
1348920548,2278224718,4
1348920795,1290209390,6
1348920795,1316535138,3
1348920795,1347901684,3
1348920795,1347901726,4
1348920795,1348248235,5
1348920795,1348584223,5
1348920795,1348916717,3
1348920795,1349253404,4
1348920795,1350273443,3
1348920795,1559979355,3
1348920795,1904420313,6
1348920795,1967844926,3
1349240911,1502748318,4
1349253404,1316535138,3
1349253404,1347906562,3
1350272746,1289229700,3
1350272746,1289574672,4
1350272746,1319591242,3
1350272746,1320263998,4
1350273443,1347905926,3
1350273443,2121340624,3
1350277508,1316535138,4
1350277508,1348242642,3
1350277508,1348920548,4
1350277508,1348920795,5
1350277508,1559979355,4
1350277508,1842682322,3
1350613510,1254037524,3
1350613510,1288893672,3
1350613510,1289229674,3
1350613510,1319586861,3
1350613510,1319915731,4
1350613510,1319928209,5
1350613510,1505412068,4
1350613510,1683440362,4
1350626363,1289229700,3
1350626363,1289238841,3
1350626363,1317457971,3
1350626363,1319587003,4
1350626363,1319591563,3
1350626363,1319591678,3
1350626363,1319915822,3
1350626363,1319919610,4
1350626363,1319919698,3
1350626363,1319923967,6
1350626363,1319928209,3
1350626363,1320273763,3
1350626363,1350613510,3
1350626363,1505412068,3
1350626363,1808267138,4
1350937208,1288893672,4
1350937208,1289238970,3
1350937208,1319591709,3
1350937208,1319927345,3
1350937208,1319928264,3
1350937208,1350626363,3
1350937208,1412989088,4
1350945956,1289229572,6
1350945956,1289229616,4
1350945956,1289239054,3
1350945956,1319579391,4
1350945956,1319583082,3
1350945956,1319915822,3
1350945956,1319919918,3
1350945956,1443682977,4
1350945956,1444024342,3
1350945956,1808267138,5
1351282553,1288893591,3
1351282553,1289233864,3
1351282553,1289574643,3
1351282553,1350613510,3
1351282553,1808267138,3
1351317122,1167438283,3
1351317122,1199159353,6
1351317122,1199504502,3
1351317122,1292670202,4
1351317122,5813023322,5
1351317122,5813048670,3
1351623779,1189230639,3
1352357010,1048492504,5
1352357010,1079867909,4
1352357010,1079872487,5
1352357010,1080541803,3
1352357010,1110903093,6
1352357010,1136744477,6
1352357010,1139153136,3
1352357010,1158187240,11
1352357010,1158191887,3
1352357010,1167434000,3
1352357010,1167438034,6
1352357010,1167438189,5
1352357010,1198123389,7
1352357010,1200541130,8
1352357010,1200541193,4
1352357010,1218901359,16
1352357010,1220270134,3
1352357010,1224560577,30
1352357010,1229507863,5
1352357010,1230531237,7
1352357010,1232594718,3
1352357010,1232607542,9
1352357010,1249932198,25
1352357010,1252151253,4
1352357010,1255405703,18
1352357010,1257245650,3
1352357010,1259851971,3
1352357010,1259852010,9
1352357010,1261229600,8
1352357010,1263327135,6
1352357010,1263327185,9
1352357010,1283031294,4
1352357010,1294362000,3
1352357010,1294362035,3
1352357010,1342371499,17
1352357010,1343395439,3
1352357010,1351623779,24
1352357010,1352684733,19
1352357010,1374438280,7
1352357010,1376485417,6
1352357010,1406147470,3
1352357010,1407148900,5
1352357010,1414776601,5
1352357010,1435140135,3
1352357010,1466511550,3
1352357010,1466861327,4
1352357010,1470966783,4
1352357010,1498574596,12
1352357010,1501660164,5
1352357010,1501664753,6
1352357010,1502001218,5
1352357010,1502342255,3
1352357010,1528253194,6
1352357010,1532699530,9
1352357010,1534059927,7
1352357010,1558605806,6
1352357010,1558605812,9
1352357010,1563389824,4
1352357010,1589972966,4
1352357010,1590979045,10
1352357010,1621357756,22
1352357010,1625080038,6
1352357010,1627509034,4
1352357010,1654120086,4
1352357010,1658199518,8
1352357010,1684451749,5
1352357010,1714791446,3
1352357010,1715459859,8
1352357010,1745821751,15
1352357010,1747228863,3
1352357010,1749258134,9
1352357010,1781333405,3
1352357010,1807572051,3
1352357010,1808936407,8
1352357010,1809264255,13
1352357010,1813391435,7
1352357010,1813732543,11
1352357010,1818136404,5
1352357010,1838257401,20
1352357010,1838615654,5
1352357010,1839288696,6
1352357010,1840636280,10
1352357010,1875460978,7
1352357010,1902066682,3
1352357010,1906159299,13
1352357010,1907574944,4
1352357010,1907578957,4
1352357010,1936848448,10
1352357010,1937193993,6
1352357010,1937875810,8
1352357010,1938536260,3
1352357010,1998922583,8
1352357010,2121711447,8
1352357010,2181730644,4
1352357010,2215161310,3
1352357010,2245501457,5
1352357010,2336572685,11
1352357010,5812986572,6
1352357010,5812991538,11
1352357010,5812998136,12
1352357010,5813050145,8
1352357010,5813061197,14
1352357010,5813069053,10
1352357010,5813069377,3
1352357010,7112579856,7
1352598489,5813047637,3
1352598489,5813048450,5
1352598489,861229030,3
1352598489,891918523,3
1352598489,891922927,4
1352598489,892259523,3
1352598489,892600723,3
1352598905,5813031440,4
1352598905,892259847,3
1352598905,892277790,5
1352598905,892600621,22
1352598905,892609630,7
1352598905,918529614,5
1352684733,1110535962,4
1352684733,1158187240,8
1352684733,1158877703,8
1352684733,1158877783,4
1352684733,1167438034,8
1352684733,1188889654,9
1352684733,1189559257,4
1352684733,1189567690,11
1352684733,1198818551,8
1352684733,1199496144,6
1352684733,1219592090,6
1352684733,1220270134,6
1352684733,1221285128,4
1352684733,1221285175,3
1352684733,1221289185,15
1352684733,1232262105,16
1352684733,1232266414,10
1352684733,1232603375,11
1352684733,1232603386,3
1352684733,1232607449,9
1352684733,1232607453,6
1352684733,1232607542,5
1352684733,1249932198,4
1352684733,1250277991,4
1352684733,1262654129,3
1352684733,1262990404,13
1352684733,1263327135,9
1352684733,1263327185,3
1352684733,1263663953,7
1352684733,1263668331,8
1352684733,1280971174,3
1352684733,1294021030,8
1352684733,1294362000,12
1352684733,1294362035,5
1352684733,1294362042,6
1352684733,1294362092,15
1352684733,1312015204,5
1352684733,1313702895,5
1352684733,1375768970,3
1352684733,1404109050,13
1352684733,1405788552,4
1352684733,1414776601,5
1352684733,1435822283,5
1352684733,1445134193,4
1352684733,1466511550,10
1352684733,1467859487,4
1352684733,1470966783,5
1352684733,1497200791,6
1352684733,1497205225,3
1352684733,1498574596,4
1352684733,1500029052,3
1352684733,1501660164,9
1352684733,1501664753,10
1352684733,1501665145,10
1352684733,1502001218,14
1352684733,1502342255,8
1352684733,1528577476,4
1352684733,1532699404,5
1352684733,1533036404,4
1352684733,1534059927,3
1352684733,1561301125,3
1352684733,1562707421,5
1352684733,1563393904,5
1352684733,1589972966,14
1352684733,1593012939,3
1352684733,1593417998,3
1352684733,1595106149,8
1352684733,1621008677,9
1352684733,1622360309,10
1352684733,1625800608,4
1352684733,1654413566,8
1352684733,1656153289,8
1352684733,1656157224,3
1352684733,1656834653,8
1352684733,1684443103,10
1352684733,1714113234,3
1352684733,1714791446,5
1352684733,1715459859,4
1352684733,1745821751,7
1352684733,1747181914,8
1352684733,1748187330,4
1352684733,1749270652,3
1352684733,1751666374,6
1352684733,1781333405,16
1352684733,1784398302,3
1352684733,1784725840,3
1352684733,1784734375,3
1352684733,1785403942,5
1352684733,1785408076,3
1352684733,1807572051,14
1352684733,1808241116,7
1352684733,1809264255,7
1352684733,1810956698,5
1352684733,1812696567,10
1352684733,1813382259,3
1352684733,1814410124,3
1352684733,1816788474,5
1352684733,1817444670,4
1352684733,1817448921,10
1352684733,1817449059,5
1352684733,1817449236,7
1352684733,1817453065,3
1352684733,1817457847,3
1352684733,1817458052,4
1352684733,1817458164,3
1352684733,1817785661,3
1352684733,1818122205,8
1352684733,1818136404,5
1352684733,1838257401,10
1352684733,1839288696,4
1352684733,1844421716,5
1352684733,1848143184,3
1352684733,1848156241,12
1352684733,1848496662,10
1352684733,1849166071,3
1352684733,1849179266,7
1352684733,1849507321,8
1352684733,1874035952,9
1352684733,1875124235,9
1352684733,1875460978,6
1352684733,1907510214,3
1352684733,1912600163,3
1352684733,1937193993,13
1352684733,1938541380,3
1352684733,1998250011,5
1352684733,2028261424,3
1352684733,2029624973,6
1352684733,2245501457,9
1352684733,5812988077,3
1352684733,5812988086,3
1352684733,5812988098,5
1352684733,5812988128,6
1352684733,5812988514,7
1352684733,5812988532,6
1352684733,5812988573,12
1352684733,5812988577,10
1352684733,5812989163,3
1352684733,5812989167,6
1352684733,5812989593,9
1352684733,5812992219,6
1352684733,5812993994,6
1352684733,5813038196,4
1352684733,5813038198,14
1352684733,5813038679,4
1352684733,5813038918,11
1352684733,5813039336,5
1352684733,5813039410,5
1352684733,5813044882,9
1352684733,5813049193,5
1352684733,5813050102,9
1352684733,5813050145,7
1352684733,5813054032,6
1352684733,5813056453,8
1352684733,5813060163,5
1352684733,5813060834,12
1352684733,5813068239,3
1352684733,5813069046,3
1352684733,5813069053,3
1352684733,5813077658,14
1356772884,1037328706,5
1356772884,1100404581,5
1356772884,1259856448,17
1356772884,1260197431,30
1356772884,1261229600,26
1356772884,1291569166,9
1356772884,1325405571,6
1356772884,1418186940,5
1356772884,1444351896,6
1356772884,1449225711,3
1356772884,1563099587,30
1356772884,5812991476,15
1356772884,5813022538,6
1373734609,1343378332,3
1373734609,1753358965,3
1373734609,1783025171,3
1374413370,1722346362,3
1374413370,5813062668,3
1374438280,1100404634,6
1374438280,1251654856,4
1374438280,1261229600,11
1374438280,1282348408,6
1374438280,1406147470,3
1374438280,1439590350,4
1374438280,1466998977,3
1374438280,1528253194,6
1374438280,1597493900,4
1374438280,1749275570,3
1374438280,1813391435,5
1374442368,1038079690,8
1374442368,1049510640,6
1374442368,1111580845,3
1374442368,1169492931,6
1374442368,1200523569,9
1374442368,1252151253,7
1374442368,1282007450,7
1374442368,1312368829,4
1374442368,1313845690,3
1374442368,1343395439,11
1374442368,1343749180,5
1374442368,1374438280,10
1374442368,1374784418,10
1374442368,1375924140,6
1374442368,1376827225,4
1374442368,1379549812,9
1374442368,1406147470,3
1374442368,1436961485,5
1374442368,1468238571,7
1374442368,1528253194,24
1374442368,1533040625,3
1374442368,1533040839,3
1374442368,1558605812,19
1374442368,1591704108,3
1374442368,1597493900,7
1374442368,1622740353,28
1374442368,1623464400,8
1374442368,1657516638,3
1374442368,1813391435,13
1374442368,1813732543,3
1374442368,1876492837,3
1374442368,5812991538,18
1374442368,5812992408,10
1374442368,5813031359,15
1374442368,5901196898,3
1374442368,731736853,4
1374442368,861242399,6
1374442368,918529614,4
1374767239,1261229600,4
1374767239,1408966145,5
1374767239,1502748318,6
1374767239,1813727537,3
1374767239,5812990678,4
1374767239,5813033809,3
1374784418,1252337098,3
1374784418,1282348408,5
1374784418,1285068138,3
1374784418,1311677904,3
1374784418,1407269350,3
1374784418,1531059000,3
1375482740,1006984280,20
1375482740,1376485417,4
1375482740,1379907704,5
1375482740,1564097484,4
1375482740,1783362106,8
1375768970,1470237582,3
1375768970,1530602252,3
1375768970,1753359129,3
1375768970,1753359328,3
1375768970,1753696105,3
1375768970,1784738845,3
1375768970,1785408384,3
1375768970,5901203642,3
1375769049,1250277991,3
1375769049,1534694621,3
1375769049,1689915765,4
1375769049,1714791446,3
1375769049,1751666374,5
1375769049,1807572051,6
1375769049,1817107934,3
1375769049,1817457984,3
1375769049,1817457987,3
1375769049,1847810811,5
1375769049,1848151877,3
1375769049,1848820426,3
1375769049,1912600163,4
1375769049,5812992219,3
1375924140,1260538467,3
1375924140,1291573712,3
1375924140,1405904811,5
1375924140,1597493900,14
1375924140,5812986572,3
1375924140,5812990447,3
1375924140,5812993252,3
1376134899,1316530839,3
1376134899,5813038168,5
1376234554,1407269278,3
1376234554,1438299718,4
1376234554,1438304464,4
1376234554,1438304604,5
1376234554,1468994014,3
1376234554,1533088563,3
1376234554,2277917069,3
1376234554,5812988175,3
1376234554,5813102910,3
1376234554,731736853,4
1376485417,1260538467,3
1376485417,1285849916,7
1376485417,1418186940,6
1376485417,1498574596,4
1376485417,1559284412,3
1376485417,1597157083,3
1376485417,1597493900,3
1376485417,1782364786,3
1376485417,5813060840,4
1376485417,7112579856,4
1376485417,892600621,3
1376800240,1405107113,4
1376800240,1627509673,3
1376800240,1689242749,3
1376800240,1754028170,3
1376800240,1784730276,4
1376800240,1814759163,3
1376809072,1437959040,3
1376809072,1530704811,3
1376827225,1282348408,7
1376827225,1408880450,11
1376827225,1657949330,5
1376827225,5813033742,3
1377814057,1656834849,3
1377814057,1752671998,4
1377814057,1753358914,4
1377814057,1784393707,3
1377841477,1260197510,3
1377841477,1285849916,6
1377841477,1356772884,6
1377841477,1411250251,3
1377841477,1440252127,6
1377841477,1441949046,3
1377841477,1442314421,3
1377841477,1444351896,7
1377841477,1503331732,5
1377841477,1533063011,5
1377841477,1534721340,3
1377841477,1563122080,5
1377841477,1624747496,6
1377841477,1625804774,3
1377841477,1629206279,23
1377841477,1656792632,5
1377841477,1657949594,4
1377841477,1782321284,6
1377841477,1783362106,5
1377841477,1813732543,3
1377841477,1935126292,3
1377841477,2154767014,3
1377841477,5812990157,3
1377841477,5812990956,10
1377841477,5812991476,7
1377841477,5813022538,7
1377841477,5813044940,9
1377841477,5813069020,21
1377841477,5813078261,5
1377841477,5901196898,5
1377841477,5901217539,4
1377841477,892609630,8
1377841477,918529614,10
1378156512,1006984280,36
1378156512,1100404581,4
1378156512,1100404634,6
1378156512,5813026936,20
1378587904,1316103996,3
1378587904,1379541865,3
1378587904,1440571897,3
1378587904,1657949330,7
1378587904,2181730644,3
1378587904,5812994939,7
1378587904,924344128,5
1378587904,924689450,4
1378856024,1377841477,3
1378856024,1444006860,3
1378856024,1471600919,7
1378856024,5813041453,3
1378860414,1193448112,3
1378860414,1285849916,8
1379277446,1316534973,3
1379277446,1347901684,4
1379277446,1347901726,3
1379277446,1347902152,3
1379277446,2121340624,3
1379541865,1438304464,3
1379541865,1438304573,4
1379541865,1560661080,5
1379541865,5813068748,3
1379549812,1282348408,8
1379907704,1080196056,5
1379907704,1110894595,3
1379907704,1261902687,10
1379907704,1285849916,10
1379907704,1625804774,5
1379907704,1629206279,8
1379907704,1688573830,17
1379907704,1719250390,6
1379907704,1813732543,5
1379907704,2094381099,4
1379907704,2154767014,8
1379907704,5812991476,3
1379907704,5813016041,3
1379907704,5813023434,6
1379907704,5813048451,3
1379907704,5813048452,3
1379907704,861574669,3
1379907704,861579069,3
1379907704,862615150,3
1379907704,892259847,3
1379907704,892268282,3
1379907704,892277609,4
1379907704,892609615,6
1379907704,892623020,3
1379907704,892963477,4
1379907704,892963681,3
1379907704,923648748,3
1379907704,974839595,3
1379907704,985369220,3
1379907704,985714517,5
1380206312,1347125913,3
1380206312,1686932677,5
1380206312,1688526691,3
1380331849,1228264951,4
1380957285,852724544,4
1380957320,1285167873,3
1383633527,1137763222,5
1383633527,5813031440,3
1383633527,5813048452,4
1383633527,892259847,10
1383633527,892609615,3
1383633605,1352598905,6
1383633605,5812990315,4
1383633605,5813047637,3
1383633605,891922927,4
1383633605,892600723,4
1384017738,1405824057,3
1384017738,1412989088,3
1384017738,1532410248,3
1384017738,1563095512,3
1384017738,1563441250,3
1384017738,1566511014,4
1384017738,1594126047,3
1403392477,1040013335,4
1403392477,1221971218,3
1403392477,1283013506,4
1403392477,1343749180,4
1403392477,1352684733,6
1403392477,1405231475,6
1403392477,1437850908,4
1403392477,1438912593,3
1403392477,1470971204,5
1403392477,1528253194,6
1403392477,1530636214,3
1403392477,1621357756,4
1403392477,1627131491,5
1403392477,1691259738,3
1403392477,1716496582,3
1403392477,1783051753,5
1403392477,1809614687,3
1403392477,1814780768,7
1403392477,1814781082,4
1403392477,1814781537,3
1403392477,1814781633,6
1403392477,1815126312,4
1403392477,1815826155,5
1403392477,1845453234,3
1403392477,1876492837,3
1403392477,2059978318,3
1403392477,2307027729,17
1403392477,5812987894,8
1403392477,5813023322,18
1403392477,5813023480,5
1403392477,5813034151,7
1403392477,5813038769,5
1403392477,5813038821,4
1403392477,5813046478,4
1403392477,5813050827,8
1403392477,5813061197,3
1404109050,1158191887,8
1404109050,1198818551,3
1404109050,1219592090,6
1404109050,1232603386,3
1404109050,1232607542,3
1404109050,1249932198,3
1404109050,1255405703,12
1404109050,1263327135,3
1404109050,1294021030,4
1404109050,1294362000,4
1404109050,1352684733,20
1404109050,1466511550,12
1404109050,1501664753,8
1404109050,1558605812,4
1404109050,5812988098,9
1404109050,5812989593,3
1404109050,5812992219,3
1404109050,987116716,3
1404446113,1159555822,3
1404446113,1220270134,4
1404446113,1222332850,4
1404446113,1281324958,13
1404446113,1281998821,5
1404446113,1282348408,17
1404446113,1312015204,4
1404446113,1343045604,4
1404446113,1344392982,3
1404446113,1407874177,4
1404446113,1435140135,3
1404446113,1439203192,3
1404446113,1466861327,5
1404446113,1469269528,3
1404446113,1469947367,4
1404446113,1565846637,17
1404446113,1593417998,6
1404446113,1622350949,4
1404446113,1658644171,4
1404446113,1689994425,3
1404446113,1690011290,3
1404446113,1690015835,3
1404446113,1721365654,3
1404446113,1746858454,5
1404446113,1749275570,4
1404446113,1783068831,6
1404446113,1813399871,11
1404446113,1966864706,5
1404446113,5812994826,12
1404446113,5812998137,4
1404446113,5813023322,11
1404446113,5813038998,10
1404446113,5813042873,7
1404446113,5813055080,11
1404446113,5813069046,4
1404778340,1466844031,3
1404778340,1562400848,4
1404778340,1563782253,3
1404778340,1564753797,5
1404778340,1566514866,3
1404778340,2121707030,5
1404778340,5812992814,5
1404783075,1158191887,3
1404783075,1280980178,3
1404783075,1312015204,4
1404783075,1535808539,3
1405107113,1717153009,4
1405107113,1754715778,5
1405107113,1784389414,4
1405107113,1785740974,3
1405107113,5813048920,3
1405231475,1040013335,34
1405231475,1226887763,13
1405231475,1405780725,3
1405231475,1503999967,3
1405231475,2215161310,3
1405231475,5813023322,38
1405300458,5813022707,3
1405300458,5813108230,3
1405300499,1344249576,14
1405300499,1467357251,3
1405300499,1467698336,3
1405780725,1189559257,5
1405780725,1281303666,5
1405780725,1281324958,45
1405780725,1405231475,55
1405780725,1438524573,4
1405780725,1466998977,10
1405780725,1471601440,8
1405780725,1565846637,8
1405780725,1627117134,4
1405780725,1688505620,5
1405780725,1749258134,3
1405780725,1781268241,5
1405780725,1782668028,6
1405780725,1839288696,4
1405780725,1874035952,4
1405780725,1876471221,3
1405780725,1877217777,3
1405780725,1907169406,5
1405780725,1907574944,5
1405780725,1907933561,3
1405780725,1938207942,5
1405780725,1938541380,3
1405780725,1998922583,3
1405780725,2121711447,3
1405780725,2307027729,20
1405780725,5812993692,3
1405780725,5813024015,23
1405780725,5813069053,3
1405780725,5901215446,3
1405788552,1158877703,3
1405788552,1345079276,3
1405788552,1347126097,3
1405788552,1528577476,4
1405788552,1593012939,4
1405788552,1813382259,4
1405788552,1814055949,3
1405788552,1814410124,5
1405788552,1814729223,3
1405788552,1817449375,5
1405788552,1844421716,4
1405788552,1849503142,3
1405788552,1878845226,4
1405788552,5813068239,3
1405824057,5812996576,3
1405824057,5813068748,4
1405824057,5813078183,3
1405824057,5813102910,3
1405824057,731736853,3
1405904811,1193448112,3
1405904811,1628869271,3
1405904811,5812989312,3
1405904811,731736853,32
1405904811,789636635,23
1406147470,1281324958,8
1406147470,1343395439,7
1406147470,1466998977,15
1406147470,1469227143,3
1406147470,1528253194,9
1406147470,1563467433,4
1406147470,1565846637,32
1406147470,1624074309,4
1406583670,1437613381,3
1406583670,1690015835,4
1406583670,5812999543,5
1406928592,1437959040,4
1406928592,1438300188,3
1406928592,1438304143,4
1406928592,5812988175,4
1406928592,5813068748,11
1406928592,5813102910,5
1407148900,1228264951,27
1407148900,1311677904,3
1407148900,1684451749,3
1407148900,5813023322,18
1407148900,5813023480,5
1407179534,1159555822,3
1407179534,1221971218,3
1407179534,1226887763,4
1407179534,1282007450,11
1407179534,1283013506,4
1407179534,1343749180,6
1407179534,1405231475,4
1407179534,1467548306,6
1407179534,1500598873,4
1407179534,1530636214,6
1407179534,1534363304,3
1407179534,1566411868,3
1407179534,1626482563,7
1407179534,1627131491,3
1407179534,1682707330,6
1407179534,1688164533,4
1407179534,1716496582,4
1407179534,1719225241,6
1407179534,1719595635,3
1407179534,1782369015,3
1407179534,1782369340,5
1407179534,1813403869,8
1407179534,1814780768,4
1407179534,1814781082,4
1407179534,1814781628,3
1407179534,1815126312,4
1407179534,1815480848,4
1407179534,1876147437,3
1407179534,1876898200,3
1407179534,2307027729,26
1407179534,5812987894,5
1407179534,5813023322,13
1407179534,5813038769,4
1407179534,5813038821,4
1407179534,5813038822,3
1407179534,5813050827,3
1407252557,1629206279,4
1407252557,789636635,14
1407260897,1221768103,4
1407260897,1437276654,4
1407260897,1441590157,4
1407260897,1690910458,3
1407269137,1407269278,3
1407269137,1438300188,3
1407269137,1468994014,6
1407269137,2309297730,3
1407269137,5813068748,7
1407269137,731736853,7
1407269144,1376234554,3
1407269144,1438300417,4
1407269144,1468994014,3
1407269144,1500029052,3
1407269144,2309297730,4
1407269144,5813068748,3
1407269144,5813102910,4
1407269144,731736853,3
1407269278,1316103996,3
1407269278,1407269350,3
1407269278,1438300417,3
1407269278,1438304067,5
1407269278,1468994014,4
1407269278,1468998393,3
1407269278,1531063618,3
1407269278,1560661080,3
1407269278,1624418395,3
1407269278,5812991952,7
1407269278,5813068748,7
1407269278,731736853,7
1407269350,1406928592,3
1407269350,1438299718,3
1407269350,1655458719,3
1407610974,1376234554,4
1407610974,1438304573,3
1407610974,1438304646,4
1407610974,1623464400,3
1407610974,5813068748,3
1407610974,731736853,4
1407853195,1529923621,4
1407853195,1561304414,3
1407853195,1567482594,3
1407873674,1159555822,17
1407873674,1220270134,4
1407873674,1221285128,3
1407873674,1222332850,8
1407873674,1281324958,19
1407873674,1343045604,8
1407873674,1344392982,5
1407873674,1407874177,5
1407873674,1439203192,7
1407873674,1469947367,4
1407873674,1565846637,34
1407873674,1566169568,3
1407873674,1593417998,5
1407873674,1622350949,5
1407873674,1628230708,3
1407873674,1657525433,3
1407873674,1658644171,10
1407873674,1658990108,3
1407873674,1660219098,3
1407873674,1689993656,7
1407873674,1689994034,7
1407873674,1689994425,5
1407873674,1690011142,4
1407873674,1690011290,4
1407873674,1690020010,4
1407873674,1721020290,4
1407873674,1721025057,3
1407873674,1721365654,4
1407873674,1749275570,4
1407873674,1781328716,4
1407873674,1782714902,7
1407873674,1783068831,6
1407873674,1813054194,7
1407873674,1843744231,5
1407873674,1845117373,4
1407873674,1906159299,3
1407873674,1937875810,3
1407873674,1966864706,8
1407873674,2059295981,4
1407873674,5812999862,6
1407873674,5813023322,10
1407873674,5813023480,3
1407873674,5813031567,8
1407873674,5813038319,3
1407873674,5813042873,4
1407873674,5813045792,3
1407873674,5813055080,7
1407874177,1159555822,8
1407874177,1220257051,3
1407874177,1221285128,5
1407874177,1222332850,6
1407874177,1281324958,6
1407874177,1344392982,4
1407874177,1404446113,8
1407874177,1407873674,3
1407874177,1565846637,28
1407874177,1622350949,8
1407874177,1657525433,3
1407874177,1658643766,5
1407874177,1658644171,3
1407874177,1658990108,3
1407874177,1689989271,5
1407874177,1689989557,3
1407874177,1689993656,3
1407874177,1689994034,4
1407874177,1689994325,4
1407874177,1689994425,6
1407874177,1690020010,6
1407874177,1723386459,6
1407874177,1746858454,4
1407874177,1781328716,5
1407874177,1781674298,3
1407874177,1783068831,4
1407874177,1813399871,4
1407874177,1843744231,7
1407874177,1936848448,5
1407874177,1966864706,4
1407874177,2059295981,9
1407874177,5812998137,4
1407874177,5813023322,14
1407874177,5813031567,9
1407874177,5813038319,6
1407874177,5813038998,4
1407874177,5813045792,3
1407874177,5813055080,6
1408612051,1657258136,5
1408612051,2310627904,4
1408928039,1376485417,3
1408928039,1378860414,4
1408966145,1502748318,5
1408966145,5812990678,6
1408966145,5813033809,6
1408966145,5813085201,3
1410235604,1158191562,3
1410235604,1189904590,3
1410235604,1342704830,4
1410235604,1502635634,3
1410235604,1528244653,3
1410235604,1533723752,3
1410235604,1562404878,3
1410235604,1563095512,3
1410235604,1563436471,3
1410235604,1563441250,4
1410235604,1566510982,3
1410235604,1594121850,3
1410235604,1654818612,4
1410235604,5812987890,3
1410235604,5812992814,3
1411250251,1356772884,35
1411250251,1418186940,9
1411262721,1017448980,3
1411262721,1046734991,4
1411262721,1285849916,3
1411262721,986059778,5
1411262721,986404884,4
1411655369,1316535138,3
1411655369,1347901726,3
1411655369,1347902152,3
1411655369,1347906163,3
1411655369,1348248235,3
1411655369,1350277508,4
1411655369,1468230494,3
1411655369,1842682322,3
1411655369,1904420313,3
1411655369,2121340624,3
1411655369,2211737961,4
1411988034,1316535138,4
1411988034,1347901726,3
1411988034,1347902152,3
1411988034,1348242642,3
1411988034,1348248235,5
1411988034,1348580534,4
1411988034,1348920548,4
1411988034,1412320780,3
1411988034,1468230494,3
1411988034,1475391747,3
1411988034,1559979355,4
1411988034,2211737961,5
1411988034,2278224718,4
1412320780,1316535138,5
1412320780,1316867205,3
1412320780,1347901726,3
1412320780,1348248235,7
1412320780,1348580534,3
1412320780,1348584223,3
1412320780,1348916717,3
1412320780,1411655369,5
1412320780,1411988034,6
1412320780,1475391747,5
1412320780,2211737961,3
1412332938,852724544,4
1412989088,1288893591,3
1412989088,1289238841,3
1412989088,1289574672,3
1412989088,1319246910,3
1412989088,1319587003,3
1412989088,1319919814,5
1412989088,1319927827,3
1412989088,1908528698,3
1412989266,1289238972,3
1412989266,1319927345,3
1412989266,1319928264,4
1412989266,1320273763,3
1412989266,1350937208,4
1412989266,1350945956,3
1412989266,1505412068,4
1413766741,1228264951,3
1414776601,1167438034,4
1414776601,1224560577,5
1414776601,1228264951,11
1414776601,1232266394,3
1414776601,1232266414,3
1414776601,1232607453,4
1414776601,1232607542,3
1414776601,1263327135,3
1414776601,1352684733,4
1414776601,1501660164,3
1414776601,1501665145,5
1414776601,1502342255,4
1414776601,1532699530,5
1414776601,1838257401,6
1414776601,2028261424,3
1414776601,2090681039,4
1414776601,5812991538,15
1418186940,1325405571,57
1418186940,1325733981,30
1418186940,1356772884,5
1418186940,1411250251,4
1418186940,1444351896,11
1418186940,5813022538,5
1434768400,1807238852,3
1434768400,1807930214,3
1434768400,1808629175,3
1434768400,1808965929,3
1434798670,1376809072,3
1434798670,1438300285,3
1434798670,1438304067,3
1434798670,1438304573,5
1434798670,1500369943,3
1434798670,1560311044,3
1434798670,5812992219,4
1434798670,5813023480,3
1434798670,5813068748,5
1435126790,1719902535,3
1435126790,1754715778,3
1435126790,1785067268,3
1435126790,1815432882,3
1435126790,1846812834,3
1435822283,1313702895,3
1435822283,1472965897,3
1435822283,1655474822,3
1435822283,1656153289,4
1435822283,1659515529,3
1435822283,1714791446,3
1435822283,1747518018,3
1435822283,1779567374,3
1435822283,1817449116,3
1435822283,1817453557,3
1435822283,1817457987,4
1435822283,1818136404,4
1435822283,1848483949,3
1435822283,1848820426,5
1435822283,5812992219,4
1435822283,5813060163,3
1435822283,5813076492,3
1436188322,1158191562,4
1436188322,1404778340,4
1436188322,1440567395,5
1436188322,1499226615,3
1436188322,1502635634,6
1436188322,1561304414,3
1436188322,1562054982,3
1436188322,1562400848,3
1436188322,1562404878,3
1436188322,1564753797,4
1436188322,1565496703,3
1436188322,1566519741,3
1436188322,1566528972,3
1436188322,1594812379,4
1436188322,1652725444,5
1436188322,5812987890,6
1436961485,1532358825,3
1436961485,1559979355,3
1436961485,1597493900,11
1436961485,1621357756,4
1436961485,1818136404,3
1436961485,5813077655,6
1437156900,1718918218,3
1437156900,2088629661,3
1437165487,1347126097,5
1437165487,1466844031,3
1437165487,1473332777,3
1437165487,1589972966,4
1437165487,1689200671,3
1437165487,1689239035,3
1437165487,1719928105,3
1437165487,1752672460,5
1437165487,1776865370,3
1437165487,1817108009,3
1437165487,1848151236,3
1437165487,1848156241,5
1437165487,1849161220,3
1437165487,1849507321,3
1437165487,1974682390,3
1437165487,2029624973,3
1437165487,5812998833,3
1437165487,5812999009,3
1437186918,1384017738,3
1437186918,1412989088,4
1437186918,1841663352,4
1437276654,1406583670,3
1437276654,1437613381,4
1437613381,1437276654,3
1437613381,1445445434,3
1437613381,2032664066,3
1437613381,731736853,3
1437850908,1040013335,3
1437850908,1221971218,3
1437850908,1226887763,3
1437850908,1283013506,7
1437850908,1352684733,5
1437850908,1405231475,9
1437850908,1441598865,7
1437850908,1467548306,4
1437850908,1470971204,4
1437850908,1500598873,10
1437850908,1530636214,3
1437850908,1534363304,6
1437850908,1626482563,3
1437850908,1688164533,3
1437850908,1691259738,4
1437850908,1752016801,8
1437850908,1814777260,3
1437850908,1814781082,4
1437850908,1814781537,3
1437850908,1814781628,3
1437850908,1815126312,4
1437850908,1815126433,4
1437850908,1815826155,5
1437850908,1876147388,3
1437850908,1876147437,6
1437850908,2307027729,15
1437850908,5812987894,3
1437850908,5812996383,5
1437850908,5812999264,6
1437850908,5813023322,12
1437850908,5813046478,3
1437850908,5901226269,3
1437959040,1252337098,3
1437959040,1438299718,4
1437959040,1438304143,4
1437959040,1438304464,3
1437959040,1560311044,3
1437959040,1655458719,4
1437959040,2121690154,6
1437959040,5813068748,5
1437959040,731736853,3
1438299718,1376234554,3
1438299718,1379541865,3
1438299718,1407269350,7
1438299718,1560311044,3
1438299718,1563441250,3
1438299718,5812988175,5
1438299718,5813068748,8
1438299718,5813102910,3
1438300188,1407269137,4
1438300188,1407269350,3
1438300188,1434798670,3
1438300188,1438304067,3
1438300188,1500020379,3
1438300188,1500029052,3
1438300188,1937501015,5
1438300188,2090681039,3
1438300188,731736853,3
1438300285,1407269278,4
1438300285,1438304067,4
1438300285,1564472872,4
1438300417,1438304604,3
1438300417,1500029052,3
1438300417,1937501015,3
1438300417,5813078183,3
1438300417,5813102910,3
1438300417,731736853,5
1438304067,1407269278,5
1438304067,1434798670,3
1438304067,1436961485,5
1438304067,1438299718,5
1438304067,1438300188,3
1438304067,1438304464,3
1438304067,1560661080,3
1438304067,1624418395,5
1438304067,1937501015,4
1438304067,1967508592,4
1438304143,1407269350,4
1438304143,1407610974,3
1438304143,1437959040,3
1438304143,1438304067,5
1438304143,1500373828,5
1438304143,1531063618,4
1438304143,2121685030,3
1438304143,5812988175,3
1438304143,5812991952,3
1438304143,731736853,9
1438304347,1438300188,3
1438304347,1500020535,3
1438304347,1500369943,3
1438304347,1842682500,3
1438304347,5812991436,3
1438304347,5813061218,3
1438304347,5813068748,4
1438304347,5813102910,3
1438304464,1376234554,3
1438304464,1437959040,3
1438304464,1438304143,4
1438304464,1438304646,3
1438304464,1749236368,3
1438304464,1967508592,3
1438304464,731736853,5
1438304477,1438304067,4
1438304477,1440571897,3
1438304477,1500369887,3
1438304477,2277917069,3
1438304477,731736853,7
1438304554,1438300417,4
1438304554,1842682500,4
1438304554,1933433614,3
1438304554,5812991436,4
1438304554,5813068748,3
1438304554,731736853,7
1438304573,1407269278,5
1438304573,1434798670,3
1438304573,1438304067,3
1438304604,1406928592,3
1438304604,1438299718,3
1438304604,1438300285,5
1438304604,1440571897,4
1438304604,1500028932,5
1438304604,1500373828,4
1438304604,1501976890,4
1438304604,1937501015,5
1438304604,5812988175,3
1438304604,5813068748,8
1438304604,5813102910,3
1438304604,731736853,3
1438304646,1434798670,3
1438304646,1438300285,3
1438304646,1438304573,3
1438304646,1468238571,5
1438304646,1468998393,3
1438304646,1500020379,4
1438304646,1655458719,3
1438304646,1814410124,3
1438304646,1873086684,3
1438304646,5813068748,4
1438524573,1158864995,3
1438524573,1189559257,5
1438524573,1281324958,23
1438524573,1405231475,53
1438524573,1405780725,5
1438524573,1466998977,40
1438524573,1503999967,4
1438524573,1562673627,3
1438524573,1565846637,10
1438524573,1627117134,7
1438524573,1781268241,6
1438524573,1810956698,5
1438524573,1815070402,9
1438524573,1877930505,9
1438524573,1878271377,3
1438524573,1906496111,3
1438524573,1907519001,5
1438524573,1907578957,3
1438524573,1907584319,3
1438524573,1908226457,5
1438524573,1936848448,4
1438524573,1937875810,4
1438524573,1938207942,3
1438524573,1938541380,4
1438524573,1938544937,3
1438524573,2307027729,35
1438524573,5813023322,5
1438524573,5813024015,31
1438524573,5813075607,9
1438550573,1283031294,7
1438550573,1444351896,9
1438550573,7112579856,11
1438563366,1282348408,12
1438563366,1356772884,7
1438563366,1408880450,4
1438563366,1469227143,5
1438563366,1470950640,8
1438563366,5812989312,15
1438563366,5813044940,5
1438908304,1040013335,3
1438908304,1221971218,6
1438908304,1283013506,3
1438908304,1352684733,5
1438908304,1405231475,7
1438908304,1407179534,4
1438908304,1438912593,3
1438908304,1467548306,4
1438908304,1500598873,5
1438908304,1626482563,3
1438908304,1627131491,4
1438908304,1682707330,3
1438908304,1688164533,6
1438908304,1691259738,6
1438908304,1716496582,3
1438908304,1719225241,7
1438908304,1719595635,4
1438908304,1783051753,4
1438908304,1811630361,3
1438908304,1813403762,4
1438908304,1813403869,5
1438908304,1813403953,3
1438908304,1813403998,7
1438908304,1814777260,3
1438908304,1814780768,5
1438908304,1814781633,9
1438908304,1815126433,3
1438908304,1844750081,3
1438908304,1845449270,3
1438908304,1872033743,8
1438908304,1876484146,3
1438908304,2059978318,5
1438908304,2307027729,19
1438908304,5812987894,7
1438908304,5812996383,3
1438908304,5812999264,3
1438908304,5813023322,4
1438908304,5813034151,4
1438908304,5813038769,5
1438908304,5813050827,10
1438908304,5901214470,3
1438912593,1040013335,5
1438912593,1281998821,6
1438912593,1282348408,3
1438912593,1311677904,3
1438912593,1343749180,4
1438912593,1352684733,5
1438912593,1405231475,5
1438912593,1438908304,3
1438912593,1467548306,3
1438912593,1530636214,3
1438912593,1533683889,3
1438912593,1558605812,6
1438912593,1621357756,4
1438912593,1626482563,3
1438912593,1684451749,5
1438912593,1719595635,4
1438912593,1782364786,3
1438912593,1813403869,3
1438912593,1813403953,5
1438912593,1814780768,5
1438912593,1814781537,3
1438912593,1844750081,5
1438912593,1872033743,3
1438912593,1876492837,3
1438912593,2307027729,14
1438912593,5812987894,5
1438912593,5813023322,9
1438912593,5813046478,5
1438912593,5901214470,6
1439203192,1189230326,4
1439203192,1344392982,4
1439203192,1407873674,4
1439203192,1407874177,4
1439203192,1565846637,11
1439203192,1593417998,3
1439203192,1622350949,3
1439203192,1657525433,4
1439203192,1658643766,4
1439203192,1658644171,6
1439203192,1659331215,4
1439203192,1689989557,3
1439203192,1689994034,3
1439203192,1689994325,6
1439203192,1689994425,3
1439203192,1690011290,3
1439203192,1690020010,3
1439203192,1721365654,3
1439203192,1813054194,12
1439203192,1845117373,5
1439203192,2059295981,3
1439203192,5812995757,3
1439203192,5812999862,5
1439203192,5813023322,6
1439590350,1100404634,6
1439590350,1261229600,13
1439590350,1374438280,3
1439590350,1406147470,4
1439590350,1466998977,5
1439590350,5812993245,3
1439927802,1080212848,3
1439927802,1099199236,3
1439927802,1111243796,3
1439927802,1111580845,3
1439927802,1169492931,5
1439927802,1291573712,3
1439927802,1654802248,6
1439927802,861242399,4
1439962910,1261220478,3
1439962910,857819389,3
1439963190,1714479551,4
1440252127,1047119615,3
1440252127,1048837669,3
1440252127,1079527169,3
1440252127,1316086414,3
1440252127,1411250251,3
1440252127,1441949046,3
1440252127,1470950640,3
1440252127,1471600919,3
1440252127,1534721340,3
1440252127,1536068485,3
1440252127,5813033742,3
1440252127,974839708,3
1440566287,1100404634,77
1440566287,1466998977,52
1440566287,1565846637,23
1440566287,1596199055,5
1440566287,1845431840,3
1440566287,5813079585,8
1440567395,1280971174,3
1440567395,1410235604,3
1440567395,1502635634,4
1440567395,1562745969,5
1440567395,1564753797,7
1440567395,1566173885,3
1440567395,1566514866,3
1440567395,1594121850,4
1440567395,1652725444,3
1440567395,1654818612,3
1440567395,5812990470,3
1440567395,5812992814,3
1440571897,1500028932,4
1440571897,2121690154,3
1440571897,5813068748,4
1440571897,731736853,4
1440652320,1937879935,6
1440652320,731736853,13
1440652320,892968637,3
1440670548,1502748318,7
1440670548,1813727537,5
1440670548,5813016911,4
1440670548,5813033809,3
1440670595,1471705177,4
1440670595,1813727537,3
1440670595,2219867226,12
1440972629,1534721340,3
1440972629,1688526691,5
1441589107,1720585281,3
1441589107,1750630587,3
1441589107,1753359129,10
1441589107,1754715778,4
1441589107,1815096511,4
1441590157,1136744615,4
1441590157,1261902715,6
1441590157,1316534973,3
1441590157,1347125913,5
1441590157,1347470894,4
1441590157,1377841477,3
1441590157,1407260897,6
1441590157,5901214649,7
1441590591,1128572709,3
1441598865,1226887763,3
1441598865,1282007450,4
1441598865,1405231475,3
1441598865,1437850908,5
1441598865,1533683889,3
1441598865,1566411868,7
1441598865,1626482563,3
1441598865,1626827782,4
1441598865,1688164533,4
1441598865,1691259738,8
1441598865,1719595635,7
1441598865,1751329909,3
1441598865,1751670748,5
1441598865,1753674977,4
1441598865,1783051753,5
1441598865,1809614687,3
1441598865,1813403869,3
1441598865,1814414329,3
1441598865,1814418212,3
1441598865,1814422650,3
1441598865,1814780768,4
1441598865,1814781082,5
1441598865,1814781628,7
1441598865,1815131045,3
1441598865,1844750081,11
1441598865,1845449270,5
1441598865,1876147388,3
1441598865,2307027729,24
1441598865,5813023322,3
1441598865,5813038821,6
1441598865,5813050827,6
1441598865,5901214470,4
1441598865,5901226269,3
1441949046,1356772884,7
1441956741,1656834679,3
1441956741,1721305372,5
1441956741,1753354657,3
1441956741,1753695576,3
1441956741,1816788474,3
1441956741,5812992842,3
1442314421,1291569166,8
1442314421,1503331732,10
1442314421,1533338992,8
1442314421,1536068485,3
1442314421,1563122080,5
1442314421,1564097484,3
1442314421,1657258136,3
1442314421,1690274628,3
1442314421,1940557189,4
1443682977,1288897699,3
1443682977,1289238742,3
1443682977,1289238841,4
1443682977,1350945956,6
1443682977,1351282553,3
1443682977,1808267138,5
1444006860,1356772884,4
1444006860,1377845289,3
1444006860,1470950640,5
1444006860,1533338992,3
1444006860,5813022538,4
1444024342,1288897930,3
1444024342,1289229572,3
1444024342,1289233760,3
1444024342,1289238970,3
1444024342,1289239054,3
1444024342,1319591655,3
1444024342,1350945956,5
1444024342,1683440362,4
1444351896,1260197431,5
1444351896,1262602271,6
1444351896,1291573712,3
1444351896,1325405571,16
1444351896,1325733981,3
1444351896,1418186940,5
1444351896,1597493900,19
1445445434,1016753670,4
1445445434,1079527169,4
1445445434,1079859469,3
1445445434,1110557531,3
1445445434,1470950640,4
1445445434,1937879935,4
1445445434,5813002071,3
1445445434,5813041801,3
1445445434,5813054748,3
1445445434,731736853,9
1445445434,923661510,3
1445445434,986759122,5
1449225711,1259856448,25
1449225711,1261229600,62
1449225711,1291569166,7
1449225711,1356772884,15
1449225711,1418186940,7
1449225711,1597493900,5
1449225711,5812991476,7
1449225711,5813044940,13
1466511550,1198818551,3
1466511550,1218901359,6
1466511550,1224560577,7
1466511550,1228264951,4
1466511550,1232603386,9
1466511550,1232607449,3
1466511550,1232607542,3
1466511550,1255405703,20
1466511550,1261229600,3
1466511550,1263327135,7
1466511550,1281324958,7
1466511550,1294362000,4
1466511550,1294362035,4
1466511550,1352684733,14
1466511550,1404109050,7
1466511550,1435822283,5
1466511550,1466861327,4
1466511550,1501664753,3
1466511550,1558605812,4
1466511550,1589972966,3
1466511550,5812988098,6
1466511550,5812988099,10
1466511550,5812989593,7
1466511550,5813050145,4
1466516076,1220270134,9
1466516076,1281998821,4
1466516076,1311677904,3
1466516076,1508459533,3
1466516076,1684451749,3
1466844031,1158877783,3
1466844031,1345079276,3
1466844031,1437165487,3
1466844031,1589972966,3
1466844031,1684443103,3
1466844031,1722307233,3
1466844031,1814055949,3
1466844031,1817113079,4
1466844031,1817448659,4
1466844031,1817790281,4
1466844031,1848138779,3
1466844031,1848143184,3
1466844031,1848151236,5
1466844031,1849179266,4
1466844031,1880887003,3
1466844031,1912600163,4
1466844031,5812992219,4
1466844031,5813060163,3
1466844031,5813076492,4
1466861327,1158187240,4
1466861327,1218901359,8
1466861327,1249932198,5
1466861327,1255405703,3
1466861327,1281324958,39
1466861327,1405231475,30
1466861327,1565846637,12
1466861327,1621357756,13
1466861327,1809264255,5
1466861327,1838257401,11
1466861327,1839288696,4
1466861327,1840636280,11
1466861327,1907578957,3
1466861327,1998922583,4
1466861327,2121711447,3
1466861327,2307027729,22
1466861327,5812998136,4
1466861327,5813024015,7
1466861327,5813061197,3
1466861327,5813075607,3
1466998977,1281324958,3
1467357251,1344249576,7
1467357251,1467698336,4
1467357251,5813020512,3
1467548306,1040013335,3
1467548306,1226887763,3
1467548306,1281998821,4
1467548306,1282007450,3
1467548306,1405231475,9
1467548306,1407179534,5
1467548306,1437850908,4
1467548306,1438908304,4
1467548306,1530636214,3
1467548306,1534363304,4
1467548306,1566411868,3
1467548306,1626482563,4
1467548306,1627131491,3
1467548306,1688164533,4
1467548306,1716496582,6
1467548306,1719225241,5
1467548306,1719595635,3
1467548306,1782364786,3
1467548306,1782369340,3
1467548306,1783051578,3
1467548306,1813403998,3
1467548306,1814777260,7
1467548306,1815126312,5
1467548306,1815131045,4
1467548306,1845453234,3
1467548306,1876147437,4
1467548306,2307027729,27
1467548306,5812987894,4
1467548306,5812999264,6
1467548306,5813023322,8
1467548306,5813038769,5
1467548306,5813046478,3
1467548306,5901214470,7
1467694006,1344249576,9
1467694006,1344253853,3
1467694006,5813020512,3
1467698336,1344249576,22
1467698336,1344253853,3
1467698336,5813095193,8
1467797424,1379907704,13
1467797424,1783362106,3
1467797424,5813048268,9
1467797424,862615150,6
1467797424,918529614,5
1467859487,1158877783,6
1467859487,1219592090,3
1467859487,1435822283,3
1467859487,1437165487,3
1467859487,1658881325,3
1467859487,1722307233,4
1467859487,1750251452,5
1467859487,1781324410,3
1467859487,1783690466,3
1467859487,1817107934,3
1467859487,1817112807,3
1467859487,1817448921,3
1467859487,1817448971,3
1467859487,1817457984,3
1467859487,1817790176,3
1467859487,5812999009,3
1467961485,1037328706,3
1467961485,1375924140,16
1467961485,1379907704,3
1467961485,1436961485,6
1467961485,1468238571,10
1467961485,1623464400,5
1467961485,1902066682,6
1467961485,5812989312,3
1467961485,5813069020,3
1467961485,731736853,37
1467961485,789636635,23
1467987587,1223127391,3
1467987587,1685555983,4
1467987587,1690602927,3
1467987587,1782321284,3
1467987587,5901217539,7
1468207771,1013291042,4
1468207771,1343045604,3
1468207771,1378604678,3
1468207771,1534447833,3
1468230494,1347906163,3
1468230494,1376134899,3
1468238571,1188889837,4
1468238571,1313038188,3
1468238571,1377841477,3
1468238571,1532358825,3
1468238571,1597493900,6
1468238571,1655496596,3
1468238571,1783068831,4
1468877324,1532060472,3
1468877324,1532742712,4
1468877324,2028261229,3
1468877324,5813075792,3
1468993852,1655458719,5
1468993852,2027880999,5
1468993852,5813068748,6
1468993852,731736853,3
1468994014,1407269137,3
1468994014,1407269278,3
1468994014,1438304067,3
1468994014,1500361710,4
1468994014,1560661080,3
1468994014,2121685030,3
1468994014,731736853,4
1468998393,1376809072,3
1468998393,1438304554,3
1468998393,1440571897,3
1468998393,1500024261,3
1468998393,1967508592,3
1468998393,2154442557,3
1468998393,5813023645,3
1468998393,5813068748,8
1469227143,1006984280,8
1469227143,1100404634,6
1469227143,1251654856,3
1469227143,1281324958,5
1469227143,1343395439,4
1469227143,1466998977,31
1469227143,1563126068,6
1469227143,1563372679,4
1469227143,1565846637,22
1469227143,1624074309,5
1469227143,1626909735,3
1469227143,5812990157,3
1469227143,5812991470,3
1469227143,5812994939,5
1469227143,5813068748,3
1469227143,5901196898,3
1469227143,731736853,3
1469240274,1220270134,3
1469269528,1159555822,21
1469269528,1189230326,3
1469269528,1220270134,14
1469269528,1221285128,5
1469269528,1261229600,4
1469269528,1281324958,7
1469269528,1281998821,5
1469269528,1311677904,3
1469269528,1344392982,3
1469269528,1404446113,9
1469269528,1469947367,13
1469269528,1565846637,23
1469269528,1593417998,5
1469269528,1658643766,6
1469269528,1658644171,4
1469269528,1660219098,4
1469269528,1690020010,3
1469269528,1721020290,9
1469269528,1746858454,6
1469269528,1749275570,5
1469269528,1781328716,3
1469269528,1781674298,19
1469269528,1782714902,5
1469269528,1783068831,6
1469269528,1813054194,3
1469269528,1813399871,10
1469269528,1906159299,4
1469269528,5812994062,9
1469269528,5812994826,13
1469269528,5812995757,4
1469269528,5812998137,4
1469269528,5812999862,7
1469269528,5813023322,12
1469269528,5813023480,5
1469269528,5813031567,5
1469269528,5813038319,7
1469269528,5813055080,4
1469269528,5813069046,13
1469278367,1260884244,9
1469278367,1629206279,3
1469278367,1872404653,6
1469278367,974843876,4
1469331067,1438299718,3
1469331067,1468238571,4
1469331067,1500361710,3
1469331067,1500369887,3
1469331067,5901202018,6
1469947367,1159555822,25
1469947367,1220270134,12
1469947367,1222332850,3
1469947367,1249932198,5
1469947367,1255405703,3
1469947367,1281324958,8
1469947367,1281998821,7
1469947367,1282348408,5
1469947367,1343045604,4
1469947367,1404446113,6
1469947367,1407873674,3
1469947367,1469269528,14
1469947367,1497205225,4
1469947367,1565846637,14
1469947367,1593417998,4
1469947367,1621357756,6
1469947367,1622350949,6
1469947367,1658990108,4
1469947367,1684451749,3
1469947367,1689994034,5
1469947367,1689994425,3
1469947367,1746858454,9
1469947367,1749275570,3
1469947367,1781674298,4
1469947367,1783068831,10
1469947367,1813399871,8
1469947367,5812988063,4
1469947367,5812994062,3
1469947367,5812994826,4
1469947367,5812998137,6
1469947367,5812999862,4
1469947367,5813023322,13
1469947367,5813023480,10
1469947367,5813031567,6
1469947367,5813038319,10
1469947367,5813038998,3
1469947367,5813045792,3
1469947367,5813047992,9
1469947367,5813055080,3
1469947367,5813069046,4
1469947718,1228264951,4
1469947718,1654120086,3
1469999513,789636635,8
1470237582,1621004685,3
1470237582,1690598004,3
1470237582,1753354492,3
1470237582,1753695569,3
1470237582,1754028266,3
1470237582,1784398229,4
1470237582,1784398330,4
1470237582,1784402781,4
1470237582,1785417481,5
1470237582,1814759464,3
1470950640,5813069020,3
1470966783,1201231826,4
1470966783,1228264951,9
1470966783,1232266394,3
1470966783,1311677904,3
1470966783,1471307510,3
1470966783,1501665145,3
1470966783,1995516734,3
1470966783,5812989163,3
1470966783,5812991538,19
1470971204,1040013335,3
1470971204,1283013506,3
1470971204,1343749180,3
1470971204,1352684733,3
1470971204,1403392477,8
1470971204,1405231475,14
1470971204,1407179534,4
1470971204,1437850908,4
1470971204,1500598873,4
1470971204,1530636214,5
1470971204,1533683889,5
1470971204,1626482563,6
1470971204,1682707330,8
1470971204,1688164533,3
1470971204,1716496582,13
1470971204,1719225241,4
1470971204,1813403953,6
1470971204,1814780768,5
1470971204,1814781633,6
1470971204,1815131045,4
1470971204,1815809293,3
1470971204,1872033743,8
1470971204,2307027729,15
1470971204,5812998825,5
1470971204,5812999264,6
1470971204,5813023322,4
1470971204,5813038769,9
1470971204,5813038825,4
1470996844,1810659099,4
1470996844,892600621,3
1471259890,1377814057,3
1471259890,1752671998,3
1471259890,1753691232,3
1471259890,1753695182,3
1471259890,1754042300,3
1471259890,1784052291,3
1471259890,1784398319,3
1471259890,1784726510,4
1471259890,1785417481,4
1471259890,1815778676,3
1471269906,1344392982,3
1471307510,1201231826,4
1471307510,1224560577,4
1471307510,1228264951,13
1471307510,1232266394,4
1471307510,1232266414,3
1471307510,1311677904,3
1471307510,1502342255,4
1471307510,5812988099,3
1471307510,5812991538,5
1471600919,1259856448,4
1471600919,1316086414,4
1471600919,1440252127,3
1471600919,1503331732,6
1471600919,974839708,3
1471601440,1158187240,3
1471601440,1158864995,6
1471601440,1281324958,15
1471601440,1405231475,41
1471601440,1405780725,6
1471601440,1466998977,21
1471601440,1498574596,4
1471601440,1503999967,11
1471601440,1565846637,16
1471601440,1627117134,6
1471601440,1688505620,6
1471601440,1715459859,4
1471601440,1749258134,5
1471601440,1781268241,3
1471601440,1815070402,4
1471601440,1845078711,9
1471601440,1876894387,7
1471601440,1876898200,3
1471601440,1877217777,3
1471601440,1877930505,6
1471601440,1878271377,6
1471601440,1907519001,3
1471601440,1907587934,3
1471601440,1937875810,5
1471601440,1938541380,3
1471601440,1938544937,5
1471601440,2307027729,28
1471601440,5813024015,18
1471601440,5813061197,4
1471607030,1348153557,3
1471607030,1466844031,4
1471607030,1528577476,3
1471607030,1655474822,5
1471607030,1658881325,3
1471607030,1752962124,7
1471607030,1781333405,3
1471607030,1813382259,3
1471607030,1814729223,4
1471607030,1817449229,3
1471607030,1817790281,3
1471607030,1848138779,3
1471607030,1849178917,4
1471607030,1849503142,3
1471607030,1878845629,4
1471607030,1937193993,3
1471607030,1974682390,3
1471607030,5812991769,4
1471610338,1313702895,3
1471610338,1405788552,3
1471610338,1530606252,4
1471610338,1622360309,3
1471610338,1655474822,3
1471610338,1656153289,4
1471610338,1747181914,3
1471610338,1748187330,4
1471610338,1781324410,4
1471610338,1814031575,3
1471610338,1814060070,3
1471610338,1817112807,3
1471610338,1817449229,4
1471610338,1817785682,3
1471610338,1817786077,4
1471610338,1844421716,7
1471610338,1845772658,6
1471610338,1880209425,3
1471610338,1974682390,3
1471610338,2245501457,3
1471610338,5812999009,4
1471610338,5813038679,3
1471705177,1349240911,3
1471705177,1813727537,5
1471705177,2219867226,5
1471705177,5812992013,3
1472965897,1158877703,3
1472965897,1345079276,3
1472965897,1405788552,3
1472965897,1435822283,3
1472965897,1534694621,3
1472965897,1565729476,3
1472965897,1629163100,5
1472965897,1659515529,3
1472965897,1687831632,5
1472965897,1747181914,6
1472965897,1751666374,4
1472965897,1783690466,4
1472965897,1817107934,3
1472965897,1817452948,5
1472965897,1817457987,4
1472965897,1817790222,4
1472965897,1848138779,4
1472965897,1848151877,3
1472965897,1849166071,3
1472965897,1849174879,5
1472965897,1879519066,6
1472965897,1880209425,4
1472965897,5812992219,3
1472965897,5812992468,4
1472965897,5813034336,4
1472996209,1049839301,3
1472996209,1136744598,3
1472996209,1935821486,4
1473332777,1158877783,3
1473332777,1219592090,5
1473332777,1467859487,3
1473332777,1534694621,4
1473332777,1621008677,4
1473332777,1656153289,3
1473332777,1658881325,4
1473332777,1747181914,3
1473332777,1779567374,3
1473332777,1808241116,3
1473332777,1812363713,4
1473332777,1817113079,6
1473332777,1817449059,3
1473332777,1817457847,3
1473332777,1817790222,4
1473332777,1847806275,3
1473332777,1848828925,3
1473332777,1849161220,3
1473332777,2245501457,4
1473648518,1497200791,4
1473648518,1722307233,3
1473648518,1817107934,3
1473648518,1817449236,3
1473648518,1817785661,3
1473648518,1848151236,4
1473648518,1848824817,4
1473648518,1876820783,4
1473648518,1878845226,3
1473648518,2029624973,3
1473648518,5813039410,4
1475391747,1285167873,3
1475391747,1316535138,4
1475391747,1347901726,7
1475391747,1348242642,3
1475391747,1348242919,3
1475391747,1348916717,4
1475391747,1348920548,3
1475391747,1411988034,3
1475391747,1412320780,4
1475391747,2121340624,4
1475391747,2278224718,3
1497200791,1189567690,3
1497200791,1221285175,4
1497200791,1565729476,3
1497200791,1589972966,3
1497200791,1656153289,4
1497200791,1659515529,3
1497200791,1753670596,3
1497200791,1808241116,3
1497200791,1814410124,3
1497200791,1817449116,4
1497200791,1817453257,3
1497200791,1817463007,4
1497200791,1817794820,3
1497200791,1847810811,4
1497200791,1848824817,3
1497200791,1848828925,3
1497200791,1848837843,3
1497200791,1878845226,3
1497200791,2029624973,3
1497200791,2245501457,3
1497200791,5813034336,4
1497205225,1228264951,8
1497205225,1261229600,4
1497205225,1352684733,5
1497205225,5813023322,16
1497875250,1189227147,3
1497875250,1280971174,4
1497875250,1376485417,3
1497875250,1384017738,6
1497875250,1405824057,3
1497875250,1564123481,3
1497875250,1566173885,4
1497875250,1566851927,3
1497875250,1594121850,4
1497875250,1622360309,4
1498574596,1158187240,8
1498574596,1218901359,6
1498574596,1249932198,4
1498574596,1281324958,55
1498574596,1405231475,40
1498574596,1466861327,4
1498574596,1466998977,3
1498574596,1471601440,3
1498574596,1565846637,20
1498574596,1715459859,10
1498574596,1749258134,3
1498574596,1781268241,3
1498574596,1809264255,3
1498574596,1838257401,4
1498574596,1839288696,4
1498574596,1906159299,3
1498574596,1907574944,3
1498574596,1907578957,6
1498574596,1907587934,6
1498574596,1907933561,3
1498574596,1998922583,3
1498574596,2121711447,4
1498574596,2215161310,6
1498574596,2307027729,23
1498574596,5812993692,3
1498574596,5812998136,3
1498574596,5813024015,10
1498574596,5813061197,6
1498574596,5813069053,3
1498582584,1497875250,3
1499226615,1189904590,3
1499226615,1280971174,4
1499226615,1436188322,3
1499226615,1469227143,3
1499226615,1532410248,3
1499226615,1562745969,3
1499226615,1563095512,5
1499226615,1563436471,6
1499226615,1563436478,3
1499226615,1564753797,3
1499226615,1565496703,4
1499226615,1566856415,3
1499226615,1594121850,3
1499226615,1652725444,3
1499226615,1654818612,3
1499226615,1905114003,7
1499683287,1375924140,3
1499683287,1405824057,4
1499683287,1407269278,3
1499683287,1438304604,3
1499683287,1500361710,3
1499683287,1533088563,3
1499683287,1560661080,3
1499683287,5813068748,3
1499683287,5813102910,4
1499683287,731736853,4
1500020379,1281998821,5
1500020379,1438304067,4
1500020379,1564472872,3
1500020379,1842682500,3
1500020379,2090681039,3
1500020379,5812988175,3
1500020379,5813068748,3
1500020535,1405824057,3
1500020535,1749236368,4
1500020535,5813023480,4
1500020535,5901202018,4
1500024261,1500020535,3
1500024261,1842682500,5
1500024261,1873086684,3
1500024261,5813023480,3
1500024261,5813068748,4
1500024261,731736853,7
1500028932,1376234554,3
1500028932,1438300188,3
1500028932,1438304604,4
1500028932,1468998393,3
1500028932,1655458719,3
1500028932,5813014491,4
1500028932,731736853,5
1500029052,1438300417,4
1500029052,1469331067,3
1500029052,1530704811,3
1500029052,1533088563,3
1500029052,1624418395,3
1500029052,1967508592,3
1500029052,5813068748,9
1500029052,731736853,3
1500361710,1438304347,3
1500361710,1438304573,4
1500361710,1468994014,5
1500361710,1469331067,4
1500361710,1500373828,3
1500361710,5812991952,3
1500369887,1499683287,3
1500369887,1500028932,3
1500369887,1624418395,5
1500369943,1434798670,3
1500369943,1438304067,3
1500369943,1842682500,3
1500369943,1849179266,3
1500369943,2181048794,4
1500369943,5813023645,5
1500369943,5813068748,7
1500369943,731736853,3
1500373828,1873086684,3
1500373828,2121685030,5
1500373828,731736853,4
1500598873,1221971218,3
1500598873,1283013506,5
1500598873,1343749180,4
1500598873,1405231475,6
1500598873,1407179534,5
1500598873,1437850908,9
1500598873,1438908304,8
1500598873,1470971204,3
1500598873,1530636214,4
1500598873,1534363304,3
1500598873,1626482563,4
1500598873,1627131491,5
1500598873,1691259738,5
1500598873,1719225241,3
1500598873,1719595635,3
1500598873,1782364786,8
1500598873,1783051753,6
1500598873,1809614687,5
1500598873,1813403953,3
1500598873,1813403998,6
1500598873,1814780768,3
1500598873,1814781082,4
1500598873,1814781628,3
1500598873,1814781633,5
1500598873,1815471919,4
1500598873,1815826155,4
1500598873,1844750081,5
1500598873,1876492837,4
1500598873,1938195143,3
1500598873,2307027729,27
1500598873,5812987894,3
1500598873,5813023322,10
1500598873,5813038769,3
1500598873,5813050827,5
1500598873,5901214470,5
1501640127,1049506374,4
1501640127,1109167269,3
1501640127,1283034573,3
1501640127,1376827225,3
1501640127,1377841477,8
1501640127,1438563366,4
1501640127,1563372679,12
1501640127,1719237849,8
1501640127,1874782886,4
1501640127,5901200775,4
1501660164,1198818551,4
1501660164,1221285128,7
1501660164,1228264951,12
1501660164,1232266394,3
1501660164,1232266414,8
1501660164,1232607453,6
1501660164,1263327135,3
1501660164,1281324958,6
1501660164,1281998821,4
1501660164,1294362035,8
1501660164,1352684733,5
1501660164,1414776601,5
1501660164,1502001218,3
1501660164,1502342255,7
1501660164,1532699530,3
1501660164,1563393904,3
1501660164,1839288696,4
1501660164,1906159299,5
1501660164,5812991538,4
1501660164,5813049193,3
1501664753,1110186452,3
1501664753,1221285128,6
1501664753,1224560577,4
1501664753,1228264951,5
1501664753,1232603386,6
1501664753,1232607449,3
1501664753,1232607542,8
1501664753,1262990404,7
1501664753,1263327135,3
1501664753,1281324958,3
1501664753,1294362000,4
1501664753,1294362092,6
1501664753,1352684733,7
1501664753,1563393904,4
1501664753,1590979045,4
1501664753,1714791446,3
1501664753,1745821751,5
1501664753,1747181914,3
1501664753,1809264255,6
1501664753,5812988077,3
1501664753,5812988098,4
1501664753,5812988099,4
1501664753,5812989593,3
1501664753,5813016380,4
1501664753,5813038198,3
1501664753,5813049193,6
1501664809,1100404634,21
1501664809,1565846637,11
1501664809,1688302103,4
1501664809,1750026634,3
1501664809,925017553,3
1501665145,1167438034,5
1501665145,1224560577,3
1501665145,1228264951,6
1501665145,1232266394,3
1501665145,1263327135,4
1501665145,1294362000,3
1501665145,1294362092,3
1501665145,1352684733,9
1501665145,1414776601,3
1501665145,1502001218,4
1501665145,1502342255,3
1501665145,1558605812,6
1501665145,1838257401,4
1501665145,5812989163,4
1501665145,5812991538,24
1501976890,1440571897,4
1501976890,1560661080,4
1501976890,2121685030,3
1501976890,5813068748,3
1501976890,731736853,5
1501980151,5813022538,3
1502001218,1110535962,3
1502001218,1201231816,3
1502001218,1221285128,4
1502001218,1232266231,9
1502001218,1232266394,4
1502001218,1232603375,3
1502001218,1232607205,5
1502001218,1232607453,7
1502001218,1232607542,3
1502001218,1261229600,3
1502001218,1352684733,4
1502001218,1563393904,7
1502001218,2121711447,21
1502001218,5812989167,3
1502001218,5812998136,4
1502304335,1534788807,3
1502304455,1508118468,3
1502318251,1471601440,4
1502342255,1224560577,9
1502342255,1228264951,3
1502342255,1232266231,3
1502342255,1232266414,4
1502342255,1232603375,3
1502342255,1232607205,3
1502342255,1232607453,3
1502342255,1261229600,7
1502342255,1294362092,3
1502342255,1352684733,6
1502342255,1414776601,5
1502342255,1501660164,3
1502342255,1563393904,3
1502342255,5812998136,3
1502342255,5813049193,4
1502364155,5813026936,10
1502635634,1410235604,3
1502635634,1436188322,11
1502635634,1440567395,4
1502635634,1497875250,4
1502635634,1532410248,3
1502635634,1562054982,3
1502635634,1562400848,4
1502635634,1562745969,5
1502635634,1563095512,3
1502635634,1564753797,5
1502635634,1566173909,3
1502635634,1566178615,3
1502635634,1566510982,3
1502635634,1566519250,4
1502635634,1566856415,3
1502635634,1594121850,3
1502635634,1594126047,3
1502635634,1652725444,3
1502635634,1654818612,5
1502635634,1687874335,4
1502635634,1747569967,3
1502635634,1749270652,3
1502635634,2121707030,5
1502635634,5812990470,4
1502701269,1006984280,8
1502701269,1100404634,15
1502701269,5812991470,3
1502701269,5813026936,21
1502748318,1408966145,6
1502748318,1440670548,8
1502748318,5813033809,3
1503042472,1006984280,20
1503042472,1037328706,3
1503042472,1285849916,3
1503042472,5813023434,5
1503042472,5813026936,8
1503042472,770249286,4
1503413234,1281985562,3
1503413234,1468207771,3
1503413234,1655496596,3
1503413234,1906137714,3
1503413796,1503413234,3
1503413796,1532401533,3
1503413796,1623719786,3
1503413796,5813038156,4
1503413797,1319919610,3
1503413797,1378604678,3
1503413797,1468207771,3
1503413797,1468998393,3
1503418436,1322626125,9
1503418436,1503413796,3
1503418436,1504427615,6
1503418436,1872396010,4
1503418436,5813075792,3
1503677795,1260197510,3
1503677795,1378587904,4
1503677795,1380206312,3
1503754316,1503413796,5
1503754316,1503413797,3
1503754316,1503418436,4
1503754316,1534107181,3
1503754316,1535065850,3
1503754316,1717562249,3
1503754316,1906137714,3
1503754464,1504427615,3
1503754464,1532060598,3
1503754464,5812993222,3
1503754543,1504092028,3
1503754543,1534788807,3
1503754677,1437186918,4
1503754677,1468207771,3
1503754677,1504765194,3
1503754677,1717562249,3
1503755184,1281985562,3
1503755184,1503413797,3
1503755184,1504427615,3
1503755184,1534448646,3
1503755184,5812993222,4
1503755184,5813037844,3
1503999967,1281324958,14
1503999967,1405231475,50
1503999967,1405780725,3
1503999967,1466998977,31
1503999967,1471601440,6
1503999967,1565846637,20
1503999967,1627117134,4
1503999967,1749258134,3
1503999967,1782668028,5
1503999967,1815070402,3
1503999967,1845078711,3
1503999967,1876902545,10
1503999967,1878271377,4
1503999967,1907156409,7
1503999967,1907574944,6
1503999967,1907587934,3
1503999967,1938544937,3
1503999967,2307027729,20
1503999967,5813024015,31
1503999967,5813069377,3
1503999967,5813075607,7
1504086607,1281649467,3
1504086607,1503754677,6
1504086607,1504423636,4
1504092028,1437186918,4
1504092028,1468207771,3
1504092028,1503413796,4
1504092028,1503754543,4
1504092028,1503754677,4
1504092028,1504427615,4
1504092028,1504428057,5
1504092028,1535065850,4
1504092028,1717562249,4
1504092028,1717899399,6
1504092028,1750289956,4
1504092028,5813037844,4
1504092028,5813056671,3
1504092028,5813075792,3
1504096262,1281649467,3
1504096262,1532060472,3
1504096262,1534107181,5
1504096262,1534448646,4
1504096262,1778916255,4
1504096262,2028261229,3
1504096262,5812989274,3
1504096339,1013291042,3
1504096339,1500024261,3
1504096339,1563095398,4
1504096339,1750289956,3
1504096339,5812993245,3
1504096339,5813031566,3
1504342382,1100404634,4
1504342382,1352684733,54
1504342382,1466998977,10
1504342382,1563099587,30
1504342382,5813038238,4
1504342382,5813049443,6
1504342382,5813068840,6
1504423575,1441590157,3
1504423575,1532742712,3
1504423575,5813054477,3
1504423636,1281649467,3
1504423636,1503413796,4
1504423636,1503754464,4
1504423636,1504427615,4
1504423636,1534785094,5
1504423636,1714795031,4
1504423804,1468207771,4
1504423804,1503754677,5
1504423804,1504428057,3
1504423804,1532401674,3
1504423804,1534784712,4
1504423804,1655497024,4
1504423804,1906137714,3
1504423804,5813038156,3
1504423804,5813060340,3
1504427615,1503418436,4
1504427615,1503754464,3
1504427615,1504427986,5
1504427615,1504765248,5
1504427615,1534785094,3
1504427615,1536140581,4
1504427986,1504092028,3
1504427986,1504096339,3
1504427986,1504423575,3
1504427986,1535065850,4
1504427986,1536140581,3
1504427986,1750289956,6
1504427986,1841663352,6
1504427986,2028261229,3
1504428057,1158191562,4
1504428057,1503754464,3
1504428057,1504423636,3
1504428057,1504423804,3
1504432299,1404783075,3
1504432299,1534448646,3
1504765194,1503755184,4
1504765194,1532401674,3
1504765194,1534784712,3
1504765194,1717899399,4
1504765194,1778916255,4
1504765194,5813054477,3
1504765248,1404783075,3
1504765248,1535808539,4
1504765248,1655496596,3
1505412068,1288893672,3
1505412068,1289229674,3
1505412068,1289238130,3
1505412068,1289238841,3
1505412068,1289239054,4
1505412068,1317457971,3
1505412068,1319579391,3
1505412068,1319911391,3
1505412068,1319915731,5
1505412068,1319919608,3
1505412068,1319927827,3
1505412068,1319928209,3
1505412068,1350945956,3
1505412068,1443682977,5
1505727476,1016753670,4
1505727476,1047119615,3
1505727476,5812987709,4
1505727476,862615150,5
1505727476,954010798,5
1505727476,954342682,6
1505727476,954692704,7
1505727476,955365826,3
1505727476,955374672,5
1505727476,955378609,7
1505727476,955383233,3
1505727476,955715991,10
1505727476,956060773,10
1505727476,985731781,3
1505727476,986404884,3
1505753240,1781295424,3
1505753240,892281819,3
1507445759,1220270134,4
1507445759,1261229600,3
1507445759,1407148900,3
1507445759,1684451749,3
1507781967,1537803564,3
1507787264,1536793384,3
1507787627,1222302866,3
1507933560,1037328706,16
1507933560,1436703256,22
1507933560,1467694006,4
1508118556,1220270134,9
1508118556,1261229600,3
1508118556,1501660164,3
1508118556,1564123481,3
1508118556,5813023480,3
1508123771,1507446240,4
1508459533,1507787627,3
1528244653,1220270134,3
1528244653,1410235604,3
1528244653,1497200791,3
1528244653,1563436478,3
1528244653,1565496703,3
1528244653,1747569967,3
1528244653,1749270652,3
1528244653,5812988063,3
1528253194,1006984280,3
1528253194,1224560577,3
1528253194,1251654856,9
1528253194,1261229600,13
1528253194,1281324958,31
1528253194,1406147470,11
1528253194,1533040839,4
1528253194,1563467433,3
1528253194,1565846637,32
1528253194,1622740353,6
1528253194,1624074309,5
1528253194,1813391435,7
1528253194,892609630,5
1528577476,1158877783,3
1528577476,1405788552,3
1528577476,1471607030,3
1528577476,1629163100,3
1528577476,1719928105,3
1528577476,1779567374,3
1528577476,1783361972,3
1528577476,1817790176,4
1528577476,1848820426,3
1528577476,1939904964,3
1528577476,5812998833,3
1528926565,1288897930,4
1528926565,1289238841,4
1528926565,1289574672,3
1528926565,1319579391,3
1528926565,1319591655,4
1528926565,1319911391,4
1528926565,1319919918,3
1528926565,1319923967,8
1528926565,1319928209,3
1528926565,1350945956,3
1528926565,1435140135,4
1528926565,1443682977,3
1528926565,5813077655,4
1529635236,1655496596,3
1529635236,1902066682,3
1529923621,1189904590,3
1529923621,1319928209,3
1529923621,1344055093,3
1529923621,1410235604,3
1529923621,1528244653,3
1529923621,1563436481,3
1529923621,1566514866,4
1529923621,1566519250,3
1529923621,1905114003,3
1529923621,5812988063,3
1529928359,1753695198,3
1529928359,1753695554,3
1529928359,1754037055,3
1529928359,1784398302,3
1529928359,1784734375,3
1529928359,1815713979,4
1529928359,5812993220,4
1529933124,1624418395,3
1529933124,5813068748,3
1529933124,5813102910,4
1530602252,1441589107,3
1530602252,1686518948,3
1530602252,1784389638,4
1530602252,1784398319,3
1530606252,1158877783,4
1530606252,1471610338,4
1530606252,1629163100,3
1530606252,1658881325,6
1530606252,1748187330,4
1530606252,1754019541,4
1530606252,1814729788,3
1530606252,1817107934,6
1530606252,1817112855,3
1530606252,1817790176,3
1530606252,1817794820,4
1530606252,1848151877,5
1530606252,1848496662,3
1530606252,2245501457,5
1530606252,5813038679,5
1530636214,1282007450,4
1530636214,1343749180,3
1530636214,1352684733,3
1530636214,1403392477,4
1530636214,1405231475,11
1530636214,1407179534,8
1530636214,1437850908,3
1530636214,1438912593,5
1530636214,1470971204,3
1530636214,1498574596,4
1530636214,1500598873,6
1530636214,1590979045,3
1530636214,1627131491,3
1530636214,1688164533,5
1530636214,1691259738,3
1530636214,1782369340,5
1530636214,1813403953,4
1530636214,1814781633,3
1530636214,1815809293,3
1530636214,1844750081,3
1530636214,1876492837,3
1530636214,1938195143,3
1530636214,2059978318,5
1530636214,2307027729,23
1530636214,5813023322,11
1530636214,5901214470,6
1530704811,1375924140,3
1530704811,1407610974,4
1530704811,1500024261,4
1530704811,1500028932,3
1531059000,1438304554,4
1531059000,1500024261,3
1531063618,1405824057,3
1531063618,1407269350,3
1531063618,1438300285,4
1531063618,1438304604,3
1531063618,1440571897,3
1531063618,1560661080,3
1531391407,1285068138,3
1531391407,1436961485,3
1531391407,1500361710,3
1531391407,2181048794,6
1531676892,1438304604,4
1531676892,1564472872,3
1531676892,1967508592,4
1531676892,2121685030,3
1531975908,1785753951,3
1531975908,1846135022,3
1531975908,5901203099,3
1532060472,1232594718,3
1532060472,1356772884,3
1532060472,1500029052,3
1532060472,1534784712,5
1532060472,1655497024,4
1532060472,5813069020,3
1532060472,5813075792,3
1532060598,1405824057,3
1532060598,1504092028,3
1532060598,1529635236,3
1532060598,1655496596,3
1532060598,1686190133,3
1532060598,1750289956,3
1532060598,5813037844,3
1532401533,1504092028,4
1532401533,1532060472,4
1532401533,1534784712,4
1532401533,1536140581,3
1532401533,1559284412,3
1532401533,1589636158,3
1532401533,1808927915,3
1532401533,5812993222,3
1532401650,1407148900,4
1532401650,1504423804,3
1532401650,1532401727,3
1532401727,1322626125,4
1532401727,1535065850,3
1532401727,1589636158,3
1532401727,1717899399,3
1532401727,2028261229,3
1532405813,1436188322,7
1532405813,1497875250,3
1532405813,1502635634,3
1532405813,1532410248,3
1532405813,1563095512,3
1532405813,1563436481,3
1532405813,1563441250,3
1532405813,1566173909,3
1532405813,1566178615,3
1532405813,1566519250,4
1532405813,1566856415,3
1532405813,1687874335,5
1532405813,1747569967,3
1532405813,1749270652,4
1532405813,1905114003,3
1532405813,2121707030,3
1532405813,5812988296,4
1532410248,1189227147,4
1532410248,1342704830,3
1532410248,1532405813,3
1532410248,1562745969,3
1532410248,1563782253,3
1532410248,1565496703,3
1532410248,1566173909,6
1532410248,1566178615,3
1532410248,1594126047,4
1532410248,1594812379,3
1532410248,1749270652,5
1532410248,1905114003,4
1532410248,5813056671,5
1532699404,1080200419,7
1532699404,1201231816,6
1532699404,1221285128,5
1532699404,1224560577,8
1532699404,1232262105,3
1532699404,1232266394,3
1532699404,1232603375,7
1532699404,1232607205,8
1532699404,1262654129,3
1532699404,1262990404,4
1532699404,1281324958,7
1532699404,1352684733,3
1532699404,1563393904,3
1532699404,1906159299,6
1532699404,1907574944,3
1532699404,1998922583,4
1532699404,5812988573,5
1532699404,5812988577,4
1532699404,5812989163,6
1532699404,5813038202,3
1532699404,5813038203,3
1532699404,5813049193,5
1532699404,5813069020,3
1532699404,986763451,4
1532699530,1079872487,7
1532699530,1110535962,3
1532699530,1110566098,11
1532699530,1110566383,4
1532699530,1110903093,16
1532699530,1110906913,4
1532699530,1111243870,4
1532699530,1111576163,4
1532699530,1138807924,8
1532699530,1139153136,7
1532699530,1141601145,3
1532699530,1167434000,3
1532699530,1172623224,3
1532699530,1172627154,6
1532699530,1199496243,3
1532699530,1200182520,5
1532699530,1200523569,5
1532699530,1262602271,3
1532699530,1291573712,5
1532699530,1533040625,3
1532699530,5813016380,5
1532699530,5813016381,7
1532742712,1281649467,3
1532742712,1319927827,3
1532742712,1468877324,4
1532742712,1532060472,3
1532742712,1533083877,3
1532742712,1535462901,3
1532742712,5813045027,3
1533036404,1136744598,3
1533036404,1201227074,4
1533036404,1201231816,6
1533036404,1224560577,3
1533036404,1228264951,4
1533036404,1232288020,4
1533036404,1232607449,5
1533036404,1259852010,3
1533036404,1262990404,3
1533036404,1263663953,8
1533036404,1263996477,3
1533036404,1281324958,8
1533036404,1294362042,4
1533036404,1352684733,4
1533036404,1595106149,4
1533036404,1840636280,6
1533036404,1874035952,4
1533036404,5812988514,8
1533036404,5812988573,10
1533036404,5813038202,5
1533036404,5813038203,4
1533036404,5813044882,5
1533036404,5813067943,3
1533036404,5813069053,3
1533036404,5813077658,5
1533040625,1111243796,6
1533040625,1111244083,3
1533040625,1138117141,8
1533040625,1141259920,3
1533040625,1142257556,3
1533040625,1262602271,4
1533040625,1291573712,5
1533040625,1439927802,5
1533040625,5813016381,4
1533040839,1261229600,18
1533040839,1282348408,4
1533040839,1291573712,3
1533040839,1444351896,3
1533040839,1533063011,5
1533040839,1624074309,3
1533040839,5812989312,15
1533063011,1006984280,13
1533063011,1564097484,5
1533063011,974839706,3
1533083877,1532401674,3
1533083877,1655497024,3
1533083877,5813075792,3
1533088563,1468998393,3
1533683889,1221971218,3
1533683889,1343749180,4
1533683889,1352684733,5
1533683889,1403392477,4
1533683889,1405231475,5
1533683889,1407179534,5
1533683889,1437850908,4
1533683889,1441598865,3
1533683889,1467548306,4
1533683889,1470971204,4
1533683889,1500598873,4
1533683889,1566411868,5
1533683889,1626482563,6
1533683889,1626827782,6
1533683889,1682707330,5
1533683889,1691259738,4
1533683889,1719225241,3
1533683889,1719595635,5
1533683889,1751329909,3
1533683889,1752016801,4
1533683889,1782369340,11
1533683889,1783051753,5
1533683889,1813403630,3
1533683889,1813403762,9
1533683889,1814418212,3
1533683889,1814777260,7
1533683889,1814781356,3
1533683889,1814781628,4
1533683889,1815126312,4
1533683889,1815480848,8
1533683889,1815826155,4
1533683889,1844750081,3
1533683889,1845449270,3
1533683889,1845453234,6
1533683889,1872033743,4
1533683889,1938195143,6
1533683889,2307027729,20
1533683889,5812987894,3
1533683889,5812996383,4
1533683889,5813023322,8
1533683889,5813038769,5
1533683889,5813038821,6
1533683889,5813038825,4
1533683889,5901214470,5
1533723752,1158191562,4
1533723752,1562745969,3
1533723752,1566173885,3
1533723752,1566178615,3
1533723752,1566519741,3
1533723752,1566528972,3
1533723752,1594121850,3
1533723752,1652725444,4
1533723752,1687874335,3
1533723752,1689239035,3
1534012511,1563393697,3
1534012511,1748187188,4
1534012511,1751257274,4
1534012511,1753690864,5
1534012511,1754715778,4
1534012511,1784398319,4
1534012511,1814759163,3
1534012511,1905110758,3
1534012511,5812992935,3
1534012511,5812993314,3
1534059927,1198477582,4
1534059927,1200195625,4
1534059927,1230531237,3
1534107181,1281316775,4
1534107181,1322626125,3
1534107181,1503413797,3
1534107181,5813054477,4
1534363304,1221971218,3
1534363304,1226887763,4
1534363304,1405231475,5
1534363304,1437850908,7
1534363304,1467548306,4
1534363304,1533683889,3
1534363304,1566411868,5
1534363304,1626482563,3
1534363304,1626827782,5
1534363304,1627131491,5
1534363304,1691259738,5
1534363304,1719595635,4
1534363304,1783051578,7
1534363304,1783051753,4
1534363304,1811630361,4
1534363304,1813403998,3
1534363304,1814414329,3
1534363304,1814422650,3
1534363304,1814426918,3
1534363304,1814777260,3
1534363304,1814781082,7
1534363304,1814781356,3
1534363304,1814781633,3
1534363304,1815131045,4
1534363304,1815826155,5
1534363304,1845453234,5
1534363304,1872033743,3
1534363304,1876147388,6
1534363304,1876147437,5
1534363304,2307027729,22
1534363304,5813023322,13
1534363304,5813034151,4
1534363304,5813038821,6
1534363304,5813038825,5
1534363304,5813039136,3
1534447833,1468207771,3
1534447833,1468877324,3
1534447833,1503413796,3
1534447833,1504092028,4
1534447833,1504423636,4
1534447833,1504427615,6
1534447833,1504427986,3
1534447833,1532401674,3
1534447833,1995516734,4
1534447833,2028261229,3
1534448646,1468877324,3
1534448646,1503755184,4
1534448646,1504096339,4
1534448646,1504423636,5
1534448646,1536140581,3
1534448646,1808927915,3
1534448646,1906137714,4
1534694621,1158877703,3
1534694621,1158877783,3
1534694621,1189567690,3
1534694621,1435822283,3
1534694621,1563355501,3
1534694621,1621008677,4
1534694621,1625800608,3
1534694621,1656153289,3
1534694621,1747181914,3
1534694621,1747518018,3
1534694621,1817449229,3
1534694621,1817453257,3
1534694621,1817457984,3
1534694621,1817463007,4
1534694621,1817790409,3
1534694621,1818122205,3
1534694621,1848138779,4
1534694621,1848151571,5
1534694621,1849503142,4
1534694621,1849520324,4
1534694621,1876820783,4
1534694621,5812998833,3
1534721340,1260884244,5
1534721340,1261565786,3
1534721340,861242399,3
1534721340,892600621,4
1534721340,892609630,7
1534784712,1319591655,3
1534784712,1503754316,3
1534784712,1504423804,6
1534784712,1504765194,3
1534784712,1532401533,3
1534784712,1655497024,4
1534784712,1848492714,3
1534784712,1906137714,3
1534784712,5813060340,3
1534785094,1503754316,4
1534785094,1504092028,3
1534785094,1504427986,3
1534785094,1534788807,3
1534785094,5813038156,4
1534788807,1503754543,3
1534788807,2089653445,5
1534788807,5812989274,3
1535065850,1529635236,3
1535410628,1017448980,5
1535410628,1047780090,3
1535410628,1285849916,6
1535410628,1968877434,4
1535410628,5813002071,3
1535462901,1468877324,5
1535462901,1529635236,3
1535462901,1589636158,3
1535462901,5812994939,3
1535718148,1159551037,3
1535718148,1653390223,3
1535718148,1753359129,5
1535718148,1753359276,3
1535718148,1753695569,3
1535718148,1753696105,4
1535718148,1784398302,3
1535718148,1785403942,3
1535718148,1785412639,3
1535718148,1814751048,3
1535718148,1939244343,4
1535769552,1139153107,3
1535769552,1262602271,4
1535769552,1291573712,12
1535769552,893645771,4
1535808539,1532060598,3
1535808539,1750289956,3
1535808539,5813054477,3
1536068485,1259856448,6
1536068485,1411250251,3
1536068485,1441949046,4
1536068485,1567107667,3
1536140581,1504427615,4
1536140581,1532060472,3
1536140581,1535065850,4
1536446911,1536788564,3
1536446911,1537803564,5
1536451903,1252337419,3
1536783933,1536451903,3
1536793384,1745510607,3
1536793384,1750243366,3
1537130629,5813069020,3
1537466874,1507445759,3
1537803404,5813062759,3
1537803538,1222302866,3
1537803564,1507446240,5
1537803564,1507781967,3
1537803564,1508118563,5
1537803564,1508459533,3
1537803564,1536783850,3
1537803564,1536783933,3
1537803564,1537466874,3
1537803564,1567145429,4
1537803564,1750243366,4
1537803564,5813062759,4
1537803564,5813078658,6
1540518369,1342371499,7
1540518369,1352684733,10
1540518369,2336572685,5
1540518369,5813061218,4
1558605806,1228264951,5
1558605806,1352684733,7
1558605806,5812988063,3
1558605806,5813023322,7
1559270886,1435140135,3
1559284164,1224560577,4
1559284164,1228264951,7
1559284164,1261229600,3
1559284164,1311677904,3
1559284164,1352684733,3
1559284164,1807572051,3
1559284164,1869649833,3
1559284164,5813023322,18
1559284412,1468207771,5
1559284412,1504765194,4
1559284412,5813038319,3
1559948889,1528253194,3
1559948889,1563436471,3
1559948889,1652725444,4
1559948889,1684443103,3
1559948889,2121707030,3
1559948889,5812988063,6
1559948889,5812988077,4
1559979355,1347905926,4
1559979355,1348580534,3
1559979355,1475391747,3
1559979355,2211737961,5
1560289552,1374413370,4
1560289552,2058273371,3
1560311044,1438304067,3
1560311044,1438304347,3
1560311044,1438304604,3
1560661080,1374784418,3
1560661080,1407269278,6
1560661080,1436961485,3
1560661080,1497200791,3
1560661080,1500020379,3
1560661080,1501976890,3
1560661080,1621008677,3
1560661080,1623464400,4
1560661080,1842682500,3
1560661080,2121690154,3
1560661080,2309297730,3
1560661080,5813023480,3
1561301125,1565729476,3
1561301125,1817444670,3
1561301125,1817448971,3
1561301125,1817457987,3
1561301125,1817794820,3
1561301125,1848151571,3
1561301125,1848492714,3
1561301125,5812992219,3
1561301125,5813038918,3
1561304414,1374767239,5
1561304414,1560311044,3
1561304414,1562404815,3
1561304414,1562404878,3
1561304414,1564075996,3
1561304414,1565496703,3
1561304414,1566173885,4
1561304414,1566851927,4
1561347849,1261229600,3
1562054982,1502635634,3
1562054982,1529923621,3
1562054982,1562400848,3
1562054982,1563436478,4
1562054982,1563782253,4
1562054982,1564075996,3
1562054982,1564753797,5
1562054982,1566169568,3
1562054982,1566510982,3
1562054982,1566519741,6
1562054982,1594126040,4
1562054982,1594126047,3
1562054982,1594812379,4
1562054982,1687874335,3
1562054982,1817790222,3
1562054982,1905114003,3
1562054982,5812987890,6
1562054982,5812988296,3
1562352871,1049511179,3
1562400848,1440567395,4
1562400848,1564753797,5
1562400848,1566173909,5
1562400848,1652725444,3
1562400848,5812988296,3
1562404815,1188885499,4
1562404815,1529923621,3
1562404815,1562400848,4
1562404815,1563436471,4
1562404815,1566173885,3
1562404815,1566173909,4
1562404815,1566519250,4
1562404815,1566851927,4
1562404815,1654818612,3
1562404878,1189904590,4
1562404878,1533723752,3
1562404878,1563095398,5
1562404878,1563436478,4
1562404878,1563436481,7
1562404878,1566173909,3
1562404878,1817449059,3
1562673627,1158187240,7
1562673627,1158864995,10
1562673627,1281324958,38
1562673627,1405231475,34
1562673627,1405780725,4
1562673627,1438524573,4
1562673627,1466998977,17
1562673627,1498574596,3
1562673627,1565846637,17
1562673627,1625080038,3
1562673627,1627117134,4
1562673627,1749258134,6
1562673627,1781268241,4
1562673627,1810956698,5
1562673627,1840636280,3
1562673627,1874035952,6
1562673627,1877217777,3
1562673627,1906496111,3
1562673627,1907510214,6
1562673627,1907933561,3
1562673627,1938207942,5
1562673627,1938541380,3
1562673627,1938544937,4
1562673627,1998922583,6
1562673627,2307027729,39
1562673627,5812993692,3
1562673627,5813023322,6
1562673627,5813024015,26
1562673627,5813061197,5
1562673627,5901215446,7
1562689878,1079859469,3
1562689878,1406147470,3
1562689878,1469227143,7
1562689878,1560311044,3
1562689878,1624074309,3
1562689878,1624418395,3
1562689878,5813041801,3
1562707421,1190250299,3
1562707421,1347812305,3
1562707421,1348153557,3
1562707421,1625800608,3
1562707421,1629163100,4
1562707421,1654413566,4
1562707421,1719928105,5
1562707421,1808241116,3
1562707421,1812363713,3
1562707421,1814031575,3
1562707421,1814060070,3
1562707421,1817444555,3
1562707421,1817449236,3
1562707421,1844421716,3
1562707421,1849161220,5
1562707421,1849166071,4
1562707421,1849503142,3
1562707421,1849507321,4
1562707421,1880209425,3
1562707421,5812992468,4
1562707421,5813038679,3
1562707421,5813076492,3
1562712175,1262602271,6
1562712175,1291573712,3
1562712175,1444351896,6
1562712175,1533040839,8
1562712175,1597157083,6
1562712175,1597494148,4
1562712175,1625804723,3
1562712175,1718227906,4
1562712175,5812992408,3
1562712175,5813054443,3
1562745969,1251969396,3
1562745969,1440567395,3
1562745969,1497875250,3
1562745969,1529923621,3
1562745969,1566514866,3
1562745969,1594121850,6
1562745969,1654818612,3
1562745969,1687874335,3
1562781110,1006984280,34
1562781110,1100404581,36
1562781110,1100404634,4
1562781110,1563126068,4
1562781110,1563126151,3
1562781110,1565846637,24
1562781110,1595853024,3
1562781110,1625191546,3
1562781110,1626909735,3
1562781110,1656792632,5
1562781110,1657949594,3
1562781110,1876466986,3
1562785146,1006984280,25
1562785146,1100404581,33
1562785146,1563122080,3
1562785146,1563126068,4
1562785146,1565846637,20
1562785146,1626909735,4
1562785146,2185481747,5
1562785146,2404108218,3
1562785146,5813068748,4
1562785146,5813069020,5
1562785146,5901196898,5
1563095398,1352684733,4
1563095398,1503413796,3
1563095398,1532060598,3
1563095398,1535808539,3
1563095398,1562404878,3
1563095398,1654818612,4
1563095398,1717899720,4
1563095398,1781328716,4
1563095398,1845117373,4
1563095398,1905114003,3
1563095398,1907510214,3
1563095512,1410235604,3
1563095512,1499226615,3
1563095512,1528244653,3
1563095512,1561304414,3
1563095512,1563436478,6
1563095512,1563441250,3
1563095512,1566510982,3
1563095512,1566519741,3
1563095512,1652725444,3
1563095512,1747569967,4
1563095512,5812988296,4
1563095512,5812992814,4
1563099587,1017802884,5
1563099587,1079522281,3
1563099587,1224560577,11
1563099587,1262990404,4
1563099587,1281324958,28
1563099587,1352684733,13
1563099587,1405780725,4
1563099587,1535087168,4
1563099587,1563122080,4
1563099587,1563126068,6
1563099587,1563467433,5
1563099587,1595853024,10
1563099587,1624074309,3
1563099587,1656792632,5
1563099587,1688302103,5
1563099587,1690283458,10
1563099587,1750026634,3
1563099587,1781268241,4
1563099587,1782992460,3
1563099587,1810645950,3
1563099587,1810986443,3
1563099587,1845431908,5
1563099587,1874035952,4
1563099587,1877217777,5
1563099587,1907156409,7
1563099587,1907169406,4
1563099587,1907510214,5
1563099587,1907584319,6
1563099587,1938541380,3
1563099587,1998922583,8
1563099587,5812991470,10
1563099587,5813055129,5
1563099587,5813062096,3
1563099587,5813068748,10
1563099587,5901196898,7
1563099587,5901215446,4
1563122080,1006984280,23
1563122080,1100404581,24
1563122080,1100404634,18
1563122080,1442314421,6
1563122080,1466998977,8
1563122080,1562785146,6
1563122080,1565846637,38
1563122080,1593815080,3
1563122080,1625191546,3
1563122080,1626560949,4
1563122080,1626909735,5
1563122080,1626922712,5
1563122080,1656792632,4
1563122080,1657949330,4
1563122080,1813727811,3
1563122080,1876105544,4
1563122080,5812986560,4
1563122080,5812991470,4
1563122080,5813068748,7
1563122080,892609630,3
1563126068,1006984280,26
1563126068,1100404581,16
1563126068,1281324958,5
1563126068,1343395439,3
1563126068,1466998977,3
1563126068,1469227143,4
1563126068,1562785146,6
1563126068,1563467433,5
1563126068,1565846637,38
1563126068,1624747496,5
1563126068,1626909735,6
1563126068,1656792632,3
1563126068,1719250390,6
1563126068,5813069020,6
1563126068,892609630,3
1563126151,1006984280,21
1563126151,1100404581,33
1563126151,1562781110,5
1563126151,1563126068,3
1563126151,1565846637,9
1563126151,1593815080,7
1563126151,1595853024,7
1563126151,1624747496,4
1563126151,1626560096,3
1563126151,1626922712,5
1563126151,1657258338,8
1563126151,5812991470,4
1563126151,5813068748,3
1563355501,1158877703,3
1563355501,1221280490,3
1563355501,1472965897,4
1563355501,1530606252,3
1563355501,1782680353,5
1563355501,1814729223,3
1563355501,1817449229,5
1563355501,1817449236,4
1563355501,1844421716,3
1563355501,1848138779,3
1563355501,1848151877,3
1563355501,1849166071,4
1563355501,1875460978,3
1563355501,5812992468,4
1563355501,5813038679,3
1563364112,1100404634,24
1563364112,1356772884,4
1563364112,1408880450,3
1563364112,1466998977,14
1563364112,1533063011,4
1563364112,1563372679,3
1563364112,1719569268,5
1563364112,1719591388,3
1563372679,1200523558,3
1563372679,1282348408,3
1563372679,1356772884,7
1563372679,1408880450,10
1563372679,1469227143,3
1563372679,1470950640,8
1563372679,1533063011,4
1563372679,5812989312,12
1563372679,5813033742,5
1563372679,5813044940,4
1563372679,5813054443,3
1563372679,5813054748,4
1563372679,974839708,3
1563389824,1201568417,3
1563389824,1229507863,3
1563389824,1259852010,3
1563389824,1261229600,7
1563389824,1261561493,3
1563389824,5813023322,10
1563389824,5813049193,3
1563393697,1530602252,4
1563393697,1534012511,3
1563393697,1720585281,3
1563393697,1748187188,4
1563393697,1751257274,3
1563393697,1785062580,3
1563393697,5813034101,3
1563393904,1017793356,3
1563393904,1080541803,5
1563393904,1201231816,5
1563393904,1224560577,7
1563393904,1228264951,6
1563393904,1232266231,5
1563393904,1232607205,3
1563393904,1232607453,6
1563393904,1319530284,4
1563393904,1352684733,5
1563393904,1414776601,4
1563393904,1502001218,3
1563393904,1532699404,6
1563393904,1937875810,9
1563393904,2121711447,5
1563393904,5812988573,3
1563393904,5812989163,6
1563393904,5813044882,3
1563393904,5813077658,3
1563436471,1251969396,3
1563436471,1289229700,5
1563436471,1377841477,3
1563436471,1410235604,3
1563436471,1532410248,5
1563436471,1562400848,6
1563436471,1563441250,5
1563436471,1566514866,4
1563436471,1566851927,4
1563436471,1848492714,3
1563436471,1905114003,4
1563436471,5812988296,3
1563436478,1158191562,3
1563436478,1497875250,4
1563436478,1499226615,4
1563436478,1502635634,3
1563436478,1529923621,5
1563436478,1532410248,5
1563436478,1562054982,4
1563436478,1562404815,4
1563436478,1562404878,4
1563436478,1563095512,6
1563436478,1564123481,3
1563436478,1566510982,5
1563436478,1566511014,5
1563436478,1594812379,5
1563436478,1749270652,3
1563436478,1813028777,3
1563436478,5812988063,3
1563436478,5812988296,4
1563436478,5812992814,4
1563436481,1251969396,3
1563436481,1377841477,3
1563436481,1440567395,4
1563436481,1562404815,4
1563436481,1562404878,4
1563436481,1563782253,5
1563436481,1564123481,3
1563436481,1566852153,3
1563436481,1749270652,4
1563436481,2121707030,3
1563436481,5813068748,3
1563441250,1280971174,3
1563441250,1497875250,4
1563441250,1561304414,3
1563441250,1562745969,3
1563441250,1563095512,3
1563441250,1563436481,3
1563441250,1566514866,3
1563441250,1566519250,3
1563441250,1687874335,3
1563441250,1747569967,3
1563441250,1749270652,3
1563441250,1905114003,3
1563441250,2121707030,4
1563467433,1006984280,9
1563467433,1100404581,4
1563467433,1281324958,3
1563467433,1439590350,4
1563467433,1466998977,6
1563467433,1563099587,3
1563467433,1563126068,3
1563467433,1565846637,22
1563467433,1624074309,4
1563467433,1624747496,5
1563467433,1656792632,3
1563467433,1719591388,3
1563467433,1813391435,4
1563467433,5812991470,3
1563467433,5812997245,3
1563467433,5813069020,12
1563467433,5901196898,3
1563782253,1500020379,4
1563782253,1562054982,3
1563782253,1563436481,3
1563782253,1564753797,3
1563782253,1566178615,3
1563782253,1566510982,3
1563782253,1808936407,4
1563782253,1848496662,3
1563782253,1849507321,3
1563782253,2121707030,4
1563782253,5813049193,3
1564075996,1158191562,4
1564075996,1251969396,3
1564075996,1497875250,3
1564075996,1565496703,4
1564075996,1565833050,6
1564075996,1687874335,3
1564075996,1747569967,3
1564075996,5812988077,3
1564097399,1261229600,4
1564097399,1282348408,3
1564097399,1379907704,3
1564097399,1470950640,4
1564097399,731736853,8
1564097399,918529614,4
1564097399,974843876,3
1564097484,1005858013,3
1564097484,1006984280,16
1564097484,1469278367,3
1564097484,1533063011,5
1564097484,5812990956,5
1564097484,5813054534,3
1564097484,974839704,4
1564097484,974839706,3
1564097484,974839708,6
1564123481,1013291042,3
1564123481,1189227147,3
1564123481,1500020379,4
1564123481,1563436478,4
1564123481,1565496703,3
1564123481,1566510982,4
1564123481,1747569967,3
1564123481,1813391435,3
1564123481,1818122205,8
1564123481,1818136404,6
1564123481,1875124235,3
1564123481,2028261424,3
1564123481,2090681039,3
1564123481,5812988063,5
1564123481,5813033971,3
1564472872,1531676892,3
1564472872,1560311044,4
1564472872,2121685030,3
1564753797,1189227147,4
1564753797,1404778340,3
1564753797,1436188322,3
1564753797,1440567395,10
1564753797,1502635634,6
1564753797,1532410248,3
1564753797,1562400848,7
1564753797,1563782253,3
1564753797,1566510982,3
1564753797,1594121850,5
1564753797,1594126040,3
1564753797,1594812379,5
1564753797,1654818612,3
1564753797,5812988296,3
1565496703,1189904590,3
1565496703,1499226615,3
1565496703,1561304414,4
1565496703,1563467433,7
1565496703,1564123481,3
1565496703,1566528972,3
1565496703,1812696567,6
1565496703,1818473569,3
1565496703,1842682500,3
1565496703,2121707030,8
1565729476,1472965897,3
1565729476,1473648518,3
1565729476,1497200791,3
1565729476,1528577476,4
1565729476,1561301125,4
1565729476,1593012939,3
1565729476,1621008677,4
1565729476,1629163100,4
1565729476,1658881325,3
1565729476,1689200671,3
1565729476,1689239035,3
1565729476,1748187330,3
1565729476,1750251452,3
1565729476,1751666374,3
1565729476,1812696567,3
1565729476,1814031575,4
1565729476,1817112855,3
1565729476,1817449375,3
1565729476,1817457987,6
1565729476,1817785682,3
1565729476,1847815147,3
1565729476,1848138779,4
1565729476,1848483949,3
1565729476,1848492714,3
1565729476,1849183960,3
1565729476,1878845226,5
1565729476,1974682390,3
1565729476,5812988086,3
1565833050,1220270134,5
1565833050,1561304414,3
1565833050,1566528972,4
1565833050,1594812379,4
1565833050,1937193993,5
1565833050,2058932928,3
1565833050,2245501457,4
1565833050,5813022959,3
1565846637,1593417998,3
1565846637,1626919110,4
1565846637,1783068831,3
1565846637,5813042873,3
1566169568,1049169888,5
1566169568,1188889654,3
1566169568,1189227147,3
1566169568,1319579391,5
1566169568,1436188322,3
1566169568,1566511014,3
1566169568,1566519250,4
1566169568,1593784995,4
1566169568,1812363713,4
1566169568,2058932928,5
1566169568,2121707030,4
1566169568,2245501457,3
1566169568,5813022959,3
1566173885,1440567395,3
1566173885,1497875250,3
1566173885,1561304414,6
1566173885,1564075996,3
1566173885,1566169568,3
1566173885,1566511014,5
1566173885,1594121850,3
1566173885,1594126040,4
1566173885,1594126047,3
1566173909,1436188322,3
1566173909,1532405813,3
1566173909,1532410248,3
1566173909,1562400848,7
1566173909,1562404878,4
1566173909,1563441250,3
1566173909,1563782253,3
1566173909,1566169568,4
1566173909,1566173885,3
1566173909,1566510982,4
1566173909,1566852153,4
1566173909,1566856415,3
1566173909,1594126040,3
1566173909,1594126047,3
1566173909,1905114003,3
1566173909,2121707030,4
1566178615,1188885499,3
1566178615,1497875250,3
1566178615,1532410248,4
1566178615,1561304414,3
1566178615,1562745969,3
1566178615,1563441250,3
1566178615,1563782253,3
1566178615,1565496703,6
1566178615,1594126047,3
1566178615,1749270652,3
1566411868,1040013335,4
1566411868,1226887763,4
1566411868,1283013506,6
1566411868,1405231475,7
1566411868,1441598865,7
1566411868,1467548306,4
1566411868,1533683889,6
1566411868,1534363304,8
1566411868,1626482563,4
1566411868,1626827782,5
1566411868,1627131491,3
1566411868,1688164533,3
1566411868,1716496582,3
1566411868,1719225241,5
1566411868,1719595635,3
1566411868,1753674977,4
1566411868,1782369340,6
1566411868,1783051578,4
1566411868,1809614687,3
1566411868,1813403869,4
1566411868,1813403998,3
1566411868,1814414329,6
1566411868,1814422650,3
1566411868,1814426918,4
1566411868,1814781082,4
1566411868,1814781356,3
1566411868,1815480848,3
1566411868,1815826155,3
1566411868,1876147388,5
1566411868,2307027729,32
1566411868,5812987894,5
1566411868,5812998825,4
1566411868,5813023322,4
1566411868,5813034151,4
1566411868,5813038821,4
1566411868,5813046478,3
1566510982,1251969396,3
1566510982,1440567395,3
1566510982,1562054982,3
1566510982,1563436478,9
1566510982,1563436481,3
1566510982,1563782253,5
1566510982,1566169568,3
1566510982,1566173909,4
1566510982,1566519250,3
1566510982,1594812379,3
1566510982,1687874335,3
1566510982,5812988063,3
1566511014,1350613510,6
1566511014,1499226615,3
1566511014,1561304414,3
1566511014,1562745969,3
1566511014,1563095512,4
1566511014,1564753797,3
1566511014,1565496703,3
1566511014,1566173885,3
1566511014,1566514866,5
1566511014,1566856415,5
1566511014,1748187330,3
1566511014,5812992814,3
1566514866,1189904590,4
1566514866,1404778340,3
1566514866,1528244653,3
1566514866,1529923621,5
1566514866,1563441250,4
1566514866,1564075996,3
1566514866,1565496703,3
1566514866,1566511014,4
1566514866,1566519741,5
1566514866,1566856415,3
1566514866,1594121850,4
1566514866,1687874335,3
1566519250,1529923621,6
1566519250,1566169568,4
1566519250,1566178615,3
1566519250,1594126047,4
1566519250,1687874335,3
1566519741,1220270134,4
1566519741,1384017738,3
1566519741,1532410248,3
1566519741,1561304414,4
1566519741,1563436478,3
1566519741,1564123481,3
1566519741,1566514866,4
1566519741,1566528972,3
1566519741,1594126047,3
1566519741,1652725444,3
1566519741,1781333405,8
1566519741,1807572051,10
1566519741,1869649833,4
1566519741,1998250011,3
1566528972,1189904590,3
1566528972,1251969396,3
1566528972,1280971174,5
1566528972,1404778340,3
1566528972,1410235604,3
1566528972,1440567395,4
1566528972,1499226615,4
1566528972,1500020535,3
1566528972,1501664753,4
1566528972,1532405813,3
1566528972,1562054982,3
1566528972,1565496703,3
1566528972,1622350949,4
1566528972,1747569967,4
1566528972,1808241116,3
1566528972,1808927915,4
1566528972,5812992814,3
1566528972,5813023480,3
1566799785,1128572709,3
1566799785,1259856448,4
1566799785,1260197431,3
1566799785,1325405571,9
1566799785,1441949046,9
1566799785,1629206279,3
1566799785,1782321284,3
1566799785,5901217539,3
1566799785,789636635,3
1566851927,1440567395,3
1566851927,1562404815,3
1566851927,1563436471,6
1566851927,1563782253,4
1566851927,1566178615,3
1566851927,1566856415,8
1566851927,1593784995,3
1566851927,1594812379,3
1566851927,5812987890,3
1566852153,1566173909,4
1566852153,1654818612,5
1566852153,5812992814,3
1566856415,1384017738,5
1566856415,1502635634,3
1566856415,1563095512,3
1566856415,1566514866,3
1566856415,1566519250,3
1566856415,1566528972,4
1566856415,1566851927,6
1566856415,1594121850,4
1566856415,1594812379,4
1566856415,5812988296,4
1567482594,1200195625,6
1567482594,1222332850,6
1567482594,1497875250,4
1567482594,1529923621,5
1567482594,1533036404,4
1567482594,1566528972,4
1567482594,1622350949,9
1567482594,5812987690,4
1567482594,5813023480,3
1589636158,1220270134,3
1589636158,1232262131,4
1589636158,1255405703,3
1589636158,1261229600,8
1589636158,1497205225,3
1589636158,1532060598,3
1589636158,1532401727,4
1589636158,1558605812,5
1589636158,1621008677,3
1589636158,1683440362,5
1589636158,1684451749,3
1589636158,5812988063,3
1589636158,5813023480,3
1589636158,5813047992,3
1589969344,1589972966,3
1589972966,1158877703,4
1589972966,1250277991,3
1589972966,1345079276,3
1589972966,1473648518,3
1589972966,1593012939,3
1589972966,1812696567,4
1589972966,1813382259,3
1589972966,1814729223,4
1589972966,1814729788,3
1589972966,1817444555,3
1589972966,1817452948,3
1589972966,1817786077,4
1589972966,1848151236,3
1589972966,1849503142,3
1589972966,1849520324,3
1589972966,1912600163,3
1589972966,5812991769,3
1589972966,5812993994,4
1589972966,5812998833,3
1590979045,1158187240,4
1590979045,1218901359,4
1590979045,1281303666,3
1590979045,1281324958,49
1590979045,1405231475,73
1590979045,1435140135,3
1590979045,1466861327,4
1590979045,1466998977,4
1590979045,1498574596,12
1590979045,1565846637,6
1590979045,1621357756,8
1590979045,1745821751,5
1590979045,1749258134,6
1590979045,1809264255,8
1590979045,1810956698,12
1590979045,1838257401,4
1590979045,1839288696,7
1590979045,1840636280,4
1590979045,1876471221,4
1590979045,1877939213,3
1590979045,1906159299,10
1590979045,1936848448,3
1590979045,1937875810,5
1590979045,1998922583,4
1590979045,2307027729,31
1590979045,5813024015,6
1590979045,5813061197,6
1590979045,5813069377,4
1590979045,5813075607,8
1590979045,5901215446,3
1591704108,1229507863,3
1591704108,1342371499,12
1591704108,1375924140,3
1591704108,1436961485,13
1591704108,1468238571,11
1591704108,1558605812,3
1591704108,1622740353,3
1591704108,1623464400,3
1591704108,1654120086,3
1591704108,1808936407,8
1591704108,2181730644,5
1591704108,7112579856,5
1593012939,1158877783,3
1593012939,1471607030,3
1593012939,1473332777,4
1593012939,1589972966,3
1593012939,1656153289,3
1593012939,1752962124,4
1593012939,1753670596,3
1593012939,1783690466,3
1593012939,1814060070,5
1593012939,1817444555,3
1593012939,1817453065,4
1593012939,1817453557,3
1593012939,1848156241,3
1593012939,1848492258,3
1593012939,1848837843,3
1593401239,1252665371,7
1593417998,1159555822,19
1593417998,1281324958,11
1593417998,1343045604,4
1593417998,1404446113,4
1593417998,1407873674,4
1593417998,1469269528,6
1593417998,1469947367,5
1593417998,1564123481,4
1593417998,1565846637,32
1593417998,1622350949,5
1593417998,1658643766,3
1593417998,1658644171,4
1593417998,1689994325,3
1593417998,1690011290,6
1593417998,1690015835,7
1593417998,1721020290,9
1593417998,1721025057,4
1593417998,1721365654,3
1593417998,1746858454,9
1593417998,1749270652,4
1593417998,1749275570,3
1593417998,1781328716,3
1593417998,1781674298,5
1593417998,1782714902,3
1593417998,1783068831,6
1593417998,1906159299,3
1593417998,1966864706,10
1593417998,2059295981,3
1593417998,5812988063,5
1593417998,5812994062,8
1593417998,5812995757,4
1593417998,5812998137,5
1593417998,5812999264,4
1593417998,5812999862,7
1593417998,5813023322,13
1593417998,5813023480,4
1593417998,5813031567,4
1593417998,5813038319,3
1593417998,5813038998,3
1593417998,5813042873,4
1593417998,5813045792,3
1593417998,5813047992,7
1593417998,5813062668,3
1593743279,1656839128,3
1593743279,1721586536,3
1593743279,1754032933,3
1593743279,1754037055,3
1593743279,1754370241,3
1593743279,1784057153,3
1593743279,1785067611,3
1593743279,1873078321,4
1593784995,1158191562,3
1593784995,1562054982,3
1593784995,1565496703,3
1593784995,1565833050,4
1593784995,1566169568,3
1593784995,1905114003,4
1593815080,1006984280,25
1593815080,1100404581,25
1593815080,1562781110,3
1593815080,1563126151,9
1593815080,1565846637,15
1593815080,1595853024,3
1593815080,1595866921,3
1593815080,1626232238,3
1593815080,1626560096,3
1593815080,1626919110,6
1593815080,1626922712,5
1593815080,1657258338,3
1593815080,1657263405,3
1593815080,1719678048,3
1593815080,5813068748,6
1594092024,1158536635,3
1594092024,1714138461,3
1594092024,2337578051,3
1594121850,1189227147,6
1594121850,1384017738,3
1594121850,1440567395,4
1594121850,1529923621,4
1594121850,1532405813,3
1594121850,1533723752,3
1594121850,1562745969,3
1594121850,1564753797,6
1594121850,1566511014,4
1594121850,1566514866,4
1594121850,1566519250,3
1594121850,1566519741,3
1594121850,1594812379,6
1594121850,1687874335,4
1594121850,5812987890,3
1594121850,5812988063,3
1594121850,5812988296,4
1594126040,1189227147,3
1594126040,1232603375,4
1594126040,1384017738,3
1594126040,1497875250,3
1594126040,1500024261,5
1594126040,1561304414,3
1594126040,1562054982,5
1594126040,1564753797,3
1594126040,1594121850,3
1594126040,1687874335,4
1594126040,1747181914,4
1594126040,1749270652,3
1594126040,1817449236,5
1594126040,1817457847,3
1594126040,5813056671,3
1594126047,1188885499,3
1594126047,1254037524,3
1594126047,1347126097,3
1594126047,1384017738,4
1594126047,1502635634,5
1594126047,1533723752,3
1594126047,1562054982,3
1594126047,1566519250,3
1594126047,1594812379,4
1594126047,1687874335,3
1594126047,5813056671,3
1594812379,1436188322,5
1594812379,1499226615,4
1594812379,1562404815,3
1594812379,1563436471,3
1594812379,1563436481,3
1594812379,1564753797,5
1594812379,1566173909,4
1594812379,1566510982,3
1594812379,1566514866,5
1594812379,1566856415,3
1594812379,1594121850,6
1594812379,1594126047,4
1594812379,5813056671,3
1595106149,1200536439,4
1595106149,1229162353,4
1595106149,1229162381,4
1595106149,1229166973,3
1595106149,1232266303,3
1595106149,1260879515,4
1595106149,1262654129,3
1595106149,1263663980,4
1595106149,1263996477,4
1595106149,1352684733,4
1595106149,1848143184,3
1595106149,1849166071,4
1595106149,1877217777,10
1595106149,1907169406,4
1595106149,1907584319,4
1595106149,5812988132,5
1595106149,5812988577,8
1595106149,5812989059,8
1595106149,5813038203,5
1595106149,5813038232,4
1595106149,5813038238,4
1595106149,5813049443,4
1595106149,5813054032,4
1595106149,5813077658,3
1595106149,5813077663,5
1595106149,985369220,3
1595106149,986059699,4
1595853024,1006984280,24
1595853024,1100404581,39
1595853024,1100404634,6
1595853024,1562781110,4
1595853024,1562785146,5
1595853024,1563126151,5
1595853024,1565846637,29
1595853024,1626922712,5
1595853024,1657258338,5
1595853024,1657949330,3
1595853024,5812996568,3
1595853024,5813068748,6
1595866921,1006984280,12
1595866921,1100404581,15
1595866921,1563126151,6
1595866921,1565846637,16
1595866921,1593815080,3
1595866921,1626232238,6
1595866921,1626919110,5
1595866921,1657259448,5
1595866921,1657266898,3
1595866921,1719678048,4
1596091814,1100404634,11
1596091814,1466998977,5
1596091814,1718995507,3
1596091814,1750712639,3
1596091814,1814733827,3
1596091814,1845431908,3
1596199055,1100404634,51
1596199055,1440566287,7
1596199055,1466998977,12
1596199055,1565846637,19
1596199055,5813079585,6
1597157083,1005858013,5
1597157083,1099199236,3
1597157083,1259856448,12
1597157083,1260538467,4
1597157083,1261229600,21
1597157083,1262602271,9
1597157083,1282348408,17
1597157083,1285849916,12
1597157083,1291569166,10
1597157083,1325733981,7
1597157083,1375482740,8
1597157083,1411250251,14
1597157083,1440252127,3
1597157083,1444351896,11
1597157083,1449225711,9
1597157083,1470950640,12
1597157083,1503042472,9
1597157083,1503331732,7
1597157083,1533063011,3
1597157083,1563467433,4
1597157083,1564097399,4
1597157083,1564097484,8
1597157083,1597493900,8
1597157083,1624747496,5
1597157083,1629206279,5
1597157083,2220920100,4
1597157083,5812989312,15
1597157083,5812990956,8
1597157083,5812991476,7
1597157083,5813044940,4
1597157083,5813054443,6
1597157083,5813054748,5
1597157083,5813069020,7
1597157083,5901196898,6
1597157083,974839704,5
1597157083,974839708,3
1597456370,1503331732,4
1597456370,1533338992,3
1597456370,1657949594,3
1597493900,1261229600,20
1597493900,1262602271,4
1597493900,1291573712,3
1597493900,1444351896,29
1597493900,1449225711,8
1597493900,5813044940,22
1597493900,5813069020,16
1597494148,1262602271,4
1597494148,1291573712,4
1597494148,1444351896,14
1597494148,1562712175,5
1597494148,1808936407,16
1597494148,7112579856,12
1597835331,1442314421,15
1597835331,1599517714,3
1597835331,1940557189,3
1597835331,5812996568,5
1599517714,1107764430,5
1599517714,862269552,4
1599517714,862615150,4
1599517714,892259847,5
1599517714,892277609,3
1599517714,923648748,3
1599517714,955374862,3
1599517714,985714517,3
1620667669,1754374121,3
1620667669,1754374486,3
1620667669,1784730808,5
1620667669,1815773916,3
1621003660,1220270134,4
1621004685,1470237582,3
1621004685,1620667669,3
1621004685,1657525390,3
1621004685,1754374121,3
1621004685,1754711606,4
1621004685,1784738845,3
1621004685,1846812834,3
1621008677,1313702895,3
1621008677,1347126097,4
1621008677,1473332777,3
1621008677,1528577476,3
1621008677,1565729476,3
1621008677,1628528573,3
1621008677,1629163100,3
1621008677,1687831632,4
1621008677,1689239035,3
1621008677,1751666374,3
1621008677,1752962124,3
1621008677,1781333405,4
1621008677,1807572051,3
1621008677,1817448659,3
1621008677,1817453557,3
1621008677,1817457847,3
1621008677,1817457987,4
1621008677,1817790222,3
1621008677,1817790409,4
1621008677,1818473569,3
1621008677,1845772658,4
1621008677,1847810811,3
1621008677,1848156241,4
1621008677,1848496662,3
1621008677,1848824817,3
1621008677,1849179266,3
1621008677,1849507321,3
1621008677,1849520324,5
1621008677,1879877415,3
1621008677,1912600163,3
1621008677,5812988086,4
1621008677,5812999009,3
1621357756,1189559257,3
1621357756,1218901359,9
1621357756,1252665371,6
1621357756,1281324958,39
1621357756,1405231475,48
1621357756,1466861327,12
1621357756,1498574596,6
1621357756,1565846637,9
1621357756,1715459859,7
1621357756,1745821751,3
1621357756,1749258134,3
1621357756,1809264255,3
1621357756,1838257401,7
1621357756,1839288696,3
1621357756,1840636280,8
1621357756,1877939213,9
1621357756,1906159299,8
1621357756,1907578957,4
1621357756,1937875810,4
1621357756,2215161310,4
1621357756,2307027729,36
1621357756,5813024015,9
1621357756,5813061197,3
1621357756,5813069053,3
1622350949,1159555822,19
1622350949,1189230326,5
1622350949,1220257051,4
1622350949,1220270134,3
1622350949,1281324958,13
1622350949,1281998821,5
1622350949,1343045604,4
1622350949,1344392982,3
1622350949,1404446113,6
1622350949,1407873674,8
1622350949,1407874177,6
1622350949,1439203192,3
1622350949,1469947367,10
1622350949,1498574596,4
1622350949,1565846637,18
1622350949,1593417998,6
1622350949,1658990108,3
1622350949,1659331215,3
1622350949,1689994034,3
1622350949,1689994325,3
1622350949,1689994425,5
1622350949,1715459859,8
1622350949,1721025057,4
1622350949,1721365654,4
1622350949,1723386459,4
1622350949,1746858454,7
1622350949,1749275570,5
1622350949,1781328716,4
1622350949,1781674298,7
1622350949,1782714902,7
1622350949,1813054194,3
1622350949,1813399871,3
1622350949,1843744231,7
1622350949,1966864706,3
1622350949,5812994062,3
1622350949,5812994826,6
1622350949,5813023322,21
1622350949,5813023480,5
1622350949,5813038998,6
1622350949,5813042873,8
1622350949,5813045792,4
1622350949,5813047992,3
1622350949,5813055080,5
1622360309,1189567690,3
1622360309,1219592090,5
1622360309,1250277991,3
1622360309,1348153557,3
1622360309,1654413566,3
1622360309,1722307233,5
1622360309,1751666374,5
1622360309,1817453065,5
1622360309,1817453557,3
1622360309,1817463007,4
1622360309,1817790281,3
1622360309,1848828925,4
1622360309,1848837843,6
1622360309,1849161220,4
1622360309,1939904964,4
1622360309,5812992468,3
1622740353,1099199236,4
1622740353,1261229600,31
1622740353,1262602271,3
1622740353,1281998821,3
1622740353,1282348408,7
1622740353,1374442368,7
1622740353,1528253194,13
1622740353,1533063011,9
1622740353,1654802248,11
1623072504,1753354584,3
1623072504,1783038540,4
1623072504,1785408384,3
1623081361,1110906913,4
1623081361,1111243796,4
1623081361,1261229600,3
1623081361,1282844980,5
1623081361,1374784418,5
1623081361,1533040839,6
1623081361,1597493900,6
1623081361,1622740353,10
1623081361,1657517242,3
1623464400,1377841477,4
1623464400,1597493900,8
1623464400,1657517242,3
1623464436,1006984280,4
1623719786,1468877324,3
1623719786,1503413796,3
1623719786,1529635236,3
1623719786,1534785094,3
1624074309,1006984280,9
1624074309,1100404581,5
1624074309,1100404634,6
1624074309,1251654856,4
1624074309,1281324958,11
1624074309,1406147470,9
1624074309,1466998977,3
1624074309,1528253194,5
1624074309,1533040839,5
1624074309,1562785146,4
1624074309,1563126068,7
1624074309,1563467433,5
1624074309,1565846637,30
1624074309,1624747496,3
1624074309,1813391435,3
1624074309,1813732543,5
1624074309,5812990956,3
1624074309,5813069020,12
1624074309,950561202,3
1624083046,1261229600,5
1624418395,1406928592,3
1624418395,1438304067,3
1624418395,1468993852,3
1624418395,1500029052,3
1624418395,1500369887,4
1624418395,2181048794,4
1624418395,5813068748,6
1624418395,5813102910,4
1624747496,1100404581,7
1624747496,1100404634,8
1624747496,1281324958,5
1624747496,1356772884,3
1624747496,1406147470,3
1624747496,1563126068,3
1624747496,1563126151,5
1624747496,1563467433,3
1624747496,1565846637,15
1624747496,1719591388,4
1624747496,5812990157,3
1624747496,5812991470,3
1624747496,5813054748,4
1624747496,5813069020,12
1625080038,1189559257,6
1625080038,1218901359,4
1625080038,1251287671,3
1625080038,1281324958,25
1625080038,1405231475,34
1625080038,1405780725,3
1625080038,1438524573,4
1625080038,1466998977,13
1625080038,1562673627,3
1625080038,1565846637,20
1625080038,1627117134,4
1625080038,1688505620,7
1625080038,1749258134,4
1625080038,1781268241,4
1625080038,1840636280,3
1625080038,1874035952,7
1625080038,1876898200,7
1625080038,1876902545,3
1625080038,1877217777,3
1625080038,1878271377,7
1625080038,1906496111,4
1625080038,1907571222,7
1625080038,1907924777,9
1625080038,1907933561,6
1625080038,1936848448,3
1625080038,1937875810,3
1625080038,1938541380,6
1625080038,1938544937,5
1625080038,1998922583,7
1625080038,2307027729,35
1625080038,5813000577,8
1625080038,5813024015,32
1625080038,5813055129,3
1625080038,5813061197,3
1625080038,5813069053,10
1625080038,5813069377,5
1625080038,5901215446,4
1625191546,1006984280,5
1625191546,1037328706,3
1625191546,1100404581,25
1625191546,1100404634,44
1625191546,1466998977,7
1625191546,1563099587,3
1625191546,1563126151,3
1625191546,1565846637,30
1625191546,1626232238,3
1625191546,1626560096,5
1625191546,1657258136,4
1625191546,1657263439,3
1625191546,1657949330,4
1625191546,1686932677,3
1625191546,1717968338,5
1625191546,5813068748,3
1625800608,1189567690,5
1625800608,1347812305,3
1625800608,1472965897,5
1625800608,1593012939,4
1625800608,1654413566,4
1625800608,1659515529,3
1625800608,1690917721,3
1625800608,1747518018,5
1625800608,1748187330,5
1625800608,1750251452,3
1625800608,1812363713,3
1625800608,1814055949,3
1625800608,1817112855,4
1625800608,1817449375,3
1625800608,1817453257,5
1625800608,1817457847,4
1625800608,1817457984,3
1625800608,1817794820,4
1625800608,1848837843,3
1625800608,1849520324,4
1625800608,5812992219,3
1625804723,1079859469,3
1625804723,1109194016,4
1625804723,1110903093,3
1625804723,1111243796,3
1625804723,1111580845,3
1625804723,1138117141,5
1625804723,1138807924,4
1625804723,1139153136,3
1625804723,1167434000,4
1625804723,1169492931,5
1625804723,1439927802,4
1625804723,5812983845,3
1625804723,5813016380,7
1625804723,892259847,4
1625804774,1260192984,5
1625804774,1261229600,23
1625804774,1356772884,4
1625804774,1375482740,5
1625804774,1470950640,15
1625804774,1624074309,4
1625804774,1719250390,4
1625804774,1719953914,3
1625804774,1813732543,7
1625804774,5812989312,17
1625804774,5812990956,10
1625804774,5813069020,3
1626140980,1654405306,3
1626140980,1785076238,4
1626140980,5813048920,3
1626232238,1006984280,6
1626232238,1100404581,8
1626232238,1565846637,20
1626232238,1593815080,3
1626232238,1595866921,5
1626232238,1626573183,3
1626232238,1626919110,4
1626232238,1657259448,7
1626232238,5813068748,5
1626482563,1221971218,8
1626482563,1281303666,3
1626482563,1282007450,9
1626482563,1283013506,5
1626482563,1343749180,5
1626482563,1352684733,5
1626482563,1403392477,3
1626482563,1405231475,6
1626482563,1407179534,6
1626482563,1437850908,5
1626482563,1441598865,4
1626482563,1467548306,5
1626482563,1470971204,7
1626482563,1500598873,4
1626482563,1534363304,5
1626482563,1688164533,5
1626482563,1691259738,6
1626482563,1719595635,4
1626482563,1782364786,7
1626482563,1783051578,3
1626482563,1813403998,5
1626482563,1814418212,3
1626482563,1814777260,3
1626482563,1814781082,3
1626482563,1814781537,4
1626482563,1814781633,5
1626482563,1815471919,3
1626482563,1815826155,3
1626482563,1844750081,3
1626482563,1845449270,5
1626482563,1876147388,3
1626482563,1876484146,3
1626482563,1876492837,3
1626482563,1938195143,3
1626482563,2059978318,3
1626482563,2307027729,25
1626482563,5812998825,6
1626482563,5813023322,7
1626482563,5813034151,3
1626482563,5813038769,3
1626482563,5813038821,6
1626482563,5813038822,4
1626482563,5813038825,4
1626482563,5901214470,3
1626560096,1006984280,11
1626560096,1100404581,13
1626560096,1100404634,32
1626560096,1466998977,6
1626560096,1501664809,3
1626560096,1563122080,3
1626560096,1565846637,25
1626560096,1625191546,5
1626560096,1626922712,3
1626560096,1657263405,4
1626560096,1657263439,3
1626560096,1657603789,4
1626560096,1657949330,3
1626560096,1657949594,3
1626560096,1686932677,3
1626560096,1717968338,5
1626560096,5812991619,4
1626560096,5813068748,8
1626560949,1006984280,16
1626560949,1100404581,27
1626560949,1100404634,19
1626560949,1563122080,7
1626560949,1565846637,23
1626560949,1593815080,4
1626560949,1595853024,3
1626560949,1657258136,7
1626560949,1657258338,6
1626560949,1657949330,3
1626560949,1657949594,4
1626560949,1686932677,5
1626560949,5812991619,5
1626560949,5813068748,5
1626573183,1006984280,12
1626573183,1100404581,18
1626573183,1100404634,14
1626573183,1565846637,17
1626573183,1593815080,3
1626573183,1626560096,5
1626573183,1626573444,3
1626573183,1626919110,4
1626573183,1657258136,3
1626573183,1657263405,4
1626573183,1686932677,3
1626573183,1717968338,3
1626573183,1718645916,8
1626573183,5812991619,5
1626573444,1006984280,13
1626573444,1100404581,26
1626573444,1100404634,13
1626573444,1565846637,27
1626573444,1626560096,4
1626573444,1657258136,6
1626573444,1657259448,3
1626573444,1657263439,4
1626573444,1717968338,6
1626573444,1718645916,4
1626573444,1719678048,4
1626827782,1221971218,3
1626827782,1226887763,4
1626827782,1352684733,3
1626827782,1405231475,6
1626827782,1437850908,3
1626827782,1533683889,4
1626827782,1534363304,4
1626827782,1566411868,3
1626827782,1626482563,3
1626827782,1691259738,4
1626827782,1719595635,3
1626827782,1751329909,5
1626827782,1753674977,3
1626827782,1782369015,3
1626827782,1782369340,3
1626827782,1783051578,12
1626827782,1783051753,5
1626827782,1813403630,4
1626827782,1813403762,3
1626827782,1813403869,5
1626827782,1814414329,4
1626827782,1814426918,3
1626827782,1814777260,5
1626827782,1814781356,5
1626827782,1814781628,3
1626827782,1815126433,5
1626827782,1876147388,5
1626827782,2307027729,19
1626827782,5812996383,3
1626827782,5812998825,5
1626827782,5813023322,11
1626827782,5813034151,5
1626827782,5813038821,6
1626827782,5813038822,5
1626827782,5813050827,3
1626909735,1006984280,31
1626909735,1100404581,37
1626909735,1562785146,3
1626909735,1563126151,3
1626909735,1565846637,27
1626909735,1593815080,6
1626909735,1626922712,5
1626909735,1657949594,3
1626909735,5812994939,3
1626919110,1006984280,9
1626919110,1100404581,11
1626919110,1563126151,3
1626919110,1565846637,25
1626919110,1593815080,4
1626919110,1595866921,4
1626919110,1626232238,4
1626919110,1626560096,8
1626919110,1626560949,3
1626919110,1626573183,7
1626919110,1626922712,6
1626919110,1657258136,5
1626919110,1657258338,3
1626919110,1657259448,6
1626919110,1717968338,4
1626919110,1718645916,7
1626919110,1719678048,3
1626919110,5812991619,3
1626919110,5813068748,4
1626922712,1006984280,28
1626922712,1100404581,38
1626922712,1100404634,3
1626922712,1563122080,6
1626922712,1563126068,3
1626922712,1563126151,4
1626922712,1565846637,22
1626922712,1593815080,4
1626922712,1595853024,7
1626922712,1626909735,5
1626922712,1657258338,4
1626922712,5813068748,3
1627117134,1158864995,3
1627117134,1281324958,4
1627117134,1405231475,46
1627117134,1438524573,4
1627117134,1466998977,14
1627117134,1471601440,7
1627117134,1503999967,5
1627117134,1562673627,4
1627117134,1565846637,18
1627117134,1688505620,4
1627117134,1781268241,7
1627117134,1815070402,3
1627117134,1845078711,3
1627117134,1876471221,5
1627117134,1876902545,7
1627117134,1877217777,3
1627117134,1906496111,6
1627117134,1907519001,4
1627117134,1907571222,3
1627117134,1907578957,6
1627117134,1907587934,3
1627117134,1907933561,3
1627117134,1908226457,4
1627117134,1938207942,5
1627117134,1938544937,4
1627117134,2307027729,35
1627117134,5812993692,3
1627117134,5813023322,4
1627117134,5813024015,38
1627117134,5813055129,10
1627131491,1221971218,3
1627131491,1282007450,5
1627131491,1283013506,3
1627131491,1403392477,3
1627131491,1437850908,5
1627131491,1438908304,4
1627131491,1470971204,3
1627131491,1500598873,9
1627131491,1530636214,3
1627131491,1534363304,4
1627131491,1688164533,4
1627131491,1719225241,3
1627131491,1782369015,3
1627131491,1782369340,3
1627131491,1783051753,3
1627131491,1811630361,3
1627131491,1813403762,5
1627131491,1813403953,4
1627131491,1813403998,3
1627131491,1814777260,4
1627131491,1814781082,4
1627131491,1814781633,3
1627131491,1815131045,3
1627131491,1815480848,3
1627131491,1815809293,5
1627131491,2307027729,25
1627131491,5812996383,3
1627131491,5812998825,3
1627131491,5813023322,8
1627131491,5813038821,3
1627131491,5813050827,5
1627131491,5901214470,8
1627509034,1167438189,4
1627509034,1200541130,3
1627509034,1232594718,3
1627509034,1563389824,3
1627509034,1658199518,3
1627509034,5812986572,3
1627509034,5812989550,3
1627509034,5813069020,3
1627509673,1376800240,3
1627509673,1685776284,3
1627509673,1815769521,4
1627509673,1847819222,3
1627509673,5813034099,3
1627561374,1080196056,3
1627561374,1109194016,4
1627561374,1406583670,3
1627561374,1407873674,4
1627561374,1407874177,3
1627561374,1445445434,3
1627561374,1565846637,4
1627561374,1658644171,3
1627561374,1689993656,4
1627561374,862615150,3
1627890175,1189230326,3
1627890175,1504342382,6
1627890175,1565846637,7
1627890175,1628230708,4
1627890175,1658644171,3
1627890175,1658990108,5
1627890175,1659331215,4
1627890175,1689989557,3
1627890175,1689994325,5
1627890175,1689994425,4
1627890175,1690011142,4
1627890175,1721025057,3
1627890175,1721365654,7
1627890175,1843744231,3
1627890175,5812995757,3
1627890175,5813023322,10
1627890175,5813038998,3
1627890175,5813045792,3
1628140423,1719902535,4
1628140423,1754369991,6
1628140423,1784393992,3
1628140423,1784441060,3
1628140423,1784730808,3
1628140423,1785076238,3
1628140423,1813373584,3
1628140423,1816456312,3
1628140423,1878543927,4
1628140423,5812993678,3
1628187260,1343378332,3
1628187260,1563393697,4
1628187260,1719902535,3
1628187260,1721586536,3
1628187260,1752671998,3
1628187260,1753691232,4
1628187260,1754370313,4
1628187260,1815087643,3
1628187260,5813039336,3
1628192050,1377814057,6
1628192050,1746546621,3
1628192050,1753359080,5
1628192050,1753691232,3
1628192050,1753695198,3
1628192050,1753695387,3
1628192050,1753695620,3
1628192050,1784402781,3
1628192050,1906836822,3
1628192050,5901203642,4
1628230708,1159555822,7
1628230708,1189230326,7
1628230708,1222332850,3
1628230708,1343045604,3
1628230708,1407873674,4
1628230708,1439203192,6
1628230708,1565846637,10
1628230708,1622350949,3
1628230708,1627890175,5
1628230708,1657525433,7
1628230708,1658644171,5
1628230708,1658990108,4
1628230708,1689989271,7
1628230708,1689989557,4
1628230708,1689993656,4
1628230708,1689994034,3
1628230708,1689994425,3
1628230708,1690020010,3
1628230708,1721365654,3
1628230708,1746858454,3
1628230708,1782714902,4
1628230708,1783068831,3
1628230708,1813054194,10
1628230708,1845117373,7
1628230708,1907584319,4
1628230708,1966864706,3
1628230708,2059295981,12
1628230708,5812995757,4
1628230708,5813023322,11
1628230708,5813045792,3
1628528573,1158877783,3
1628528573,1221280490,3
1628528573,1467859487,4
1628528573,1471610338,3
1628528573,1562707421,4
1628528573,1589972966,3
1628528573,1714791446,3
1628528573,1722307233,4
1628528573,1753670596,3
1628528573,1776865370,4
1628528573,1813382259,3
1628528573,1818136404,4
1628528573,1848483949,4
1628528573,1848492258,4
1628528573,1848496662,3
1628528573,1848837843,5
1628528573,1878845629,3
1628528573,1879877415,3
1628528573,5812992219,3
1628528573,5813038918,4
1628869271,1079855015,3
1628869271,1110562345,4
1628869271,1110894595,4
1628869271,1253700547,3
1628869271,1261229600,5
1628869271,1281324958,3
1628869271,1377841477,10
1628869271,1533040839,5
1628869271,1597493900,4
1628869271,1625804774,16
1628869271,1718227906,3
1628869271,1719591388,18
1628869271,1746858454,4
1628869271,1968215498,4
1628869271,5813041801,3
1629163100,1189567690,3
1629163100,1221280490,3
1629163100,1221285175,8
1629163100,1347126097,3
1629163100,1467859487,3
1629163100,1472965897,3
1629163100,1530606252,3
1629163100,1562707421,3
1629163100,1565729476,3
1629163100,1684443103,4
1629163100,1753670596,6
1629163100,1808241116,3
1629163100,1817112855,3
1629163100,1817449229,3
1629163100,1817458052,3
1629163100,1817785661,3
1629163100,1817794820,3
1629163100,1848138779,4
1629163100,1849179266,3
1629163100,1849520324,3
1629163100,1875460978,3
1629163100,1879877415,3
1629163100,1880887003,3
1629163100,1912600163,3
1629163100,5812992219,3
1629163100,5812993994,4
1629163100,5813060163,3
1629206279,1005858013,6
1629206279,1128572709,7
1629206279,1260197431,9
1629206279,1260884244,16
1629206279,1356772884,4
1629206279,1375482740,3
1629206279,1377841477,3
1629206279,1418186940,4
1629206279,1449225711,3
1629206279,1470950640,5
1629206279,1503331732,5
1629206279,1533338992,9
1629206279,1564097399,3
1629206279,1566799785,4
1629206279,1597493900,16
1629206279,2154767014,3
1629206279,5812990956,3
1629206279,5812991476,8
1629206279,5812996568,3
1629206279,5813044940,4
1629206279,5813054748,9
1629206279,5813069020,5
1651701899,1252665371,4
1651701899,1871031444,4
1652725444,1220270134,3
1652725444,1410235604,3
1652725444,1440567395,3
1652725444,1497875250,3
1652725444,1530704811,6
1652725444,1533723752,3
1652725444,1558605806,3
1652725444,1559948889,3
1652725444,1562404815,5
1652725444,1563095512,3
1652725444,1564123481,5
1652725444,1565496703,5
1652725444,1566856415,3
1652725444,1589972966,5
1652725444,1776865370,5
1652725444,2121707030,4
1653390223,1535718148,3
1653390223,1689242749,3
1653390223,1691574966,3
1653390223,1714113234,3
1653390223,1753359145,3
1653390223,1784398330,4
1653390223,1785408640,3
1653390223,5812993314,3
1654068522,1784398319,3
1654068522,5812991748,3
1654120086,1228264951,6
1654405306,1784052291,3
1654405904,1748187188,5
1654405904,1753690864,3
1654405904,1753695387,3
1654405904,1814751048,4
1654413566,1158877703,3
1654413566,1158877783,3
1654413566,1562707421,3
1654413566,1622360309,4
1654413566,1625800608,3
1654413566,1689187126,3
1654413566,1751666374,3
1654413566,1781333405,3
1654413566,1783361972,4
1654413566,1817448921,3
1654413566,1817449229,4
1654413566,1817457808,4
1654413566,1817457984,3
1654413566,1817458164,3
1654413566,1817790176,3
1654413566,1848151877,3
1654413566,1875460978,3
1654413566,1876820783,4
1654413566,1879877415,3
1654413566,1939904964,3
1654413566,2029624973,3
1654413566,5812993994,3
1654413566,5813038918,3
1654525956,5813069528,4
1654525956,892609630,3
1654525956,985714517,3
1654802248,1282348408,6
1654802248,1290209390,3
1654802248,1529933124,3
1654802248,1532410248,5
1654802248,1562712175,3
1654802248,1810659099,3
1654802248,1968215498,3
1654818612,1319587380,3
1654818612,1499226615,3
1654818612,1502635634,5
1654818612,1565833050,3
1654818612,1594126047,5
1654818612,1747569967,3
1654818612,1849166071,4
1655458719,1407269350,3
1655458719,1437959040,3
1655458719,731736853,3
1655474822,1221285175,5
1655474822,1471607030,4
1655474822,1471610338,4
1655474822,1747181914,3
1655474822,1747518018,3
1655474822,1753670596,3
1655474822,1812696567,4
1655474822,1814729223,3
1655474822,1817444670,5
1655474822,1844421716,5
1655474822,1848143184,3
1655474822,1848824817,3
1655474822,1876820783,3
1655474822,2245501457,3
1655474822,5812991769,3
1655474822,5812992219,3
1655474822,5813034336,3
1655475659,1717899720,4
1655475659,1722333743,4
1655475659,1723023890,3
1655479310,1657180509,3
1655479310,1688211725,3
1655479310,1723024021,4
1655496596,1281649467,3
1655496596,1468877324,4
1655496596,1503413234,3
1655496596,1503754316,3
1655496596,1532060598,3
1655496596,1532401650,3
1655496596,1817458164,3
1655496596,5813062668,3
1655497024,1261229600,3
1655497024,1504423804,4
1655497024,1532060598,3
1655497024,1532401533,4
1655497024,1564123481,4
1655497024,1566519741,3
1655497024,1655496596,3
1655497024,1658199518,3
1655497024,1683440362,3
1655497024,1807572051,3
1655497024,1869649833,3
1655497024,1906137714,3
1655497024,2028261229,4
1655497024,5812989167,3
1655497024,5813038918,5
1656153289,1221280490,3
1656153289,1221285175,4
1656153289,1250277991,4
1656153289,1348153557,3
1656153289,1435822283,3
1656153289,1471610338,6
1656153289,1473332777,3
1656153289,1655474822,3
1656153289,1689187126,3
1656153289,1722307233,5
1656153289,1747181914,4
1656153289,1779567374,4
1656153289,1813382259,4
1656153289,1817444670,3
1656153289,1818473569,3
1656153289,1845772658,3
1656153289,1847806203,3
1656153289,1879877415,8
1656153289,5812999009,5
1656157224,1753359149,3
1656157224,1753363739,3
1656157224,1815773781,4
1656157451,1714138461,3
1656157451,1717894837,3
1656157451,1721659644,4
1656157451,1722670422,5
1656157606,1656834849,3
1656157606,1717153009,3
1656157606,1784389055,4
1656157606,1784441060,3
1656157606,5813034101,3
1656157978,1593401239,3
1656157978,1722336935,4
1656157978,1751330026,3
1656494569,1690266485,3
1656494569,5813038880,3
1656494569,5901203099,3
1656792632,1006984280,3
1656792632,1100404581,9
1656792632,1100404634,24
1656792632,1356772884,3
1656792632,1466998977,10
1656792632,1562785146,3
1656792632,1563099587,5
1656792632,1565846637,17
1656792632,1624747496,4
1656792632,1657603789,5
1656792632,1657949330,7
1656792632,1657949594,5
1656792632,5812994939,4
1656792632,5812997245,5
1656792632,5813068748,4
1656834653,1158877783,3
1656834653,1219592090,6
1656834653,1221280490,3
1656834653,1221285175,3
1656834653,1435822283,3
1656834653,1473648518,3
1656834653,1654413566,4
1656834653,1714791446,3
1656834653,1814060070,4
1656834653,1817112807,3
1656834653,1817458052,6
1656834653,1817786077,4
1656834653,1817794820,4
1656834653,1844421716,3
1656834653,1847810811,4
1656834653,1848837843,3
1656834653,1849503142,3
1656834653,1879519066,3
1656834653,1939904964,6
1656834653,5813068239,3
1656834679,1441589107,3
1656834679,1718863441,4
1656834679,1753695866,3
1656834679,1754033072,3
1656834679,1785076238,4
1656834849,1753358619,3
1656834849,1753695576,3
1656834849,1753696105,3
1656834849,1784398302,3
1656834849,1785740683,4
1656834849,1934470099,3
1656839128,1753359129,3
1656839128,1784389055,4
1656839788,1655479310,4
1657184761,1435126790,4
1657184761,1751257274,4
1657184761,1751943911,5
1657184761,1753695329,3
1657184761,1754715820,3
1657184761,1785067611,3
1657184761,1785400064,6
1657184761,1935843067,3
1657184761,5812997387,3
1657258136,1006984280,22
1657258136,1100404581,15
1657258136,1100404634,7
1657258136,1563099587,4
1657258136,1563122080,4
1657258136,1563126151,6
1657258136,1565846637,27
1657258136,1593815080,4
1657258136,1625191546,3
1657258136,1626560096,6
1657258136,1626560949,8
1657258136,1626573183,4
1657258136,1626919110,3
1657258136,1626922712,3
1657258136,1657258338,4
1657258136,1657263405,3
1657258136,1717968338,4
1657258136,1718308979,3
1657258136,1814733827,3
1657258136,5813068748,4
1657258338,1006984280,27
1657258338,1100404581,30
1657258338,1562781110,4
1657258338,1565846637,9
1657258338,1595853024,3
1657258338,1626560949,3
1657258338,1626909735,3
1657258338,1626919110,3
1657258338,1626922712,3
1657258338,1657258136,3
1657258338,1657259448,4
1657258338,1657603789,3
1657258338,1657949594,3
1657258338,5813068748,4
1657259448,1006984280,15
1657259448,1037328706,5
1657259448,1100404581,20
1657259448,1562781110,3
1657259448,1565846637,6
1657259448,1626232238,3
1657259448,1626919110,5
1657259448,1717968338,3
1657259448,1719678048,3
1657259448,5813068748,10
1657263405,1006984280,15
1657263405,1100404581,17
1657263405,1100404634,16
1657263405,1565846637,37
1657263405,1595866921,3
1657263405,1625191546,3
1657263405,1626232238,3
1657263405,1626560096,3
1657263405,1626573444,6
1657263405,1657258136,5
1657263405,1657603789,3
1657263405,1717968338,5
1657263405,1718645916,5
1657263405,1719678048,6
1657263405,5812991619,9
1657263405,731736853,3
1657263439,1100404581,22
1657263439,1100404634,12
1657263439,1565846637,23
1657263439,1593815080,3
1657263439,1626232238,3
1657263439,1626573444,3
1657263439,1686932677,3
1657263439,1717968338,5
1657263439,1718308979,3
1657263439,1718645916,5
1657263439,5812991619,3
1657263439,5813068748,5
1657266898,1006984280,4
1657266898,1100404581,8
1657266898,1563126151,4
1657266898,1565846637,15
1657266898,1595866921,4
1657266898,1626232238,4
1657266898,1626560949,3
1657266898,1626919110,6
1657266898,1657258136,4
1657266898,1657259448,4
1657266898,1657263439,4
1657266898,1717968338,3
1657266898,1718308979,4
1657266898,1937879935,4
1657266898,5812991619,3
1657266898,5813068748,5
1657516638,1261229600,9
1657516638,1282348408,4
1657516638,1470950640,8
1657516638,5812989312,10
1657517242,1080537610,4
1657517242,1080541849,3
1657517242,5813081845,3
1657517242,862615150,11
1657525390,1688893211,4
1657525390,1753695387,3
1657525390,1753695941,3
1657525390,1815713979,4
1657525433,1439203192,8
1657525433,1565846637,23
1657525433,1622350949,4
1657525433,1627890175,3
1657525433,1628230708,5
1657525433,1658644171,5
1657525433,1658990108,3
1657525433,1659331215,6
1657525433,1689989271,6
1657525433,1689989557,4
1657525433,1689993656,4
1657525433,1689994034,7
1657525433,1689994325,3
1657525433,1689994425,4
1657525433,1690015835,3
1657525433,1690020010,6
1657525433,1721020290,7
1657525433,1723386459,11
1657525433,1781328716,3
1657525433,1782714902,6
1657525433,1813054194,3
1657525433,1843744231,3
1657525433,1845117373,7
1657525433,2059295981,7
1657525433,5812995757,4
1657525433,5812999862,3
1657525433,5813023322,5
1657539428,1006984280,4
1657539428,1629206279,3
1657539428,2185481747,5
1657539428,2220920100,4
1657539428,5813069020,6
1657603789,1100404581,16
1657603789,1100404634,35
1657603789,1466998977,15
1657603789,1563099587,5
1657603789,1565846637,17
1657603789,1656792632,8
1657603789,1657949330,3
1657603789,1657949594,3
1657603789,5813068748,6
1657940629,1006984280,7
1657940629,1100404634,14
1657940629,1565846637,4
1657940629,1629206279,3
1657949330,1006984280,3
1657949330,1100404581,5
1657949330,1100404634,31
1657949330,1251654856,4
1657949330,1466998977,27
1657949330,1565846637,12
1657949330,1595853024,3
1657949330,1656792632,10
1657949330,1657603789,3
1657949330,1657949594,5
1657949330,1686932677,3
1657949594,1006984280,8
1657949594,1100404581,9
1657949594,1100404634,40
1657949594,1466998977,22
1657949594,1563467433,3
1657949594,1565846637,30
1657949594,1626560949,5
1657949594,1626909735,3
1657949594,1656792632,3
1657949594,1657263405,3
1657949594,1657949330,4
1657949594,1813732543,3
1657949594,5812994939,5
1657949594,5901196898,3
1658199518,1168815348,6
1658199518,1198477582,7
1658199518,1199850242,11
1658199518,1229507863,4
1658199518,1261229600,12
1658199518,1534059927,5
1658199518,1938536260,4
1658290299,1072063538,3
1658290299,1374438280,3
1658290299,1439590350,3
1658290299,1564097399,5
1658290299,1565846637,3
1658290299,5813068748,3
1658518741,1659904546,3
1658518741,5813022538,4
1658643766,1189230326,3
1658643766,1220257051,4
1658643766,1281324958,6
1658643766,1343045604,4
1658643766,1407873674,4
1658643766,1407874177,3
1658643766,1439203192,6
1658643766,1469269528,4
1658643766,1565846637,51
1658643766,1593417998,4
1658643766,1658644171,3
1658643766,1658990108,3
1658643766,1689989271,6
1658643766,1689993656,4
1658643766,1689994034,3
1658643766,1689994425,8
1658643766,1690015835,8
1658643766,1719953914,5
1658643766,1721020290,10
1658643766,1723386459,5
1658643766,1746858454,3
1658643766,1781674298,3
1658643766,1782714902,10
1658643766,1783068831,8
1658643766,1813054194,9
1658643766,1813399871,6
1658643766,1843744231,17
1658643766,1966864706,11
1658643766,2059295981,7
1658643766,5812994062,3
1658643766,5812998137,12
1658643766,5812999862,4
1658643766,5813023322,20
1658643766,5813031567,14
1658643766,5813038319,4
1658643766,5813038998,9
1658643766,5813042873,7
1658643766,5813045792,5
1658643766,5813055080,6
1658643766,5813069046,6
1658644171,1220257051,5
1658644171,1222332850,6
1658644171,1344392982,5
1658644171,1404446113,5
1658644171,1407873674,12
1658644171,1439203192,8
1658644171,1469269528,3
1658644171,1565846637,23
1658644171,1593417998,3
1658644171,1628230708,3
1658644171,1657525433,6
1658644171,1658643766,6
1658644171,1660219098,3
1658644171,1689989557,3
1658644171,1689993656,5
1658644171,1689994034,4
1658644171,1689994425,3
1658644171,1690015835,4
1658644171,1690020010,5
1658644171,1721020290,7
1658644171,1721365654,4
1658644171,1749275570,3
1658644171,1781328716,4
1658644171,1781674298,3
1658644171,1782714902,7
1658644171,1813399871,8
1658644171,1843744231,12
1658644171,2059295981,10
1658644171,5812994062,4
1658644171,5812994826,3
1658644171,5812999862,6
1658644171,5813023322,16
1658644171,5813031567,4
1658644171,5813038319,4
1658644171,5813042873,4
1658881325,1219592090,6
1658881325,1467859487,5
1658881325,1473332777,4
1658881325,1473648518,4
1658881325,1528577476,4
1658881325,1659515529,3
1658881325,1807572051,3
1658881325,1814055949,3
1658881325,1817448659,4
1658881325,1817449229,3
1658881325,1817452948,4
1658881325,1817453257,4
1658881325,1817457808,4
1658881325,1817457847,6
1658881325,1817457984,3
1658881325,1848151236,3
1658881325,1876820783,3
1658881325,2029624973,5
1658990108,1159555822,6
1658990108,1189230326,6
1658990108,1220257051,4
1658990108,1281324958,3
1658990108,1343045604,7
1658990108,1407873674,6
1658990108,1407874177,3
1658990108,1565846637,19
1658990108,1593417998,5
1658990108,1628230708,7
1658990108,1658644171,3
1658990108,1659331215,3
1658990108,1689994034,6
1658990108,1689994325,6
1658990108,1689994425,3
1658990108,1690011290,3
1658990108,1690015835,6
1658990108,1690020010,3
1658990108,1721025057,4
1658990108,1721365654,9
1658990108,1749258134,3
1658990108,1783068831,3
1658990108,1843744231,8
1658990108,1845117373,5
1658990108,2059295981,8
1658990108,5812994826,5
1658990108,5813023322,10
1658990108,5813045792,5
1659226661,1621004685,3
1659226661,1753354492,3
1659226661,1753354584,3
1659226661,1784739629,3
1659226661,1847819222,3
1659231557,5813054443,4
1659331215,1189230326,4
1659331215,1343045604,3
1659331215,1565846637,13
1659331215,1622350949,5
1659331215,1657525433,4
1659331215,1658990108,4
1659331215,1660219098,5
1659331215,1689989557,3
1659331215,1689993656,5
1659331215,1689994034,8
1659331215,1689994425,6
1659331215,1690011290,3
1659331215,1721365654,4
1659331215,1782714902,5
1659331215,1813054194,3
1659331215,1843744231,4
1659331215,1845117373,3
1659331215,5812994826,4
1659331215,5813023322,7
1659331215,5813038319,3
1659331215,5813045792,3
1659515529,1497200791,3
1659515529,1621008677,4
1659515529,1629163100,3
1659515529,1751666374,3
1659515529,1752962124,3
1659515529,1807572051,3
1659515529,1813382259,3
1659515529,1814729788,3
1659515529,1817448971,3
1659515529,1817449059,3
1659515529,1817457987,3
1659515529,1845772658,3
1659515529,1876820783,3
1659904546,1325405571,4
1660198276,914100101,3
1660219098,1189230326,8
1660219098,1343045604,5
1660219098,1404446113,6
1660219098,1407873674,5
1660219098,1407874177,3
1660219098,1469269528,4
1660219098,1565846637,10
1660219098,1658990108,4
1660219098,1659331215,6
1660219098,1689989271,4
1660219098,1689989557,5
1660219098,1689993656,4
1660219098,1689994034,10
1660219098,1689994325,7
1660219098,1690011142,5
1660219098,1690015835,5
1660219098,1690020010,6
1660219098,1721025057,3
1660219098,1721365654,6
1660219098,1723386459,5
1660219098,1746858454,4
1660219098,1781328716,4
1660219098,1783068831,4
1660219098,1843744231,3
1660219098,1845117373,3
1660219098,1966864706,6
1660219098,5812995757,5
1660219098,5813023322,4
1660219098,5813042873,3
1660219098,5813045792,3
1660241426,1260884244,4
1660241426,5813023434,4
1660241426,857456902,4
1661588290,1285849916,3
1661588290,1437276654,3
1661588290,862269552,6
1661588290,862615150,12
1661588290,892259847,10
1661588290,892963477,3
1661588290,925003837,6
1661588290,985722546,10
1681683226,1806885454,5
1681683226,1837920218,4
1682707330,1040013335,3
1682707330,1343749180,3
1682707330,1405231475,5
1682707330,1407179534,6
1682707330,1438908304,5
1682707330,1470971204,6
1682707330,1533683889,4
1682707330,1627131491,3
1682707330,1719225241,3
1682707330,1782364786,3
1682707330,1782369015,4
1682707330,1782369340,3
1682707330,1811630361,6
1682707330,1814780768,4
1682707330,1814781082,5
1682707330,1814781356,6
1682707330,1814781633,7
1682707330,1815471919,3
1682707330,1815480848,3
1682707330,1815826155,6
1682707330,1845449270,5
1682707330,1872033743,3
1682707330,2307027729,17
1682707330,5812999264,3
1682707330,5813023322,11
1682707330,5813023480,3
1682707330,5901214470,3
1683440362,1261229600,4
1683440362,1289238742,8
1683440362,1289238841,5
1683440362,1289238970,3
1683440362,1289574643,3
1683440362,1319579283,3
1683440362,1319583205,3
1683440362,1319587003,3
1683440362,1319591480,5
1683440362,1319911391,4
1683440362,1350613510,5
1683440362,1443682977,3
1683440362,1444024342,4
1683440362,1532358825,7
1683440362,1597493900,4
1683440362,1808267138,6
1683440362,1908528698,3
1683440362,5812988063,3
1683756677,1846812834,3
1683756677,5813034099,3
1684204798,1563099587,10
1684204798,1815895547,3
1684443103,1345079276,3
1684443103,1467859487,3
1684443103,1687831632,4
1684443103,1689200671,4
1684443103,1719928105,3
1684443103,1817448971,4
1684443103,1817453257,3
1684443103,1817785661,3
1684443103,1817790176,3
1684443103,1848151236,3
1684443103,1848151571,3
1684443103,1848837843,3
1684443103,1849503142,3
1684443103,5812992219,3
1684451749,1228264951,25
1684451749,1558605806,3
1684451749,5813023322,11
1685147024,1139153136,5
1685147024,1198123389,3
1685147024,1251654856,6
1685147024,1508118556,3
1685147024,1533040839,3
1685147024,1625804774,5
1685555983,1223127391,5
1685555983,1285197124,8
1685555983,1439962910,3
1685555983,1629206279,4
1685555983,1810659099,3
1685555983,1871717951,5
1685555983,1875469390,3
1685555983,1904117032,9
1685555983,2031279383,4
1685555983,5901197740,3
1685555983,731736853,8
1685776284,1753695482,3
1685776284,1754028266,3
1685776284,1786091589,3
1686190133,1560311044,3
1686190133,1906137714,4
1686190133,5813054477,3
1686518948,1749957344,3
1686518948,1753354492,3
1686518948,1815432882,3
1686518948,1816114845,3
1686932677,1100404581,19
1686932677,1100404634,31
1686932677,1466998977,10
1686932677,1565846637,18
1686932677,1625191546,5
1686932677,1657259448,3
1686932677,1657949330,4
1686932677,5812991619,6
1686932677,5812994939,3
1686932677,5813068748,5
1686932677,5813068840,3
1686932677,918529614,3
1687831632,1158877703,4
1687831632,1313702895,4
1687831632,1375769049,3
1687831632,1472965897,4
1687831632,1621008677,3
1687831632,1654413566,3
1687831632,1750251452,3
1687831632,1817453257,3
1687831632,1817790176,3
1687831632,1847806203,4
1687831632,1848151571,3
1687831632,1848837843,3
1687831632,1878845629,4
1687874335,1158191562,3
1687874335,1289238841,3
1687874335,1502635634,5
1687874335,1529923621,3
1687874335,1563441250,3
1687874335,1564075996,4
1687874335,1566173885,4
1687874335,1566514866,6
1687874335,1566519250,3
1687874335,1566852153,3
1687874335,1594126040,6
1687874335,1594126047,3
1687874335,1817458164,3
1687874335,5812987890,3
1688164533,1283013506,4
1688164533,1343749180,3
1688164533,1405231475,10
1688164533,1534363304,4
1688164533,1626482563,7
1688164533,1626827782,3
1688164533,1691259738,4
1688164533,1719225241,4
1688164533,1719595635,3
1688164533,1782369015,3
1688164533,1782369340,4
1688164533,1783051578,5
1688164533,1783051753,3
1688164533,1813403630,4
1688164533,1813403762,3
1688164533,1813403998,3
1688164533,1814414329,3
1688164533,1814422650,5
1688164533,1814426918,3
1688164533,1814780768,3
1688164533,1814781537,4
1688164533,1815480848,3
1688164533,1844750081,3
1688164533,1876147388,4
1688164533,1938195143,3
1688164533,2059978318,4
1688164533,2307027729,27
1688164533,5812998825,5
1688164533,5812999264,3
1688164533,5813023322,6
1688164533,5813034151,5
1688164533,5813038769,3
1688164533,5813038821,7
1688164533,5813038822,3
1688164533,5813050827,5
1688164533,5901214470,3
1688211725,1158191622,3
1688211725,1722670397,3
1688302103,1100404634,15
1688302103,1564097484,3
1688302103,1565846637,5
1688302103,1596091814,3
1688302103,5812991470,3
1688505620,1158864995,4
1688505620,1281324958,25
1688505620,1405231475,43
1688505620,1405780725,5
1688505620,1466998977,14
1688505620,1471601440,5
1688505620,1503999967,5
1688505620,1565846637,13
1688505620,1625080038,5
1688505620,1745821751,4
1688505620,1749258134,4
1688505620,1782668028,10
1688505620,1815070402,4
1688505620,1874035952,4
1688505620,1876894387,3
1688505620,1876898200,7
1688505620,1876902545,5
1688505620,1878271377,3
1688505620,1906496111,3
1688505620,1907156409,4
1688505620,1907519001,7
1688505620,1907571222,12
1688505620,1907584319,8
1688505620,1907933561,4
1688505620,1938541380,7
1688505620,2307027729,34
1688505620,5812998136,3
1688505620,5813024015,43
1688505620,5813055129,5
1688505620,5813069053,4
1688505620,5901215446,6
1688526691,1047787967,4
1688526691,1380206312,4
1688526691,1469227143,5
1688526691,5813048880,3
1688526691,985377724,6
1688540066,1418186940,3
1688573830,1005858013,3
1688573830,1597493900,5
1688573830,1629206279,4
1688573830,5813069020,5
1688868386,1200523558,5
1688868386,1377841477,3
1688868386,1471600919,3
1688892924,1593743279,4
1688892924,1784389055,3
1688893211,1534012511,3
1688893211,1657525390,3
1688893211,1717153009,3
1688893211,1754033051,3
1688893211,1784389603,3
1688893211,5813038879,6
1689187126,1219592090,3
1689187126,1313702895,4
1689187126,1562707421,3
1689187126,1656153289,4
1689187126,1656834653,3
1689187126,1659515529,3
1689187126,1689915765,5
1689187126,1722307233,8
1689187126,1776865370,5
1689187126,1781324410,3
1689187126,1813382259,3
1689187126,1817444315,4
1689187126,1817799390,3
1689187126,1818473569,3
1689187126,1844421716,3
1689187126,1847810811,3
1689187126,1847815147,4
1689187126,1848151877,3
1689187126,1849503142,3
1689187126,1974682390,3
1689187126,5813068239,4
1689200671,1471610338,3
1689200671,1472965897,4
1689200671,1565729476,3
1689200671,1625800608,3
1689200671,1689239035,3
1689200671,1690917721,3
1689200671,1714791446,4
1689200671,1722307233,3
1689200671,1751262627,3
1689200671,1812363713,3
1689200671,1817452948,4
1689200671,1817453065,3
1689200671,1817453257,3
1689200671,1817457847,3
1689200671,1817457987,5
1689200671,5812999009,4
1689200671,5813038679,3
1689200671,5813068239,3
1689239035,1221285175,5
1689239035,1348153557,3
1689239035,1562707421,4
1689239035,1752672460,3
1689239035,1753670596,3
1689239035,1817112855,3
1689239035,1817453257,3
1689239035,1817790281,3
1689239035,1848151236,3
1689239035,1848496662,3
1689239035,1848837843,4
1689239035,1849161220,3
1689239035,1849178917,3
1689239035,1849179266,3
1689239035,1879519066,3
1689239035,1912600163,3
1689239035,1939904964,4
1689239035,2029624973,3
1689239035,5812991769,3
1689239035,5812992468,4
1689242749,1628187260,4
1689242749,1656157606,4
1689242749,1683756677,4
1689242749,1721305372,3
1689242749,1847819222,3
1689242749,5901211214,3
1689915765,1221280490,5
1689915765,1347126097,3
1689915765,1375769049,5
1689915765,1405788552,3
1689915765,1530606252,3
1689915765,1563355501,3
1689915765,1654413566,3
1689915765,1750251452,4
1689915765,1807572051,7
1689915765,1817112807,3
1689915765,1817444315,3
1689915765,1817457987,5
1689915765,1848151571,3
1689915765,1849161407,5
1689915765,1876820783,3
1689989271,1189230326,3
1689989271,1220257051,5
1689989271,1222332850,3
1689989271,1407874177,6
1689989271,1439203192,3
1689989271,1565846637,13
1689989271,1628230708,5
1689989271,1657525433,8
1689989271,1658643766,5
1689989271,1660219098,7
1689989271,1689993656,4
1689989271,1689994034,5
1689989271,1689994425,6
1689989271,1690011142,5
1689989271,1690015835,3
1689989271,1690020010,5
1689989271,1721020290,4
1689989271,1721025057,3
1689989271,1721365654,6
1689989271,1781328716,8
1689989271,1782714902,7
1689989271,1813054194,4
1689989271,1845117373,7
1689989271,5813023322,10
1689989271,5813038319,4
1689989557,1189230326,4
1689989557,1407874177,3
1689989557,1439203192,5
1689989557,1565846637,6
1689989557,1622350949,3
1689989557,1627890175,3
1689989557,1657525433,3
1689989557,1659331215,6
1689989557,1689993656,3
1689989557,1689994034,11
1689989557,1689994425,8
1689989557,1690011142,4
1689989557,1690011290,4
1689989557,1690015835,3
1689989557,1721025057,3
1689989557,1721365654,6
1689989557,1746858454,3
1689989557,1781328716,4
1689989557,1845117373,4
1689989557,2059295981,7
1689989557,5812994062,3
1689989557,5812994826,3
1689989557,5812995757,3
1689989557,5813023322,9
1689993656,1220257051,6
1689993656,1222332850,4
1689993656,1405231475,4
1689993656,1407873674,8
1689993656,1407874177,10
1689993656,1469269528,3
1689993656,1565846637,22
1689993656,1593417998,4
1689993656,1622350949,6
1689993656,1628230708,7
1689993656,1657525433,4
1689993656,1658643766,3
1689993656,1658644171,4
1689993656,1659331215,5
1689993656,1660219098,4
1689993656,1689989271,8
1689993656,1689994034,6
1689993656,1689994325,3
1689993656,1689994425,3
1689993656,1690011290,4
1689993656,1690015835,3
1689993656,1721025057,3
1689993656,1721365654,5
1689993656,1781328716,4
1689993656,1813054194,14
1689993656,1813399871,4
1689993656,1845117373,3
1689993656,1966864706,12
1689993656,5812995757,4
1689993656,5813023322,20
1689993656,5813031567,5
1689994034,1189230326,4
1689994034,1343045604,5
1689994034,1344392982,3
1689994034,1407874177,4
1689994034,1565846637,26
1689994034,1622350949,3
1689994034,1657525433,4
1689994034,1658644171,3
1689994034,1658990108,3
1689994034,1659331215,6
1689994034,1660219098,6
1689994034,1689989271,4
1689994034,1689989557,5
1689994034,1689993656,7
1689994034,1689994325,5
1689994034,1690011142,8
1689994034,1690011290,4
1689994034,1690015835,4
1689994034,1721020290,7
1689994034,1721025057,3
1689994034,1723386459,4
1689994034,1749275570,3
1689994034,1781328716,5
1689994034,1782714902,8
1689994034,1783068831,3
1689994034,1813054194,9
1689994034,1843744231,3
1689994034,5812994062,4
1689994034,5812995757,5
1689994034,5813023322,12
1689994034,5813031567,8
1689994034,5813038319,3
1689994325,1220257051,3
1689994325,1343045604,3
1689994325,1404446113,3
1689994325,1407874177,3
1689994325,1439203192,4
1689994325,1565846637,6
1689994325,1622350949,3
1689994325,1658644171,3
1689994325,1658990108,7
1689994325,1660219098,4
1689994325,1689993656,5
1689994325,1689994034,6
1689994325,1689994425,4
1689994325,1690011142,6
1689994325,1690015835,3
1689994325,1721025057,7
1689994325,1721365654,7
1689994325,1782714902,3
1689994325,1813054194,4
1689994325,5812999862,3
1689994325,5813023322,6
1689994325,5813038998,3
1689994425,1220257051,7
1689994425,1222332850,4
1689994425,1281324958,6
1689994425,1404446113,5
1689994425,1407873674,3
1689994425,1407874177,3
1689994425,1469269528,3
1689994425,1469947367,3
1689994425,1565846637,31
1689994425,1627890175,3
1689994425,1628230708,6
1689994425,1658643766,3
1689994425,1658644171,3
1689994425,1659331215,3
1689994425,1689989271,7
1689994425,1689989557,7
1689994425,1689994034,4
1689994425,1689994325,3
1689994425,1690015835,5
1689994425,1690020010,3
1689994425,1721020290,7
1689994425,1721025057,6
1689994425,1721365654,10
1689994425,1746858454,4
1689994425,1781328716,3
1689994425,1782714902,10
1689994425,1813054194,9
1689994425,1843744231,6
1689994425,1845117373,3
1689994425,2059295981,7
1689994425,5812994062,12
1689994425,5812995757,7
1689994425,5812999862,4
1689994425,5813023322,11
1689994425,5813031567,3
1689994425,5813038319,3
1689994425,5813042873,3
1689994425,5813045792,5
1690011142,1407873674,5
1690011142,1565846637,10
1690011142,1627890175,3
1690011142,1660219098,5
1690011142,1689989271,9
1690011142,1689989557,4
1690011142,1689994034,8
1690011142,1689994325,6
1690011142,1690020010,7
1690011142,1721020290,3
1690011142,1721025057,5
1690011142,1721365654,5
1690011142,1723386459,4
1690011142,1746858454,3
1690011142,1749275570,3
1690011142,1781328716,4
1690011142,1845117373,6
1690011142,1966864706,3
1690011142,2059295981,7
1690011142,5812994062,3
1690011142,5812995757,4
1690011142,5813023322,7
1690011142,5813038998,3
1690011290,1220257051,7
1690011290,1222332850,5
1690011290,1343045604,4
1690011290,1404446113,5
1690011290,1407873674,3
1690011290,1565846637,18
1690011290,1593417998,6
1690011290,1622350949,3
1690011290,1658643766,6
1690011290,1658990108,4
1690011290,1659331215,4
1690011290,1689993656,3
1690011290,1690020010,4
1690011290,1721365654,4
1690011290,1723386459,5
1690011290,1783068831,3
1690011290,1843744231,4
1690011290,1845117373,5
1690011290,5812999862,3
1690011290,5813023322,14
1690011290,5813031567,6
1690011290,5813045792,4
1690011290,5813047992,3
1690011290,5813069046,8
1690015835,1220257051,5
1690015835,1222332850,6
1690015835,1281324958,5
1690015835,1343045604,4
1690015835,1344392982,4
1690015835,1404446113,3
1690015835,1565846637,22
1690015835,1593417998,6
1690015835,1622350949,3
1690015835,1628230708,3
1690015835,1657525433,3
1690015835,1658990108,4
1690015835,1660219098,3
1690015835,1689993656,6
1690015835,1689994325,3
1690015835,1689994425,5
1690015835,1690011290,4
1690015835,1721020290,9
1690015835,1723386459,4
1690015835,1746858454,5
1690015835,1781328716,4
1690015835,1782714902,13
1690015835,1813054194,8
1690015835,1845117373,3
1690015835,1966864706,10
1690015835,5812994062,4
1690015835,5812995757,3
1690015835,5813023322,17
1690015835,5813031567,5
1690015835,5813038998,4
1690015835,5813042873,3
1690015835,5813045792,5
1690015835,5813055080,3
1690015835,5813069046,3
1690020010,1189230326,3
1690020010,1407873674,3
1690020010,1407874177,6
1690020010,1469947367,3
1690020010,1565846637,21
1690020010,1593417998,5
1690020010,1628230708,4
1690020010,1657525433,9
1690020010,1658644171,7
1690020010,1658990108,7
1690020010,1660219098,6
1690020010,1689989271,7
1690020010,1689994034,5
1690020010,1690011142,3
1690020010,1690011290,4
1690020010,1721020290,3
1690020010,1721025057,5
1690020010,1721365654,7
1690020010,1781328716,4
1690020010,1781674298,3
1690020010,1782714902,3
1690020010,1813399871,3
1690020010,1845117373,10
1690020010,5812995757,4
1690020010,5813023322,9
1690020010,5813042873,4
1690232419,1377841477,3
1690232419,1471600919,4
1690232419,1597456370,4
1690232419,5812986560,4
1690232419,954675120,3
1690266485,1529928359,3
1690266485,1752671998,3
1690266485,1753359129,4
1690266485,1753359145,3
1690266485,1753695319,3
1690266485,1784398229,3
1690598004,1373734609,3
1690598004,1470237582,4
1690598004,1535718148,3
1690598004,1620667669,3
1690598004,1753359129,3
1690598004,1847145780,3
1690598004,5901203642,3
1690602927,1128572709,6
1690602927,1325405571,5
1690602927,1441949046,3
1690602927,5813022538,6
1690602927,789636635,3
1690897627,1406928592,3
1690897627,891936249,5
1690902029,1377841477,4
1690902029,1378587904,3
1690902029,1563122080,10
1690902029,1656792632,7
1690902029,1657949594,5
1690902029,731736853,4
1690902029,852738570,3
1690902029,955383233,4
1690910458,1377841477,4
1690910458,1407260897,4
1690910458,1535718264,3
1690910458,1536068485,8
1690910458,974839708,3
1690917721,1190250299,3
1690917721,1348153557,4
1690917721,1659515529,4
1690917721,1752672460,3
1690917721,1752962124,3
1690917721,1783690466,4
1690917721,1813382259,3
1690917721,1814729788,5
1690917721,1817458052,3
1690917721,1817790176,3
1690917721,1848820426,4
1690917721,1875460978,3
1690917721,5813034336,3
1690917721,5813039410,4
1690935369,1325733981,8
1691233928,1656494569,3
1691233928,1753354657,3
1691233928,1754370281,3
1691233928,1784397838,3
1691233928,1815713979,3
1691233928,5901203099,3
1691259738,1282007450,4
1691259738,1283013506,6
1691259738,1403392477,3
1691259738,1405231475,8
1691259738,1437850908,4
1691259738,1438908304,8
1691259738,1438912593,3
1691259738,1441598865,8
1691259738,1467548306,3
1691259738,1500598873,3
1691259738,1533683889,5
1691259738,1566411868,4
1691259738,1626482563,4
1691259738,1626827782,3
1691259738,1627131491,6
1691259738,1688164533,4
1691259738,1751329909,4
1691259738,1752016801,3
1691259738,1753674977,6
1691259738,1782369340,4
1691259738,1782369359,4
1691259738,1783051578,6
1691259738,1783051753,4
1691259738,1813403762,3
1691259738,1813403998,4
1691259738,1814414329,4
1691259738,1814422650,4
1691259738,1814426918,4
1691259738,1814777260,5
1691259738,1814781082,4
1691259738,1814781633,4
1691259738,1815126433,3
1691259738,1815826155,7
1691259738,1844750081,5
1691259738,1845453234,3
1691259738,1876147388,3
1691259738,1876484146,6
1691259738,2307027729,26
1691259738,5812996383,5
1691259738,5813023322,7
1691259738,5813038825,6
1691259738,5813050827,3
1691259738,5901214470,5
1691574966,1659226661,4
1691574966,1714113234,3
1691574966,1746546621,5
1691574966,1753359129,4
1691574966,1753359145,4
1691574966,1753695198,3
1691574966,1784725840,3
1691574966,1784730808,5
1691574966,5812992935,3
1692614515,5813016041,3
1692614515,862269552,5
1692614515,862615150,5
1692614515,892259847,4
1692614515,892609615,3
1692627340,2064040127,3
1692627340,789636635,7
1692627340,857456902,4
1713788691,1808624754,4
1713788691,1838266061,3
1714113234,1529928359,3
1714113234,1653390223,3
1714113234,1751994423,3
1714113234,1753695554,3
1714113234,1753695569,3
1714113234,1784398229,3
1714113234,1784441060,3
1714113234,1784734375,3
1714113234,1785740974,3
1714134140,1255405703,4
1714134266,1806880698,3
1714134266,1839659717,4
1714134266,5813034310,3
1714134266,5813039483,3
1714134266,5813045475,3
1714134266,5813049879,3
1714138427,1806535843,3
1714138427,1839310335,3
1714138427,5813038958,5
1714138461,1594092024,3
1714138461,1656157451,3
1714138461,1722341820,3
1714138461,1722346327,4
1714138461,1722670397,3
1714138479,1281324958,4
1714138479,1839659717,3
1714479649,1717894837,3
1714479649,1722005013,3
1714479649,1750984451,3
1714479649,1752699920,3
1714479649,2058273371,3
1714479649,2337578051,3
1714791446,1347812305,8
1714791446,1375769049,3
1714791446,1534694621,3
1714791446,1628528573,7
1714791446,1656834653,4
1714791446,1659515529,3
1714791446,1750251452,3
1714791446,1753670596,3
1714791446,1776865370,3
1714791446,1781333405,3
1714791446,1817453065,3
1714791446,1817457987,3
1714791446,1817463007,3
1714791446,1817785682,4
1714791446,1849503142,4
1714791446,1908865507,5
1714791446,5813034336,3
1714795031,1013291042,3
1714795031,1261229600,3
1714795031,1468877324,3
1714795031,1683440362,3
1714795031,1747569967,5
1715459859,1220270134,3
1715459859,1232262105,4
1715459859,1249932198,8
1715459859,1281324958,38
1715459859,1405231475,60
1715459859,1466861327,3
1715459859,1498574596,11
1715459859,1565846637,22
1715459859,1621357756,10
1715459859,1749258134,5
1715459859,1809264255,3
1715459859,1810956698,6
1715459859,1839288696,5
1715459859,1840636280,6
1715459859,1874035952,6
1715459859,1907571222,10
1715459859,1937875810,4
1715459859,1998922583,4
1715459859,2121711447,6
1715459859,2307027729,32
1715459859,5813024015,15
1715459859,5813061197,9
1715459859,5813069053,4
1715459859,5901215446,5
1716496582,1226887763,3
1716496582,1343749180,4
1716496582,1352684733,5
1716496582,1403392477,4
1716496582,1405231475,12
1716496582,1407179534,5
1716496582,1438912593,4
1716496582,1467548306,4
1716496582,1470971204,8
1716496582,1500598873,4
1716496582,1530636214,3
1716496582,1534363304,3
1716496582,1566411868,4
1716496582,1688164533,4
1716496582,1782364786,4
1716496582,1782369015,5
1716496582,1782369340,3
1716496582,1783051578,3
1716496582,1809264255,3
1716496582,1809614687,7
1716496582,1814781628,5
1716496582,1815471919,3
1716496582,1815480848,4
1716496582,1815809293,3
1716496582,1815826155,6
1716496582,1844750081,3
1716496582,1845449270,3
1716496582,1872033743,3
1716496582,2059978318,5
1716496582,2307027729,19
1716496582,5812998825,4
1716496582,5812999264,3
1716496582,5813023322,7
1716496582,5813023480,6
1716496582,5813038769,6
1716496582,5813038821,5
1716496582,5813046478,7
1716496582,5901226269,3
1717153009,1530602252,3
1717153009,1720585281,3
1717153009,1753354671,3
1717153009,1754715820,3
1717153009,1784402781,5
1717153009,1785062580,4
1717153009,5813038879,3
1717208400,1374413370,3
1717562249,1319579391,3
1717562249,1438304646,4
1717562249,1469269528,3
1717562249,1503413234,4
1717562249,1503754316,3
1717562249,1504086607,5
1717562249,1504423636,4
1717562249,1504427615,5
1717562249,1504428057,4
1717562249,1504765248,3
1717562249,1778916255,3
1717562249,1906137714,5
1717562249,5812993245,3
1717894837,1714479649,3
1717894837,1995858223,3
1717899399,1503413797,4
1717899399,1504092028,5
1717899399,1504096262,3
1717899399,1504765194,3
1717899399,1532401674,4
1717899399,1534447833,3
1717899399,1717562249,5
1717899399,1750289956,4
1717899399,1781328716,3
1717899693,1749611399,3
1717899693,1749620832,3
1717899720,1437156900,3
1717899720,1563095398,3
1717899720,1594092024,3
1717899720,1655475659,3
1717899720,1655479310,3
1717899720,1718918235,3
1717899720,1722346327,3
1717899720,5813049443,3
1717899720,5813062668,4
1717968338,1006984280,10
1717968338,1100404581,14
1717968338,1100404634,13
1717968338,1565846637,21
1717968338,1625191546,4
1717968338,1626573183,3
1717968338,1626573444,10
1717968338,1626919110,3
1717968338,1657258136,3
1717968338,1657258338,3
1717968338,1657259448,3
1717968338,1657263405,6
1717968338,1657263439,6
1717968338,1657949594,3
1717968338,1718308979,5
1717968338,1718645916,3
1717968338,1719678048,3
1717968338,5813068748,5
1718227906,1444351896,12
1718227906,1562689878,3
1718227906,1597493900,3
1718227906,1752988351,3
1718231248,1714134140,3
1718231248,1717899720,4
1718231248,1722000978,3
1718231248,1722346327,4
1718231248,5812988294,3
1718231248,5813034284,3
1718308979,1100404581,17
1718308979,1100404634,33
1718308979,1466998977,6
1718308979,1565846637,22
1718308979,1625191546,4
1718308979,1657263405,3
1718308979,1657263439,3
1718308979,1686932677,7
1718308979,5812991619,5
1718308979,5813061218,3
1718308979,5813068748,8
1718645916,1100404581,20
1718645916,1100404634,10
1718645916,1565846637,19
1718645916,1626232238,3
1718645916,1626560096,5
1718645916,1626573183,5
1718645916,1626573444,5
1718645916,1657263405,3
1718645916,1657263439,5
1718645916,1719678048,5
1718645916,5813068748,7
1718863441,1656834679,4
1718863441,1753359080,3
1718863441,1753359267,3
1718863441,1785400064,3
1718863441,1815096511,4
1718863441,1846800094,3
1718863441,5813062654,4
1718917727,1373734609,3
1718917727,1620667669,3
1718917727,1688893211,4
1718917727,1753695182,3
1718917727,1814759464,5
1718918218,1655479310,3
1718918218,1722346327,3
1718918218,1723024021,4
1718918218,1751325674,3
1718922502,1717894837,3
1718922502,1722005013,3
1718922502,1749620832,4
1718922502,1750984451,3
1718922502,1751321418,3
1718922502,2337578051,4
1718995507,1100404634,23
1718995507,1565846637,5
1718995507,1719569268,3
1718995507,1845431908,4
1718995507,5812991470,4
1718995507,5813054443,4
1719225241,1282007450,3
1719225241,1405231475,11
1719225241,1407179534,5
1719225241,1438908304,9
1719225241,1441598865,4
1719225241,1467548306,5
1719225241,1470971204,7
1719225241,1500598873,4
1719225241,1530636214,6
1719225241,1534363304,4
1719225241,1566411868,3
1719225241,1627131491,4
1719225241,1682707330,5
1719225241,1688164533,6
1719225241,1782369015,6
1719225241,1782369340,6
1719225241,1783051753,5
1719225241,1811630361,6
1719225241,1813403953,4
1719225241,1813403998,4
1719225241,1814777260,5
1719225241,1814781633,5
1719225241,1815126312,4
1719225241,1815809293,5
1719225241,1815826155,3
1719225241,1844750081,4
1719225241,1845449270,5
1719225241,1872033743,6
1719225241,1876147437,4
1719225241,1876484146,5
1719225241,1938195143,6
1719225241,2059978318,5
1719225241,2307027729,23
1719225241,5812999264,3
1719225241,5813023322,13
1719225241,5813034151,5
1719225241,5813038769,5
1719225241,5813046478,3
1719225241,5813050827,3
1719225241,5901214470,6
1719225241,5901226269,5
1719237849,1356772884,5
1719237849,1408880450,4
1719237849,1501640127,3
1719237849,1597157083,3
1719237849,1656792632,8
1719237849,5813044940,6
1719237849,5813054748,9
1719237849,5813069020,3
1719250390,1356772884,5
1719250390,1470950640,25
1719250390,1563126068,11
1719250390,1625804774,4
1719250390,1629206279,6
1719250390,1719591388,3
1719250390,1719953914,5
1719250390,5812989312,18
1719250390,5812990956,6
1719250390,5812997245,6
1719250390,5813044940,4
1719250390,5813054748,11
1719250390,5813069020,4
1719332432,1100404634,12
1719332432,1565846637,5
1719332432,1718995507,3
1719332432,1750039535,3
1719332432,1814733827,4
1719332432,5813062096,3
1719332432,5813068615,5
1719569268,1100404634,21
1719569268,1466998977,3
1719569268,5812990956,3
1719569268,5812991476,5
1719569268,5812997245,3
1719591388,1261229600,6
1719591388,1356772884,5
1719591388,1470950640,11
1719591388,1563467433,5
1719591388,1624747496,4
1719591388,1719250390,3
1719591388,5812989312,11
1719591388,5812990956,5
1719591388,5813044940,3
1719591388,5813069020,3
1719591388,5901196898,3
1719595635,1221971218,4
1719595635,1226887763,5
1719595635,1282007450,3
1719595635,1283013506,3
1719595635,1405231475,8
1719595635,1437850908,3
1719595635,1438912593,5
1719595635,1441598865,7
1719595635,1500598873,3
1719595635,1533683889,7
1719595635,1751670748,3
1719595635,1753674977,3
1719595635,1782369015,5
1719595635,1782369359,4
1719595635,1813403762,5
1719595635,1813403998,4
1719595635,1814414329,3
1719595635,1814418212,3
1719595635,1814422650,3
1719595635,1814777260,5
1719595635,1814781082,8
1719595635,1814781628,3
1719595635,1815471919,4
1719595635,1815480848,3
1719595635,1815826155,7
1719595635,1876147437,3
1719595635,1876484146,3
1719595635,2307027729,22
1719595635,5813023322,7
1719595635,5813038821,5
1719595635,5813038822,4
1719595635,5813039136,3
1719678048,1006984280,3
1719678048,1100404581,12
1719678048,1565846637,18
1719678048,1595853024,4
1719678048,1595866921,5
1719678048,1626573444,4
1719678048,1657259448,6
1719678048,1718645916,3
1719678048,5812991619,3
1719902535,1377814057,3
1719902535,1470237582,3
1719902535,1815778676,3
1719902535,1907518969,3
1719902535,5813034101,3
1719928105,1221280490,3
1719928105,1347126097,3
1719928105,1472965897,3
1719928105,1528577476,4
1719928105,1562707421,4
1719928105,1684443103,3
1719928105,1714791446,3
1719928105,1722307233,4
1719928105,1783690466,4
1719928105,1808241116,5
1719928105,1812363713,4
1719928105,1812696567,3
1719928105,1817449059,4
1719928105,1817794820,5
1719928105,1847815147,3
1719928105,1848138779,4
1719928105,1848496662,3
1719928105,1848837843,4
1719928105,1849161220,3
1719928105,1849178917,6
1719928105,5813038679,5
1719928274,1659226661,3
1719928274,1751943911,3
1719928274,1754369991,3
1719928274,5901203099,3
1719953914,1377841477,3
1719953914,1597493900,4
1719953914,1658643766,3
1719953914,5812991473,4
1719953914,5813031567,3
1720226812,1690602927,3
1720226812,956397821,4
1720585281,1470237582,3
1720585281,1627509673,3
1720585281,1688893211,3
1720585281,1753359149,4
1720585281,1754715778,3
1720585281,1784398229,5
1720585281,1784398302,3
1720585281,1784398319,3
1720585281,1784402781,3
1720950695,1231619255,3
1720950695,1232249314,3
1720950695,1259852010,3
1720950695,5813023322,3
1720950695,5813090856,7
1720951330,1260197431,3
1720951330,1285849916,3
1720951330,1629206279,3
1720951330,5813069020,3
1721020290,1222332850,6
1721020290,1281324958,14
1721020290,1407873674,6
1721020290,1469269528,6
1721020290,1565846637,39
1721020290,1593417998,6
1721020290,1657525433,4
1721020290,1658643766,9
1721020290,1658644171,3
1721020290,1689989271,3
1721020290,1689993656,4
1721020290,1689994034,5
1721020290,1689994325,3
1721020290,1689994425,5
1721020290,1690011142,3
1721020290,1690015835,6
1721020290,1721365654,3
1721020290,1723386459,6
1721020290,1781328716,3
1721020290,1782714902,12
1721020290,1813054194,4
1721020290,1813399871,3
1721020290,1843744231,6
1721020290,1845117373,5
1721020290,1966864706,16
1721020290,2059295981,4
1721020290,5812994062,5
1721020290,5812994826,6
1721020290,5812998137,8
1721020290,5812999862,5
1721020290,5813023322,22
1721020290,5813031567,13
1721020290,5813038319,3
1721020290,5813038998,9
1721020290,5813042873,4
1721020290,5813055080,6
1721025057,1222332850,3
1721025057,1407873674,3
1721025057,1565846637,11
1721025057,1658990108,3
1721025057,1689989271,3
1721025057,1689989557,8
1721025057,1689993656,3
1721025057,1689994034,7
1721025057,1689994325,4
1721025057,1689994425,7
1721025057,1690011142,4
1721025057,1690020010,5
1721025057,1721365654,5
1721025057,1781328716,5
1721025057,1782714902,3
1721025057,1813054194,6
1721025057,1845117373,5
1721025057,5812995757,3
1721025057,5813023322,6
1721025057,5813055080,4
1721305372,1441956741,3
1721305372,1628140423,3
1721305372,1754032933,3
1721305372,1754037055,3
1721309290,1226084614,4
1721309290,1503042472,5
1721309290,1754348495,4
1721309290,5813131327,4
1721309290,893642012,3
1721309490,1599517714,4
1721309490,1626919110,3
1721309490,1629206279,3
1721309490,1876105544,3
1721309490,1940557189,6
1721309490,2063013720,3
1721309490,5812996568,5
1721309490,5813023434,11
1721309490,891923486,4
1721365654,1220257051,5
1721365654,1222332850,3
1721365654,1344392982,3
1721365654,1404446113,3
1721365654,1407873674,4
1721365654,1439203192,5
1721365654,1565846637,20
1721365654,1622350949,5
1721365654,1627890175,3
1721365654,1628230708,6
1721365654,1657525433,5
1721365654,1658644171,6
1721365654,1658990108,4
1721365654,1659331215,5
1721365654,1660219098,5
1721365654,1689989271,6
1721365654,1689989557,7
1721365654,1689993656,8
1721365654,1689994034,6
1721365654,1689994325,5
1721365654,1689994425,8
1721365654,1690011142,4
1721365654,1690011290,3
1721365654,1690020010,4
1721365654,1721025057,5
1721365654,1746858454,5
1721365654,1749275570,3
1721365654,1782714902,4
1721365654,1813054194,5
1721365654,1843744231,5
1721365654,1845117373,9
1721365654,2059295981,3
1721365654,5812995757,4
1721365654,5813023322,12
1721365654,5813038998,3
1721365654,5813042873,5
1721586536,1535718148,4
1721586536,1753358965,3
1721586536,1753695620,3
1721586536,1754032933,3
1721586536,1783038540,3
1721586536,1785062580,3
1721642072,1222696201,3
1721642072,1261902687,4
1721642072,1629206279,8
1721642072,1661588290,9
1721642072,1688573830,6
1721642072,1692627340,3
1721642072,2064040127,3
1721642072,2064040742,12
1721642072,2283671710,3
1721642072,5813023434,5
1721642072,986396204,3
1721659644,1723019231,3
1721659644,1751325674,3
1722000794,1252665371,4
1722000794,1750980224,4
1722000794,1869300439,3
1722000978,5812988294,4
1722005013,1717208400,4
1722005013,1749620832,3
1722005199,1722670422,3
1722307233,1158877783,8
1722307233,1345079276,4
1722307233,1467859487,8
1722307233,1471610338,3
1722307233,1530606252,3
1722307233,1622360309,4
1722307233,1628528573,3
1722307233,1689187126,3
1722307233,1689915765,3
1722307233,1690917721,3
1722307233,1719928105,4
1722307233,1748187330,3
1722307233,1751262627,3
1722307233,1753670596,4
1722307233,1782318275,3
1722307233,1783361972,4
1722307233,1808241116,3
1722307233,1817449229,5
1722307233,1817449375,4
1722307233,1817453557,3
1722307233,1817457808,3
1722307233,1817458052,4
1722307233,1817790176,3
1722307233,1817790409,3
1722307233,1818136404,3
1722307233,1849161220,4
1722307233,1849179266,4
1722307233,1849520324,3
1722307233,1879877415,4
1722307233,1939904964,4
1722307233,1974682390,3
1722307233,5812998833,3
1722307233,5813068239,4
1722311484,1325733981,5
1722311484,1566799785,3
1722311484,1629206279,5
1722311484,5813131327,4
1722333392,1656157978,3
1722333392,1718922502,3
1722333392,1722005199,3
1722333392,1722346846,4
1722333392,1722682692,3
1722333392,5812996595,4
1722333743,1655475659,5
1722333743,1718918218,3
1722333743,1722341820,4
1722333743,1722342048,4
1722333743,1722346846,3
1722336465,1188548330,3
1722336465,1723015266,3
1722336465,1749620832,3
1722336935,1220607239,3
1722336935,1688211725,3
1722336935,1717894837,3
1722336935,1722005199,3
1722336935,1722333142,3
1722336935,5812996595,7
1722337568,1714479649,3
1722337568,1718918218,3
1722337568,1776553851,3
1722337568,1968889019,3
1722337568,5812989776,6
1722337568,5901204412,3
1722338027,1722342048,3
1722338027,1723024021,5
1722338027,1869300439,4
1722338027,2337578051,3
1722342048,1656157451,3
1722342048,1687874488,3
1722342048,1722336465,5
1722342048,1722346327,3
1722346327,1688211725,3
1722346327,1714138461,3
1722346327,1718231248,4
1722346846,1657180509,3
1722346846,1717899693,5
1722346846,1722333392,3
1722670151,1198818551,3
1722670151,1749620832,4
1722670151,5813062668,3
1722670397,1722333142,4
1722670397,1722346327,3
1722670422,1753371564,3
1722670422,5812988294,3
1722682692,1342022174,4
1722682692,1722333392,3
1722682692,1722670397,3
1722682692,5813062668,3
1722954501,883415496,3
1723015266,1352684733,3
1723015266,1656157451,3
1723015266,1722336465,3
1723019231,1221285128,3
1723019231,1718231248,3
1723019231,1753034787,3
1723023890,1717899693,4
1723023890,1722005013,3
1723023890,1722337568,3
1723023890,1750980224,4
1723023890,1751321418,4
1723023890,1753385655,3
1723023890,1902066185,3
1723023890,5812996595,3
1723024021,1655479310,3
1723024021,1718918218,5
1723024021,1722338027,3
1723024021,1753367903,3
1723024021,1780651267,3
1723024021,2337578051,3
1723325346,1223758589,3
1723325346,1418186940,10
1723325346,1625804774,3
1723325346,1692627340,3
1723325346,2064040127,4
1723325346,5813055495,4
1723386459,1189230326,3
1723386459,1343045604,3
1723386459,1344392982,4
1723386459,1407873674,3
1723386459,1407874177,7
1723386459,1469269528,3
1723386459,1565846637,13
1723386459,1622350949,4
1723386459,1657525433,6
1723386459,1658643766,3
1723386459,1689994034,3
1723386459,1689994325,6
1723386459,1689994425,4
1723386459,1690011142,6
1723386459,1690015835,4
1723386459,1721020290,5
1723386459,1721365654,5
1723386459,1746858454,3
1723386459,1781328716,5
1723386459,1781674298,4
1723386459,1782714902,3
1723386459,1783068831,4
1723386459,1813054194,5
1723386459,1843744231,3
1723386459,1845117373,4
1723386459,2059295981,4
1723386459,5813023322,4
1723386459,5813031567,5
1723386459,5813042873,4
1723658004,1418186940,3
1745168996,1806893720,4
1745168996,1807584852,3
1745510607,1220270134,9
1745510607,1261229600,4
1745510607,1281998821,6
1745510607,1684451749,4
1745510607,1838615654,3
1745510607,5813023480,4
1745518676,1714138479,6
1745518676,1808279458,3
1745518676,1840004786,3
1745518676,5812993604,3
1745821751,1218901359,5
1745821751,1249932198,5
1745821751,1281324958,32
1745821751,1405231475,56
1745821751,1466861327,3
1745821751,1471601440,3
1745821751,1565846637,15
1745821751,1688505620,3
1745821751,1809264255,4
1745821751,1815070402,3
1745821751,1838257401,11
1745821751,1839288696,3
1745821751,1840636280,5
1745821751,1877930505,3
1745821751,1906159299,5
1745821751,1907156409,4
1745821751,1907578957,3
1745821751,1907584319,3
1745821751,2215161310,6
1745821751,2307027729,32
1745821751,5812998136,4
1745821751,5813024015,6
1745821751,5813061197,5
1745860329,1621003660,3
1745860329,2119272595,3
1746858454,1159555822,13
1746858454,1222332850,5
1746858454,1281324958,6
1746858454,1281998821,5
1746858454,1344392982,5
1746858454,1404446113,5
1746858454,1407874177,3
1746858454,1469269528,4
1746858454,1469947367,14
1746858454,1565846637,15
1746858454,1593417998,8
1746858454,1622350949,5
1746858454,1657525433,4
1746858454,1658643766,3
1746858454,1658644171,3
1746858454,1689989557,3
1746858454,1689994425,4
1746858454,1690011142,3
1746858454,1690015835,4
1746858454,1721365654,4
1746858454,1723386459,3
1746858454,1781328716,4
1746858454,1781674298,14
1746858454,1782714902,3
1746858454,1813054194,3
1746858454,5812994062,6
1746858454,5812998137,6
1746858454,5812999862,8
1746858454,5813023322,14
1746858454,5813023480,8
1746858454,5813031567,3
1746858454,5813038319,15
1746858454,5813045792,3
1746858454,5813047992,8
1746858454,5813055080,4
1746884134,1110566098,3
1746884233,1558605812,3
1746884233,1560289552,3
1746884233,5812989167,3
1746884233,5812991538,4
1747181914,1158877783,3
1747181914,1347812305,3
1747181914,1471607030,3
1747181914,1471610338,3
1747181914,1472965897,3
1747181914,1565729476,3
1747181914,1658881325,3
1747181914,1659515529,3
1747181914,1751666374,3
1747181914,1812363713,5
1747181914,1817107934,4
1747181914,1817457808,3
1747181914,1817458052,4
1747181914,1817786077,3
1747181914,1817790222,3
1747181914,1817790409,3
1747181914,1844421716,3
1747181914,1848138779,3
1747181914,1848492714,3
1747181914,1878845629,3
1747181914,1908865507,4
1747181914,1939904964,4
1747181914,5812992219,3
1747181914,5812992468,3
1747181914,5812998833,3
1747181914,5813038918,3
1747228863,1228264951,4
1747276296,1100404581,3
1747276296,1747617067,4
1747276296,1747621766,3
1747276296,5813039328,3
1747280642,1100404581,4
1747285056,1006984280,9
1747285056,1747635018,3
1747285056,1777615656,5
1747285056,1777624565,4
1747285056,1777624895,3
1747285056,1778315797,3
1747285056,5812997109,4
1747285056,5812997905,7
1747285056,5813018634,7
1747285056,5813026936,3
1747508899,1531975908,3
1747508899,1753359235,4
1747508899,1784725840,3
1747508899,5812990959,3
1747508899,5813038880,3
1747518018,1158877783,4
1747518018,1375769049,4
1747518018,1625800608,5
1747518018,1656153289,4
1747518018,1687831632,3
1747518018,1748187330,3
1747518018,1782318275,3
1747518018,1817444555,3
1747518018,1817457808,6
1747518018,1849179266,3
1747518018,1880209425,3
1747518018,1939904964,3
1747518018,5812992219,3
1747518018,5813038918,4
1747569967,1188885499,3
1747569967,1342704830,4
1747569967,1352357010,3
1747569967,1528244653,3
1747569967,1532405813,3
1747569967,1563441250,4
1747569967,1565496703,3
1747569967,1776865370,4
1747569967,1807572051,3
1747569967,1808936407,3
1747569967,1818136404,4
1747569967,1905114003,3
1747569967,1933433614,4
1747612919,1100404634,3
1747612919,1747625669,3
1747616992,1100404634,3
1747617067,1100404634,3
1747617067,1747284927,3
1747617158,1100404634,3
1747621368,1747271991,3
1747621368,1777952508,3
1747621368,1778306530,3
1747621562,1100404634,3
1747621562,5901205003,4
1747621766,1100404581,3
1747621766,1747612919,3
1747621766,5813056615,3
1747621828,1100404581,6
1747621828,1748299708,3
1747625669,1100404634,4
1747635018,1006984280,10
1747635018,1100404634,5
1747635018,1747971659,4
1747635018,1748308214,3
1747635018,1777624895,3
1747635018,1777965959,3
1747635018,1778315797,3
1747635018,5812997120,7
1747635018,5812997871,3
1747962718,1100404581,4
1747962718,1747963184,3
1747962718,1748304380,3
1747963184,1100404634,3
1747963184,1747962718,3
1747971659,1006984280,10
1747971659,1777624895,4
1747971659,1777970372,4
1747971659,1808659884,4
1747971659,5812997109,3
1747971659,5812997119,3
1747971659,5812997180,3
1747971659,5813026936,10
1748187188,1654405904,6
1748187188,1753359129,6
1748187188,1753695482,3
1748187188,1753695941,3
1748187188,1814759464,4
1748187330,1221280490,4
1748187330,1221285175,4
1748187330,1473332777,3
1748187330,1530606252,3
1748187330,1621008677,4
1748187330,1655474822,3
1748187330,1689187126,3
1748187330,1747518018,4
1748187330,1783690466,6
1748187330,1813028777,4
1748187330,1817448971,4
1748187330,1817785682,4
1748187330,1844421716,6
1748187330,5813076492,3
1748222538,1200195625,5
1748222538,1469947367,11
1748222538,1558605806,3
1748222538,1561304414,3
1748222538,1563782253,4
1748222538,1566528972,4
1748222538,1594126040,3
1748222538,1597494148,3
1748222538,1622350949,3
1748222538,1746858454,10
1748222538,1933433614,4
1748222538,5812988063,5
1748222538,5813023480,3
1748222538,5813047992,5
1748299139,1006984280,4
1748299139,1747971659,3
1748299139,1748986351,3
1748299139,1777624895,3
1748299139,1777970202,4
1748299139,1778315797,4
1748299139,5812993610,4
1748299139,5812997058,3
1748299139,5812997235,3
1748299513,1100404634,9
1748299641,1100404634,6
1748299641,1777956777,4
1748299708,1100404634,4
1748299708,1748304380,3
1748299708,1748636563,4
1748299708,1777952508,3
1748304380,1100404581,5
1748304380,1747621828,3
1748304380,1748985942,3
1748308214,1006984280,3
1748308214,1747635018,5
1748308214,1747971659,5
1748308214,1777615656,6
1748308214,1778669408,5
1748308214,1779006513,3
1748308214,5813018634,4
1748312150,1006984280,9
1748312150,1747971659,3
1748312150,1748649328,4
1748312150,1778315198,5
1748312150,1778315797,4
1748312150,1778660802,5
1748312150,5813024811,3
1748636546,1100404634,3
1748636546,1747271991,4
1748636563,1100404581,5
1748649328,1006984280,7
1748649328,1100404581,3
1748649328,1747285056,3
1748649328,1748308214,3
1748649328,1748312150,3
1748649328,5812997235,3
1748985942,1748640603,3
1748986069,1808983265,3
1748986069,5813024809,3
1748986351,1749331464,3
1749007402,1100404634,23
1749007402,1565846637,4
1749007402,1749007519,3
1749007519,1100404634,19
1749007519,1565846637,11
1749007519,1749020274,5
1749007519,1813727811,3
1749007519,1845431840,3
1749020274,1100404634,19
1749020274,1565846637,9
1749020373,1100404634,12
1749020373,1565846637,19
1749236368,1842682500,3
1749236368,5813068748,8
1749236368,5813102910,3
1749258134,1158187240,4
1749258134,1281303666,4
1749258134,1281324958,35
1749258134,1405231475,56
1749258134,1405780725,3
1749258134,1466998977,5
1749258134,1471601440,6
1749258134,1562673627,4
1749258134,1565846637,14
1749258134,1590979045,6
1749258134,1621357756,5
1749258134,1715459859,4
1749258134,1809264255,4
1749258134,1815070402,3
1749258134,1874035952,11
1749258134,1876894387,3
1749258134,1878271377,4
1749258134,1907571222,3
1749258134,1907578957,3
1749258134,1907584319,4
1749258134,1907933561,3
1749258134,1936848448,3
1749258134,1937875810,6
1749258134,1998922583,4
1749258134,2121711447,7
1749258134,2215161310,3
1749258134,2307027729,29
1749258134,5813024015,23
1749258134,5813061197,3
1749270652,1352357010,3
1749270652,1500020379,3
1749270652,1561304414,3
1749270652,1563436471,3
1749270652,1563441250,3
1749270652,1566169568,4
1749270652,1566511014,5
1749270652,1566519741,3
1749270652,1849507321,3
1749270652,1875124235,3
1749270652,1905114003,3
1749270652,1937193993,3
1749270652,2121707030,3
1749275570,1159555822,29
1749275570,1189230639,3
1749275570,1220270134,6
1749275570,1281324958,4
1749275570,1281998821,5
1749275570,1343045604,3
1749275570,1344392982,3
1749275570,1404446113,5
1749275570,1469269528,6
1749275570,1469947367,3
1749275570,1565846637,21
1749275570,1622350949,5
1749275570,1657525433,5
1749275570,1658643766,3
1749275570,1658644171,4
1749275570,1659331215,3
1749275570,1684451749,3
1749275570,1689994034,3
1749275570,1721365654,3
1749275570,1746858454,6
1749275570,1781674298,14
1749275570,1783068831,4
1749275570,1813399871,9
1749275570,1966864706,3
1749275570,2059295981,3
1749275570,5812994826,5
1749275570,5812998137,8
1749275570,5812999862,4
1749275570,5813023322,15
1749275570,5813023480,5
1749275570,5813038319,3
1749275570,5813047992,7
1749275570,5813069046,5
1749323106,5813024809,3
1749327243,1437276654,4
1749327276,1437276654,6
1749327276,5812997201,3
1749327276,5812998000,3
1749327276,5813068137,5
1749327293,1406583670,8
1749327293,1437276654,8
1749327293,1437613381,5
1749327293,1780021199,4
1749327293,1780025270,3
1749327293,1781044455,5
1749327293,5812997989,3
1749327293,5813024823,3
1749327387,5813077718,5
1749327483,1779684044,3
1749327483,5813046300,3
1749331464,1748986351,3
1749331593,1406583670,3
1749331593,1437276654,6
1749331593,1841063105,3
1749331593,5812997061,4
1749331593,5812997922,3
1749331593,5812998001,3
1749331593,5812998049,3
1749331593,5813024818,3
1749331593,5813024823,4
1749343874,1100404634,18
1749343874,1565846637,17
1749343874,5813045867,3
1749611399,1722346327,3
1749620832,1718922502,3
1749620832,1995858223,3
1749620832,2119272595,5
1749620832,2337578051,3
1749672312,1406583670,7
1749672312,1627561374,3
1749672312,1749327293,3
1749672312,5812997074,3
1749672337,1437276654,4
1749672337,1780025156,3
1749672337,1780357845,3
1749672337,5812997222,3
1749944256,1444351896,6
1749944256,1562689878,6
1749944256,5812994094,7
1749944256,5813054443,3
1749957344,1753695737,3
1749957344,5812991748,4
1750026634,1100404634,24
1750026634,1565846637,6
1750026634,1750712639,3
1750026634,1814733827,3
1750039535,1100404634,6
1750039535,1719332432,3
1750251452,1250277991,4
1750251452,1313702895,5
1750251452,1467859487,4
1750251452,1621008677,3
1750251452,1659515529,3
1750251452,1687831632,3
1750251452,1689915765,4
1750251452,1752962124,3
1750251452,1782318275,4
1750251452,1783690466,3
1750251452,1817449059,3
1750251452,1817449229,3
1750251452,1817449375,3
1750251452,1845772658,3
1750251452,1848138779,3
1750251452,1848156241,3
1750251452,1849503142,5
1750251452,1879877415,3
1750289956,1503754316,3
1750289956,1503754464,4
1750289956,1504096339,4
1750289956,1504423804,3
1750289956,1504427615,4
1750289956,1532401533,4
1750289956,1534785094,3
1750289956,1778916255,3
1750289956,1906137714,4
1750289956,5813037844,3
1750371809,1100404634,30
1750371809,1565846637,4
1750371809,1749007402,3
1750371809,5813068615,3
1750587711,1289234133,3
1750587711,1319915731,3
1750587711,1319915822,3
1750621344,1531975908,3
1750621344,1654405904,3
1750621344,1753359129,3
1750621344,1753691086,3
1750621344,1754033051,4
1750621344,1785067611,3
1750621344,1846135022,3
1750622215,1531975908,3
1750622215,1753358619,3
1750622215,1753690864,3
1750622215,1753695866,3
1750622215,1783029895,4
1750622215,1785753951,4
1750630587,1593743279,3
1750630587,1626140980,3
1750630587,1688893211,4
1750630587,1751943911,3
1750630587,1753354671,3
1750630587,1753359088,3
1750630587,1753359149,3
1750630587,1753690864,3
1750630587,1784738845,3
1750630587,1905110758,3
1750630587,1906836822,4
1750630587,1907518969,3
1750712639,1100404634,17
1750712639,1596091814,4
1750712639,1813727811,3
1750980224,1721659644,4
1750984451,1252665371,4
1750984451,1686190133,3
1750984451,1718922502,3
1750984451,1751330026,4
1750984451,5813062668,4
1751257274,1441589107,3
1751257274,1563393697,3
1751257274,1628140423,3
1751257274,1689242749,3
1751257274,1753358914,3
1751257274,1753359129,4
1751257274,1753695554,3
1751257274,1784739629,3
1751257274,1785403942,4
1751262627,1621008677,3
1751262627,1689187126,4
1751262627,1754019541,4
1751262627,1817449375,7
1751262627,1817453557,3
1751262627,1817785682,3
1751262627,1817786077,3
1751262627,1817799390,5
1751262627,1818473569,3
1751262627,1848151571,3
1751262627,1848492714,3
1751262627,1848824817,3
1751262627,1848837843,3
1751262627,1849174879,3
1751262627,5812992219,3
1751262627,5813034336,3
1751321418,1718922502,3
1751321418,1722342048,3
1751321418,1723023890,3
1751321418,1754041168,4
1751321418,1779972924,6
1751325674,1722337568,3
1751325674,1722670422,3
1751325674,5812988294,3
1751329909,1226887763,4
1751329909,1352684733,6
1751329909,1403392477,4
1751329909,1405231475,17
1751329909,1441598865,3
1751329909,1626827782,4
1751329909,1751670748,6
1751329909,1782369015,3
1751329909,1813403869,3
1751329909,1814422650,3
1751329909,1814426918,4
1751329909,1814777260,7
1751329909,1814781356,3
1751329909,1814781628,4
1751329909,1844750081,4
1751329909,1845453234,3
1751329909,1876147388,3
1751329909,2307027729,8
1751329909,5812998825,3
1751329909,5813023322,4
1751329909,5813034151,4
1751329909,5813039136,3
1751329909,5901226269,5
1751330026,1717894837,3
1751330026,1749611399,3
1751330026,1752699920,4
1751330026,1754041168,3
1751666374,1375769049,7
1751666374,1565729476,5
1751666374,1658881325,3
1751666374,1753670596,3
1751666374,1807572051,3
1751666374,1812363713,4
1751666374,1817444315,4
1751666374,1817458164,3
1751666374,1847806275,3
1751666374,1848151877,3
1751666374,1849161220,3
1751666374,5813039410,3
1751670748,1221971218,3
1751670748,1226887763,3
1751670748,1352684733,3
1751670748,1405231475,6
1751670748,1533683889,4
1751670748,1719595635,3
1751670748,1782369359,6
1751670748,1783051578,6
1751670748,1813403869,3
1751670748,1814414329,6
1751670748,1814422650,3
1751670748,1814781537,4
1751670748,1938541380,3
1751670748,5813023322,11
1751670748,5813039136,6
1751670748,5901226269,7
1751943911,1685776284,3
1751943911,1719928274,3
1751943911,1750622215,4
1751943911,1751994423,3
1751943911,1753363739,5
1751943911,1753695329,3
1751986317,1260197431,3
1751986317,1565846637,3
1751994423,1534012511,3
1751994423,1656839128,3
1751994423,1751943911,4
1751994423,1753359080,4
1751994423,1753359129,4
1751994423,1753359149,4
1751994423,1783348805,3
1751994423,1784730808,5
1752016801,1283013506,3
1752016801,1343749180,4
1752016801,1352684733,3
1752016801,1403392477,3
1752016801,1405231475,9
1752016801,1437850908,4
1752016801,1533683889,7
1752016801,1566411868,5
1752016801,1627131491,4
1752016801,1688164533,3
1752016801,1751329909,3
1752016801,1782369015,4
1752016801,1809614687,3
1752016801,1813403630,3
1752016801,1813403762,6
1752016801,1813403869,7
1752016801,1813403998,5
1752016801,1814414329,5
1752016801,1814418212,5
1752016801,1814422650,3
1752016801,1814426918,3
1752016801,1814781356,3
1752016801,1815126433,3
1752016801,1815131045,7
1752016801,1815826155,4
1752016801,1876147388,5
1752016801,1876484146,3
1752016801,1876492837,3
1752016801,1907156409,4
1752016801,1908226457,4
1752016801,2307027729,21
1752016801,5812987894,4
1752016801,5812996383,5
1752016801,5812998825,3
1752016801,5813023322,8
1752016801,5813038822,9
1752016801,5813038825,3
1752016801,5813050827,3
1752016801,5901226269,8
1752671998,1377814057,3
1752671998,1628187260,5
1752671998,1753359145,3
1752671998,1753695941,3
1752671998,1784734375,3
1752672460,1437165487,3
1752672460,1561301125,4
1752672460,1629163100,3
1752672460,1656153289,3
1752672460,1752962124,3
1752672460,1753670596,4
1752672460,1754019541,3
1752672460,1776865370,3
1752672460,1781333405,3
1752672460,1814055949,3
1752672460,1817112855,3
1752672460,1817448971,5
1752672460,1817449229,3
1752672460,1817463007,3
1752672460,1845772658,5
1752672460,1848483949,3
1752672460,1848820426,4
1752672460,1848828925,4
1752672460,1849503142,6
1752672460,1878845629,4
1752672460,1879877415,5
1752672460,1939904964,3
1752672460,5812992468,3
1752672460,5812993994,4
1752672460,5813038679,4
1752699920,1220270134,4
1752699920,1723019231,3
1752962124,1471607030,4
1752962124,1528577476,3
1752962124,1593012939,6
1752962124,1621008677,3
1752962124,1817112807,3
1752962124,1817463007,4
1752962124,1817799390,3
1752962124,1848820426,3
1752962124,1849161220,3
1752962124,1849174879,3
1752962124,1876820783,3
1752962124,1939904964,4
1753034787,1528244653,3
1753034787,1558605812,3
1753034787,1717208400,3
1753034787,1717894837,3
1753034787,1722346846,3
1753354492,1717153009,4
1753354492,1753359129,4
1753354492,1753695182,3
1753354492,1783029895,3
1753354492,1784393992,3
1753354492,1876803839,3
1753354492,5813107445,3
1753354584,1376800240,3
1753354584,1470237582,4
1753354584,1535718148,3
1753354584,1656834679,3
1753354584,1691574966,4
1753354584,1753359149,3
1753354584,1753359328,3
1753354584,1753695554,3
1753354584,1754028170,3
1753354584,1784393707,3
1753354584,1813373584,3
1753354584,1814751048,3
1753354584,1815096511,4
1753354657,1620667669,3
1753354657,1691233928,4
1753354657,1784052503,3
1753354657,1785067268,3
1753354671,1656834679,3
1753354671,1688893211,3
1753354671,1783025171,4
1753354671,1814759464,3
1753354671,1939244343,3
1753358619,1656834849,3
1753358619,1754369991,3
1753358619,1754715852,4
1753358619,1785058604,4
1753358619,5812992842,3
1753358914,1753695182,3
1753358914,1754369991,3
1753358914,1754370241,3
1753358914,1754715778,3
1753358914,1785399685,4
1753358914,1786091589,3
1753358914,5812990959,4
1753358965,1373734609,4
1753358965,1753359145,3
1753358965,1753359267,3
1753358965,1754032933,4
1753358965,1783025171,3
1753358965,1784397838,4
1753358965,5812995680,3
1753358965,5901211214,3
1753359080,1753359088,3
1753359080,1785753951,3
1753359080,1847819222,3
1753359080,5901203099,3
1753359088,1435126790,3
1753359088,1656839128,3
1753359088,1752671998,6
1753359088,1753359129,4
1753359088,1753695182,3
1753359088,1753695941,3
1753359088,1754715778,3
1753359088,1815432882,3
1753359129,1377814057,3
1753359129,1753695151,3
1753359129,1785412639,3
1753359129,1816456312,3
1753359129,5813034101,3
1753359145,1754042300,3
1753359145,1784738845,3
1753359149,1717153009,3
1753359149,1720585281,3
1753359149,1748187188,3
1753359149,1751994423,3
1753359149,1753354584,3
1753359149,1754715778,3
1753359149,1785076238,3
1753359149,1814759464,4
1753359149,1815713979,3
1753359149,1816115219,3
1753359149,1876803839,4
1753359235,1654405306,3
1753359267,1375768970,4
1753359267,1435126790,3
1753359267,1656834679,5
1753359267,1753695866,3
1753359267,1784393707,4
1753359267,1784730276,4
1753359267,1815432882,3
1753359267,5812983999,3
1753359267,5813039336,3
1753359276,1623072504,3
1753359276,1753359149,3
1753359276,1786091589,4
1753359328,1688892924,3
1753359328,1688893211,3
1753359328,1719902535,3
1753359328,1753696105,6
1753359328,1784389638,4
1753359328,1784735157,3
1753359328,1784738845,3
1753359328,1814759464,3
1753363739,1686518948,3
1753363739,1785058604,3
1753363739,1785412639,3
1753363739,1816788474,3
1753367903,1688211725,4
1753367903,1723023890,3
1753367903,1808241116,4
1753367903,1995858223,3
1753367903,5813062668,3
1753371564,1593401239,3
1753371564,1722000978,3
1753371564,1779972924,5
1753385655,1594092024,3
1753385655,1722005013,3
1753385655,1753034787,3
1753385655,2119272595,3
1753385655,5812996595,3
1753670596,1466844031,3
1753670596,1497200791,3
1753670596,1528577476,3
1753670596,1629163100,3
1753670596,1684443103,3
1753670596,1714791446,4
1753670596,1722307233,3
1753670596,1747518018,3
1753670596,1783690466,4
1753670596,1817444670,4
1753670596,1817448971,5
1753670596,1817449116,3
1753670596,1817457808,3
1753670596,1817457987,3
1753670596,1817785682,3
1753670596,1817799390,7
1753670596,1818122205,4
1753670596,1818136404,5
1753670596,1848138779,4
1753670596,1848156241,3
1753670596,1848837843,3
1753670596,1849166071,3
1753670596,1874782886,3
1753670596,5812993994,4
1753670596,5813060163,3
1753674977,1221971218,3
1753674977,1226887763,4
1753674977,1352684733,3
1753674977,1405231475,10
1753674977,1441598865,3
1753674977,1566411868,5
1753674977,1691259738,3
1753674977,1719595635,3
1753674977,1751329909,3
1753674977,1782369015,6
1753674977,1783051578,11
1753674977,1809614687,3
1753674977,1813403762,3
1753674977,1813403998,3
1753674977,1814414329,10
1753674977,1814418212,5
1753674977,1814422650,7
1753674977,1814426918,6
1753674977,1814777260,5
1753674977,1815826155,6
1753674977,1872033743,4
1753674977,1876147388,3
1753674977,1907584319,4
1753674977,2307027729,23
1753674977,5812996383,3
1753674977,5813023322,7
1753674977,5813034151,5
1753674977,5813038821,4
1753674977,5813038822,4
1753674977,5813038825,4
1753674977,5813039136,3
1753690864,1685776284,3
1753690864,1691233928,3
1753690864,1753695198,3
1753690864,1754033051,3
1753690864,1754715778,4
1753690864,1784397838,3
1753690864,1785400064,3
1753691086,1691233928,4
1753691086,1750621344,4
1753691086,1784738845,3
1753691086,1785745638,3
1753691086,5813038320,3
1753691232,1691574966,3
1753691232,1753691086,4
1753691232,1753695198,3
1753691232,1754037055,3
1753691232,1784389414,3
1753691232,1784398302,3
1753691232,1784738845,3
1753691232,1878543927,3
1753691232,5812993678,4
1753695151,1748187188,4
1753695151,1753695569,4
1753695151,1754042300,3
1753695151,1784730276,3
1753695182,1628140423,3
1753695182,1654405904,3
1753695182,1747508899,3
1753695182,1753359088,4
1753695182,1754715778,3
1753695182,1754715820,3
1753695182,1784398302,3
1753695182,1786091589,4
1753695182,1815773916,3
1753695198,1628192050,3
1753695198,1753359276,3
1753695198,1753359328,4
1753695198,1753691086,3
1753695198,1753695151,4
1753695198,1783025171,3
1753695198,1785745638,3
1753695198,1846812834,4
1753695251,1683756677,3
1753695251,1720585281,4
1753695251,1750622215,3
1753695251,1751943911,3
1753695251,1753359088,3
1753695251,1753695329,3
1753695251,1753695569,4
1753695251,1753695866,3
1753695251,1786091589,3
1753695251,5901203642,3
1753695319,1435126790,3
1753695319,1753358914,3
1753695319,1753359129,3
1753695319,1754370241,4
1753695319,1784725840,3
1753695319,5813048920,4
1753695329,1530602252,3
1753695329,1751943911,3
1753695329,1753695251,3
1753695329,1753695319,3
1753695329,1754028266,3
1753695329,1754033072,3
1753695329,1783038540,3
1753695329,1784052291,3
1753695329,1784389414,3
1753695329,1784398302,4
1753695329,1785417481,3
1753695329,1785740974,4
1753695329,1786091589,3
1753695329,1815713979,3
1753695329,1846812834,3
1753695387,1657525390,4
1753695387,1691233928,3
1753695387,1753695182,3
1753695387,1753696105,3
1753695387,1785740974,3
1753695387,1786091589,3
1753695387,1814759163,3
1753695387,5812991748,3
1753695387,5813039336,3
1753695482,1784398319,3
1753695482,5813034101,3
1753695482,5901203642,4
1753695554,1529928359,3
1753695554,1751257274,3
1753695554,1753695198,3
1753695554,1753695251,3
1753695554,1753696105,3
1753695554,1754374486,5
1753695554,1784734375,3
1753695554,1785412639,3
1753695554,1815769330,3
1753695554,1876803839,3
1753695554,5812992935,3
1753695569,1753695151,3
1753695569,1753695251,4
1753695569,1784389055,3
1753695569,1815769330,3
1753695569,1816456312,3
1753695569,5813107445,3
1753695569,5901203642,3
1753695576,1753359129,5
1753695576,1753359267,3
1753695576,1753695387,4
1753695576,1785076238,3
1753695576,1816115219,4
1753695620,1754028170,3
1753695620,1783038540,3
1753695620,1815432882,3
1753695620,1939244343,3
1753695737,1754028266,3
1753695737,1754033072,3
1753695737,5812983999,4
1753695866,1753695251,3
1753695866,5901203642,3
1753695941,1751257274,3
1753695941,1753359129,3
1753695941,1753695737,3
1753695941,1816456312,4
1753696105,1593743279,4
1753696105,1626140980,3
1753696105,1657525390,4
1753696105,1750622215,3
1753696105,1753359129,3
1753696105,1753359328,3
1753696105,1753695387,3
1753696105,1815778676,4
1753696105,1873078321,3
1753696105,5812993678,3
1753696105,5812997387,3
1753696105,5813048920,3
1753700376,1627509673,3
1753700376,1689242749,3
1753700376,1690266485,3
1753700376,1754374486,3
1753700376,1785058604,5
1753700376,5812993678,3
1753700376,5813107445,5
1754019541,1189567690,3
1754019541,1190250299,3
1754019541,1347126097,4
1754019541,1656834653,4
1754019541,1689915765,3
1754019541,1722307233,7
1754019541,1751666374,3
1754019541,1752962124,3
1754019541,1817112855,3
1754019541,1817444315,3
1754019541,1817452948,3
1754019541,1817457847,4
1754019541,1817790176,3
1754019541,1817799390,4
1754019541,1847810811,3
1754019541,1848492258,4
1754019541,1848496662,3
1754019541,1848820426,3
1754019541,1849161220,3
1754019541,1849179266,3
1754019541,1876820783,4
1754019541,1974682390,3
1754019541,5812988086,3
1754019541,5812992468,3
1754019541,5812998833,3
1754028170,1535718148,3
1754028170,1747508899,3
1754028170,1753700376,3
1754028170,1784389603,3
1754028170,1784398319,3
1754028266,1657525390,3
1754028266,1718863441,3
1754028266,1719902535,3
1754028266,1751994423,3
1754028266,1753695329,3
1754028266,1753695737,3
1754028266,1784052291,4
1754028266,1784393992,3
1754028266,1784735157,4
1754028266,5812993220,5
1754028266,5812997387,3
1754032933,1626140980,3
1754032933,1654405904,3
1754032933,1753358914,4
1754032933,1753358965,6
1754032933,1753695329,4
1754032933,1753695941,3
1754032933,1753700376,3
1754032933,1754033072,3
1754032933,1815778676,3
1754032933,5812997387,3
1754033051,1753354657,3
1754033051,1753359129,3
1754033051,1753690864,3
1754033051,1754369991,3
1754033051,1784057323,3
1754033072,1373734609,3
1754033072,1377814057,4
1754033072,1753695737,3
1754033072,1784052503,3
1754033072,1878543927,3
1754033072,5812993678,3
1754037055,1714113234,4
1754037055,1753691232,4
1754037055,1753695387,4
1754037055,1753695576,3
1754037055,1753695866,3
1754037055,1754374486,3
1754037055,1784738845,4
1754037055,1784739629,3
1754037055,1785062580,3
1754037055,1815778676,3
1754041168,1968889019,3
1754042300,1376800240,3
1754042300,1784739629,3
1754348495,1325733981,4
1754369991,1784730276,3
1754369991,1816456312,4
1754369991,1907518969,3
1754369991,5812997387,3
1754370241,1593743279,4
1754370241,1654405306,4
1754370241,1753695198,4
1754370241,1753695319,4
1754370241,1753695569,3
1754370241,1784052291,3
1754370241,1784730276,3
1754370241,1785745638,5
1754370241,1905110758,3
1754370241,1939244343,3
1754370241,5813039336,4
1754370281,1691233928,4
1754370281,1753691086,3
1754370281,1753695737,4
1754370281,1754033072,3
1754370281,1878543927,3
1754370281,1934470099,3
1754370313,1654405904,3
1754370313,1876803839,3
1754370313,5812992935,4
1754370428,1471259890,6
1754370428,1654068522,3
1754370428,1753358914,4
1754370428,1753695251,3
1754370428,1754028170,3
1754370428,1784402781,3
1754370428,1784726510,4
1754370428,1815769521,4
1754370428,1816456312,3
1754370428,1846135022,3
1754374121,1530602252,3
1754374121,1531975908,3
1754374121,1754370428,3
1754374121,1785076238,4
1754374121,1785408076,3
1754374121,1815769330,3
1754374121,1815778676,3
1754374486,1656834679,3
1754374486,1691574966,4
1754374486,1754370313,3
1754374486,1754715778,3
1754374486,5813038880,4
1754374486,5901203642,3
1754711606,1435126790,3
1754711606,1470237582,3
1754711606,1753359328,3
1754711606,1754369991,3
1754711606,1784734375,3
1754711606,1816788474,4
1754715778,1435126790,3
1754715778,1654405306,3
1754715778,1691574966,3
1754715778,1753358914,3
1754715778,1753690864,5
1754715778,1753695319,3
1754715778,1754042300,3
1754715778,1754370428,3
1754715778,1754374121,3
1754715778,1754715820,3
1754715778,1783038540,3
1754715778,1785753951,4
1754715778,5813034099,3
1754715820,1653390223,4
1754715820,1784730276,4
1754715820,1785408384,3
1754715820,1785417481,4
1754715852,1531975908,4
1754715852,1563393697,3
1754715852,1753358619,5
1754715852,1753695151,3
1754715852,1814759464,4
1754715852,1816114845,3
1775513344,1778613177,3
1775513344,1808279458,4
1775513344,5812997110,3
1776208262,5813046239,3
1776553851,1718918235,3
1776553851,1722346362,3
1776553851,5812996611,3
1776865370,1219592090,3
1776865370,1345079276,3
1776865370,1629163100,3
1776865370,1684443103,3
1776865370,1689187126,4
1776865370,1689239035,5
1776865370,1751666374,5
1776865370,1781333405,5
1776865370,1814729223,3
1776865370,1817444555,3
1776865370,1817449229,3
1776865370,1817457984,5
1776865370,1817463007,4
1776865370,1818122205,3
1776865370,1848483949,3
1776865370,1848492258,3
1776865370,1849161220,3
1776865370,1849183960,3
1776865370,1876820783,3
1776865370,1878845629,3
1776865370,1937193993,3
1776865370,5812999009,3
1776865370,5813068239,5
1776886049,1261229600,5
1776886049,1566528972,3
1776886049,5812988063,4
1777227052,1261229600,3
1777227052,1311677904,5
1777287980,1100404634,4
1777287980,5812997113,3
1777287980,5812997162,4
1777287980,5812997182,3
1777292496,1006984280,8
1777292496,1777970311,5
1777292496,1778664972,3
1777292496,5812994862,4
1777292496,5812994863,3
1777292496,5812997056,4
1777292496,5812997132,5
1777292496,5812997920,3
1777292496,5813023450,3
1777292496,5813024821,4
1777615656,1006984280,9
1777615656,1747285056,5
1777615656,1748308214,3
1777615656,1748312150,3
1777615656,1777965959,3
1777615656,5812997109,3
1777615656,5812997120,4
1777615656,5812997235,5
1777615656,5813026936,6
1777620290,1100404634,4
1777620290,1747963184,3
1777624565,1006984280,9
1777624565,1777970202,3
1777624565,1777970311,4
1777624565,5812997056,3
1777624565,5812997109,3
1777624565,5812997223,3
1777624565,5813024844,3
1777624895,1006984280,7
1777624895,1747285056,3
1777624895,1747635018,5
1777624895,1748299139,4
1777624895,1777970372,5
1777624895,1779006513,3
1777624895,5812997180,3
1777624895,5813018634,3
1777624895,5813026936,6
1777633341,1006984280,5
1777633341,1100404634,10
1777633341,1808318558,3
1777633341,1808659884,4
1777952404,1100404581,6
1777952466,1100404634,4
1777952508,1747621368,6
1777956777,1100404581,3
1777956961,1100404634,6
1777961088,1100404581,5
1777965959,1006984280,3
1777965959,1100404634,4
1777965959,5812986052,6
1777965959,5812997109,6
1777965959,5813018634,3
1777965959,5813026936,6
1777970202,1006984280,12
1777970202,1748308214,5
1777970202,1748312150,4
1777970202,1778315797,3
1777970202,1779006513,4
1777970202,5812993610,3
1777970311,1006984280,5
1777970311,1777292496,5
1777970311,1778669408,3
1777970311,1808327623,4
1777970311,5812997056,5
1777970311,5812997057,3
1777970311,5812997119,5
1777970311,5812997920,8
1777970372,1100404634,3
1777970372,1747635018,3
1777970372,1747971659,3
1777970372,1777624895,5
1777970372,1777974597,3
1777970372,1777979056,3
1777970372,5812997113,3
1777970372,5812997187,3
1777970372,5812997214,4
1777974380,1100404634,7
1777974380,1777287980,3
1777974380,5812979052,4
1777974597,1006984280,9
1777974597,1100404634,3
1777974597,1777633341,3
1777974597,1777979056,3
1777974597,1777983435,4
1777974597,5812997056,3
1777974597,5812997162,3
1777974597,5812997180,3
1777974597,5812997223,13
1777979056,1006984280,4
1777979056,1777974597,3
1777979056,1808318558,3
1777979056,1808659884,3
1777979056,5812997223,4
1777979056,5812997871,3
1777983435,1006984280,5
1777983435,1777970372,3
1777983435,1778660802,3
1777983435,1808318558,4
1777983435,5812997194,4
1777983435,5812997920,4
1777983435,5813024811,3
1777983435,5813024821,3
1777983454,1006984280,9
1777983454,5812994863,3
1777983454,5812997195,3
1778306530,1100404581,4
1778306884,1100404581,7
1778315198,1006984280,11
1778315198,1777974597,7
1778315198,5812997057,3
1778315198,5812997109,7
1778315198,5812997235,4
1778315198,5813026936,7
1778315797,1006984280,5
1778315797,1747285056,4
1778315797,1747635018,4
1778315797,1748299139,4
1778315797,1748312150,3
1778315797,1777624895,3
1778315797,5812997109,3
1778320035,1006984280,10
1778320035,1777983435,7
1778320035,5812994862,3
1778320035,5812997058,3
1778320035,5812997109,4
1778320035,5813024821,3
1778613177,1775513344,3
1778613177,1807930214,3
1778613177,1808620692,3
1778613177,1837902676,3
1778613177,5812998639,3
1778613177,5813038963,4
1778613177,5813045475,3
1778660802,1777983435,3
1778660802,5812996979,3
1778660802,5812997109,3
1778660802,5812997160,4
1778660802,5812997187,3
1778660802,5812997214,3
1778660802,5813023450,3
1778660802,5813024821,3
1778664972,1006984280,4
1778664972,1778320035,4
1778664972,5812997195,4
1778664972,5812997223,3
1778664972,5813024811,4
1778669408,1006984280,4
1778669408,1100404634,3
1778669408,1777624565,3
1778669408,5812997109,4
1778669408,5812997120,5
1778669408,5812997180,3
1778980197,5812997923,3
1778980401,1747271991,3
1778984385,1778984734,3
1778984385,1810706101,3
1778984385,5813034209,3
1778984560,1100404581,4
1778984647,5812997896,3
1778984734,1809687222,3
1778993289,1100404634,3
1778993289,1747617229,3
1778993447,1100404634,6
1779006513,1006984280,11
1779006513,1778315198,3
1779006513,5812993610,5
1779006513,5812997235,3
1779006513,5812997871,3
1779006513,5812997905,3
1779006513,5813024821,6
1779006513,5813026936,3
1779304011,5812993568,3
1779321626,1100404634,3
1779325800,1778302624,3
1779567374,1158877703,4
1779567374,1190250299,3
1779567374,1689915765,3
1779567374,1817444315,3
1779567374,1817449229,3
1779567374,1817453257,5
1779567374,1817457808,5
1779567374,1817458052,3
1779567374,1818122205,3
1779567374,1848151877,3
1779567374,1849161407,3
1779567374,1879519066,3
1779567374,1880887003,3
1779567374,2245501457,3
1779567374,5812993994,3
1779567374,5813068239,3
1779666644,1100404581,3
1779680030,1100404581,3
1779680030,1406583670,3
1779680030,1780025270,3
1779680030,5813034265,4
1779684044,1780021216,5
1779684044,1810373801,5
1779972924,1656157451,3
1779972924,1722341820,3
1780021199,1406583670,5
1780021199,1437276654,4
1780021199,1749327293,4
1780021199,1779680030,3
1780021199,1780025270,3
1780021199,5812997074,3
1780021199,5812997922,3
1780021199,5812998001,3
1780021216,1779684044,4
1780021216,1810032756,7
1780021216,5813046300,4
1780024850,5812997980,3
1780024850,5813024813,4
1780024850,5813024816,4
1780025156,1749327293,3
1780025156,1749331593,3
1780025156,1749672337,4
1780025156,1780025270,3
1780025156,5812997145,3
1780025156,5812997922,3
1780025156,5812998049,3
1780025156,5813024823,4
1780025270,1406583670,5
1780025270,1437276654,4
1780025270,1627561374,3
1780025270,1749327387,3
1780025270,1780025156,3
1780025270,5812997061,4
1780025270,5812997142,3
1780025270,5813046300,4
1780357845,1100404634,4
1780357845,1437276654,4
1780357845,1749672337,5
1780357845,1780025270,5
1780357845,5812997234,3
1780362273,1406583670,7
1780362273,1781044455,3
1780362273,5812998049,3
1780362372,1100404634,3
1780362372,5812997061,6
1780362372,5812997870,3
1780362372,5813039331,3
1780366362,5813024816,3
1780366362,5813046300,5
1780699257,1100404634,4
1780699257,1565846637,3
1780699257,1812078229,6
1780699257,1812078303,3
1780699257,5812997220,4
1780699257,5812997870,3
1780699257,5813046028,3
1780699257,5813062734,7
1780703535,1100404634,6
1780703535,1780357845,3
1780703535,1780699257,5
1780703535,1811737795,3
1780703535,5813039331,5
1780707291,1437276654,3
1780707291,1749327387,3
1780707291,1780366362,3
1780707291,5812998001,3
1781039902,1100404634,5
1781039902,1565846637,4
1781039902,1780362273,3
1781039902,1780699257,3
1781039902,1811392834,3
1781039902,5812998049,3
1781039902,5813062734,3
1781044455,1437276654,3
1781044455,1565846637,8
1781044455,1780021199,3
1781044455,1811392834,3
1781044455,5812997201,5
1781044455,5812997986,3
1781044455,5812997989,3
1781044541,5812997144,6
1781044541,5813062734,4
1781268241,1189559257,3
1781268241,1251287671,6
1781268241,1281303666,4
1781268241,1281324958,19
1781268241,1405231475,39
1781268241,1405780725,8
1781268241,1438524573,3
1781268241,1466998977,14
1781268241,1498574596,3
1781268241,1503999967,3
1781268241,1565846637,15
1781268241,1627117134,5
1781268241,1782668028,5
1781268241,1810956698,3
1781268241,1815070402,6
1781268241,1845078711,9
1781268241,1874035952,3
1781268241,1876471221,4
1781268241,1876894387,3
1781268241,1876898200,4
1781268241,1906496111,6
1781268241,1907156409,4
1781268241,1907169406,9
1781268241,1907519001,3
1781268241,1907571222,3
1781268241,1907574944,3
1781268241,1907587934,4
1781268241,1907924777,5
1781268241,1907933561,4
1781268241,1908226457,4
1781268241,1936848448,6
1781268241,1937875810,4
1781268241,1938541380,3
1781268241,2307027729,32
1781268241,5812993692,4
1781268241,5813023322,3
1781268241,5813024015,29
1781268241,5813055129,3
1781268241,5813069053,8
1781268241,5813069377,3
1781295424,1257508477,3
1781324410,1221285175,6
1781324410,1625800608,3
1781324410,1751262627,3
1781324410,1783690466,6
1781324410,1808241116,3
1781324410,1814410124,5
1781324410,1817449116,4
1781324410,1849174879,3
1781324410,1939904964,4
1781324410,5812992219,3
1781328716,1159555822,12
1781328716,1189230326,6
1781328716,1220257051,4
1781328716,1220270134,3
1781328716,1222332850,3
1781328716,1281324958,3
1781328716,1404446113,3
1781328716,1407874177,5
1781328716,1439203192,4
1781328716,1469269528,3
1781328716,1565846637,10
1781328716,1622350949,7
1781328716,1657525433,5
1781328716,1658644171,4
1781328716,1689989557,5
1781328716,1689993656,4
1781328716,1689994034,4
1781328716,1689994325,3
1781328716,1689994425,5
1781328716,1690011142,8
1781328716,1690015835,4
1781328716,1690020010,5
1781328716,1721025057,7
1781328716,1723386459,8
1781328716,1746858454,5
1781328716,1813054194,4
1781328716,1813399871,5
1781328716,1845117373,3
1781328716,1936848448,3
1781328716,5812994062,4
1781328716,5812995757,6
1781328716,5812998137,3
1781328716,5812999862,3
1781328716,5813023322,19
1781328716,5813031567,5
1781328716,5813038998,5
1781328716,5813042873,5
1781328716,5813047992,4
1781328716,5813055080,6
1781328716,5813069046,6
1781333390,1753367903,3
1781333405,1189567690,5
1781333405,1190250299,3
1781333405,1776865370,3
1781333405,1781324410,3
1781333405,1814410124,3
1781333405,1817108009,3
1781333405,1817785682,5
1781333405,1818122205,4
1781333405,1818136404,4
1781333405,1848837843,4
1781333405,1849178917,4
1781333405,1849179266,4
1781333405,1849503142,3
1781333405,1879519066,4
1781333405,1937193993,4
1781333405,5812998833,3
1781333405,5813034336,3
1781674298,1159555822,24
1781674298,1220257051,3
1781674298,1222332850,4
1781674298,1261229600,4
1781674298,1281324958,7
1781674298,1281998821,3
1781674298,1311677904,5
1781674298,1343045604,4
1781674298,1404446113,4
1781674298,1469269528,21
1781674298,1469947367,10
1781674298,1565846637,31
1781674298,1566519741,3
1781674298,1593417998,5
1781674298,1622350949,4
1781674298,1723386459,3
1781674298,1746858454,11
1781674298,1749275570,13
1781674298,1781328716,3
1781674298,1783068831,9
1781674298,1813399871,22
1781674298,1843744231,7
1781674298,1966864706,3
1781674298,2059295981,7
1781674298,5812991538,4
1781674298,5812994826,7
1781674298,5812998137,12
1781674298,5812999862,6
1781674298,5813023322,14
1781674298,5813023480,4
1781674298,5813031567,6
1781674298,5813038319,5
1781674298,5813038998,9
1781674298,5813042873,5
1781674298,5813047992,13
1781674298,5813055080,12
1781674298,5813069046,12
1782006592,1753358619,3
1782006592,1753359129,3
1782006592,1753359235,3
1782006592,1753695328,3
1782006592,1783348805,3
1782006592,1784730276,3
1782006592,1815432882,5
1782318275,1190250299,3
1782318275,1221285175,3
1782318275,1313702895,5
1782318275,1405788552,3
1782318275,1562707421,4
1782318275,1747518018,5
1782318275,1750251452,3
1782318275,1783690466,3
1782318275,1814410124,3
1782318275,1817113079,3
1782318275,1817448971,3
1782318275,1817449229,3
1782318275,1817449375,6
1782318275,1817457847,3
1782318275,1817463007,3
1782318275,1817786077,3
1782318275,1847806275,3
1782318275,1849503142,3
1782318275,1849507321,6
1782318275,1849520324,3
1782318275,1880887003,3
1782318275,2245501457,3
1782318275,5812993994,4
1782318275,5813038679,3
1782321284,1079143870,9
1782321284,1260197431,4
1782321284,1418186940,3
1782321284,1470950640,3
1782321284,1597157083,3
1782321284,1690602927,3
1782321284,1783362106,3
1782321284,5813022538,7
1782321284,5813054748,4
1782321284,5901217539,3
1782364786,1040013335,4
1782364786,1261229600,4
1782364786,1281998821,6
1782364786,1282007450,4
1782364786,1311677904,3
1782364786,1343749180,3
1782364786,1352684733,9
1782364786,1438912593,7
1782364786,1470971204,3
1782364786,1500598873,7
1782364786,1626482563,6
1782364786,1682707330,5
1782364786,1782369015,3
1782364786,1813403630,3
1782364786,1813403953,3
1782364786,1814780768,3
1782364786,1814781356,3
1782364786,1814781633,4
1782364786,1815126312,3
1782364786,1815131045,3
1782364786,1815480848,3
1782364786,1838257401,10
1782364786,1872033743,3
1782364786,2059978318,5
1782364786,2307027729,12
1782364786,5812998825,4
1782364786,5813023322,17
1782364786,5813023480,4
1782364786,5813038769,4
1782364786,5901214470,3
1782369015,1226887763,3
1782369015,1283013506,4
1782369015,1352684733,10
1782369015,1405231475,15
1782369015,1534363304,4
1782369015,1688164533,4
1782369015,1716496582,3
1782369015,1719595635,5
1782369015,1751329909,3
1782369015,1751670748,3
1782369015,1752016801,6
1782369015,1753674977,5
1782369015,1783051753,3
1782369015,1811630361,3
1782369015,1813403630,3
1782369015,1813403762,3
1782369015,1813403953,3
1782369015,1814777260,7
1782369015,1814781356,3
1782369015,1814781628,3
1782369015,1814781633,5
1782369015,1815809293,6
1782369015,1907156409,3
1782369015,1938544937,3
1782369015,2307027729,6
1782369015,5812996383,3
1782369015,5812998825,3
1782369015,5812999264,3
1782369015,5813023322,13
1782369015,5813034151,4
1782369015,5813038821,5
1782369015,5813038825,6
1782369015,5901214470,3
1782369015,5901226269,4
1782369340,1221971218,3
1782369340,1226887763,4
1782369340,1282007450,9
1782369340,1405231475,10
1782369340,1407179534,8
1782369340,1467548306,3
1782369340,1470971204,8
1782369340,1530636214,4
1782369340,1533683889,6
1782369340,1566411868,10
1782369340,1626827782,5
1782369340,1627131491,3
1782369340,1682707330,3
1782369340,1688164533,6
1782369340,1716496582,4
1782369340,1719225241,10
1782369340,1752016801,4
1782369340,1813403953,4
1782369340,1814781082,4
1782369340,1814781628,4
1782369340,1815131045,6
1782369340,1815809293,3
1782369340,1844750081,4
1782369340,1845449270,3
1782369340,1845453234,7
1782369340,1876147388,4
1782369340,2307027729,21
1782369340,5812987894,4
1782369340,5812996383,3
1782369340,5813023322,6
1782369340,5813034151,3
1782369340,5813046478,3
1782369359,1040013335,4
1782369359,1226887763,5
1782369359,1405231475,5
1782369359,1719595635,6
1782369359,1751670748,8
1782369359,1783051578,6
1782369359,1813403630,3
1782369359,1813403869,4
1782369359,1814414329,4
1782369359,1907519001,3
1782369359,1938541380,4
1782369359,2307027729,5
1782369359,5812987894,4
1782369359,5813023322,13
1782369359,5813038825,5
1782369359,5813039136,4
1782369359,5813069377,4
1782668028,1189559257,3
1782668028,1251287671,4
1782668028,1281324958,17
1782668028,1405231475,58
1782668028,1405780725,7
1782668028,1438524573,3
1782668028,1466998977,16
1782668028,1503999967,6
1782668028,1565846637,15
1782668028,1625080038,4
1782668028,1627117134,3
1782668028,1688505620,9
1782668028,1749258134,3
1782668028,1781268241,9
1782668028,1815070402,4
1782668028,1876894387,4
1782668028,1876898200,3
1782668028,1876902545,4
1782668028,1877217777,3
1782668028,1878271377,4
1782668028,1906496111,3
1782668028,1907510214,4
1782668028,1907519001,3
1782668028,1907578957,4
1782668028,1907587934,5
1782668028,1907933561,3
1782668028,1908226457,4
1782668028,1936848448,4
1782668028,1938207942,7
1782668028,2307027729,47
1782668028,5813000577,3
1782668028,5813023322,3
1782668028,5813024015,26
1782668028,5813069053,3
1782668028,5813069377,6
1782668028,5901215446,3
1782680353,1219592090,3
1782680353,1221280490,4
1782680353,1313702895,3
1782680353,1347126097,3
1782680353,1347812305,3
1782680353,1471607030,3
1782680353,1561301125,4
1782680353,1563355501,5
1782680353,1750251452,3
1782680353,1812363713,5
1782680353,1812696567,3
1782680353,1814060070,4
1782680353,1817112807,3
1782680353,1817448971,3
1782680353,1817790281,3
1782680353,1818473569,5
1782680353,1845772658,3
1782680353,1847806203,4
1782680353,1848143184,5
1782680353,1875124235,5
1782680353,1974682390,3
1782714902,1220257051,4
1782714902,1281324958,10
1782714902,1407873674,4
1782714902,1469269528,4
1782714902,1565846637,39
1782714902,1622350949,5
1782714902,1628230708,3
1782714902,1657525433,3
1782714902,1658643766,6
1782714902,1658644171,6
1782714902,1658990108,4
1782714902,1659331215,3
1782714902,1689989271,6
1782714902,1689993656,4
1782714902,1689994034,7
1782714902,1689994425,9
1782714902,1690015835,15
1782714902,1690020010,5
1782714902,1721020290,9
1782714902,1721025057,5
1782714902,1721365654,3
1782714902,1723386459,3
1782714902,1813054194,7
1782714902,1843744231,7
1782714902,1845117373,3
1782714902,1966864706,5
1782714902,2059295981,9
1782714902,5812994062,4
1782714902,5812994826,3
1782714902,5812998137,4
1782714902,5812999862,12
1782714902,5813023322,22
1782714902,5813038319,3
1782714902,5813042873,6
1782714902,5813045792,3
1782714902,5813047992,3
1782714902,5813055080,3
1782992460,1100404634,14
1782992460,1466998977,3
1782992460,1563099587,4
1782992460,1565846637,4
1782996020,1534721340,4
1783000305,1377841477,4
1783000305,1533338992,3
1783000305,1536783933,3
1783000305,1659231557,4
1783000305,1876105544,7
1783000305,955383233,4
1783000305,956043578,3
1783000305,974839706,4
1783000305,986059699,3
1783025171,1653390223,3
1783025171,1721305372,4
1783025171,1751257274,3
1783025171,1753354671,3
1783025171,1753695198,3
1783025171,1785417481,3
1783025171,1816788474,3
1783025171,1873078321,3
1783025171,5813062654,3
1783029895,1750622215,4
1783029895,1754715852,3
1783029895,1783348805,3
1783029895,1784057153,3
1783029895,1785412639,5
1783029895,1785417481,3
1783029895,1846800094,5
1783029895,5812993314,4
1783038540,1691574966,3
1783038540,1753690864,3
1783038540,1753695620,3
1783038540,1754033072,3
1783038540,5901203642,4
1783051578,1040013335,3
1783051578,1221971218,5
1783051578,1226887763,9
1783051578,1403392477,3
1783051578,1405231475,11
1783051578,1437850908,3
1783051578,1470971204,3
1783051578,1534363304,12
1783051578,1566411868,3
1783051578,1626482563,4
1783051578,1626827782,8
1783051578,1688164533,3
1783051578,1691259738,6
1783051578,1751329909,3
1783051578,1751670748,3
1783051578,1753674977,10
1783051578,1782369340,6
1783051578,1811630361,3
1783051578,1813403762,3
1783051578,1813403998,4
1783051578,1814418212,4
1783051578,1814422650,8
1783051578,1814777260,6
1783051578,1814781082,3
1783051578,1815126433,3
1783051578,1815480848,5
1783051578,1844750081,4
1783051578,1845453234,3
1783051578,1876147388,8
1783051578,1876484146,3
1783051578,1877930505,3
1783051578,2307027729,16
1783051578,5812996383,5
1783051578,5813023322,3
1783051578,5813034151,6
1783051578,5813038821,4
1783051578,5813038825,4
1783051578,5813046478,4
1783051578,5901226269,5
1783051753,1040013335,4
1783051753,1221971218,3
1783051753,1403392477,7
1783051753,1405231475,6
1783051753,1437850908,5
1783051753,1438908304,6
1783051753,1441598865,3
1783051753,1500598873,3
1783051753,1530636214,3
1783051753,1533683889,5
1783051753,1626482563,3
1783051753,1626827782,3
1783051753,1627131491,5
1783051753,1688164533,7
1783051753,1719225241,4
1783051753,1809614687,4
1783051753,1813403953,9
1783051753,1814777260,3
1783051753,1814781356,9
1783051753,1814781628,3
1783051753,1814781633,5
1783051753,1815126312,4
1783051753,1815809293,5
1783051753,1815826155,4
1783051753,1845453234,4
1783051753,1872033743,4
1783051753,1876484146,4
1783051753,1938195143,4
1783051753,2307027729,28
1783051753,5812987894,3
1783051753,5813023322,7
1783051753,5813046478,6
1783051753,5813050827,8
1783051753,5901214470,3
1783051753,5901226269,3
1783068831,1159555822,14
1783068831,1220257051,4
1783068831,1222332850,16
1783068831,1281324958,5
1783068831,1404446113,5
1783068831,1407873674,4
1783068831,1407874177,4
1783068831,1469269528,6
1783068831,1469947367,10
1783068831,1565846637,42
1783068831,1593417998,6
1783068831,1628230708,3
1783068831,1658643766,11
1783068831,1658990108,5
1783068831,1689994034,3
1783068831,1690011290,5
1783068831,1690015835,3
1783068831,1723386459,4
1783068831,1746858454,3
1783068831,1749275570,8
1783068831,1781328716,4
1783068831,1781674298,16
1783068831,1813054194,4
1783068831,1843744231,4
1783068831,1966864706,7
1783068831,1998250011,4
1783068831,2059295981,8
1783068831,5812994062,4
1783068831,5812998137,11
1783068831,5812999862,5
1783068831,5813023322,18
1783068831,5813031567,7
1783068831,5813038319,6
1783068831,5813038998,10
1783068831,5813042873,7
1783068831,5813045792,3
1783068831,5813047992,10
1783068831,5813055080,12
1783068831,5813069046,13
1783348805,1159551037,3
1783348805,1718863441,3
1783348805,1753359129,3
1783348805,1754028266,3
1783348805,1754715852,3
1783348805,1784389603,3
1783348805,1784730276,3
1783348805,1784730808,3
1783348805,5813038879,4
1783348805,5901211214,3
1783361972,1158877783,4
1783361972,1347126097,3
1783361972,1656834653,3
1783361972,1722307233,3
1783361972,1752962124,3
1783361972,1754019541,4
1783361972,1812696567,3
1783361972,1814729788,4
1783361972,1817112807,3
1783361972,1817452948,3
1783361972,1817457808,3
1783361972,1817799390,5
1783361972,1845772658,4
1783361972,1847806203,3
1783361972,1847810811,3
1783361972,1849179266,4
1783361972,1849183960,3
1783361972,5812991769,5
1783361972,5813038918,3
1783361972,5813039410,3
1783362106,1017802884,4
1783362106,1048492326,6
1783362106,1260197431,5
1783362106,1282348408,4
1783362106,1285849916,18
1783362106,1377841477,4
1783362106,1418186940,3
1783362106,1440252127,3
1783362106,1442314421,3
1783362106,1470950640,6
1783362106,1503331732,7
1783362106,1533338992,5
1783362106,1563467433,5
1783362106,1595853024,6
1783362106,1597157083,4
1783362106,1597493900,3
1783362106,1624074309,3
1783362106,1625804774,5
1783362106,1629206279,8
1783362106,1719250390,5
1783362106,1719953914,20
1783362106,1876105544,5
1783362106,2092019182,3
1783362106,5812990956,3
1783362106,5812991470,5
1783362106,5812991473,12
1783362106,5812996568,6
1783362106,5812997245,5
1783362106,5813015763,3
1783362106,5813047637,3
1783362106,5813048452,3
1783362106,5813054748,5
1783362106,5813069020,4
1783362106,5813078261,3
1783362106,5901196898,7
1783362106,731736853,3
1783362106,892273269,3
1783362106,923644961,5
1783690466,1219592090,4
1783690466,1221285175,3
1783690466,1250277991,3
1783690466,1345079276,3
1783690466,1471607030,5
1783690466,1472965897,4
1783690466,1593012939,3
1783690466,1622360309,3
1783690466,1625800608,4
1783690466,1684443103,3
1783690466,1719928105,4
1783690466,1750251452,4
1783690466,1753670596,4
1783690466,1781324410,7
1783690466,1807572051,3
1783690466,1814031575,3
1783690466,1817108009,4
1783690466,1817449116,3
1783690466,1817453065,4
1783690466,1817790222,3
1783690466,1817799390,3
1783690466,1818136404,5
1783690466,1875460978,3
1783690466,1880209425,3
1783690466,5812992219,3
1784052291,1441589107,4
1784052291,1753695329,4
1784052291,1754028266,7
1784052291,1784734375,4
1784052291,1815769521,3
1784052291,1816456312,3
1784052291,1846135022,3
1784052291,5901203642,4
1784052503,1753354657,3
1784052503,1753359080,3
1784052503,1816114845,3
1784052503,5812997387,3
1784057153,1593743279,4
1784057153,1690266485,4
1784057153,1746546621,3
1784057153,1815773916,3
1784057323,1593743279,3
1784057323,1783025171,3
1784057323,1785417481,3
1784057323,5901203642,3
1784389055,1656839128,3
1784389055,1753695569,3
1784389055,1815778676,3
1784389055,1816788474,4
1784389414,1435126790,4
1784389414,1784389055,4
1784389414,1815432882,3
1784389414,5813107445,3
1784389603,1753354657,3
1784389603,1753359129,3
1784389603,1753700376,3
1784389603,1754032933,3
1784389603,1784393707,3
1784389603,1784730276,3
1784389603,1847819222,5
1784389603,5813038879,3
1784389638,1620667669,3
1784389638,1784389414,3
1784389638,5813038880,3
1784393707,1377814057,3
1784393707,1621004685,4
1784393707,1623072504,3
1784393707,1691574966,3
1784393707,1753358914,5
1784393707,1816114845,3
1784393992,1653390223,3
1784393992,1753354584,3
1784393992,1753695576,4
1784393992,1753700376,3
1784393992,1754374121,3
1784393992,1754715820,3
1784393992,1784397838,3
1784393992,1785067268,4
1784393992,1815432882,3
1784393992,1815773916,5
1784393992,5812993678,3
1784397838,1377814057,3
1784397838,1691233928,4
1784397838,1753359129,3
1784397838,1753690864,4
1784397838,1753695328,6
1784397838,1754715778,3
1784397838,1785412639,4
1784397838,1815773916,3
1784397838,1816788474,3
1784397838,1876803839,3
1784397838,1935843067,4
1784397838,5901211214,4
1784398229,1720585281,4
1784398229,1754028266,3
1784398229,1814759464,3
1784398229,1939244343,3
1784398229,5813038880,3
1784398302,1753691232,5
1784398302,1753695182,3
1784398302,1753695329,5
1784398302,1753695387,3
1784398302,1754369991,3
1784398302,1785753951,4
1784398319,1441956741,3
1784398319,1534012511,4
1784398319,1628140423,3
1784398319,1753359080,4
1784398319,1753695482,3
1784398319,5812992842,3
1784398319,5812992935,3
1784398330,1751943911,3
1784398330,1753359149,3
1784398330,5812997387,3
1784398330,5813038320,3
1784402781,1470237582,3
1784402781,1717153009,4
1784402781,1754370428,3
1784402781,1785408640,3
1784441060,1628140423,4
1784441060,1876803839,3
1784725840,1628140423,3
1784725840,1654405306,3
1784725840,1753695319,3
1784725840,1754711606,5
1784725840,1785753951,3
1784726510,1471259890,3
1784726510,1719928274,3
1784726510,1753359088,3
1784726510,1754033051,3
1784726510,1785740974,3
1784726510,5813038320,3
1784730276,1563393697,3
1784730276,1753695151,3
1784730276,1753695319,3
1784730276,1846800094,3
1784730808,1620667669,3
1784730808,1691574966,3
1784730808,1753695576,4
1784730808,1754032933,3
1784730808,1783348805,3
1784730808,1785745638,3
1784730808,1815769521,3
1784734375,1749957344,3
1784734375,1754037055,3
1784734375,1784397838,3
1784734375,1784738845,3
1784735157,1753359328,5
1784735157,1753696105,3
1784735157,1754369991,3
1784735157,1754370428,3
1784735157,1784730276,3
1784738845,1375768970,5
1784738845,1470237582,4
1784738845,1620667669,3
1784738845,1653390223,3
1784738845,1657184761,3
1784738845,1753691232,4
1784738845,1753700376,3
1784738845,1784734375,4
1784738845,1784739629,3
1784739629,1754042300,5
1784739629,5901203642,3
1785058604,1753363739,4
1785058604,5812993678,4
1785058604,5813038879,4
1785062580,1717153009,4
1785062580,1753691232,4
1785062580,1784739629,3
1785062580,5812993220,3
1785067268,1373734609,3
1785067268,1531975908,3
1785067268,1720585281,3
1785067268,1753359129,4
1785067268,1754374486,3
1785067268,1784057153,3
1785067268,1784393992,3
1785067268,1785076238,3
1785067268,1785399685,3
1785067611,1657184761,3
1785067611,1753359129,6
1785067611,1784730276,3
1785067611,1785399685,3
1785067611,1814759163,3
1785067611,1935843067,4
1785076238,1753354492,3
1785076238,1753695251,3
1785076238,1753695576,3
1785076238,5813034099,3
1785399685,1750630587,4
1785399685,1753695182,3
1785399685,1753695319,3
1785399685,1754374121,3
1785399685,1784398229,3
1785399685,1784726510,3
1785399685,1784734375,3
1785399685,1785067268,3
1785399685,1785067611,3
1785399685,1813373584,3
1785400064,1441589107,4
1785400064,1753359129,4
1785400064,1754715852,4
1785400064,1815773916,3
1785400064,5901203099,3
1785403942,1534012511,3
1785403942,5901211214,3
1785408076,1753695737,4
1785408076,1785408384,3
1785408076,1876803839,3
1785408076,5812995680,3
1785408384,1376800240,3
1785408384,1751943911,3
1785408384,1753354671,6
1785408384,1753359129,3
1785408384,1753695151,4
1785408384,1782006592,3
1785408384,1846800094,3
1785408384,1939244343,3
1785408384,5812995680,3
1785408384,5813038880,4
1785408640,1535718148,4
1785408640,1686518948,4
1785408640,1714113234,3
1785408640,1718863441,3
1785408640,1753354492,4
1785408640,1753695151,4
1785408640,1753695554,3
1785408640,1754374486,3
1785408640,1784398319,3
1785408640,5813062654,3
1785412639,1535718148,3
1785412639,1657525390,3
1785412639,1753354492,4
1785412639,1754028170,3
1785412639,1784393707,3
1785412639,1784397838,3
1785412639,1939244343,3
1785417481,1470237582,5
1785417481,1718917727,3
1785417481,1748187188,3
1785417481,1754715778,4
1785417481,5812993314,3
1785740683,1530602252,3
1785740683,1656839128,4
1785740683,1785408076,4
1785740683,1785753951,3
1785740974,1627509673,3
1785740974,1753359129,5
1785740974,1753695329,5
1785740974,1753695482,5
1785740974,5812993678,3
1785745638,1753359129,3
1785745638,1753691086,4
1785753951,1376800240,3
1785753951,1657184761,3
1785753951,1691233928,3
1785753951,1753359080,3
1785753951,1754028170,3
1785753951,1754715778,4
1785753951,1784402781,4
1785753951,1784730808,3
1785753951,1815769521,3
1785753951,1816788474,3
1785753951,5812992935,4
1786091589,1343378332,4
1786091589,1753363739,4
1786091589,1753695251,4
1786091589,1753695737,4
1786091589,1754028266,3
1786091589,5901203099,3
1789933168,1226887763,4
1789933168,1228264951,15
1789933168,1261229600,3
1789933168,5813023322,22
1805844441,1808629175,3
1805844441,1838266061,5
1805844441,5813038963,3
1805844441,5813039483,4
1806185436,5812995460,4
1806526649,1775513344,3
1806526649,5813061319,3
1806535217,1808279335,3
1806535217,1808284045,3
1806535217,5812998632,3
1806535767,5812983613,3
1806850696,1778613177,4
1806850696,5812997949,3
1806880698,1805844441,3
1806880698,1806850696,3
1806880698,1843113661,3
1806880698,5812998594,3
1806880698,5812999239,3
1806880698,5813039484,4
1806880698,5813039485,3
1806880914,1714138427,3
1806880914,1806535217,3
1806880914,1838274271,3
1806885186,1806885187,3
1806885186,1807238852,4
1806885186,5813039485,3
1806885187,1281324958,4
1806885187,1805844441,3
1806885187,5813039479,3
1806885187,5813039484,4
1806885454,1838274271,3
1806885454,5812993717,3
1806885454,5812997130,3
1806893720,1434768400,3
1806893720,1745168996,3
1806893720,1808624754,4
1806893720,1808624842,3
1806893720,1808624862,4
1806893720,1808965929,3
1806893720,5812983613,4
1806893720,5812997786,3
1806893720,5813039477,3
1806893720,5813039484,3
1807191501,1006984280,3
1807191501,1842427221,5
1807191501,1872762224,4
1807191501,1872762831,5
1807191501,1932708720,5
1807235150,1806885187,3
1807235150,1807238852,3
1807235150,1837902676,3
1807235150,1843113661,3
1807235150,5813038963,5
1807238852,1434768400,4
1807238852,1713788691,3
1807238852,1806885186,4
1807238852,1807235150,4
1807238852,1808279458,3
1807238852,1808624754,3
1807238852,5812993718,3
1807238852,5813034310,3
1807238852,5813038963,3
1807239383,1775513203,3
1807239383,1839310335,3
1807239383,5812993604,3
1807243321,1838274271,3
1807572051,1158877703,4
1807572051,1250277991,6
1807572051,1347812305,4
1807572051,1593012939,3
1807572051,1658881325,3
1807572051,1814410124,4
1807572051,1817107934,3
1807572051,1817449059,4
1807572051,1817449236,6
1807572051,1817449375,3
1807572051,1817457847,3
1807572051,1817457984,3
1807572051,1818122205,3
1807572051,1818136404,3
1807572051,1848156241,4
1807572051,1848828925,3
1807572051,1875460978,3
1807572051,1880887003,4
1807572051,1908865507,3
1807584851,1775513203,3
1807584852,5813045475,3
1807584852,5813061319,3
1807592904,1806880914,4
1807592904,5812983613,4
1807592904,5813039485,3
1807930214,1434768400,3
1807930214,1714138427,3
1807930214,1806880698,3
1807930214,1808624754,3
1807930214,1839659717,4
1807930214,5812998594,4
1807930214,5812999239,4
1807930214,5813039479,3
1807930214,5813039484,3
1808241116,1158877783,4
1808241116,1347812305,4
1808241116,1471610338,3
1808241116,1561301125,4
1808241116,1563355501,3
1808241116,1629163100,3
1808241116,1817112807,5
1808241116,1817449375,4
1808241116,1817790176,3
1808241116,1817794820,3
1808241116,1818122205,3
1808241116,1848483949,3
1808241116,1878845629,3
1808241116,1880209425,3
1808241116,5812991769,3
1808241116,5812998833,4
1808267138,1288893672,3
1808267138,1289238970,3
1808267138,1289239054,6
1808267138,1319586861,3
1808267138,1319591442,3
1808267138,1319591480,3
1808267138,1319591655,3
1808267138,1319911391,3
1808267138,1319919698,4
1808267138,1319919814,3
1808267138,1319919918,4
1808267138,1350626363,3
1808267138,1412989266,3
1808267138,1683440362,3
1808267138,1838615654,3
1808267138,1869649833,3
1808267138,2028261424,3
1808279335,1714138479,3
1808279335,1806535217,3
1808279335,5812997130,3
1808279389,1352357010,3
1808279389,5813039499,3
1808279428,1808279472,3
1808279458,1281324958,4
1808279458,1839659717,3
1808279458,5812997949,3
1808279458,5813039484,6
1808279458,5813046241,3
1808279472,1807243321,3
1808284045,1840004786,3
1808284051,1807243321,4
1808284051,1809320060,3
1808284051,5812993605,3
1808284051,5813038966,4
1808284051,5813049879,3
1808284051,5813054867,3
1808318558,1777979056,4
1808318558,5812997223,4
1808327285,1006984280,6
1808327285,1932773383,5
1808327285,5812997196,3
1808327285,5812999837,8
1808327285,5813000926,3
1808327285,5813022935,3
1808327341,1006984280,14
1808327341,1808327285,5
1808327341,1839020900,7
1808327586,1100404634,9
1808327586,5813082111,4
1808327623,1006984280,4
1808327623,1777970311,5
1808327623,1839366430,6
1808327623,1901423055,3
1808327623,5812997132,7
1808327623,5812999333,5
1808327623,5813022935,3
1808620692,1806885186,5
1808620692,1808629175,3
1808620692,1837902676,3
1808620692,5812998572,4
1808620692,5813039485,4
1808620692,5813039499,3
1808624754,1713788691,4
1808624754,1806885186,3
1808624754,1806893720,4
1808624754,1837902676,3
1808624754,1843113661,7
1808624754,5812997949,4
1808624754,5812999239,4
1808624754,5813039477,3
1808624754,5813039484,3
1808624842,1713788691,4
1808624842,1807592904,3
1808624842,1808620692,3
1808624842,1808624754,3
1808624842,1808629175,6
1808624842,1808965929,3
1808624842,1838266061,5
1808624842,1838269993,5
1808624842,1838969023,3
1808624842,1839314480,5
1808624842,1839659717,3
1808624842,1843113661,6
1808624842,5812998572,3
1808624842,5812998594,4
1808624842,5813038963,6
1808624842,5813039479,3
1808624842,5813046241,6
1808624862,1778613177,4
1808624862,1808624754,4
1808624862,1808629175,4
1808624862,5812998594,4
1808624862,5813039484,3
1808629175,1281324958,3
1808629175,1713788691,3
1808629175,1805844441,3
1808629175,1806893720,6
1808629175,1807930214,4
1808629175,1808620692,5
1808629175,1808624842,5
1808629175,1837902676,3
1808629175,1838269993,3
1808629175,1839314480,3
1808629175,1843113661,3
1808629175,5812983613,3
1808629175,5812997949,6
1808629175,5812998594,6
1808629175,5812999239,3
1808629175,5813034310,3
1808629175,5813038963,4
1808629175,5813039483,4
1808629175,5813039484,4
1808629175,5813045475,5
1808629175,5813046241,4
1808633332,1807239383,4
1808633332,1839310335,3
1808633332,1842777145,3
1808650829,5812993831,4
1808659884,1006984280,5
1808659884,1100404634,3
1808659884,5812997871,3
1808927915,1322626125,4
1808927915,1500020535,3
1808927915,1503418436,3
1808927915,1563095398,3
1808927915,1746858454,6
1808927915,1848496662,3
1808936407,1260192984,4
1808936407,1528253194,5
1808936407,1533040839,4
1808936407,1624074309,7
1808936407,1933433614,3
1808936407,5813069020,3
1808936407,5813109987,3
1808949598,1049502699,3
1808949598,1259852010,3
1808949598,1407874177,5
1808949598,1749275570,5
1808949598,1906159299,4
1808949598,5812986572,4
1808949598,5812994062,7
1808949598,5813016381,5
1808958240,1294362035,3
1808958240,1749270652,3
1808965929,1434768400,4
1808965929,1775513344,4
1808965929,1806880698,3
1808965929,1806885187,5
1808965929,1808624842,3
1808965929,1808629175,3
1808965929,1838269993,3
1808965929,1843113661,3
1808965929,5812998572,3
1808965929,5812999239,3
1808965929,5813038958,5
1808965929,5813038963,5
1808965929,5813039479,3
1808965929,5813039483,5
1808965929,5813039484,4
1808969927,1837920218,3
1809000883,5813024808,3
1809264255,1158187240,13
1809264255,1158864995,4
1809264255,1218901359,9
1809264255,1249932198,11
1809264255,1281324958,38
1809264255,1405231475,59
1809264255,1498574596,5
1809264255,1565846637,19
1809264255,1590979045,7
1809264255,1621357756,3
1809264255,1745821751,7
1809264255,1749258134,4
1809264255,1810956698,4
1809264255,1838257401,4
1809264255,1839288696,7
1809264255,1840636280,7
1809264255,1874035952,4
1809264255,1876894387,3
1809264255,1877939213,8
1809264255,1906159299,5
1809264255,1907578957,3
1809264255,2121711447,7
1809264255,2215161310,8
1809264255,2307027729,39
1809264255,5812993692,6
1809264255,5812998136,6
1809264255,5813024015,11
1809264255,5813061197,4
1809264255,5813069053,5
1809264255,5813075607,3
1809273495,1200195625,3
1809273495,1222332850,4
1809273495,5812994826,4
1809273495,857456902,3
1809273495,861242399,3
1809302520,1294362035,3
1809302520,1657180509,3
1809302520,1808241116,3
1809319986,5813046239,3
1809320060,5813039499,3
1809320060,5813049879,3
1809614687,1282007450,6
1809614687,1343749180,4
1809614687,1352684733,4
1809614687,1403392477,4
1809614687,1405231475,9
1809614687,1407179534,5
1809614687,1438912593,3
1809614687,1470971204,3
1809614687,1500598873,5
1809614687,1566411868,3
1809614687,1719595635,5
1809614687,1782364786,4
1809614687,1811630361,4
1809614687,1813403953,3
1809614687,1814414329,4
1809614687,1814422650,3
1809614687,1814780768,3
1809614687,1814781356,3
1809614687,1814781628,4
1809614687,1814781633,3
1809614687,1815126433,5
1809614687,1815809293,3
1809614687,1845449270,5
1809614687,1872033743,8
1809614687,1876147388,4
1809614687,1876484146,3
1809614687,1938195143,3
1809614687,2059978318,3
1809614687,2307027729,22
1809614687,5812987894,3
1809614687,5812998825,3
1809614687,5813023322,6
1809614687,5813038769,4
1809614687,5813050827,7
1809614687,5901214470,7
1809665517,1840359331,3
1809665517,1841050064,3
1809665643,5812997141,3
1809665687,1778980154,3
1809665687,5812993831,3
1809669836,1100404634,5
1809669917,1778980197,3
1809682795,1779001685,3
1809695854,1563099587,3
1809695854,5813024816,3
1810011201,1100404634,3
1810011201,5813060908,3
1810019564,1748299708,3
1810338703,1006984280,4
1810343500,1006984280,8
1810343561,1006984280,6
1810343561,1841037528,3
1810343561,1872071833,3
1810343613,1006984280,7
1810373801,1810032756,4
1810373801,5813018634,3
1810645950,1100404634,7
1810645950,1261229600,8
1810645950,1470950640,4
1810645950,1813732543,3
1810645950,5813069020,6
1810659099,1080532771,3
1810659099,1110885663,3
1810659099,1111217863,3
1810659099,1500373828,3
1810659099,1685555983,8
1810659099,1874782886,12
1810659099,2247202730,3
1810944084,1013291042,3
1810944084,1220270134,4
1810956698,1251287671,8
1810956698,1281324958,26
1810956698,1405231475,41
1810956698,1405780725,3
1810956698,1438524573,6
1810956698,1466998977,11
1810956698,1498574596,5
1810956698,1565846637,15
1810956698,1590979045,7
1810956698,1715459859,3
1810956698,1745821751,3
1810956698,1781268241,4
1810956698,1809264255,5
1810956698,1839288696,3
1810956698,1877930505,4
1810956698,1877939213,3
1810956698,1878271377,3
1810956698,1906496111,5
1810956698,1907510214,5
1810956698,1907519001,3
1810956698,1907574944,6
1810956698,1907584319,3
1810956698,1907587934,4
1810956698,1907924777,3
1810956698,1936848448,5
1810956698,1998922583,4
1810956698,2215161310,5
1810956698,2307027729,29
1810956698,5812993692,6
1810956698,5813023322,3
1810956698,5813024015,32
1810956698,5813055129,3
1810956698,5813069377,4
1810986443,1100404634,7
1810986443,1466998977,3
1810986443,1470950640,3
1810986443,1565846637,4
1810986443,1657603789,3
1810986443,1719250390,3
1810986443,1719591388,3
1810986443,1813732543,3
1810986443,5813044940,3
1810986443,918529614,4
1811047193,5812997923,3
1811306906,1781328716,4
1811306906,1811646824,3
1811306906,1874035952,3
1811306906,1907584319,4
1811306906,5812989550,3
1811306906,5813045792,3
1811392809,1100404634,13
1811392809,1565846637,5
1811392809,1811737863,3
1811392809,1812078869,3
1811392809,5812993607,7
1811392809,5812997213,5
1811392809,5812997220,6
1811392809,5813046028,3
1811392834,1100404634,6
1811392834,1811392809,4
1811392834,5812997870,5
1811392834,5812997989,3
1811392834,5813024817,3
1811392834,5813056439,3
1811401061,1100404634,4
1811401061,5812997173,6
1811401061,5812997231,3
1811401061,5812998000,3
1811401061,5812998049,4
1811630361,1282007450,4
1811630361,1403392477,3
1811630361,1405231475,9
1811630361,1407179534,3
1811630361,1437850908,3
1811630361,1438908304,3
1811630361,1441598865,3
1811630361,1467548306,6
1811630361,1500598873,4
1811630361,1626482563,3
1811630361,1627131491,5
1811630361,1682707330,6
1811630361,1688164533,6
1811630361,1719225241,6
1811630361,1809614687,3
1811630361,1813403869,3
1811630361,1813403998,5
1811630361,1814422650,3
1811630361,1814781356,3
1811630361,1814781628,4
1811630361,1814781633,6
1811630361,1815126312,3
1811630361,1815131045,4
1811630361,1815471919,3
1811630361,1815809293,5
1811630361,1844750081,3
1811630361,1845453234,5
1811630361,1876147388,3
1811630361,1876147437,3
1811630361,1876484146,4
1811630361,1938541380,3
1811630361,2307027729,27
1811630361,5812998825,5
1811630361,5812999264,5
1811630361,5813023322,6
1811630361,5813038821,3
1811630361,5813050827,5
1811630361,5901214470,5
1811733868,1100404634,10
1811733868,1565846637,5
1811733868,1811392809,3
1811733868,5812991142,3
1811733868,5812996978,3
1811733868,5812997053,5
1811733868,5812997074,3
1811733868,5812997075,5
1811733868,5812997115,4
1811733868,5812997220,4
1811733868,5812998050,3
1811737700,1100404634,6
1811737700,1565846637,8
1811737700,1780699257,4
1811737700,1781039902,5
1811737700,1812078229,4
1811737700,1840372147,4
1811737700,5812997059,6
1811737700,5813024817,3
1811737795,1780699257,5
1811737795,1811737700,4
1811737795,1812078229,4
1811737795,1812078303,3
1811737795,1842090637,4
1811737795,5812996158,3
1811737795,5812997053,3
1811737795,5812997059,4
1811737795,5812997060,5
1811737795,5813024308,4
1811737863,1100404634,7
1811737863,1812078638,3
1811737863,1842777126,4
1811737863,5812997053,6
1811737863,5812997115,3
1811737863,5812997220,3
1812078229,1100404634,8
1812078229,1811733868,3
1812078229,1811737700,4
1812078229,1811737863,3
1812078229,1812078303,3
1812078229,5812991142,3
1812078229,5812993607,3
1812078229,5812996158,3
1812078229,5812997060,3
1812078229,5812997870,7
1812078303,1100404634,6
1812078303,1811737700,6
1812078303,1811737795,3
1812078303,5812993607,3
1812078638,1811737863,4
1812078638,1812083043,6
1812078638,1873811611,3
1812078638,5812997213,4
1812078869,1100404634,4
1812078869,1811392809,5
1812078869,1842777126,5
1812078869,1843118063,3
1812078869,5812996158,4
1812078869,5812997074,3
1812078869,5812998050,3
1812078869,5813023322,4
1812078876,1100404634,3
1812078876,1311677904,3
1812078876,1812078869,3
1812078876,1873120862,4
1812078876,5812998050,3
1812078876,5813039334,4
1812083043,1100404634,3
1812083043,1812078638,4
1812083043,1812419638,4
1812083043,1843118063,7
1812083043,5812991140,3
1812083043,5812997068,4
1812083043,5812997115,5
1812083043,5812997208,3
1812083043,5812998002,6
1812083043,5812998050,3
1812083043,5813046306,5
1812363713,1190250299,3
1812363713,1250277991,3
1812363713,1747181914,3
1812363713,1781324410,3
1812363713,1782680353,5
1812363713,1817449375,3
1812363713,1817790281,3
1812363713,1817799390,4
1812363713,1818473569,3
1812363713,1847806275,3
1812363713,1848828925,3
1812363713,1878845629,4
1812419638,1812083043,5
1812419638,1839344717,4
1812419638,5812991140,5
1812419638,5812996158,7
1812419638,5812997059,3
1812419638,5812997081,5
1812419638,5812997115,3
1812419638,5812997208,3
1812419638,5812998050,5
1812419638,5813023322,8
1812419638,5813039334,6
1812419638,5813046306,5
1812696567,1219592090,3
1812696567,1437165487,3
1812696567,1466844031,3
1812696567,1530606252,3
1812696567,1689200671,4
1812696567,1751262627,4
1812696567,1781324410,3
1812696567,1781333405,3
1812696567,1817449059,3
1812696567,1817457987,3
1812696567,1817785682,4
1812696567,1849183960,4
1812696567,1876820783,3
1812696567,1878845226,3
1812696567,1880209425,3
1812696567,2029624973,5
1812696567,5812988086,4
1812696567,5813034336,3
1812696567,5813068239,3
1812696567,5813076492,4
1813028777,1221285175,3
1813028777,1347812305,3
1813028777,1348153557,3
1813028777,1684443103,4
1813028777,1748187330,3
1813028777,1783690466,3
1813028777,1808241116,3
1813028777,1817448971,3
1813028777,1817453065,3
1813028777,1849161407,3
1813028777,1849166071,3
1813028777,1908865507,3
1813028777,5812993994,3
1813054194,1189230326,4
1813054194,1344392982,7
1813054194,1407873674,7
1813054194,1439203192,9
1813054194,1565846637,28
1813054194,1593417998,3
1813054194,1628230708,6
1813054194,1657525433,5
1813054194,1658643766,7
1813054194,1689993656,9
1813054194,1689994034,9
1813054194,1689994325,6
1813054194,1689994425,4
1813054194,1690011142,4
1813054194,1690015835,7
1813054194,1690020010,3
1813054194,1721020290,6
1813054194,1723386459,4
1813054194,1746858454,3
1813054194,1781328716,4
1813054194,1782714902,8
1813054194,1845117373,6
1813054194,1966864706,4
1813054194,2059295981,11
1813054194,5812995757,4
1813054194,5813023322,13
1813054194,5813038998,4
1813054194,5813045792,4
1813373584,1751257274,3
1813373584,1751943911,3
1813373584,1753358914,4
1813373584,1754369991,3
1813373584,1846812834,3
1813382259,1375769049,4
1813382259,1405788552,5
1813382259,1656834653,3
1813382259,1684443103,3
1813382259,1689200671,4
1813382259,1719928105,5
1813382259,1783690466,3
1813382259,1807572051,3
1813382259,1808241116,3
1813382259,1817107934,4
1813382259,1817112855,3
1813382259,1817444555,3
1813382259,1817444670,3
1813382259,1817453557,3
1813382259,1817457847,4
1813382259,1817790176,6
1813382259,1847806275,3
1813382259,1879519066,3
1813391435,1006984280,12
1813391435,1159715613,10
1813391435,1251654856,3
1813391435,1261229600,7
1813391435,1281324958,3
1813391435,1311677904,4
1813391435,1343395439,3
1813391435,1406147470,4
1813391435,1528253194,5
1813391435,1563467433,3
1813391435,1565846637,22
1813391435,1624747496,3
1813391435,5812990956,5
1813391435,5813069020,8
1813399871,1159555822,20
1813399871,1261229600,4
1813399871,1281324958,11
1813399871,1311677904,5
1813399871,1404446113,3
1813399871,1407873674,3
1813399871,1407874177,3
1813399871,1469269528,10
1813399871,1469947367,9
1813399871,1565846637,22
1813399871,1593417998,4
1813399871,1622350949,3
1813399871,1721020290,3
1813399871,1723386459,3
1813399871,1749275570,10
1813399871,1781328716,4
1813399871,1781674298,17
1813399871,1838257401,4
1813399871,1839288696,4
1813399871,1845117373,3
1813399871,1869649833,3
1813399871,1966864706,3
1813399871,5812994062,3
1813399871,5812994826,7
1813399871,5812999862,5
1813399871,5813023322,9
1813399871,5813038319,10
1813399871,5813042873,3
1813399871,5813047992,4
1813399871,5813055080,3
1813399871,5813069046,4
1813403630,1226887763,5
1813403630,1352684733,11
1813403630,1403392477,3
1813403630,1405231475,7
1813403630,1533683889,3
1813403630,1566411868,3
1813403630,1688164533,4
1813403630,1691259738,3
1813403630,1719225241,3
1813403630,1719595635,3
1813403630,1751329909,3
1813403630,1751670748,3
1813403630,1782369015,3
1813403630,1782369359,3
1813403630,1783051753,4
1813403630,1813403762,7
1813403630,1814422650,4
1813403630,1814777260,5
1813403630,1814780768,3
1813403630,1814781082,3
1813403630,1814781628,5
1813403630,1815126433,3
1813403630,1844750081,5
1813403630,1845453234,3
1813403630,1876902545,3
1813403630,1907510214,4
1813403630,2307027729,9
1813403630,5812987894,3
1813403630,5812996383,3
1813403630,5813023322,12
1813403630,5813039136,7
1813403630,5901214470,3
1813403630,5901226269,6
1813403762,1405231475,17
1813403762,1533683889,3
1813403762,1626482563,3
1813403762,1688164533,3
1813403762,1719225241,5
1813403762,1719595635,5
1813403762,1751329909,3
1813403762,1752016801,7
1813403762,1753674977,6
1813403762,1782369015,4
1813403762,1782369359,5
1813403762,1783051578,3
1813403762,1813403630,4
1813403762,1813403869,7
1813403762,1813403998,3
1813403762,1814777260,3
1813403762,1814781082,3
1813403762,1814781537,3
1813403762,1814781628,7
1813403762,1815826155,4
1813403762,1845453234,4
1813403762,2059978318,3
1813403762,2307027729,20
1813403762,5812987894,3
1813403762,5813023322,14
1813403762,5813034151,7
1813403762,5813038822,3
1813403762,5813038825,3
1813403762,5813039136,5
1813403762,5901226269,6
1813403869,1282007450,6
1813403869,1405231475,12
1813403869,1407179534,3
1813403869,1438908304,3
1813403869,1626827782,4
1813403869,1691259738,4
1813403869,1719595635,3
1813403869,1752016801,7
1813403869,1782369015,5
1813403869,1783051578,5
1813403869,1811630361,5
1813403869,1813403630,3
1813403869,1813403762,6
1813403869,1813403998,4
1813403869,1814418212,4
1813403869,1814780768,3
1813403869,1814781628,3
1813403869,1815131045,3
1813403869,1844750081,3
1813403869,1845453234,3
1813403869,1876147388,5
1813403869,2307027729,10
1813403869,5812996383,8
1813403869,5812998825,4
1813403869,5813023322,8
1813403869,5813034151,7
1813403869,5813038822,5
1813403869,5813039136,4
1813403869,5813046478,3
1813403869,5901226269,5
1813403953,1221971218,4
1813403953,1282007450,3
1813403953,1343749180,3
1813403953,1352684733,5
1813403953,1405231475,11
1813403953,1438908304,4
1813403953,1438912593,3
1813403953,1470971204,8
1813403953,1500598873,5
1813403953,1530636214,4
1813403953,1566411868,3
1813403953,1627131491,3
1813403953,1682707330,4
1813403953,1691259738,3
1813403953,1719225241,4
1813403953,1782364786,3
1813403953,1782369015,3
1813403953,1782369340,4
1813403953,1783051753,8
1813403953,1813403998,7
1813403953,1814780768,3
1813403953,1814781628,5
1813403953,1814781633,5
1813403953,1815471919,5
1813403953,1815809293,5
1813403953,1815826155,3
1813403953,1844750081,3
1813403953,1845449270,3
1813403953,1872033743,3
1813403953,1876484146,4
1813403953,1938195143,4
1813403953,2059978318,4
1813403953,2307027729,18
1813403953,5812987894,4
1813403953,5812998825,4
1813403953,5813023322,12
1813403953,5813034151,3
1813403953,5813038769,3
1813403953,5813050827,3
1813403953,5813069053,3
1813403953,5901214470,8
1813403998,1283013506,3
1813403998,1405231475,7
1813403998,1438908304,8
1813403998,1441598865,3
1813403998,1467548306,4
1813403998,1500598873,3
1813403998,1688164533,3
1813403998,1719225241,4
1813403998,1783051578,3
1813403998,1813403869,4
1813403998,1814781082,4
1813403998,1814781537,4
1813403998,1815126433,3
1813403998,1815131045,4
1813403998,1815471919,3
1813403998,1938195143,4
1813403998,2307027729,16
1813403998,5812996383,3
1813403998,5812998825,6
1813403998,5813023322,6
1813403998,5813034151,4
1813403998,5813038769,4
1813403998,5813038821,3
1813403998,5901226269,3
1813727537,1349240911,4
1813727537,1440670548,3
1813727537,1471705177,3
1813727537,1502748318,3
1813727537,5813016911,4
1813727537,5813033809,4
1813727537,5813085201,3
1813727811,1100404634,21
1813727811,1563122080,3
1813727811,1565846637,15
1813727811,1845431840,3
1813728233,1100404634,4
1813728233,1224560577,3
1813728233,1261229600,19
1813728233,1282348408,4
1813728233,1343395439,3
1813728233,1374438280,4
1813728233,1406147470,4
1813728233,1466998977,3
1813728233,1528253194,8
1813728233,1564097399,4
1813728233,1813391435,3
1813728233,5812990956,3
1813728233,5812994939,3
1813728233,5813068748,3
1813732543,1006984280,15
1813732543,1100404581,8
1813732543,1100404634,3
1813732543,1251654856,6
1813732543,1343395439,5
1813732543,1470950640,3
1813732543,1528253194,5
1813732543,1562785146,3
1813732543,1563126068,5
1813732543,1563467433,4
1813732543,1565846637,22
1813732543,1624074309,9
1813732543,1624747496,5
1813732543,1625804774,7
1813732543,1783362106,3
1813732543,1813391435,4
1813732543,5813069020,10
1814031575,1189567690,4
1814031575,1190250299,3
1814031575,1250277991,3
1814031575,1471610338,4
1814031575,1565729476,3
1814031575,1722307233,3
1814031575,1781333405,3
1814031575,1783690466,5
1814031575,1812696567,4
1814031575,1813382259,3
1814031575,1814055949,3
1814031575,1817112807,3
1814031575,1817448971,3
1814031575,1817457984,3
1814031575,1848143184,3
1814031575,1848151236,6
1814031575,1848492258,3
1814031575,1848496662,3
1814031575,1849520324,3
1814031575,1875460978,3
1814031575,1876820783,4
1814031575,2029624973,3
1814031575,5813039410,4
1814055949,1158877703,6
1814055949,1190250299,4
1814055949,1250277991,3
1814055949,1313702895,4
1814055949,1405788552,3
1814055949,1534694621,4
1814055949,1593012939,3
1814055949,1658881325,5
1814055949,1722307233,6
1814055949,1752672460,4
1814055949,1781324410,3
1814055949,1781333405,3
1814055949,1817444555,3
1814055949,1817449229,3
1814055949,1817453257,3
1814055949,1817453557,3
1814055949,1817457847,3
1814055949,1847806203,3
1814055949,1848151877,3
1814055949,1848820426,3
1814055949,1849161220,3
1814055949,1849166071,5
1814055949,1849503142,3
1814055949,5812998833,3
1814055949,5813039410,4
1814060070,1158877783,3
1814060070,1348153557,3
1814060070,1593012939,3
1814060070,1656834653,3
1814060070,1690917721,3
1814060070,1782680353,3
1814060070,1814410124,4
1814060070,1817108009,7
1814060070,1817448921,3
1814060070,1817453257,4
1814060070,1817453557,3
1814060070,1817790176,6
1814060070,1817790222,3
1814060070,1849503142,4
1814060070,1878845629,3
1814060070,5812998833,3
1814410124,1405788552,4
1814410124,1781333405,4
1814410124,1807572051,3
1814410124,1817457808,3
1814410124,1817457984,3
1814410124,1817457987,5
1814410124,1817786077,3
1814410124,1817790176,3
1814410124,1817794820,3
1814410124,1848828925,4
1814410124,1878845629,3
1814410124,1880887003,3
1814414329,1221971218,4
1814414329,1226887763,3
1814414329,1352684733,9
1814414329,1405231475,11
1814414329,1533683889,4
1814414329,1566411868,7
1814414329,1626827782,3
1814414329,1688164533,4
1814414329,1691259738,3
1814414329,1719595635,3
1814414329,1751329909,3
1814414329,1751670748,8
1814414329,1752016801,3
1814414329,1753674977,8
1814414329,1782369359,3
1814414329,1782668028,4
1814414329,1809614687,5
1814414329,1813403869,3
1814414329,1814422650,11
1814414329,1814426918,3
1814414329,1814777260,4
1814414329,1814781628,4
1814414329,1815826155,4
1814414329,2307027729,12
1814414329,5812996383,5
1814414329,5813023322,8
1814414329,5813034151,5
1814418212,1221971218,4
1814418212,1226887763,5
1814418212,1352684733,5
1814418212,1405231475,8
1814418212,1566411868,4
1814418212,1626482563,3
1814418212,1719595635,5
1814418212,1751670748,4
1814418212,1752016801,6
1814418212,1753674977,7
1814418212,1782369015,4
1814418212,1782369359,3
1814418212,1813403869,3
1814418212,1814422650,4
1814418212,1814426918,4
1814418212,1814781082,8
1814418212,1814781356,3
1814418212,1815480848,4
1814418212,1876147388,3
1814418212,1876484146,3
1814418212,2307027729,15
1814418212,5812996383,3
1814418212,5813023322,8
1814418212,5813034151,9
1814418212,5813038821,6
1814418212,5813038822,3
1814418212,5813039136,5
1814422650,1221971218,7
1814422650,1283013506,5
1814422650,1343749180,3
1814422650,1405231475,9
1814422650,1407179534,3
1814422650,1441598865,4
1814422650,1533683889,3
1814422650,1719595635,5
1814422650,1751670748,4
1814422650,1752016801,4
1814422650,1753674977,3
1814422650,1782369340,6
1814422650,1783051578,6
1814422650,1809614687,4
1814422650,1813403630,8
1814422650,1814414329,12
1814422650,1814418212,5
1814422650,1814426918,5
1814422650,1814777260,8
1814422650,1814780768,5
1814422650,1814781356,3
1814422650,1814781628,3
1814422650,1815131045,3
1814422650,1815471919,3
1814422650,1815480848,4
1814422650,1815809293,3
1814422650,1845449270,3
1814422650,1876147388,5
1814422650,2307027729,16
1814422650,5812996383,5
1814422650,5812998825,5
1814422650,5813023322,5
1814422650,5813034151,4
1814422650,5813038821,3
1814422650,5813038822,7
1814422650,5813038825,4
1814422650,5813039136,6
1814422650,5901226269,6
1814426918,1226887763,3
1814426918,1352684733,3
1814426918,1405231475,14
1814426918,1466998977,3
1814426918,1566411868,4
1814426918,1751329909,3
1814426918,1751670748,3
1814426918,1782369015,3
1814426918,1814414329,3
1814426918,1814418212,5
1814426918,1814422650,3
1814426918,1814777260,4
1814426918,1814781082,3
1814426918,1876147388,3
1814426918,2307027729,5
1814426918,5812996383,5
1814426918,5813023322,7
1814426918,5813038821,4
1814426918,5813039136,3
1814426918,5901226269,3
1814729223,1347812305,3
1814729223,1471607030,3
1814729223,1629163100,4
1814729223,1655474822,4
1814729223,1753670596,3
1814729223,1782680353,3
1814729223,1817449059,3
1814729223,1817449236,3
1814729223,1817457808,4
1814729223,1848492258,3
1814729223,5812993994,3
1814729788,1250277991,4
1814729788,1528577476,3
1814729788,1530606252,3
1814729788,1781333405,3
1814729788,1783361972,3
1814729788,1814031575,3
1814729788,1817107934,5
1814729788,1817108009,3
1814729788,1817112807,3
1814729788,1848496662,3
1814729788,1849520324,3
1814729788,5812999009,3
1814733827,1100404634,17
1814733827,1565846637,12
1814733827,1718995507,3
1814733827,1750712639,3
1814733827,5813062096,3
1814751048,1535718148,3
1814751048,1657184761,3
1814751048,1753358914,4
1814751048,1754715852,3
1814759163,1753695569,4
1814759163,1784398319,3
1814759163,5901203099,5
1814759464,1685776284,6
1814759464,1753354671,4
1814759464,1753358965,4
1814759464,1753359149,5
1814759464,1753691086,3
1814759464,1753695182,3
1814759464,1785740974,3
1814759464,1873078321,3
1814777260,1221971218,5
1814777260,1226887763,5
1814777260,1282007450,7
1814777260,1343749180,4
1814777260,1352684733,9
1814777260,1405231475,8
1814777260,1437850908,4
1814777260,1438908304,4
1814777260,1467548306,4
1814777260,1533683889,3
1814777260,1566411868,7
1814777260,1626482563,4
1814777260,1626827782,8
1814777260,1688164533,3
1814777260,1691259738,4
1814777260,1719225241,4
1814777260,1719595635,3
1814777260,1751670748,7
1814777260,1752016801,3
1814777260,1753674977,7
1814777260,1782369015,5
1814777260,1783051578,5
1814777260,1811630361,3
1814777260,1813403630,4
1814777260,1813403762,4
1814777260,1814414329,5
1814777260,1814422650,3
1814777260,1814781628,5
1814777260,1815826155,3
1814777260,1844750081,3
1814777260,1845453234,3
1814777260,1876147388,3
1814777260,2307027729,27
1814777260,5812987894,4
1814777260,5812996383,5
1814777260,5813023322,14
1814777260,5813034151,5
1814777260,5813038821,5
1814777260,5813038822,7
1814777260,5813038825,4
1814777260,5813039136,4
1814780768,1040013335,10
1814780768,1226887763,4
1814780768,1352684733,15
1814780768,1403392477,6
1814780768,1405231475,7
1814780768,1438912593,4
1814780768,1441598865,3
1814780768,1530636214,3
1814780768,1716496582,3
1814780768,1782369015,3
1814780768,1814781356,3
1814780768,1815126433,4
1814780768,1815480848,4
1814780768,1815809293,5
1814780768,1840636280,3
1814780768,1876492837,3
1814780768,1907510214,4
1814780768,2059978318,4
1814780768,2307027729,7
1814780768,5812987894,4
1814780768,5812998825,4
1814780768,5813000577,3
1814780768,5813023322,16
1814781082,1221971218,4
1814781082,1343749180,4
1814781082,1405231475,12
1814781082,1437850908,3
1814781082,1441598865,4
1814781082,1500598873,4
1814781082,1534363304,4
1814781082,1566411868,5
1814781082,1626827782,5
1814781082,1627131491,4
1814781082,1682707330,4
1814781082,1688164533,3
1814781082,1691259738,5
1814781082,1751670748,3
1814781082,1782369015,4
1814781082,1783051753,3
1814781082,1813403630,4
1814781082,1813403762,7
1814781082,1814414329,7
1814781082,1814418212,4
1814781082,1814780768,4
1814781082,1814781356,4
1814781082,1814781537,3
1814781082,1814781633,3
1814781082,1815480848,3
1814781082,1844750081,3
1814781082,1845453234,3
1814781082,1938195143,4
1814781082,2307027729,21
1814781082,5812987894,3
1814781082,5812996383,6
1814781082,5813023322,12
1814781082,5813034151,3
1814781082,5813038821,4
1814781082,5813038822,8
1814781082,5901214470,4
1814781356,1343749180,4
1814781356,1352684733,11
1814781356,1405231475,10
1814781356,1437850908,3
1814781356,1530636214,3
1814781356,1626827782,3
1814781356,1682707330,7
1814781356,1688164533,6
1814781356,1751329909,3
1814781356,1752016801,3
1814781356,1782364786,3
1814781356,1783051753,5
1814781356,1811630361,4
1814781356,1814418212,4
1814781356,1814780768,5
1814781356,1814781082,4
1814781356,1814781633,4
1814781356,1815131045,3
1814781356,1876492837,4
1814781356,1907169406,3
1814781356,1938195143,4
1814781356,2307027729,12
1814781356,5812999264,3
1814781356,5813023322,9
1814781356,5813038769,3
1814781356,5813046478,5
1814781356,5813050827,5
1814781537,1040013335,3
1814781537,1226887763,8
1814781537,1282007450,4
1814781537,1283013506,3
1814781537,1343749180,4
1814781537,1352684733,11
1814781537,1405231475,4
1814781537,1407179534,3
1814781537,1438908304,3
1814781537,1438912593,3
1814781537,1470971204,3
1814781537,1500598873,3
1814781537,1682707330,3
1814781537,1688164533,5
1814781537,1719225241,3
1814781537,1751670748,3
1814781537,1811630361,3
1814781537,1813403998,3
1814781537,1814422650,3
1814781537,1814781082,3
1814781537,1814781356,3
1814781537,1815126312,4
1814781537,1815471919,3
1814781537,1815480848,3
1814781537,1815809293,4
1814781537,1844750081,3
1814781537,1845453234,4
1814781537,1876484146,4
1814781537,1876492837,9
1814781537,1937875810,3
1814781537,1938195143,3
1814781537,2059978318,3
1814781537,5812987894,3
1814781537,5813023322,12
1814781537,5813046478,3
1814781537,5901214470,3
1814781628,1283013506,3
1814781628,1352684733,6
1814781628,1405231475,15
1814781628,1407179534,6
1814781628,1441598865,5
1814781628,1500598873,3
1814781628,1533683889,5
1814781628,1626482563,3
1814781628,1626827782,5
1814781628,1691259738,4
1814781628,1716496582,3
1814781628,1751329909,3
1814781628,1753674977,4
1814781628,1782369015,5
1814781628,1782369359,3
1814781628,1811630361,4
1814781628,1813403630,3
1814781628,1813403762,8
1814781628,1813403869,5
1814781628,1814414329,4
1814781628,1814781082,4
1814781628,1814781537,4
1814781628,1814781633,4
1814781628,1815126433,3
1814781628,1815131045,3
1814781628,1815471919,3
1814781628,1815809293,5
1814781628,1815826155,6
1814781628,1844750081,3
1814781628,1845453234,7
1814781628,1876147388,4
1814781628,1876484146,6
1814781628,1876492837,3
1814781628,2307027729,13
1814781628,5812999264,3
1814781628,5813023322,13
1814781628,5813038769,5
1814781628,5813038822,3
1814781628,5813039136,3
1814781628,5813046478,4
1814781633,1283013506,5
1814781633,1352684733,13
1814781633,1403392477,6
1814781633,1405231475,12
1814781633,1437850908,3
1814781633,1438908304,5
1814781633,1438912593,4
1814781633,1470971204,3
1814781633,1534363304,3
1814781633,1626482563,3
1814781633,1627131491,4
1814781633,1682707330,3
1814781633,1688164533,3
1814781633,1782364786,4
1814781633,1782369015,3
1814781633,1783051753,5
1814781633,1809614687,4
1814781633,1811630361,7
1814781633,1813403953,4
1814781633,1814780768,3
1814781633,1814781082,3
1814781633,1814781356,4
1814781633,1814781537,6
1814781633,1814781628,3
1814781633,1815126312,3
1814781633,1815471919,5
1814781633,1815480848,3
1814781633,1844750081,3
1814781633,1845453234,3
1814781633,1872033743,6
1814781633,1876147388,5
1814781633,1876147437,5
1814781633,2307027729,12
1814781633,5812998825,3
1814781633,5812999264,4
1814781633,5813023322,12
1814781633,5813038769,3
1814781633,5813038822,4
1814781633,5813050827,3
1814781633,5901214470,10
1815070402,1158864995,4
1815070402,1189559257,4
1815070402,1281324958,7
1815070402,1405231475,97
1815070402,1405780725,4
1815070402,1438524573,9
1815070402,1466998977,14
1815070402,1471601440,4
1815070402,1503999967,6
1815070402,1562673627,3
1815070402,1565846637,11
1815070402,1688505620,4
1815070402,1745821751,4
1815070402,1749258134,5
1815070402,1781268241,9
1815070402,1782668028,5
1815070402,1845078711,4
1815070402,1876471221,5
1815070402,1876898200,9
1815070402,1876902545,10
1815070402,1877217777,3
1815070402,1877930505,6
1815070402,1877939213,4
1815070402,1878271377,4
1815070402,1906496111,3
1815070402,1907169406,3
1815070402,1907510214,3
1815070402,1907519001,12
1815070402,1907584319,6
1815070402,1907587934,3
1815070402,1907924777,4
1815070402,1907933561,3
1815070402,1908226457,3
1815070402,1938207942,5
1815070402,1938544937,6
1815070402,1998922583,3
1815070402,2307027729,60
1815070402,5813023322,15
1815070402,5813024015,45
1815070402,5813055129,5
1815070402,5813075607,7
1815070402,5901215446,3
1815087643,1375768970,4
1815087643,1405107113,3
1815087643,1753359267,4
1815087643,1753690864,3
1815087643,1934470099,3
1815096511,1690266485,3
1815096511,1753695251,3
1815126312,1282007450,5
1815126312,1343749180,3
1815126312,1352684733,11
1815126312,1403392477,6
1815126312,1405231475,6
1815126312,1407179534,3
1815126312,1437850908,6
1815126312,1438912593,5
1815126312,1470971204,4
1815126312,1533683889,3
1815126312,1534363304,3
1815126312,1783051578,3
1815126312,1783051753,3
1815126312,1813403630,4
1815126312,1814781356,3
1815126312,1814781537,3
1815126312,1814781633,4
1815126312,1815126433,3
1815126312,1815471919,6
1815126312,1840636280,4
1815126312,1845449270,3
1815126312,1845453234,3
1815126312,1876484146,4
1815126312,1876492837,3
1815126312,2307027729,16
1815126312,5812998136,3
1815126312,5813023322,7
1815126312,5813050827,4
1815126312,5901214470,7
1815126433,1352684733,6
1815126433,1405231475,5
1815126433,1407179534,3
1815126433,1437850908,5
1815126433,1500598873,6
1815126433,1566411868,4
1815126433,1626827782,3
1815126433,1682707330,3
1815126433,1688164533,3
1815126433,1691259738,3
1815126433,1719225241,3
1815126433,1809614687,3
1815126433,1813403630,4
1815126433,1813403762,4
1815126433,1813403998,7
1815126433,1814781537,3
1815126433,1815126312,4
1815126433,1815471919,3
1815126433,1815809293,6
1815126433,1844750081,6
1815126433,1876492837,3
1815126433,1876902545,3
1815126433,1938544937,3
1815126433,2059978318,3
1815126433,2307027729,11
1815126433,5812998825,4
1815126433,5813023322,10
1815126433,5813046478,3
1815126433,5813050827,3
1815126433,5901214470,4
1815131045,1343749180,3
1815131045,1352684733,9
1815131045,1405231475,9
1815131045,1437850908,3
1815131045,1438912593,4
1815131045,1470971204,3
1815131045,1534363304,4
1815131045,1626827782,3
1815131045,1627131491,3
1815131045,1691259738,4
1815131045,1752016801,4
1815131045,1753674977,3
1815131045,1782364786,3
1815131045,1782369015,3
1815131045,1782369340,3
1815131045,1783051753,6
1815131045,1809614687,4
1815131045,1811630361,6
1815131045,1813403630,3
1815131045,1813403953,6
1815131045,1814422650,4
1815131045,1814426918,3
1815131045,1814781356,3
1815131045,1814781628,3
1815131045,1814781633,3
1815131045,1815471919,3
1815131045,1815480848,7
1815131045,1815809293,5
1815131045,1844750081,4
1815131045,1845078711,3
1815131045,1845449270,8
1815131045,1845453234,6
1815131045,1872033743,3
1815131045,1876147437,5
1815131045,1876484146,8
1815131045,1876902545,3
1815131045,1938195143,5
1815131045,2307027729,11
1815131045,5812999264,4
1815131045,5813023322,15
1815131045,5813050827,3
1815432882,1719928274,3
1815432882,1751257274,3
1815432882,1753359088,4
1815432882,1753359267,3
1815432882,1753359276,3
1815432882,1753690864,3
1815432882,1754369991,3
1815432882,1784389414,3
1815432882,5813038880,3
1815432882,5901211214,3
1815471919,1282007450,3
1815471919,1343749180,7
1815471919,1352684733,4
1815471919,1405231475,8
1815471919,1438912593,3
1815471919,1500598873,4
1815471919,1719595635,4
1815471919,1783051753,4
1815471919,1811630361,3
1815471919,1813403630,3
1815471919,1813403998,4
1815471919,1814781082,4
1815471919,1814781537,3
1815471919,1814781628,3
1815471919,1815126312,5
1815471919,1815809293,5
1815471919,1845449270,7
1815471919,1872033743,3
1815471919,2307027729,18
1815471919,5813023322,9
1815471919,5813038769,4
1815471919,5813038825,3
1815471919,5813039136,3
1815471919,5901214470,5
1815480848,1352684733,3
1815480848,1405231475,17
1815480848,1407179534,7
1815480848,1530636214,3
1815480848,1533683889,8
1815480848,1534363304,3
1815480848,1627131491,3
1815480848,1688164533,4
1815480848,1719595635,4
1815480848,1753674977,3
1815480848,1783051578,5
1815480848,1783051753,3
1815480848,1813403953,3
1815480848,1814422650,3
1815480848,1814780768,10
1815480848,1814781356,6
1815480848,1814781537,3
1815480848,1815131045,7
1815480848,1876147437,4
1815480848,1938195143,4
1815480848,2059978318,6
1815480848,2307027729,21
1815480848,5812998825,3
1815480848,5813023322,5
1815480848,5813038822,3
1815480848,5813046478,3
1815480848,5901214470,9
1815480848,5901226269,3
1815713979,1754033051,3
1815713979,5812993220,3
1815769330,1653390223,3
1815769330,1749957344,3
1815769330,1753695198,3
1815769330,1784398302,3
1815769521,1441589107,3
1815769521,1627509673,3
1815769521,1654405904,3
1815769521,1714113234,3
1815769521,1750630587,3
1815769521,1754370428,5
1815769521,1813373584,3
1815769521,5813062654,3
1815773781,1375768970,4
1815773781,1535718148,3
1815773781,1754374486,3
1815773781,1784735157,3
1815773781,5813048920,3
1815773916,1620667669,3
1815773916,1753358914,3
1815773916,1753359328,6
1815773916,1753695866,3
1815773916,1754370281,3
1815773916,1785408640,3
1815773916,1785753951,3
1815778676,1719902535,3
1815778676,1753359149,3
1815778676,1753695554,3
1815778676,1754028266,3
1815778676,1754374121,3
1815778676,1754715778,4
1815778676,1785753951,3
1815778676,1816114845,4
1815778676,5813048920,3
1815778676,5901203642,3
1815809293,1226887763,3
1815809293,1352684733,20
1815809293,1403392477,3
1815809293,1405231475,6
1815809293,1467548306,3
1815809293,1783051753,4
1815809293,1789933168,3
1815809293,1811630361,4
1815809293,1813391435,3
1815809293,1813399871,10
1815809293,1814780768,4
1815809293,1814781628,5
1815809293,1814781633,4
1815809293,1815126433,3
1815809293,1838257401,4
1815809293,1844750081,3
1815809293,1869649833,6
1815809293,1876147437,3
1815809293,1876484146,3
1815809293,1876492837,5
1815809293,1906159299,3
1815809293,2059978318,7
1815809293,2307027729,8
1815809293,5812998825,4
1815809293,5812999264,3
1815809293,5813023322,12
1815809293,5813050827,4
1815809293,5901214470,3
1815826155,1283013506,3
1815826155,1403392477,7
1815826155,1405231475,10
1815826155,1437850908,4
1815826155,1500598873,3
1815826155,1533683889,5
1815826155,1534363304,4
1815826155,1626482563,5
1815826155,1691259738,5
1815826155,1719225241,5
1815826155,1719595635,4
1815826155,1752016801,3
1815826155,1753674977,4
1815826155,1782369340,4
1815826155,1783051753,4
1815826155,1813403869,3
1815826155,1813403953,4
1815826155,1814777260,3
1815826155,1814781628,6
1815826155,1845449270,3
1815826155,1845453234,3
1815826155,1876147388,6
1815826155,1876484146,4
1815826155,1938544937,3
1815826155,2307027729,36
1815826155,5812987894,7
1815826155,5813023322,5
1815826155,5813034151,4
1815826155,5813038822,3
1815895547,1563099587,4
1815895547,1684204798,4
1816106457,1375768970,3
1816106457,1654405306,4
1816106457,1685776284,3
1816106457,1691233928,3
1816106457,1815769521,3
1816114845,1753691086,3
1816114845,1784057323,4
1816114845,1784398302,3
1816114845,1815778676,3
1816115219,1656834679,3
1816115219,1691233928,3
1816115219,5812990959,4
1816456312,1750630587,3
1816456312,1753359129,3
1816456312,1753359328,3
1816456312,1754028266,3
1816456312,1784397838,3
1816456312,1846812834,3
1816754260,1263646693,3
1816788474,1657525390,3
1816788474,1753363739,3
1816788474,1785753951,3
1816788474,1846812834,3
1816788474,5812993220,3
1816788474,5901203642,3
1817107934,1221280490,4
1817107934,1347812305,3
1817107934,1471607030,3
1817107934,1530606252,3
1817107934,1593012939,4
1817107934,1621008677,3
1817107934,1689200671,5
1817107934,1807572051,4
1817107934,1812363713,4
1817107934,1813382259,4
1817107934,1814729788,3
1817107934,1817444670,3
1817107934,1817452948,4
1817107934,1817453557,3
1817107934,1817786077,3
1817107934,1817790176,4
1817107934,1848496662,3
1817107934,1849503142,4
1817107934,1849520324,3
1817107934,1908865507,4
1817107934,1939904964,4
1817107934,5812998833,3
1817108009,1347812305,4
1817108009,1534694621,3
1817108009,1622360309,3
1817108009,1655474822,3
1817108009,1689200671,3
1817108009,1814060070,4
1817108009,1814729223,4
1817108009,1814729788,4
1817108009,1817448971,3
1817108009,1817453065,5
1817108009,1817785682,3
1817108009,1847806203,3
1817108009,1848492714,5
1817108009,1848824817,5
1817108009,1848828925,3
1817108009,5813076492,3
1817112807,1221285175,3
1817112807,1467859487,3
1817112807,1656834653,4
1817112807,1781324410,3
1817112807,1781333405,3
1817112807,1807572051,4
1817112807,1814729223,4
1817112807,1814729788,3
1817112807,1817444315,3
1817112807,1817448971,3
1817112807,1817457987,3
1817112807,1817786077,3
1817112807,1817790409,3
1817112807,1845772658,3
1817112807,1847806203,3
1817112807,1848496662,4
1817112807,1848824817,3
1817112807,1849178917,3
1817112807,1849183960,3
1817112807,1849520324,5
1817112807,1912600163,3
1817112855,1221280490,4
1817112855,1348153557,3
1817112855,1530606252,4
1817112855,1534694621,3
1817112855,1689239035,3
1817112855,1689915765,3
1817112855,1752672460,5
1817112855,1753670596,4
1817112855,1754019541,3
1817112855,1817108009,3
1817112855,1817448921,3
1817112855,1817449116,3
1817112855,1817449375,3
1817112855,1817453257,5
1817112855,1817790176,3
1817112855,1817799390,3
1817112855,1848151877,3
1817112855,1848483949,4
1817112855,5812999009,3
1817113079,1158877783,3
1817113079,1347126097,7
1817113079,1466844031,3
1817113079,1589972966,4
1817113079,1750251452,3
1817113079,1752672460,5
1817113079,1848492714,3
1817113079,1849179266,3
1817113079,1849183960,4
1817113079,1849520324,3
1817113079,1912600163,4
1817444315,1348153557,3
1817444315,1437165487,4
1817444315,1689187126,3
1817444315,1751666374,3
1817444315,1781333405,3
1817444315,1817112807,4
1817444315,1817448921,4
1817444315,1817453065,4
1817444315,1817786077,3
1817444315,1817790176,3
1817444315,1818122205,3
1817444315,1844421716,3
1817444315,1848483949,5
1817444315,1880887003,3
1817444315,2029624973,3
1817444555,1593012939,3
1817444555,1747518018,3
1817444555,1782318275,3
1817444555,1813382259,4
1817444555,1814410124,4
1817444555,1817113079,3
1817444555,1817449059,5
1817444555,1817449229,3
1817444555,1817785661,3
1817444555,1817790281,3
1817444555,1847806275,4
1817444555,1848496662,4
1817444555,1848820426,3
1817444555,2245501457,3
1817444555,5812992468,3
1817444555,5812993994,3
1817444555,5813076492,3
1817444670,1313702895,3
1817444670,1348153557,3
1817444670,1471610338,4
1817444670,1563355501,3
1817444670,1589972966,3
1817444670,1621008677,3
1817444670,1817112807,3
1817444670,1817449116,3
1817444670,1817457808,4
1817444670,1817790281,3
1817444670,1848151571,3
1817444670,1849520324,3
1817444670,1879877415,3
1817444670,1937193993,3
1817448659,1189567690,4
1817448659,1313702895,3
1817448659,1658881325,3
1817448659,1690917721,3
1817448659,1779567374,5
1817448659,1807572051,3
1817448659,1813028777,3
1817448659,1814055949,3
1817448659,1817107934,3
1817448659,1817449059,3
1817448659,1817449229,4
1817448659,1817785682,3
1817448659,1817799390,3
1817448659,1849174879,3
1817448659,5813039410,3
1817448921,1189567690,4
1817448921,1221280490,3
1817448921,1250277991,3
1817448921,1313702895,3
1817448921,1497200791,3
1817448921,1593012939,3
1817448921,1654413566,3
1817448921,1751666374,3
1817448921,1807572051,4
1817448921,1817790176,3
1817448921,1848151877,3
1817448921,1848820426,3
1817448921,1939904964,3
1817448921,5812999009,3
1817448971,1221285175,3
1817448971,1471610338,4
1817448971,1473648518,3
1817448971,1528577476,3
1817448971,1747518018,4
1817448971,1813028777,4
1817448971,1813382259,3
1817448971,1814729788,3
1817448971,1817449236,4
1817448971,1845772658,3
1817448971,1848492258,4
1817448971,1848820426,3
1817448971,1849166071,5
1817448971,1849183960,4
1817448971,1912600163,3
1817448971,5812992468,4
1817449059,1347812305,3
1817449059,1405788552,3
1817449059,1466844031,3
1817449059,1659515529,3
1817449059,1752962124,4
1817449059,1814729223,3
1817449059,1817444555,4
1817449059,1817449236,5
1817449059,1817457808,3
1817449059,1817457847,4
1817449059,1847815147,3
1817449059,1939904964,3
1817449059,5813038918,3
1817449059,5813060163,3
1817449116,1221280490,3
1817449116,1347126097,3
1817449116,1347812305,3
1817449116,1437165487,4
1817449116,1497200791,4
1817449116,1528577476,3
1817449116,1534694621,3
1817449116,1753670596,4
1817449116,1781324410,4
1817449116,1817107934,3
1817449116,1817449375,3
1817449116,1817457987,3
1817449116,1847806203,3
1817449116,1848492258,3
1817449116,1848837843,3
1817449116,1849161220,3
1817449116,1849161407,3
1817449116,1937193993,3
1817449116,5812992219,4
1817449116,5813038918,3
1817449116,5813068239,3
1817449229,1313702895,4
1817449229,1497200791,3
1817449229,1589972966,3
1817449229,1684443103,3
1817449229,1722307233,3
1817449229,1814055949,3
1817449229,1817444315,3
1817449229,1817449375,3
1817449229,1848151877,5
1817449229,1848483949,5
1817449229,1848820426,3
1817449229,1876820783,3
1817449229,1974682390,3
1817449229,2029624973,3
1817449236,1158877783,6
1817449236,1250277991,3
1817449236,1471607030,3
1817449236,1473648518,3
1817449236,1534694621,3
1817449236,1563355501,3
1817449236,1589972966,3
1817449236,1689187126,3
1817449236,1782680353,4
1817449236,1807572051,8
1817449236,1814729788,3
1817449236,1817452948,3
1817449236,1817453065,5
1817449236,1817457808,4
1817449236,1817457984,3
1817449236,1817458164,3
1817449236,1818473569,3
1817449236,1847806203,3
1817449236,1848143184,4
1817449236,1848492714,3
1817449236,1848824817,3
1817449236,1849503142,4
1817449236,2029624973,3
1817449236,5812988086,3
1817449236,5812992468,4
1817449236,5813034336,4
1817449375,1158877703,4
1817449375,1158877783,4
1817449375,1219592090,4
1817449375,1313702895,3
1817449375,1345079276,3
1817449375,1405788552,3
1817449375,1471610338,3
1817449375,1561301125,3
1817449375,1782318275,3
1817449375,1814729788,4
1817449375,1817449229,3
1817449375,1817452948,4
1817449375,1817457984,3
1817449375,1817790176,3
1817449375,1817790409,3
1817449375,1847806203,4
1817449375,1848151236,4
1817449375,1848151571,3
1817449375,1848483949,3
1817449375,1849161407,5
1817449375,1878845226,3
1817449375,1879877415,4
1817449375,5813034336,4
1817449375,5813038918,3
1817452948,1250277991,5
1817452948,1345079276,3
1817452948,1472965897,3
1817452948,1473648518,3
1817452948,1621008677,5
1817452948,1654413566,3
1817452948,1658881325,3
1817452948,1751262627,4
1817452948,1754019541,4
1817452948,1779567374,3
1817452948,1782318275,3
1817452948,1817107934,6
1817452948,1817448971,3
1817452948,1817449236,3
1817452948,1817449375,6
1817452948,1817457984,3
1817452948,1817457987,3
1817452948,1845772658,3
1817452948,1848492258,3
1817452948,1848824817,3
1817452948,1849174879,3
1817452948,1849520324,3
1817452948,1878845226,4
1817453065,1158877703,3
1817453065,1593012939,3
1817453065,1655474822,3
1817453065,1722307233,3
1817453065,1754019541,3
1817453065,1807572051,4
1817453065,1813028777,3
1817453065,1817448659,3
1817453065,1817463007,3
1817453065,1817794820,3
1817453065,1848492714,5
1817453065,1849503142,3
1817453065,1912600163,3
1817453065,2029624973,3
1817453065,5812993994,4
1817453065,5812998833,3
1817453065,5813034336,4
1817453257,1221280490,4
1817453257,1348153557,3
1817453257,1534694621,5
1817453257,1684443103,4
1817453257,1689200671,3
1817453257,1689239035,3
1817453257,1752672460,3
1817453257,1776865370,3
1817453257,1807572051,3
1817453257,1813028777,3
1817453257,1817107934,3
1817453257,1817108009,3
1817453257,1817453065,3
1817453257,1817463007,4
1817453257,1817785661,3
1817453257,1818122205,4
1817453257,1847806203,3
1817453557,1345079276,5
1817453557,1347126097,3
1817453557,1472965897,4
1817453557,1565729476,3
1817453557,1658881325,3
1817453557,1689200671,5
1817453557,1722307233,3
1817453557,1753670596,4
1817453557,1754019541,3
1817453557,1783690466,3
1817453557,1814060070,3
1817453557,1817785661,4
1817453557,1817790281,3
1817453557,1845772658,4
1817453557,1848483949,4
1817453557,1848492714,3
1817453557,1848828925,4
1817453557,1878845226,3
1817453557,1878845629,3
1817453557,1880209425,3
1817453557,2029624973,4
1817453557,5812991769,3
1817453557,5812992219,4
1817453557,5812999009,4
1817453557,5813038679,3
1817453557,5813038918,4
1817457808,1221280490,3
1817457808,1221285175,3
1817457808,1250277991,6
1817457808,1313702895,5
1817457808,1534694621,4
1817457808,1654413566,4
1817457808,1776865370,3
1817457808,1779567374,5
1817457808,1814410124,3
1817457808,1814729223,4
1817457808,1817448921,3
1817457808,1817790281,3
1817457808,1844421716,3
1817457808,1848156241,4
1817457808,1849178917,3
1817457808,1875460978,3
1817457808,1879877415,3
1817457808,1937193993,3
1817457808,5813034336,3
1817457847,1250277991,3
1817457847,1621008677,6
1817457847,1625800608,3
1817457847,1656153289,3
1817457847,1658881325,4
1817457847,1782318275,3
1817457847,1807572051,4
1817457847,1814055949,3
1817457847,1817113079,3
1817457847,1817449375,5
1817457847,1845772658,4
1817457847,1848156241,3
1817457847,1848483949,4
1817457847,1880887003,4
1817457847,5812991769,3
1817457847,5812993994,3
1817457847,5812999009,3
1817457984,1345079276,6
1817457984,1348153557,4
1817457984,1375769049,4
1817457984,1472965897,5
1817457984,1530606252,3
1817457984,1589972966,3
1817457984,1654413566,4
1817457984,1722307233,4
1817457984,1747181914,3
1817457984,1748187330,3
1817457984,1754019541,3
1817457984,1776865370,4
1817457984,1781333405,5
1817457984,1812696567,3
1817457984,1814060070,3
1817457984,1817112855,4
1817457984,1817449375,4
1817457984,1817790281,4
1817457984,1848138779,3
1817457984,1848156241,4
1817457984,1848824817,4
1817457984,1848828925,3
1817457984,5812991769,4
1817457984,5813034336,4
1817457987,1250277991,6
1817457987,1347126097,4
1817457987,1472965897,4
1817457987,1565729476,6
1817457987,1593012939,3
1817457987,1658881325,3
1817457987,1689187126,3
1817457987,1689200671,5
1817457987,1689915765,5
1817457987,1714791446,5
1817457987,1812696567,4
1817457987,1817449116,3
1817457987,1817453557,3
1817457987,1817790409,3
1817457987,1818122205,4
1817457987,1844421716,4
1817457987,1845772658,6
1817457987,1848492258,5
1817457987,1848496662,3
1817457987,1849183960,3
1817457987,1875460978,3
1817457987,1974682390,5
1817457987,2245501457,4
1817458052,1158877783,4
1817458052,1471607030,3
1817458052,1629163100,3
1817458052,1656834653,5
1817458052,1658881325,3
1817458052,1722307233,3
1817458052,1747181914,3
1817458052,1779567374,4
1817458052,1782318275,3
1817458052,1812696567,3
1817458052,1817107934,3
1817458052,1817452948,3
1817458052,1817457984,4
1817458052,1817786077,3
1817458052,1848828925,4
1817458052,1849161407,4
1817458052,1849174879,5
1817458052,1849183960,3
1817458052,1876820783,4
1817458052,1879519066,3
1817458052,1879877415,4
1817458052,5813034336,3
1817458164,1221285175,3
1817458164,1347812305,4
1817458164,1466844031,3
1817458164,1622360309,3
1817458164,1750251452,3
1817458164,1817107934,3
1817458164,1817457808,3
1817458164,1817794820,3
1817458164,1817799390,4
1817458164,1818122205,3
1817458164,1848143184,5
1817458164,1848483949,3
1817458164,1849161407,5
1817458164,1879519066,3
1817458164,2029624973,4
1817458164,2245501457,7
1817463007,1189567690,6
1817463007,1221285175,4
1817463007,1250277991,3
1817463007,1563355501,4
1817463007,1719928105,4
1817463007,1752672460,3
1817463007,1817448971,3
1817463007,1817457987,3
1817463007,1817785682,3
1817463007,1848156241,4
1817463007,5813034336,3
1817463007,5813060163,4
1817463007,5813068239,3
1817785661,1348153557,3
1817785661,1629163100,3
1817785661,1719928105,3
1817785661,1752962124,3
1817785661,1817449116,3
1817785661,1818122205,3
1817785661,1847806203,6
1817785661,1849179266,3
1817785661,1849520324,3
1817785661,1876820783,3
1817785661,2245501457,3
1817785661,5901207252,3
1817785682,1190250299,3
1817785682,1471610338,3
1817785682,1534694621,3
1817785682,1565729476,3
1817785682,1714791446,4
1817785682,1781333405,8
1817785682,1808241116,4
1817785682,1817107934,4
1817785682,1817112807,3
1817785682,1817448659,3
1817785682,1817448971,3
1817785682,1817463007,4
1817785682,1845772658,3
1817785682,1848483949,3
1817785682,1849178917,3
1817785682,1879519066,4
1817785682,1880887003,4
1817785682,1912600163,3
1817786077,1219592090,3
1817786077,1405788552,3
1817786077,1435822283,3
1817786077,1471610338,3
1817786077,1625800608,3
1817786077,1690917721,3
1817786077,1719928105,3
1817786077,1747181914,6
1817786077,1750251452,3
1817786077,1751262627,4
1817786077,1779567374,4
1817786077,1808241116,3
1817786077,1812696567,5
1817786077,1813028777,3
1817786077,1814055949,3
1817786077,1817107934,5
1817786077,1817444315,4
1817786077,1817444670,3
1817786077,1817448921,3
1817786077,1817458052,5
1817786077,1817458164,3
1817786077,1818122205,3
1817786077,1818136404,3
1817786077,1849161220,4
1817786077,1875460978,4
1817786077,1878845629,3
1817786077,5813038918,4
1817790176,1158877703,4
1817790176,1628528573,5
1817790176,1722307233,4
1817790176,1753670596,3
1817790176,1813382259,5
1817790176,1814729223,3
1817790176,1817107934,5
1817790176,1817108009,3
1817790176,1817112855,6
1817790176,1817790222,4
1817790176,1818122205,3
1817790176,1848143184,3
1817790176,1849520324,3
1817790176,1879519066,3
1817790176,2029624973,4
1817790222,1250277991,3
1817790222,1345079276,4
1817790222,1348153557,3
1817790222,1621008677,3
1817790222,1747181914,4
1817790222,1814729788,3
1817790222,1817790176,3
1817790222,1847806203,3
1817790222,1848151571,3
1817790222,1848483949,3
1817790222,1849174879,3
1817790222,1849179266,4
1817790222,1939904964,3
1817790222,1974682390,4
1817790222,5812999009,6
1817790222,5813034336,4
1817790222,5813038679,3
1817790281,1158877703,4
1817790281,1313702895,6
1817790281,1471607030,4
1817790281,1689200671,3
1817790281,1689239035,3
1817790281,1748187330,3
1817790281,1750251452,3
1817790281,1776865370,4
1817790281,1814055949,4
1817790281,1817444555,5
1817790281,1817453557,5
1817790281,1817457808,3
1817790281,1817463007,3
1817790281,1818136404,4
1817790281,1848492714,3
1817790281,1848837843,3
1817790281,1849161220,3
1817790281,1880887003,5
1817790281,5812998833,3
1817790281,5813068239,3
1817790281,5813076492,4
1817790409,1158877703,4
1817790409,1158877783,3
1817790409,1621008677,3
1817790409,1658881325,4
1817790409,1687831632,3
1817790409,1722307233,4
1817790409,1779567374,4
1817790409,1781324410,3
1817790409,1817444670,3
1817790409,1817448659,4
1817790409,1817457847,3
1817790409,1818122205,4
1817790409,1818473569,3
1817790409,1848496662,4
1817790409,1848820426,3
1817790409,1848824817,3
1817790409,1849161220,5
1817790409,5812992468,3
1817790409,5813068239,5
1817790409,5813076492,5
1817794820,1530606252,3
1817794820,1534694621,3
1817794820,1561301125,3
1817794820,1563355501,4
1817794820,1589972966,3
1817794820,1629163100,3
1817794820,1656834653,4
1817794820,1719928105,3
1817794820,1814410124,4
1817794820,1814729788,5
1817794820,1817107934,4
1817794820,1817457984,3
1817794820,1818122205,4
1817794820,1847815147,3
1817794820,1848151571,3
1817794820,1849179266,3
1817794820,1875124235,4
1817794820,1875460978,3
1817794820,1879877415,3
1817794820,1939904964,4
1817799390,1471610338,3
1817799390,1751262627,4
1817799390,1754019541,6
1817799390,1783361972,4
1817799390,1783690466,3
1817799390,1813382259,3
1817799390,1814410124,3
1817799390,1817448921,3
1817799390,1817458164,5
1817799390,1817790281,3
1817799390,1848151877,3
1817799390,5812992468,4
1817799390,5812998833,3
1817799390,5813038918,3
1817799390,5813060163,6
1817799390,5813076492,3
1818122205,1219592090,3
1818122205,1534694621,3
1818122205,1628528573,3
1818122205,1658881325,3
1818122205,1750251452,3
1818122205,1752672460,3
1818122205,1781324410,6
1818122205,1781333405,5
1818122205,1807572051,4
1818122205,1813382259,5
1818122205,1814729788,5
1818122205,1817449229,4
1818122205,1817453557,3
1818122205,1817457987,4
1818122205,1817458164,3
1818122205,1817785661,3
1818122205,1817790176,3
1818122205,1817790409,3
1818122205,1845772658,4
1818122205,1847806203,3
1818122205,1848151571,5
1818122205,1848820426,4
1818122205,1848824817,5
1818122205,1848828925,4
1818122205,1849174879,4
1818122205,1849178917,4
1818122205,1879519066,3
1818122205,2029624973,3
1818122205,5812988086,3
1818136404,1158877703,3
1818136404,1190250299,4
1818136404,1219592090,3
1818136404,1221285175,4
1818136404,1313702895,3
1818136404,1347812305,3
1818136404,1435822283,4
1818136404,1751262627,4
1818136404,1753670596,3
1818136404,1783690466,4
1818136404,1817112807,3
1818136404,1817786077,3
1818136404,1817790281,3
1818136404,1848483949,3
1818136404,1848492258,3
1818136404,1848492714,3
1818136404,1849507321,3
1818136404,1880887003,4
1818136404,1939904964,3
1818136404,5812991769,3
1818136404,5813038918,5
1818473569,1347812305,4
1818473569,1405788552,4
1818473569,1471607030,3
1818473569,1471610338,3
1818473569,1689187126,3
1818473569,1782680353,3
1818473569,1817449059,3
1818473569,1817449236,3
1818473569,1817453557,4
1818473569,1817790176,4
1818473569,1844421716,3
1818473569,1848483949,4
1818473569,1849179266,3
1818473569,1880887003,3
1837902676,1281324958,3
1837902676,1593417998,4
1837902676,1713788691,4
1837902676,1806885186,3
1837902676,1807235150,3
1837902676,1808624862,4
1837902676,1839314480,4
1837902676,1843113661,3
1837902676,5812998594,3
1837902676,5812999239,4
1837902676,5813039477,4
1837902676,5813039479,3
1837902676,5813039484,4
1837920218,1352357010,3
1837920218,1808284051,3
1837920218,1839659717,3
1837920218,5813038963,3
1838257401,1159555822,4
1838257401,1218901359,20
1838257401,1220270134,3
1838257401,1249932198,9
1838257401,1281324958,77
1838257401,1281998821,5
1838257401,1405231475,77
1838257401,1466861327,9
1838257401,1558605812,4
1838257401,1565846637,17
1838257401,1566519741,3
1838257401,1621357756,4
1838257401,1715459859,4
1838257401,1745821751,5
1838257401,1781333405,5
1838257401,1781674298,3
1838257401,1809264255,7
1838257401,1840636280,7
1838257401,1876492837,3
1838257401,1907578957,4
1838257401,1932730059,3
1838257401,1936848448,3
1838257401,2029624973,3
1838257401,2121711447,3
1838257401,2215161310,8
1838257401,2307027729,32
1838257401,5812998136,4
1838257401,5813024015,4
1838266061,1713788691,4
1838266061,1805844441,3
1838266061,1807584852,3
1838266061,1808620692,3
1838266061,1808624842,4
1838266061,1838269993,3
1838266061,1838969023,3
1838266061,1839659717,3
1838266061,5812998572,3
1838266061,5813039483,5
1838266061,5813045475,4
1838269993,1281324958,4
1838269993,1806885186,3
1838269993,1806893720,3
1838269993,1808620692,7
1838269993,1808965929,7
1838269993,1839314480,3
1838269993,5812997786,5
1838269993,5812998572,4
1838269993,5812999239,3
1838274271,1806885454,3
1838274271,5812995460,3
1838274271,5813038958,3
1838615654,1228264951,4
1838615654,1261229600,3
1838615654,1352684733,4
1838615654,5813023322,22
1838615654,5813023480,3
1838969023,1778613177,3
1838969023,1806893720,4
1838969023,1808629175,3
1838969023,5813038958,4
1838969023,5813045475,5
1839003570,5812997110,3
1839003570,5812997116,3
1839012125,1006984280,4
1839012125,5812996977,3
1839012125,5812997111,5
1839012125,5813034124,5
1839020900,1006984280,17
1839020900,1808327341,5
1839020900,1839366494,4
1839020900,1870397068,3
1839020900,1902769799,3
1839020900,5812994421,4
1839020900,5812999837,3
1839020900,5813022935,7
1839288696,1158187240,3
1839288696,1218901359,5
1839288696,1249932198,7
1839288696,1281324958,28
1839288696,1405231475,80
1839288696,1466861327,5
1839288696,1466998977,3
1839288696,1498574596,4
1839288696,1565846637,16
1839288696,1590979045,6
1839288696,1621357756,8
1839288696,1715459859,3
1839288696,1745821751,4
1839288696,1749258134,3
1839288696,1809264255,7
1839288696,1840636280,5
1839288696,1874035952,3
1839288696,1876471221,5
1839288696,1877217777,3
1839288696,1906159299,20
1839288696,1907519001,3
1839288696,1998922583,3
1839288696,2121711447,4
1839288696,2307027729,30
1839288696,5813023322,3
1839288696,5813024015,9
1839288696,5813055129,3
1839288696,5813069053,8
1839310335,1681683226,3
1839310335,1807584852,4
1839310335,1839659717,3
1839310335,5812993717,3
1839310335,5813038963,3
1839310335,5813049879,3
1839310335,5813078215,3
1839314480,1713788691,3
1839314480,1778613177,4
1839314480,1806880698,4
1839314480,1806885186,3
1839314480,1808629175,4
1839314480,5812999239,3
1839314480,5813038963,3
1839314480,5813039479,4
1839314480,5813039484,4
1839340255,1901734051,3
1839340255,1932708720,4
1839340255,5812997132,3
1839340255,5813000926,5
1839344717,1873466322,6
1839344717,5812998002,3
1839344717,5813023322,3
1839344717,5813039332,3
1839344717,5813039334,3
1839344717,5813046306,4
1839366430,1006984280,8
1839366430,1808327623,3
1839366430,1839020900,3
1839366430,1901427602,4
1839366430,1932708720,6
1839366430,5812994421,4
1839366430,5812997056,3
1839366430,5813022935,3
1839366494,1006984280,17
1839366494,1872762831,3
1839366494,1901423055,3
1839366494,1932773383,4
1839366494,2055807838,3
1839366494,5812999837,3
1839366494,5813000926,3
1839659717,1714134266,5
1839659717,1745518676,5
1839659717,5812997949,3
1839659717,5813034310,3
1839659717,5813039484,5
1839659717,5813039499,3
1840004786,5812995460,3
1840359331,1809665517,3
1840372147,1100404634,10
1840372147,1811737700,3
1840372147,5812993607,3
1840636280,1249932198,4
1840636280,1281324958,42
1840636280,1405231475,57
1840636280,1405780725,3
1840636280,1466861327,9
1840636280,1565846637,10
1840636280,1590979045,7
1840636280,1621357756,8
1840636280,1715459859,5
1840636280,1745821751,3
1840636280,1809264255,4
1840636280,1838257401,4
1840636280,1839288696,5
1840636280,1874035952,6
1840636280,1906159299,3
1840636280,1907510214,3
1840636280,1907574944,3
1840636280,1907578957,5
1840636280,2121711447,6
1840636280,2307027729,35
1840636280,5812998136,4
1840636280,5813024015,17
1840636280,5813069053,8
1840636280,5813069377,3
1840700339,1100404634,4
1840700339,1779001685,4
1840700339,5812991061,3
1841037528,1006984280,12
1841041194,1006984280,11
1841045842,1778980197,3
1841050064,1841045945,6
1841063105,1100404634,11
1841063105,1565846637,4
1841063105,1811737795,3
1841063105,1812419638,3
1841063105,1842090637,4
1841063105,5812997208,3
1841063105,5812997220,3
1841063105,5813024308,3
1841063105,5813089462,3
1841373890,1006984280,4
1841378357,1006984280,4
1841378398,1006984280,12
1841663352,1437186918,4
1841663352,1468877324,4
1841663352,1532401674,3
1841663352,1532401727,3
1841663352,1534784712,3
1841663352,5813045792,3
1841663352,5813062668,4
1841728218,1006984280,8
1841728218,1872762831,3
1842051749,1407269144,3
1842051749,1468994014,3
1842051749,1533088563,4
1842051749,1842682500,4
1842051749,2121685030,3
1842051749,5812991436,3
1842051749,5812991952,4
1842051749,5813023480,3
1842051749,5813068748,3
1842051749,731736853,7
1842090544,1469947367,4
1842090544,1593417998,3
1842090544,1690015835,4
1842090544,1746858454,4
1842090637,1841063105,4
1842090637,5812993607,3
1842090637,5812997870,3
1842090637,5813046028,3
1842427221,1006984280,3
1842427221,1807191501,4
1842427221,1842427589,5
1842427221,1872762224,3
1842427221,1901734051,3
1842427221,2055807838,3
1842427221,5812997116,4
1842427221,5812997118,4
1842427589,5812997111,4
1842427589,5812997117,5
1842427589,5812997141,3
1842427589,5812997212,4
1842427589,5812997215,3
1842427674,1100404634,5
1842427674,1811392809,4
1842427674,1812078638,3
1842427674,1842777126,3
1842427674,1843118063,3
1842427674,1873120862,4
1842427674,1932052159,3
1842427674,5812997115,4
1842427674,5812997870,3
1842682322,1285167873,4
1842682322,1347901726,3
1842682322,1347902152,3
1842682322,1347905926,3
1842682322,1348248235,3
1842682322,1412320780,3
1842682500,1406928592,3
1842682500,1438304143,4
1842682500,1469331067,3
1842682500,1500024261,3
1842682500,1500029052,3
1842682500,1500369943,3
1842682500,1564472872,3
1842682500,1749236368,5
1842682500,1842051749,7
1842682500,1933433614,3
1842682500,1967508592,6
1842682500,5812988175,3
1842682500,5813068748,4
1842682500,731736853,5
1842777126,1100404634,8
1842777126,1811392809,3
1842777126,5812996158,3
1842777126,5812997115,4
1842777126,5813024308,3
1842777145,1006984280,10
1842777145,1100404634,20
1842777145,1873116398,6
1842777145,1873470681,4
1842777145,2025507235,3
1842777145,5812997052,3
1842777145,5812998802,4
1842777145,5812998819,4
1843113661,1806850696,3
1843113661,1808624754,4
1843113661,1808624842,3
1843113661,1808629175,4
1843113661,1837902676,3
1843113661,1839314480,4
1843113661,1839659717,3
1843113661,5812997786,6
1843113661,5813034310,3
1843113661,5813038963,5
1843113661,5813039484,4
1843113661,5813039499,3
1843118063,1311677904,3
1843118063,1842427674,3
1843744231,1159555822,4
1843744231,1281324958,3
1843744231,1343045604,3
1843744231,1407873674,10
1843744231,1407874177,9
1843744231,1565846637,27
1843744231,1622350949,3
1843744231,1628230708,3
1843744231,1658643766,18
1843744231,1658644171,6
1843744231,1658990108,7
1843744231,1689994034,4
1843744231,1689994325,5
1843744231,1689994425,9
1843744231,1690011290,4
1843744231,1690015835,6
1843744231,1721020290,8
1843744231,1721365654,3
1843744231,1749275570,3
1843744231,1782714902,7
1843744231,1813399871,3
1843744231,1966864706,10
1843744231,2059295981,8
1843744231,5812994062,7
1843744231,5812994826,5
1843744231,5812998137,6
1843744231,5812999862,4
1843744231,5813023322,20
1843744231,5813031567,5
1843744231,5813038998,9
1843744231,5813042873,7
1843744231,5813045792,7
1843744231,5813055080,7
1843744231,5813069046,3
1844421716,1405788552,4
1844421716,1471607030,3
1844421716,1471610338,4
1844421716,1561301125,3
1844421716,1563355501,3
1844421716,1655474822,4
1844421716,1689187126,3
1844421716,1747181914,4
1844421716,1748187330,4
1844421716,1781324410,3
1844421716,1810944084,3
1844421716,1817457987,6
1844421716,1817790222,3
1844421716,1818473569,3
1844421716,1848143184,3
1844421716,1849166071,3
1844421716,1912600163,3
1844421716,5812988294,4
1844421716,5813060163,3
1844421716,5813068239,3
1844750081,1221971218,6
1844750081,1226887763,3
1844750081,1283013506,4
1844750081,1352684733,3
1844750081,1403392477,3
1844750081,1405231475,15
1844750081,1438908304,6
1844750081,1438912593,3
1844750081,1441598865,5
1844750081,1500598873,5
1844750081,1530636214,4
1844750081,1688164533,3
1844750081,1691259738,6
1844750081,1716496582,7
1844750081,1719595635,3
1844750081,1753674977,4
1844750081,1783051578,3
1844750081,1783051753,3
1844750081,1813403762,3
1844750081,1813403869,3
1844750081,1813403953,4
1844750081,1813403998,3
1844750081,1814777260,4
1844750081,1814781082,5
1844750081,1814781356,3
1844750081,1814781628,4
1844750081,1815126433,6
1844750081,1815131045,4
1844750081,1815809293,3
1844750081,1872033743,9
1844750081,2307027729,15
1844750081,5813023322,15
1844750081,5813034151,3
1844750081,5901226269,4
1845078711,1158864995,4
1845078711,1405231475,54
1845078711,1405780725,3
1845078711,1466998977,25
1845078711,1471601440,10
1845078711,1503999967,3
1845078711,1565846637,13
1845078711,1627117134,5
1845078711,1781268241,6
1845078711,1782668028,4
1845078711,1815070402,3
1845078711,1876471221,3
1845078711,1876898200,3
1845078711,1877930505,3
1845078711,1878271377,6
1845078711,1907156409,7
1845078711,1907169406,4
1845078711,1907510214,5
1845078711,1907519001,8
1845078711,1907584319,6
1845078711,1907587934,6
1845078711,1907924777,5
1845078711,1908226457,7
1845078711,1936848448,5
1845078711,1938541380,7
1845078711,1938544937,5
1845078711,2307027729,28
1845078711,5813000577,14
1845078711,5813023322,3
1845078711,5813024015,25
1845078711,5813055129,10
1845078711,5901215446,8
1845117373,1159555822,12
1845117373,1220270134,4
1845117373,1343045604,3
1845117373,1407874177,4
1845117373,1504342382,4
1845117373,1565846637,28
1845117373,1657525433,5
1845117373,1658644171,7
1845117373,1659331215,4
1845117373,1660219098,3
1845117373,1689989271,8
1845117373,1689993656,5
1845117373,1690011142,5
1845117373,1690011290,4
1845117373,1690015835,4
1845117373,1690020010,4
1845117373,1721020290,3
1845117373,1721025057,3
1845117373,1721365654,14
1845117373,1723386459,5
1845117373,1746858454,3
1845117373,1781328716,7
1845117373,1782714902,4
1845117373,1813054194,6
1845117373,5812995757,6
1845117373,5812999862,3
1845117373,5813023322,12
1845117373,5813045792,8
1845431840,1100404634,26
1845431840,1564097484,4
1845431840,1565846637,19
1845431840,1750371809,5
1845431908,1006984280,4
1845431908,1100404634,17
1845431908,1563099587,3
1845431908,1565846637,5
1845431908,5812991476,3
1845431908,5901196898,3
1845449270,1352684733,7
1845449270,1405231475,7
1845449270,1438912593,5
1845449270,1441598865,3
1845449270,1500598873,5
1845449270,1530636214,3
1845449270,1626482563,3
1845449270,1627131491,3
1845449270,1688164533,3
1845449270,1719225241,3
1845449270,1719595635,4
1845449270,1751670748,3
1845449270,1752016801,5
1845449270,1809614687,4
1845449270,1811630361,6
1845449270,1813403953,4
1845449270,1814777260,4
1845449270,1814781356,3
1845449270,1815126312,3
1845449270,1815131045,6
1845449270,1815471919,8
1845449270,1815826155,5
1845449270,1845453234,3
1845449270,1872033743,3
1845449270,1876147437,7
1845449270,1938195143,4
1845449270,2059978318,4
1845449270,2307027729,16
1845449270,5813038769,3
1845449270,5813050827,4
1845449270,5901214470,6
1845453234,1343749180,3
1845453234,1352684733,5
1845453234,1403392477,5
1845453234,1405231475,13
1845453234,1407179534,7
1845453234,1467548306,3
1845453234,1533683889,5
1845453234,1534363304,3
1845453234,1626827782,3
1845453234,1782369015,3
1845453234,1782369340,4
1845453234,1783051578,5
1845453234,1811630361,5
1845453234,1813403630,4
1845453234,1813403762,6
1845453234,1814777260,5
1845453234,1814781356,4
1845453234,1872033743,6
1845453234,1876471221,3
1845453234,2307027729,24
1845453234,5812987894,3
1845453234,5812998825,3
1845453234,5813023322,5
1845453234,5813038769,6
1845453234,5813038825,3
1845453234,5813046478,3
1845453234,5901226269,5
1845772658,1190250299,3
1845772658,1313702895,3
1845772658,1471610338,3
1845772658,1621008677,3
1845772658,1656153289,4
1845772658,1659515529,3
1845772658,1689187126,3
1845772658,1752672460,3
1845772658,1754019541,4
1845772658,1782680353,3
1845772658,1783361972,4
1845772658,1817108009,3
1845772658,1817448971,3
1845772658,1817449375,3
1845772658,1817457847,3
1845772658,1817790176,3
1845772658,1817790409,3
1845772658,1817799390,4
1845772658,1848138779,3
1845772658,1848151236,5
1845772658,1848151877,3
1845772658,1848492258,3
1845772658,1849507321,3
1845772658,1879877415,3
1845772658,5812999009,4
1845772658,5813034336,3
1846113980,1377841477,4
1846113980,1629206279,8
1846113980,2094381099,3
1846113980,789636635,7
1846135022,1535718148,3
1846135022,1688893211,3
1846135022,1783029895,3
1846800094,1754715778,3
1846800094,1784389638,4
1846800094,1785745638,3
1846800094,5901203642,3
1846812834,1377814057,5
1846812834,1621004685,3
1846812834,1628187260,3
1846812834,1753359129,4
1846812834,1753359235,3
1846812834,1753359276,3
1846812834,1753695319,3
1846812834,1784739629,3
1846812834,1785062580,3
1846812834,1815713979,3
1846812834,1816456312,3
1847145780,1563393697,3
1847145780,1690598004,3
1847145780,1748187188,4
1847145780,1753359129,4
1847145780,1753695251,4
1847145780,1816788474,3
1847145780,1846812834,3
1847806203,1158877783,5
1847806203,1190250299,4
1847806203,1472965897,3
1847806203,1473332777,3
1847806203,1625800608,3
1847806203,1656153289,3
1847806203,1656834653,3
1847806203,1782680353,5
1847806203,1812363713,3
1847806203,1817107934,3
1847806203,1817108009,4
1847806203,1817112807,4
1847806203,1817449116,3
1847806203,1817785661,3
1847806203,1847806275,3
1847806203,1848151236,3
1847806203,1848151571,3
1847806203,1849161220,4
1847806203,1849161407,6
1847806203,1878845226,3
1847806203,1937193993,4
1847806203,5812992468,3
1847806275,1190250299,3
1847806275,1345079276,4
1847806275,1471610338,3
1847806275,1473332777,3
1847806275,1656834653,3
1847806275,1689187126,3
1847806275,1782680353,3
1847806275,1813382259,3
1847806275,1817444315,3
1847806275,1817444555,3
1847806275,1817457984,3
1847806275,1818122205,4
1847806275,1818473569,4
1847806275,1848151877,3
1847806275,1848156241,5
1847806275,1878845226,3
1847806275,1880887003,3
1847806275,5812988086,4
1847806275,5812991769,4
1847806275,5813060163,5
1847810811,1375769049,3
1847810811,1714791446,3
1847810811,1722307233,3
1847810811,1817107934,3
1847810811,1848143184,3
1847810811,1848156241,3
1847810811,1849179266,3
1847810811,2029624973,3
1847815147,1219592090,5
1847815147,1345079276,3
1847815147,1375769049,3
1847815147,1628528573,4
1847815147,1747181914,3
1847815147,1754019541,4
1847815147,1817444315,3
1847815147,1817457987,3
1847815147,1844421716,3
1847815147,1848151236,3
1847815147,1878845226,3
1847815147,5812988086,3
1847819222,1654405306,3
1847819222,1784389603,3
1847819222,5812993314,3
1847819222,5812997387,3
1848138779,1221280490,3
1848138779,1530606252,4
1848138779,1534694621,4
1848138779,1563355501,4
1848138779,1629163100,3
1848138779,1689915765,3
1848138779,1750251452,3
1848138779,1807572051,3
1848138779,1817108009,4
1848138779,1817112807,3
1848138779,1817449375,3
1848138779,1845772658,3
1848138779,1847806203,4
1848138779,1849161407,3
1848138779,1849178917,3
1848138779,1908865507,5
1848138779,1974682390,3
1848143184,1345079276,3
1848143184,1348153557,4
1848143184,1471610338,4
1848143184,1561301125,3
1848143184,1747181914,3
1848143184,1752962124,3
1848143184,1782680353,3
1848143184,1817449059,4
1848143184,1817449229,3
1848143184,1817449236,3
1848143184,1817453065,3
1848143184,1817785682,3
1848143184,1844421716,3
1848143184,1849161407,4
1848143184,1849166071,3
1848143184,1849503142,4
1848143184,1974682390,4
1848143184,5812991769,3
1848151236,1158877703,5
1848151236,1189567690,4
1848151236,1250277991,3
1848151236,1466844031,3
1848151236,1467859487,3
1848151236,1471610338,5
1848151236,1473648518,3
1848151236,1534694621,3
1848151236,1776865370,3
1848151236,1808241116,3
1848151236,1817449116,3
1848151236,1845772658,4
1848151236,1848824817,3
1848151236,1878845629,4
1848151236,1908865507,3
1848151236,1939904964,3
1848151236,5813068239,3
1848151571,1158877703,3
1848151571,1534694621,4
1848151571,1656834653,3
1848151571,1689239035,5
1848151571,1781324410,3
1848151571,1814729788,4
1848151571,1817444670,3
1848151571,1817452948,4
1848151571,1817463007,3
1848151571,1817785682,3
1848151571,1847806203,3
1848151571,1848151877,3
1848151571,1848156241,3
1848151571,1848828925,4
1848151571,1878845629,4
1848151877,1221285175,7
1848151877,1345079276,3
1848151877,1467859487,4
1848151877,1472965897,3
1848151877,1497200791,3
1848151877,1530606252,4
1848151877,1563355501,3
1848151877,1622360309,3
1848151877,1654413566,3
1848151877,1689187126,5
1848151877,1690917721,3
1848151877,1817448659,3
1848151877,1817448921,5
1848151877,1817449229,3
1848151877,1817790222,3
1848151877,1848828925,5
1848151877,1875460978,3
1848151877,5813038679,5
1848156241,1189567690,4
1848156241,1347126097,3
1848156241,1435822283,3
1848156241,1467859487,4
1848156241,1472965897,3
1848156241,1656153289,4
1848156241,1776865370,4
1848156241,1807572051,4
1848156241,1814055949,3
1848156241,1817457808,3
1848156241,1817457847,3
1848156241,1817457984,3
1848156241,1817457987,3
1848156241,1847806275,3
1848156241,1848151571,3
1848156241,1848492714,4
1848156241,1878845226,3
1848156241,1879519066,3
1848156241,5813060163,4
1848251306,1226887763,8
1848251306,1228264951,18
1848251306,1352684733,4
1848251306,5813023322,29
1848483949,1189567690,3
1848483949,1250277991,3
1848483949,1435822283,3
1848483949,1621008677,3
1848483949,1689200671,3
1848483949,1747181914,3
1848483949,1807572051,3
1848483949,1813382259,3
1848483949,1817112855,5
1848483949,1817444315,4
1848483949,1817449229,4
1848483949,1817453557,3
1848483949,1817457847,3
1848483949,1818136404,4
1848483949,1848151236,4
1848483949,1848824817,3
1848483949,1848828925,3
1848483949,1908865507,3
1848483949,1974682390,4
1848483949,2029624973,3
1848483949,5813039410,3
1848492258,1158877783,3
1848492258,1190250299,4
1848492258,1219592090,3
1848492258,1405788552,3
1848492258,1628528573,3
1848492258,1752672460,3
1848492258,1817444670,3
1848492258,1817448971,3
1848492258,1817449229,3
1848492258,1817458164,3
1848492258,1848820426,4
1848492258,1849503142,3
1848492258,1849507321,3
1848492258,5813034336,6
1848492714,1158877783,7
1848492714,1189567690,3
1848492714,1347126097,3
1848492714,1348153557,4
1848492714,1471607030,3
1848492714,1628528573,4
1848492714,1719928105,4
1848492714,1747518018,4
1848492714,1817107934,3
1848492714,1817108009,5
1848492714,1817453557,3
1848492714,1817790281,3
1848492714,1818136404,3
1848492714,1844421716,3
1848492714,1848151877,3
1848492714,1848156241,3
1848492714,1849161407,3
1848492714,5812991769,4
1848492714,5812998833,3
1848496662,1437165487,3
1848496662,1473332777,3
1848496662,1534694621,4
1848496662,1589972966,3
1848496662,1689239035,3
1848496662,1783690466,3
1848496662,1814729788,4
1848496662,1817113079,3
1848496662,1817444555,4
1848496662,1817449236,3
1848496662,1817452948,3
1848496662,1817453257,3
1848496662,1817790409,5
1848496662,1818473569,4
1848496662,1848837843,3
1848496662,5812991769,3
1848496662,5812993994,4
1848496662,5813038679,4
1848592019,1226887763,8
1848592019,1228264951,6
1848592019,1838615654,3
1848592019,5813023322,28
1848820426,1158877703,3
1848820426,1190250299,3
1848820426,1221285175,4
1848820426,1435822283,3
1848820426,1528577476,3
1848820426,1628528573,3
1848820426,1748187330,3
1848820426,1754019541,3
1848820426,1817444670,3
1848820426,1817448971,3
1848820426,1817449229,4
1848820426,1818122205,3
1848820426,1849161220,4
1848820426,1849174879,3
1848820426,5812998833,3
1848820426,5813039410,3
1848824817,1158877783,3
1848824817,1189567690,3
1848824817,1473648518,3
1848824817,1722307233,3
1848824817,1751666374,3
1848824817,1776865370,3
1848824817,1783690466,3
1848824817,1812363713,4
1848824817,1817108009,4
1848824817,1817112807,5
1848824817,1817449236,3
1848824817,1817463007,3
1848824817,1818122205,7
1848824817,1848151571,3
1848824817,1848156241,3
1848824817,1848828925,4
1848824817,1849520324,3
1848824817,2029624973,3
1848824817,5813068239,3
1848828925,1473332777,3
1848828925,1622360309,3
1848828925,1807572051,3
1848828925,1814410124,3
1848828925,1817108009,3
1848828925,1817113079,4
1848828925,1817449059,3
1848828925,1817457984,3
1848828925,1818122205,4
1848828925,1847815147,3
1848828925,1848151571,3
1848828925,1848151877,3
1848828925,1848483949,3
1848828925,1849174879,4
1848828925,1849520324,3
1848828925,1878845226,3
1848828925,1879519066,3
1848828925,1939904964,3
1848837843,1221285175,5
1848837843,1435822283,3
1848837843,1466844031,3
1848837843,1622360309,4
1848837843,1628528573,3
1848837843,1684443103,4
1848837843,1689200671,3
1848837843,1689915765,3
1848837843,1714791446,4
1848837843,1817444555,3
1848837843,1849161220,7
1848837843,1849503142,4
1848837843,1878845629,3
1848837843,1879519066,3
1848837843,1908865507,3
1848837843,5812998833,3
1848837843,5813034336,3
1848837843,5813038679,3
1849161220,1221285175,4
1849161220,1250277991,3
1849161220,1467859487,3
1849161220,1497200791,3
1849161220,1561301125,3
1849161220,1655474822,3
1849161220,1722307233,3
1849161220,1750251452,3
1849161220,1754019541,4
1849161220,1812363713,3
1849161220,1817457987,3
1849161220,1817786077,3
1849161220,1817790281,4
1849161220,1847806203,3
1849161220,1848820426,4
1849161220,1849161407,5
1849161220,1849503142,5
1849161220,1879877415,3
1849161220,1974682390,4
1849161220,5812988086,3
1849161220,5812992468,6
1849161220,5813068239,3
1849161407,1158877703,4
1849161407,1221280490,3
1849161407,1348153557,3
1849161407,1628528573,3
1849161407,1658881325,3
1849161407,1689200671,3
1849161407,1748187330,3
1849161407,1752962124,3
1849161407,1779567374,3
1849161407,1817449059,7
1849161407,1817449116,5
1849161407,1817449375,3
1849161407,1817453557,3
1849161407,1817794820,3
1849161407,1848138779,4
1849161407,1848143184,3
1849161407,1848828925,3
1849161407,1876820783,3
1849161407,1879519066,4
1849161407,1974682390,3
1849161407,5812999009,3
1849166071,1219592090,3
1849166071,1497200791,3
1849166071,1562707421,4
1849166071,1563355501,3
1849166071,1747181914,3
1849166071,1812696567,4
1849166071,1814055949,3
1849166071,1817448971,3
1849166071,1817790222,3
1849166071,1844421716,3
1849166071,1847806275,4
1849166071,1847815147,3
1849166071,1848837843,3
1849166071,1849178917,3
1849166071,1912600163,4
1849166071,2245501457,3
1849166071,5812993994,3
1849174879,1158877703,3
1849174879,1190250299,3
1849174879,1472965897,3
1849174879,1714791446,3
1849174879,1751262627,6
1849174879,1752962124,3
1849174879,1776865370,4
1849174879,1817449116,3
1849174879,1817449229,4
1849174879,1817449236,4
1849174879,1847815147,3
1849174879,1848483949,3
1849174879,1848820426,4
1849174879,1849178917,3
1849174879,1849179266,5
1849174879,1878845629,3
1849174879,1880887003,3
1849178917,1158877703,3
1849178917,1466844031,3
1849178917,1655474822,3
1849178917,1689200671,3
1849178917,1719928105,3
1849178917,1750251452,3
1849178917,1781333405,4
1849178917,1812363713,3
1849178917,1817112807,3
1849178917,1817457847,3
1849178917,1817785682,4
1849178917,1817786077,3
1849178917,1818122205,4
1849178917,1847806203,3
1849178917,1848138779,3
1849178917,1848151571,3
1849178917,1848492258,3
1849178917,1848492714,3
1849178917,1849183960,5
1849178917,5812988086,4
1849179266,1313702895,3
1849179266,1621008677,4
1849179266,1689239035,3
1849179266,1722307233,5
1849179266,1781333405,3
1849179266,1808241116,4
1849179266,1817453257,5
1849179266,1817458052,3
1849179266,1818473569,3
1849179266,1847810811,4
1849179266,1849174879,3
1849179266,1849183960,4
1849179266,1879519066,4
1849179266,1879877415,3
1849179266,1939904964,4
1849183960,1158877703,3
1849183960,1219592090,4
1849183960,1565729476,3
1849183960,1687831632,3
1849183960,1753670596,4
1849183960,1783361972,4
1849183960,1813028777,3
1849183960,1817785661,3
1849183960,1847815147,3
1849183960,1848151877,3
1849183960,1849179266,4
1849183960,1878845226,3
1849183960,2029624973,3
1849503142,1158877703,5
1849503142,1347126097,3
1849503142,1467859487,3
1849503142,1658881325,3
1849503142,1684443103,3
1849503142,1714791446,3
1849503142,1750251452,6
1849503142,1752672460,3
1849503142,1782318275,3
1849503142,1813028777,3
1849503142,1814060070,3
1849503142,1817449236,3
1849503142,1817458052,3
1849503142,1817790409,4
1849503142,1848143184,4
1849503142,1848837843,5
1849503142,1849161220,6
1849503142,1849520324,3
1849503142,1879519066,7
1849503142,1879877415,3
1849503142,1880209425,3
1849503142,1937193993,3
1849503142,1974682390,3
1849503142,2029624973,9
1849507321,1473332777,3
1849507321,1528577476,3
1849507321,1534694621,4
1849507321,1562707421,3
1849507321,1593012939,4
1849507321,1621008677,3
1849507321,1782318275,3
1849507321,1782680353,3
1849507321,1814031575,3
1849507321,1817449236,3
1849507321,1817785661,3
1849507321,1817790281,3
1849507321,1818122205,3
1849507321,1848492258,4
1849507321,1849161407,4
1849507321,1849520324,3
1849507321,1937193993,6
1849507321,5813034336,3
1849507321,5813076492,3
1849520324,1158877703,3
1849520324,1375769049,3
1849520324,1471607030,4
1849520324,1534694621,4
1849520324,1625800608,4
1849520324,1629163100,3
1849520324,1690917721,3
1849520324,1782680353,3
1849520324,1812363713,4
1849520324,1814031575,3
1849520324,1814410124,3
1849520324,1817112807,4
1849520324,1817113079,3
1849520324,1817448971,3
1849520324,1817785661,4
1849520324,1848151571,3
1849520324,1848828925,4
1849520324,1849179266,4
1849520324,1849503142,4
1849520324,1849507321,3
1849520324,1876820783,3
1849520324,1974682390,4
1849520324,5812992219,3
1849520324,5812998833,3
1869300439,1566519741,4
1869300439,1998250011,3
1869649833,1228264951,9
1869649833,1261229600,3
1869649833,5813023322,11
1870397068,1006984280,6
1870397068,1808327341,3
1870397068,2152021090,3
1870397068,5813000926,5
1870694455,1775513203,3
1870694455,1808279428,3
1870694455,5813039476,3
1870993614,1220270134,5
1870993614,1261229600,5
1870993614,1628869271,4
1870993614,5812993245,6
1871031444,1188548330,3
1871031444,2088629661,3
1871048944,1842427589,3
1871048944,1901734051,3
1871048944,5812997116,3
1871048944,5812997131,6
1871048944,5812997141,3
1871717951,5813096626,7
1871717951,888171826,3
1871744011,1841045778,3
1872033743,1040013335,3
1872033743,1221971218,3
1872033743,1226887763,4
1872033743,1343749180,3
1872033743,1352684733,4
1872033743,1405231475,14
1872033743,1438908304,6
1872033743,1467548306,5
1872033743,1470971204,7
1872033743,1500598873,3
1872033743,1533683889,3
1872033743,1682707330,3
1872033743,1719225241,3
1872033743,1782364786,4
1872033743,1809264255,4
1872033743,1809614687,5
1872033743,1813403953,4
1872033743,1814777260,5
1872033743,1815126312,3
1872033743,1844750081,5
1872033743,1876147437,4
1872033743,1876484146,6
1872033743,2307027729,23
1872033743,5812998825,4
1872033743,5812999264,4
1872033743,5813023322,12
1872033743,5813023480,4
1872033743,5813038825,4
1872033743,5901226269,4
1872067203,1006984280,4
1872067538,1006984280,4
1872067590,1006984280,7
1872067662,1006984280,3
1872067692,1006984280,5
1872067880,1006984280,5
1872071833,1006984280,5
1872396010,1232607542,3
1872396010,1261229600,6
1872396010,1294362092,3
1872396010,1504428057,3
1872396010,1534448646,3
1872396010,1597493900,3
1872396010,1906137714,3
1872396010,1933433614,6
1872396010,5813031566,3
1872404653,1198132041,3
1872404653,1232249314,4
1872404653,1629206279,4
1872404653,1720950695,3
1872404653,862615150,4
1872408426,1006984280,6
1872408527,1006984280,8
1872413058,1006984280,6
1872413403,1006984280,3
1872417249,1006984280,10
1872417830,1006984280,7
1872762224,1006984280,5
1872762224,1807191501,5
1872762224,1839340255,3
1872762224,1842427221,4
1872762831,1006984280,7
1872762831,1807191501,4
1872762831,1808327341,3
1872762831,1839366494,4
1872762831,1870397068,3
1872762831,5812997196,4
1872762831,5813000926,3
1873078321,1593743279,3
1873078321,1690266485,3
1873078321,1753359129,5
1873078321,1753696105,3
1873078321,1785408384,4
1873078321,1814759464,5
1873078321,1815087643,4
1873078321,5813038320,3
1873086684,1311677904,3
1873086684,1438304347,6
1873086684,1438304646,3
1873086684,1500369943,3
1873086684,1530704811,3
1873086684,1531059000,3
1873086684,2027880999,3
1873107977,1006984280,5
1873107977,1807191501,3
1873107977,1872762831,3
1873116398,1006984280,8
1873116398,1100404634,14
1873116398,1842427674,3
1873116398,1842777145,9
1873116398,1873466322,3
1873116398,5812997052,3
1873116398,5812997115,3
1873116398,5812997191,3
1873116398,5812998048,5
1873116398,5812998641,5
1873116398,5812998819,4
1873120862,1100404634,10
1873120862,1808624754,3
1873120862,1812078876,3
1873120862,1842777145,4
1873120862,1873116398,4
1873120862,1873811611,3
1873120862,2025507235,3
1873120862,5812991140,3
1873120862,5812997075,3
1873120862,5812997115,4
1873120862,5812997184,3
1873120862,5812998048,3
1873120862,5813023322,3
1873120862,5813034310,3
1873466115,1100404634,7
1873466115,1873470681,3
1873466115,5812997052,3
1873466115,5812997075,3
1873466115,5812997115,3
1873466115,5812998048,5
1873466115,5812998641,3
1873466115,5812998802,5
1873466115,5813039334,4
1873466322,1100404634,3
1873466322,1873116398,4
1873466322,2025507235,3
1873466322,5812998641,3
1873466322,5812998819,7
1873470681,1100404634,5
1873470681,1842777145,3
1873470681,1873466322,3
1873470681,5812997191,3
1873470681,5812998048,8
1873470681,5812998641,4
1873470681,5812998802,3
1873470681,5812998819,3
1873734612,1815480848,3
1873734612,1968877434,4
1873734612,544038294,4
1873734612,5812994094,10
1873811611,1100404634,10
1873811611,1873120862,3
1873811611,5812997191,3
1873811611,5812998048,3
1873811611,5813024308,3
1874035952,1158187240,3
1874035952,1189559257,6
1874035952,1251287671,3
1874035952,1281324958,19
1874035952,1405231475,54
1874035952,1438524573,3
1874035952,1466998977,8
1874035952,1565846637,13
1874035952,1688505620,5
1874035952,1715459859,5
1874035952,1749258134,11
1874035952,1782668028,3
1874035952,1815070402,4
1874035952,1840636280,3
1874035952,1876471221,8
1874035952,1877939213,5
1874035952,1906159299,5
1874035952,1907156409,3
1874035952,1907169406,6
1874035952,1907571222,3
1874035952,1907578957,11
1874035952,1907584319,7
1874035952,1907924777,3
1874035952,1907933561,4
1874035952,1936848448,8
1874035952,2307027729,21
1874035952,5812993692,6
1874035952,5813024015,29
1874035952,5813069053,4
1874035952,5813075607,6
1874782886,1007576087,51
1874782886,1016749259,5
1874782886,1017785388,4
1874782886,1017802884,7
1874782886,1048491559,11
1874782886,1048492326,4
1874782886,1048837669,3
1874782886,1049502699,4
1874782886,1049506374,4
1874782886,1049511179,7
1874782886,1079855015,3
1874782886,1079872487,3
1874782886,1080196056,3
1874782886,1080200318,5
1874782886,1080212848,6
1874782886,1080532771,8
1874782886,1080545525,4
1874782886,1110885663,4
1874782886,1110885932,3
1874782886,1111243870,4
1874782886,1111244083,3
1874782886,1136399018,4
1874782886,1136740119,5
1874782886,1137085556,3
1874782886,1140547788,4
1874782886,1141251402,3
1874782886,1141259920,4
1874782886,1141601145,4
1874782886,1141937695,4
1874782886,1167092919,7
1874782886,1167433990,4
1874782886,1167434000,3
1874782886,1172623224,3
1874782886,1193448112,3
1874782886,1200182517,3
1874782886,1200182520,9
1874782886,1222332850,8
1874782886,1230190149,4
1874782886,1254037524,3
1874782886,1259851971,5
1874782886,1288893609,4
1874782886,1289233760,3
1874782886,1319587380,3
1874782886,1319915822,3
1874782886,1319919698,3
1874782886,1320263998,3
1874782886,1350613510,4
1874782886,1351623779,28
1874782886,1408535544,4
1874782886,1469947718,3
1874782886,1500020379,3
1874782886,1501640127,4
1874782886,1561347849,3
1874782886,1782364786,5
1874782886,1809273495,3
1874782886,1810659099,9
1874782886,1996536055,4
1874782886,5812994062,5
1874782886,5813016381,9
1874782886,5813016661,3
1874782886,5813038319,3
1874782886,5813045027,6
1874782886,5813045792,4
1874782886,5813056280,3
1874782886,757530777,5
1874782886,852724544,6
1874782886,954692704,3
1874782886,956056543,3
1874782886,956060536,3
1874782886,986759122,3
1874782886,986763734,3
1874782886,987091864,5
1874782886,987424258,5
1875124235,1221280490,4
1875124235,1655474822,3
1875124235,1689200671,4
1875124235,1753670596,3
1875124235,1812696567,4
1875124235,1814031575,4
1875124235,1817458052,3
1875124235,1818122205,3
1875124235,1848824817,5
1875124235,1880209425,4
1875124235,5812992468,3
1875460978,1158877703,6
1875460978,1221285175,5
1875460978,1347812305,3
1875460978,1690917721,3
1875460978,1783690466,3
1875460978,1808241116,3
1875460978,1817457984,3
1875460978,1817786077,3
1875460978,1817794820,3
1875460978,1848143184,4
1875460978,1848151571,3
1875460978,1848820426,4
1875460978,1849174879,4
1875460978,1849503142,3
1875460978,1880887003,5
1875460978,1912600163,6
1875460978,1937193993,3
1875460978,2029624973,3
1875460978,5813034336,3
1875460978,5813039410,3
1875469390,1629206279,4
1876105544,1200523558,3
1876105544,1259856448,3
1876105544,1260197431,4
1876105544,1285849916,3
1876105544,1291569166,6
1876105544,1356772884,4
1876105544,1375482740,4
1876105544,1503331732,9
1876105544,1533338992,11
1876105544,1563122080,7
1876105544,1564097484,5
1876105544,1595853024,3
1876105544,1629206279,5
1876105544,5812991470,7
1876105544,5812991476,9
1876105544,5813054748,4
1876125353,1261902687,8
1876125353,1291569166,3
1876125353,1629206279,3
1876125353,5812991476,5
1876147388,1283013506,3
1876147388,1405231475,13
1876147388,1441598865,3
1876147388,1470971204,5
1876147388,1534363304,3
1876147388,1566411868,6
1876147388,1626482563,3
1876147388,1751329909,3
1876147388,1751670748,5
1876147388,1753674977,3
1876147388,1782369015,5
1876147388,1782369340,3
1876147388,1783051578,10
1876147388,1813403762,3
1876147388,1813403869,4
1876147388,1814422650,3
1876147388,1814780768,3
1876147388,1814781082,3
1876147388,1814781356,3
1876147388,1814781633,3
1876147388,1815471919,4
1876147388,1815826155,6
1876147388,2307027729,16
1876147388,5812996383,3
1876147388,5813038822,4
1876147388,5813039136,3
1876147388,5901226269,4
1876147437,1352684733,6
1876147437,1403392477,4
1876147437,1405231475,4
1876147437,1407179534,3
1876147437,1467548306,4
1876147437,1470971204,3
1876147437,1530636214,3
1876147437,1534363304,4
1876147437,1627131491,3
1876147437,1716496582,3
1876147437,1811630361,5
1876147437,1815126312,3
1876147437,1815126433,3
1876147437,1815131045,3
1876147437,1815480848,4
1876147437,1815809293,4
1876147437,1844750081,3
1876147437,1845449270,3
1876147437,1872033743,3
1876147437,1906159299,4
1876147437,1938195143,4
1876147437,2307027729,11
1876147437,5813023322,11
1876147437,5813046478,3
1876147437,5813050827,4
1876466986,1006984280,4
1876466986,1100404634,11
1876466986,1533338992,4
1876466986,1597157083,3
1876466986,1688302103,3
1876471221,1100404581,3
1876471221,1189559257,5
1876471221,1251287671,6
1876471221,1405231475,58
1876471221,1466998977,9
1876471221,1565846637,5
1876471221,1590979045,4
1876471221,1625080038,3
1876471221,1627117134,3
1876471221,1782668028,3
1876471221,1815070402,6
1876471221,1874035952,8
1876471221,1876898200,5
1876471221,1876902545,3
1876471221,1877939213,3
1876471221,1906159299,4
1876471221,1907156409,4
1876471221,1907169406,5
1876471221,1907510214,3
1876471221,1907574944,6
1876471221,1907587934,7
1876471221,1907933561,5
1876471221,1938541380,5
1876471221,2121711447,5
1876471221,2307027729,32
1876471221,5813000577,4
1876471221,5813023322,5
1876471221,5813024015,29
1876471221,5813075607,5
1876484146,1343749180,7
1876484146,1352684733,3
1876484146,1403392477,4
1876484146,1405231475,12
1876484146,1682707330,3
1876484146,1782369359,3
1876484146,1813403630,3
1876484146,1813403953,3
1876484146,1814781537,3
1876484146,1814781628,5
1876484146,1815126312,3
1876484146,1815480848,5
1876484146,1815809293,4
1876484146,1815826155,4
1876484146,1844750081,3
1876484146,1872033743,6
1876484146,1876492837,3
1876484146,1938195143,5
1876484146,2059978318,4
1876484146,2307027729,14
1876484146,5812987894,3
1876484146,5813023322,6
1876484146,5901214470,4
1876492837,1226887763,3
1876492837,1281998821,3
1876492837,1352684733,13
1876492837,1405231475,8
1876492837,1626482563,4
1876492837,1719595635,3
1876492837,1782369359,4
1876492837,1814781537,10
1876492837,1814781628,3
1876492837,1815471919,3
1876492837,1838257401,3
1876492837,1876147437,3
1876492837,1876484146,3
1876492837,2059978318,5
1876492837,2121711447,4
1876492837,2307027729,11
1876492837,5812987894,5
1876492837,5812998136,3
1876492837,5812999862,3
1876492837,5813023322,16
1876492837,5813046478,4
1876492837,5901226269,5
1876803839,1530602252,3
1876803839,1628187260,3
1876803839,1688892924,3
1876803839,1751943911,3
1876803839,1753354492,4
1876803839,1753359149,3
1876803839,1753691086,3
1876803839,1753695387,3
1876803839,1754370281,3
1876803839,1784397838,3
1876803839,1784441060,3
1876803839,1815769330,3
1876803839,1906836822,3
1876803839,1935843067,4
1876803839,1939244343,3
1876803839,5812983999,3
1876803839,5812993678,4
1876803839,5813048920,3
1876820783,1471610338,3
1876820783,1528577476,4
1876820783,1563355501,3
1876820783,1565729476,3
1876820783,1628528573,4
1876820783,1654413566,4
1876820783,1656153289,3
1876820783,1659515529,3
1876820783,1752962124,3
1876820783,1814031575,5
1876820783,1844421716,4
1876820783,1845772658,4
1876820783,1848828925,3
1876820783,1849161407,4
1876820783,1849174879,3
1876820783,1849520324,5
1876894387,1189559257,4
1876894387,1251287671,5
1876894387,1405231475,62
1876894387,1466998977,3
1876894387,1471601440,5
1876894387,1565846637,10
1876894387,1749258134,3
1876894387,1781268241,3
1876894387,1782668028,6
1876894387,1809264255,3
1876894387,1877217777,3
1876894387,1877930505,3
1876894387,1906496111,3
1876894387,1907169406,3
1876894387,1907510214,3
1876894387,1907519001,3
1876894387,1907578957,5
1876894387,1907584319,7
1876894387,1907933561,13
1876894387,1908226457,6
1876894387,1936848448,5
1876894387,1937875810,9
1876894387,1938544937,4
1876894387,2307027729,43
1876894387,5812993692,4
1876894387,5813024015,42
1876894387,5813055129,7
1876894387,5813061197,3
1876894387,5901215446,4
1876898200,1158864995,5
1876898200,1405231475,80
1876898200,1405780725,3
1876898200,1466998977,11
1876898200,1471601440,3
1876898200,1565846637,21
1876898200,1625080038,4
1876898200,1688505620,3
1876898200,1781268241,6
1876898200,1782668028,4
1876898200,1809264255,4
1876898200,1815070402,9
1876898200,1876471221,7
1876898200,1878271377,3
1876898200,1907156409,4
1876898200,1907169406,3
1876898200,1907587934,4
1876898200,1907933561,5
1876898200,1908226457,4
1876898200,1936848448,5
1876898200,1938207942,9
1876898200,1938544937,6
1876898200,2307027729,31
1876898200,5813000577,6
1876898200,5813023322,4
1876898200,5813024015,20
1876898200,5901215446,3
1876902545,1158864995,7
1876902545,1189559257,4
1876902545,1251287671,5
1876902545,1281324958,10
1876902545,1405231475,51
1876902545,1438524573,4
1876902545,1466998977,33
1876902545,1503999967,9
1876902545,1565846637,20
1876902545,1627117134,8
1876902545,1688505620,6
1876902545,1782668028,3
1876902545,1815070402,11
1876902545,1815126433,3
1876902545,1876471221,8
1876902545,1876894387,3
1876902545,1877930505,5
1876902545,1878271377,6
1876902545,1907156409,12
1876902545,1907169406,6
1876902545,1907510214,4
1876902545,1907519001,3
1876902545,1907571222,3
1876902545,1907584319,5
1876902545,1907587934,4
1876902545,1907933561,5
1876902545,1908226457,8
1876902545,1938544937,5
1876902545,2307027729,26
1876902545,5813023322,4
1876902545,5813024015,52
1876902545,5813055129,5
1877152860,1377841477,3
1877152860,1629206279,14
1877152860,1685555983,3
1877152860,2310627904,5
1877152860,789636635,24
1877217777,1100404581,3
1877217777,1405231475,68
1877217777,1466998977,3
1877217777,1565846637,10
1877217777,1627117134,4
1877217777,1810956698,4
1877217777,1874035952,3
1877217777,1876894387,3
1877217777,1876898200,3
1877217777,1876902545,5
1877217777,1877930505,4
1877217777,1907510214,9
1877217777,1907519001,5
1877217777,1907574944,5
1877217777,1908226457,4
1877217777,1938541380,3
1877217777,1938544937,5
1877217777,1998922583,4
1877217777,2307027729,29
1877217777,5813000577,3
1877217777,5813023322,3
1877217777,5813024015,35
1877217777,5813069053,5
1877930505,1158864995,7
1877930505,1189559257,6
1877930505,1251287671,3
1877930505,1281324958,5
1877930505,1405231475,76
1877930505,1438524573,16
1877930505,1466998977,11
1877930505,1471601440,4
1877930505,1562673627,3
1877930505,1565846637,16
1877930505,1782668028,4
1877930505,1810956698,5
1877930505,1815070402,7
1877930505,1845078711,5
1877930505,1876898200,3
1877930505,1876902545,3
1877930505,1877217777,6
1877930505,1878271377,9
1877930505,1907156409,6
1877930505,1907510214,6
1877930505,1907578957,6
1877930505,1907924777,3
1877930505,1908226457,6
1877930505,1936848448,3
1877930505,1937875810,3
1877930505,1938207942,10
1877930505,1938541380,3
1877930505,1938544937,4
1877930505,2307027729,38
1877930505,5812993692,3
1877930505,5813000577,5
1877930505,5813023322,4
1877930505,5813024015,22
1877939213,1249932198,3
1877939213,1281324958,20
1877939213,1405231475,74
1877939213,1565846637,22
1877939213,1621357756,6
1877939213,1715459859,3
1877939213,1809264255,4
1877939213,1840636280,4
1877939213,1874035952,6
1877939213,1876471221,4
1877939213,1906159299,3
1877939213,1907169406,5
1877939213,1907578957,3
1877939213,1907587934,6
1877939213,1938541380,4
1877939213,1998922583,3
1877939213,2215161310,5
1877939213,2307027729,23
1877939213,5812993692,3
1877939213,5813024015,21
1877939213,5813069377,6
1878271377,1189559257,3
1878271377,1281303666,5
1878271377,1281324958,8
1878271377,1405231475,53
1878271377,1438524573,3
1878271377,1466998977,20
1878271377,1471601440,4
1878271377,1565846637,8
1878271377,1625080038,10
1878271377,1627117134,4
1878271377,1749258134,4
1878271377,1845078711,3
1878271377,1876894387,3
1878271377,1876898200,5
1878271377,1876902545,8
1878271377,1877930505,4
1878271377,1906496111,4
1878271377,1907510214,3
1878271377,1907571222,3
1878271377,1907587934,4
1878271377,1907924777,3
1878271377,1907933561,3
1878271377,1938541380,3
1878271377,1938544937,12
1878271377,2307027729,38
1878271377,5813000577,4
1878271377,5813023322,4
1878271377,5813024015,38
1878271377,5813055129,5
1878271377,5813061197,3
1878271377,5901215446,6
1878543927,1753359328,3
1878543927,1816114845,3
1878845226,1375769049,3
1878845226,1687831632,3
1878845226,1750251452,3
1878845226,1814031575,3
1878845226,1817449375,4
1878845226,1817452948,5
1878845226,1817463007,3
1878845226,1847806203,3
1878845226,1848828925,3
1878845226,5813038918,3
1878845226,5813068239,3
1878845629,1471607030,4
1878845629,1628528573,3
1878845629,1752672460,4
1878845629,1812363713,4
1878845629,1817453557,3
1878845629,1849166071,4
1879519066,1190250299,5
1879519066,1472965897,3
1879519066,1534694621,3
1879519066,1629163100,3
1879519066,1690917721,3
1879519066,1783361972,3
1879519066,1817458164,4
1879519066,1817785682,4
1879519066,1848151571,3
1879519066,1848156241,4
1879519066,1848483949,5
1879519066,1848828925,3
1879519066,1848837843,4
1879519066,1849166071,3
1879519066,1849179266,3
1879519066,1849503142,5
1879519066,1876820783,5
1879519066,1880209425,4
1879519066,1939904964,3
1879519066,2029624973,4
1879519066,2245501457,3
1879519066,5812992219,4
1879519066,5812993994,3
1879519066,5812999009,4
1879877415,1189567690,4
1879877415,1347126097,3
1879877415,1628528573,3
1879877415,1689915765,3
1879877415,1751262627,3
1879877415,1752672460,3
1879877415,1813028777,3
1879877415,1817112807,3
1879877415,1817448971,3
1879877415,1817449375,6
1879877415,1817457808,3
1879877415,1817786077,3
1879877415,1818122205,4
1879877415,1845772658,4
1879877415,1848824817,3
1879877415,1880209425,3
1879877415,1880887003,3
1880209425,1189567690,5
1880209425,1219592090,3
1880209425,1472965897,3
1880209425,1629163100,3
1880209425,1689200671,5
1880209425,1747518018,4
1880209425,1812696567,3
1880209425,1817453557,3
1880209425,1817785682,4
1880209425,1847810811,3
1880209425,1848496662,5
1880209425,1848824817,3
1880209425,1849166071,3
1880209425,1849503142,3
1880209425,1875124235,6
1880209425,1879519066,4
1880209425,5812988086,3
1880209425,5812998833,3
1880887003,1158877703,4
1880887003,1250277991,3
1880887003,1347812305,7
1880887003,1466844031,3
1880887003,1562707421,3
1880887003,1656834653,3
1880887003,1684443103,3
1880887003,1814410124,5
1880887003,1817113079,3
1880887003,1817449236,3
1880887003,1844421716,3
1880887003,1847810811,3
1880887003,1848151877,3
1880887003,1848156241,4
1880887003,1849174879,4
1880887003,1878845629,3
1880887003,1974682390,3
1880887003,5813068239,3
1880887003,5813076492,4
1901423055,1006984280,4
1901423055,1808327623,3
1901427602,1006984280,9
1901427602,1808327285,3
1901427602,1839366430,4
1901427602,1839366494,3
1901427602,5812997196,3
1901427602,5813000926,3
1901734051,1255405703,3
1901734051,1839340255,4
1901734051,1842427221,3
1901734051,5812997110,3
1901734051,5812997117,3
1901734051,5812997141,4
1902066185,1558605812,3
1902066185,1564123481,3
1902066185,1566519741,3
1902066185,5812991538,7
1902066682,1200523569,4
1902066682,1532358825,3
1902066682,1597493900,3
1902066682,1622740353,6
1902079225,1006984280,12
1902083604,1006984280,4
1902420328,1006984280,5
1902424947,1006984280,6
1902761612,1006984280,3
1902761612,1903106696,3
1902765793,1006984280,12
1902765793,1810343561,3
1902765793,1872413058,3
1902769799,1006984280,15
1902769799,1808327341,3
1902769799,2152021090,3
1902769799,5813022935,4
1903106696,1006984280,9
1903106696,1872067590,5
1903106696,1872408426,3
1903106696,1872413058,3
1903106696,1902765793,5
1903397125,1048491559,4
1903801936,1006984280,4
1903801936,1901423055,4
1903801936,5812997118,3
1903801936,5813056618,3
1904117126,1418186940,3
1904117126,1629206279,3
1904117126,888171826,3
1904420313,1316535138,3
1904420313,1316867205,3
1904420313,1347902152,4
1904420313,1348916717,4
1904420313,1412320780,4
1904420313,1842682322,3
1905110758,1753359129,3
1905110758,1754033072,3
1905114003,1158191562,3
1905114003,1189904590,4
1905114003,1497875250,3
1905114003,1499226615,4
1905114003,1529923621,6
1905114003,1562054982,4
1905114003,1562404815,3
1905114003,1563436471,4
1905114003,1563782253,3
1905114003,1566169568,5
1905114003,1566173885,3
1905114003,1566856415,3
1905114003,1593784995,3
1905114003,1594126047,3
1905114003,1749270652,3
1905114003,1817444670,5
1905114003,1817785661,5
1905114003,1967508592,3
1905114003,1997498177,3
1905114003,2121707030,5
1906116138,1017785388,3
1906116138,1256490709,3
1906137714,1503754316,4
1906137714,1504086607,3
1906137714,1559284412,3
1906137714,1717562249,3
1906137714,1750289956,3
1906137714,1841663352,3
1906137714,1849166071,5
1906137714,5812989274,3
1906137714,5812993222,4
1906159299,1281324958,25
1906159299,1405231475,82
1906159299,1466861327,7
1906159299,1498574596,3
1906159299,1565846637,8
1906159299,1590979045,5
1906159299,1621357756,4
1906159299,1745821751,6
1906159299,1809264255,7
1906159299,1839288696,15
1906159299,1840636280,3
1906159299,1874035952,3
1906159299,1876471221,5
1906159299,1878271377,4
1906159299,1906496111,4
1906159299,1907156409,3
1906159299,1907510214,3
1906159299,1907571222,4
1906159299,1907574944,10
1906159299,1907578957,4
1906159299,1907584319,3
1906159299,1907587934,3
1906159299,1936848448,5
1906159299,2121711447,6
1906159299,2307027729,26
1906159299,5812993692,5
1906159299,5812998136,4
1906159299,5813023322,4
1906159299,5813024015,23
1906159299,5813061197,9
1906159372,1226887763,3
1906159372,1228264951,7
1906159372,5813023322,17
1906496111,1189559257,5
1906496111,1251287671,4
1906496111,1281324958,3
1906496111,1405231475,61
1906496111,1466998977,10
1906496111,1562673627,3
1906496111,1565846637,13
1906496111,1625080038,6
1906496111,1627117134,3
1906496111,1781268241,7
1906496111,1810956698,4
1906496111,1874035952,3
1906496111,1876894387,5
1906496111,1877217777,3
1906496111,1907587934,4
1906496111,1907924777,5
1906496111,1907933561,4
1906496111,1938207942,4
1906496111,1998922583,3
1906496111,2121711447,3
1906496111,2307027729,39
1906496111,5813023322,7
1906496111,5813024015,36
1906496111,5813069377,8
1906496111,5901215446,5
1906499952,1226887763,5
1906499952,1228264951,12
1906499952,1261229600,3
1906499952,1352684733,7
1906499952,5813023322,18
1906789614,5812987709,4
1906836822,1376800240,3
1906836822,1719902535,3
1906836822,1815769330,3
1906836822,1878543927,3
1906836822,1934470099,3
1907156409,1100404581,5
1907156409,1251287671,6
1907156409,1405231475,38
1907156409,1466998977,8
1907156409,1503999967,8
1907156409,1565846637,7
1907156409,1627117134,3
1907156409,1688505620,4
1907156409,1781268241,4
1907156409,1845078711,8
1907156409,1876471221,4
1907156409,1876898200,5
1907156409,1876902545,10
1907156409,1877217777,3
1907156409,1877930505,9
1907156409,1906496111,3
1907156409,1907571222,5
1907156409,1907574944,4
1907156409,1907933561,5
1907156409,1908226457,5
1907156409,1936848448,4
1907156409,1938207942,5
1907156409,1938541380,4
1907156409,1938544937,8
1907156409,2307027729,36
1907156409,5813000577,8
1907156409,5813023322,3
1907156409,5813024015,29
1907156409,5813055129,5
1907169406,1189559257,3
1907169406,1251287671,4
1907169406,1281324958,3
1907169406,1405231475,57
1907169406,1405780725,4
1907169406,1466998977,10
1907169406,1565846637,14
1907169406,1627117134,3
1907169406,1749258134,3
1907169406,1781268241,5
1907169406,1815070402,4
1907169406,1845078711,6
1907169406,1874035952,4
1907169406,1876471221,6
1907169406,1877939213,4
1907169406,1906496111,3
1907169406,1907156409,3
1907169406,1907510214,7
1907169406,1907519001,3
1907169406,1907584319,4
1907169406,1907587934,4
1907169406,1907933561,6
1907169406,1938544937,3
1907169406,2215161310,4
1907169406,2307027729,28
1907169406,5812993692,4
1907169406,5813023322,3
1907169406,5813024015,30
1907169406,5813069053,8
1907169406,5813069377,4
1907501440,1006984280,5
1907501440,1100404634,5
1907501440,1449225711,3
1907501440,1629206279,6
1907501440,2154767014,4
1907501440,5812991476,6
1907501440,918529614,3
1907510214,1281324958,6
1907510214,1405231475,69
1907510214,1503999967,3
1907510214,1562673627,5
1907510214,1565846637,14
1907510214,1782668028,6
1907510214,1810956698,5
1907510214,1815070402,3
1907510214,1838257401,5
1907510214,1845078711,7
1907510214,1876894387,3
1907510214,1876898200,3
1907510214,1877217777,8
1907510214,1877930505,9
1907510214,1906159299,4
1907510214,1907156409,4
1907510214,1907169406,5
1907510214,1907574944,3
1907510214,1907584319,6
1907510214,1908226457,4
1907510214,1936848448,9
1907510214,1938207942,3
1907510214,1998922583,4
1907510214,2215161310,5
1907510214,2307027729,39
1907510214,5812993692,3
1907510214,5813000577,4
1907510214,5813023322,3
1907510214,5813024015,38
1907510214,5813069377,12
1907510214,5813075607,4
1907510214,5901215446,5
1907518969,1471259890,3
1907518969,1621004685,5
1907518969,1753354584,3
1907518969,1753690864,3
1907518969,1753695182,3
1907518969,1784052291,3
1907518969,1784725840,3
1907519001,1158864995,6
1907519001,1189559257,4
1907519001,1281324958,12
1907519001,1405231475,75
1907519001,1438524573,4
1907519001,1471601440,3
1907519001,1565846637,20
1907519001,1627117134,4
1907519001,1688505620,4
1907519001,1781268241,4
1907519001,1815070402,10
1907519001,1845078711,5
1907519001,1876894387,10
1907519001,1876898200,6
1907519001,1877217777,3
1907519001,1877930505,3
1907519001,1907587934,6
1907519001,1937875810,4
1907519001,1938207942,6
1907519001,1998922583,5
1907519001,2307027729,35
1907519001,5812993692,3
1907519001,5813023322,9
1907519001,5813024015,12
1907519001,5813055129,11
1907519001,5813069053,3
1907519001,5813075607,4
1907519001,5901215446,3
1907571222,1189559257,3
1907571222,1281303666,3
1907571222,1281324958,3
1907571222,1405231475,78
1907571222,1466998977,4
1907571222,1565846637,12
1907571222,1625080038,7
1907571222,1627117134,9
1907571222,1688505620,11
1907571222,1715459859,11
1907571222,1749258134,3
1907571222,1782668028,3
1907571222,1845078711,4
1907571222,1874035952,3
1907571222,1876471221,4
1907571222,1876894387,4
1907571222,1876902545,4
1907571222,1877930505,5
1907571222,1878271377,3
1907571222,1906159299,3
1907571222,1906496111,4
1907571222,1907156409,3
1907571222,1907169406,7
1907571222,1907584319,5
1907571222,1907587934,4
1907571222,1907933561,5
1907571222,1908226457,5
1907571222,1936848448,12
1907571222,1938541380,5
1907571222,2215161310,4
1907571222,2307027729,47
1907571222,5813000577,6
1907571222,5813024015,27
1907571222,5813069377,4
1907574944,1158187240,5
1907574944,1249932198,3
1907574944,1251287671,4
1907574944,1281324958,11
1907574944,1405231475,69
1907574944,1405780725,5
1907574944,1466998977,4
1907574944,1503999967,3
1907574944,1565846637,10
1907574944,1625080038,3
1907574944,1781268241,10
1907574944,1810956698,3
1907574944,1840636280,3
1907574944,1874035952,3
1907574944,1876471221,6
1907574944,1877217777,3
1907574944,1877939213,3
1907574944,1906159299,8
1907574944,1907156409,7
1907574944,1907510214,3
1907574944,1907584319,3
1907574944,1937875810,5
1907574944,1938541380,3
1907574944,1998922583,4
1907574944,2215161310,3
1907574944,2307027729,37
1907574944,5813000577,5
1907574944,5813023322,7
1907574944,5813024015,38
1907574944,5813069377,6
1907578957,1158187240,3
1907578957,1218901359,3
1907578957,1249932198,4
1907578957,1281303666,4
1907578957,1281324958,19
1907578957,1405231475,70
1907578957,1438524573,3
1907578957,1471601440,5
1907578957,1498574596,4
1907578957,1503999967,3
1907578957,1565846637,18
1907578957,1621357756,5
1907578957,1627117134,4
1907578957,1745821751,3
1907578957,1782668028,4
1907578957,1809264255,4
1907578957,1839288696,3
1907578957,1840636280,7
1907578957,1874035952,16
1907578957,1876894387,4
1907578957,1877930505,6
1907578957,1877939213,3
1907578957,1878271377,3
1907578957,1906159299,6
1907578957,1937875810,8
1907578957,1998922583,3
1907578957,2121711447,6
1907578957,2215161310,3
1907578957,2307027729,31
1907578957,5812993692,3
1907578957,5813023322,4
1907578957,5813024015,14
1907578957,5813061197,3
1907578957,5813069053,3
1907578957,5901215446,3
1907584319,1189559257,7
1907584319,1281324958,6
1907584319,1405231475,31
1907584319,1438524573,4
1907584319,1466998977,6
1907584319,1565846637,9
1907584319,1688505620,4
1907584319,1749258134,3
1907584319,1782668028,3
1907584319,1810956698,4
1907584319,1815070402,6
1907584319,1845078711,5
1907584319,1874035952,5
1907584319,1876894387,5
1907584319,1876898200,4
1907584319,1876902545,5
1907584319,1906496111,3
1907584319,1907169406,3
1907584319,1907510214,7
1907584319,1907571222,6
1907584319,1907574944,3
1907584319,1907933561,4
1907584319,1936848448,11
1907584319,1937875810,4
1907584319,1938207942,3
1907584319,1998922583,3
1907584319,2307027729,36
1907584319,5813023322,4
1907584319,5813024015,44
1907584319,5813055129,4
1907584319,5813075607,4
1907584319,5901215446,3
1907587934,1251287671,3
1907587934,1405231475,44
1907587934,1466998977,24
1907587934,1498574596,4
1907587934,1565846637,13
1907587934,1627117134,6
1907587934,1781268241,3
1907587934,1782668028,3
1907587934,1815070402,5
1907587934,1845078711,4
1907587934,1874035952,4
1907587934,1876471221,6
1907587934,1876898200,5
1907587934,1876902545,4
1907587934,1877930505,3
1907587934,1877939213,4
1907587934,1878271377,6
1907587934,1907169406,5
1907587934,1907510214,3
1907587934,1907574944,4
1907587934,1907924777,5
1907587934,1908226457,7
1907587934,1938544937,3
1907587934,2307027729,40
1907587934,5812993692,6
1907587934,5813000577,4
1907587934,5813023322,4
1907587934,5813024015,68
1907587934,5813055129,7
1907587934,5813075607,5
1907924777,1158864995,4
1907924777,1251287671,5
1907924777,1281324958,5
1907924777,1405231475,59
1907924777,1466998977,16
1907924777,1503999967,3
1907924777,1565846637,14
1907924777,1625080038,7
1907924777,1781268241,9
1907924777,1782668028,5
1907924777,1810956698,7
1907924777,1815070402,3
1907924777,1845078711,4
1907924777,1874035952,5
1907924777,1876902545,4
1907924777,1877930505,4
1907924777,1906496111,5
1907924777,1907574944,3
1907924777,1907584319,3
1907924777,1907933561,7
1907924777,1908226457,4
1907924777,1936848448,6
1907924777,1937875810,4
1907924777,1938207942,7
1907924777,1938541380,5
1907924777,1938544937,8
1907924777,2307027729,21
1907924777,5812993692,4
1907924777,5813000577,3
1907924777,5813024015,34
1907924777,5901215446,3
1907933561,1158864995,3
1907933561,1189559257,3
1907933561,1251287671,5
1907933561,1281324958,3
1907933561,1405231475,82
1907933561,1405780725,3
1907933561,1466998977,14
1907933561,1498574596,3
1907933561,1503999967,3
1907933561,1565846637,8
1907933561,1625080038,7
1907933561,1688505620,4
1907933561,1781268241,7
1907933561,1782668028,4
1907933561,1815070402,4
1907933561,1874035952,5
1907933561,1876894387,14
1907933561,1876898200,4
1907933561,1876902545,6
1907933561,1877217777,5
1907933561,1906496111,3
1907933561,1907169406,6
1907933561,1907571222,9
1907933561,1907574944,3
1907933561,1907584319,9
1907933561,1907587934,3
1907933561,1907924777,4
1907933561,1937875810,4
1907933561,1938207942,7
1907933561,1938541380,9
1907933561,1938544937,6
1907933561,1998922583,5
1907933561,2307027729,47
1907933561,5812993692,5
1907933561,5813000577,3
1907933561,5813023322,15
1907933561,5813024015,38
1907933561,5813055129,3
1907933561,5901215446,5
1908226457,1251287671,9
1908226457,1405231475,93
1908226457,1438524573,8
1908226457,1466998977,14
1908226457,1503999967,4
1908226457,1562673627,3
1908226457,1565846637,23
1908226457,1627117134,4
1908226457,1781268241,3
1908226457,1815070402,5
1908226457,1845078711,10
1908226457,1876471221,4
1908226457,1876894387,7
1908226457,1876898200,5
1908226457,1876902545,10
1908226457,1877217777,4
1908226457,1877930505,6
1908226457,1878271377,3
1908226457,1907156409,4
1908226457,1907169406,8
1908226457,1907510214,4
1908226457,1907571222,8
1908226457,1907587934,10
1908226457,1907924777,3
1908226457,1938541380,7
1908226457,1938544937,11
1908226457,2307027729,39
1908226457,5812993692,3
1908226457,5813000577,14
1908226457,5813023322,7
1908226457,5813024015,39
1908226457,5813038821,3
1908226457,5813069377,3
1908226457,5901215446,3
1908524574,1508118556,3
1908528698,1319591297,3
1908528698,1412989088,3
1908528698,1505412068,3
1908865507,1473332777,3
1908865507,1593012939,3
1908865507,1689239035,3
1908865507,1689915765,3
1908865507,1781324410,3
1908865507,1807572051,4
1908865507,1817112807,3
1908865507,1817113079,6
1908865507,1817449375,3
1908865507,1817453257,3
1908865507,1817457808,3
1908865507,1817458164,3
1908865507,1848837843,3
1908865507,5812992219,3
1912600163,1629163100,4
1912600163,1812363713,3
1912600163,1817113079,3
1912600163,1817453065,3
1912600163,1817453257,3
1912600163,1847815147,3
1912600163,1848820426,3
1912600163,1849166071,3
1912600163,5812999009,3
1932052159,1311677904,5
1932052159,5812993245,3
1932052159,5812997052,3
1932708720,1006984280,3
1932708720,2147906589,4
1932730059,1781674298,6
1932730059,1838257401,4
1932730059,2029624973,3
1932773383,1006984280,9
1932773383,1808327285,5
1932773383,1839020900,3
1932773383,1839366494,3
1932773383,1842427221,3
1932773383,5812999837,6
1932773383,5813022935,6
1933114336,1006984280,5
1933114509,1006984280,8
1933114509,1872408527,3
1933429987,1139153136,3
1933429987,1281998821,5
1933429987,1469269528,4
1933429987,1776886049,3
1933429987,5813023480,3
1933433614,1436961485,4
1933433614,1749236368,4
1933433614,5812991952,3
1933433614,5813068748,4
1933433614,5813102910,4
1933455580,1006984280,3
1933796079,1006984280,4
1933796079,1872067590,3
1934146082,1006984280,5
1934146082,5812998051,3
1934470099,1714113234,4
1934470099,1753354492,3
1934470099,1784389414,3
1934470099,1784738845,3
1934470099,1785399685,3
1934470099,1906836822,3
1934482795,1006984280,6
1935126292,1110557531,5
1935126292,1472996209,3
1935126292,1563126068,4
1935126292,1563467433,4
1935126292,1624074309,4
1935126292,1625804774,3
1935126292,2027880999,5
1935126292,5813044940,3
1935126292,5813069020,6
1935821486,1017793356,4
1935821486,1048491559,4
1935821486,1048837669,5
1935821486,1049502699,5
1935821486,1079522281,3
1935821486,1080200318,3
1935821486,1080200419,3
1935821486,1080537610,3
1935821486,1080541849,3
1935821486,1110557531,7
1935821486,1138117141,3
1935821486,1141251402,3
1935821486,1142257556,5
1935821486,1291573712,5
1935821486,861242399,3
1935821486,862615150,6
1935821486,892259847,7
1935843067,1719928274,3
1935843067,1721305372,3
1935843067,1784397838,5
1935843067,1785067611,3
1935843067,1786091589,4
1935843067,5812983999,3
1936848448,1189559257,5
1936848448,1281324958,5
1936848448,1405231475,59
1936848448,1405780725,3
1936848448,1438524573,3
1936848448,1466998977,7
1936848448,1565846637,7
1936848448,1749258134,3
1936848448,1781268241,5
1936848448,1782668028,3
1936848448,1810956698,4
1936848448,1815070402,4
1936848448,1838257401,3
1936848448,1845078711,3
1936848448,1874035952,8
1936848448,1876894387,7
1936848448,1876898200,5
1936848448,1877217777,3
1936848448,1907156409,3
1936848448,1907169406,3
1936848448,1907510214,5
1936848448,1907571222,4
1936848448,1907584319,16
1936848448,1907587934,3
1936848448,1907924777,4
1936848448,1907933561,3
1936848448,1937875810,4
1936848448,1998922583,6
1936848448,2307027729,30
1936848448,5812993692,5
1936848448,5813000577,3
1936848448,5813024015,30
1936848448,5813055129,3
1936848448,5813075607,7
1936848448,5901215446,4
1937193993,1347126097,4
1937193993,1471607030,3
1937193993,1534694621,4
1937193993,1658881325,4
1937193993,1747181914,3
1937193993,1781324410,3
1937193993,1817112807,3
1937193993,1817449236,4
1937193993,1817457808,4
1937193993,1817785682,4
1937193993,1848151236,3
1937193993,1849503142,4
1937193993,1875460978,4
1937501015,1285068138,3
1937501015,1406928592,3
1937501015,1436961485,3
1937501015,1438300188,3
1937501015,1438304143,3
1937501015,1438304477,3
1937501015,1438304604,4
1937501015,1531391407,3
1937501015,5813068748,6
1937501015,731736853,5
1937875810,1189559257,4
1937875810,1249932198,3
1937875810,1281303666,4
1937875810,1281324958,21
1937875810,1405231475,65
1937875810,1438524573,3
1937875810,1471601440,3
1937875810,1498574596,5
1937875810,1562673627,3
1937875810,1565846637,9
1937875810,1590979045,4
1937875810,1621357756,4
1937875810,1715459859,3
1937875810,1749258134,4
1937875810,1781268241,6
1937875810,1876894387,7
1937875810,1907519001,7
1937875810,1907574944,5
1937875810,1907578957,6
1937875810,1907584319,5
1937875810,1907924777,6
1937875810,1936848448,4
1937875810,1938207942,4
1937875810,2121711447,3
1937875810,2215161310,3
1937875810,2307027729,22
1937875810,5812993692,8
1937875810,5813023322,8
1937875810,5813024015,32
1937875810,5813069053,5
1937875810,5813069377,4
1937879935,1017094185,3
1937879935,1046734991,3
1937879935,1503331732,3
1937879935,1595853024,3
1937879935,1595866921,4
1937879935,1626919110,4
1937879935,1657266898,3
1937879935,1718645916,4
1937879935,731736853,12
1937879935,985714517,3
1937879935,986759122,4
1938175243,1563122080,4
1938175243,1595853024,3
1938175243,1876105544,3
1938175243,1937501015,3
1938175243,5812997245,3
1938195143,1282007450,3
1938195143,1352684733,6
1938195143,1405231475,15
1938195143,1438908304,5
1938195143,1467548306,5
1938195143,1500598873,5
1938195143,1530636214,3
1938195143,1533683889,3
1938195143,1682707330,3
1938195143,1716496582,5
1938195143,1719225241,6
1938195143,1752016801,3
1938195143,1753674977,3
1938195143,1809614687,3
1938195143,1811630361,3
1938195143,1813403630,4
1938195143,1813403953,4
1938195143,1813403998,3
1938195143,1814414329,3
1938195143,1814781356,4
1938195143,1814781537,4
1938195143,1814781633,4
1938195143,1815126312,3
1938195143,1815131045,6
1938195143,1844750081,3
1938195143,1845449270,4
1938195143,1845453234,3
1938195143,1876147437,5
1938195143,1876484146,8
1938195143,1877217777,4
1938195143,1907584319,4
1938195143,2059978318,5
1938195143,2307027729,9
1938195143,5812996383,4
1938195143,5813023322,12
1938195143,5813034151,3
1938195143,5813038769,6
1938195143,5813038822,6
1938195143,5813050827,4
1938195143,5901214470,4
1938207942,1100404581,3
1938207942,1158864995,4
1938207942,1189559257,8
1938207942,1249932198,3
1938207942,1281324958,8
1938207942,1405231475,90
1938207942,1438524573,3
1938207942,1466998977,6
1938207942,1503999967,3
1938207942,1562673627,4
1938207942,1565846637,5
1938207942,1625080038,3
1938207942,1627117134,8
1938207942,1688505620,3
1938207942,1781268241,4
1938207942,1782668028,11
1938207942,1815070402,11
1938207942,1845078711,5
1938207942,1876898200,5
1938207942,1877930505,7
1938207942,1906496111,4
1938207942,1907156409,4
1938207942,1907519001,9
1938207942,1907584319,4
1938207942,1907924777,6
1938207942,1907933561,5
1938207942,1937875810,4
1938207942,1938544937,6
1938207942,2307027729,25
1938207942,5813023322,4
1938207942,5813024015,34
1938207942,5813055129,4
1938207942,5813075607,7
1938536260,1168815348,6
1938536260,1534059927,5
1938536260,1658199518,3
1938536260,5813023322,8
1938536260,5813090856,4
1938541380,1100404581,6
1938541380,1158864995,3
1938541380,1189559257,3
1938541380,1405231475,64
1938541380,1405780725,3
1938541380,1438524573,4
1938541380,1466998977,12
1938541380,1471601440,3
1938541380,1565846637,16
1938541380,1625080038,9
1938541380,1688505620,9
1938541380,1810956698,3
1938541380,1845078711,9
1938541380,1876471221,12
1938541380,1876894387,5
1938541380,1876902545,3
1938541380,1877217777,3
1938541380,1877930505,5
1938541380,1907156409,4
1938541380,1907571222,6
1938541380,1907587934,3
1938541380,1907924777,5
1938541380,1907933561,10
1938541380,1908226457,6
1938541380,1938544937,10
1938541380,2307027729,31
1938541380,5813000577,7
1938541380,5813023322,5
1938541380,5813024015,25
1938541380,5813055129,4
1938541380,5901215446,5
1938544937,1158864995,8
1938544937,1189559257,9
1938544937,1251287671,7
1938544937,1405231475,98
1938544937,1466998977,25
1938544937,1503999967,6
1938544937,1562673627,3
1938544937,1565846637,17
1938544937,1625080038,5
1938544937,1627117134,6
1938544937,1815070402,7
1938544937,1845078711,8
1938544937,1876484146,3
1938544937,1876894387,4
1938544937,1876898200,6
1938544937,1876902545,5
1938544937,1877217777,4
1938544937,1877930505,7
1938544937,1878271377,6
1938544937,1906496111,4
1938544937,1907156409,7
1938544937,1907587934,4
1938544937,1907924777,9
1938544937,1907933561,4
1938544937,1908226457,7
1938544937,1938207942,6
1938544937,1938541380,4
1938544937,2307027729,40
1938544937,5813000577,11
1938544937,5813023322,3
1938544937,5813024015,34
1938544937,5901215446,6
1939244343,1535718148,3
1939244343,1753359276,3
1939244343,1784057153,3
1939244343,1784398229,3
1939244343,1784441060,3
1939244343,1785067268,3
1939244343,1876803839,3
1939244343,5813048920,3
1939904964,1219592090,3
1939904964,1528577476,3
1939904964,1622360309,8
1939904964,1689239035,3
1939904964,1814729788,3
1939904964,1817107934,3
1939904964,1817112807,3
1939904964,1817449059,5
1939904964,1817453557,3
1939904964,1817794820,3
1939904964,1818136404,3
1939904964,1849161220,5
1939904964,5812998833,3
1939904964,5813034336,3
1940557189,1291569166,11
1940557189,1411250251,14
1940557189,1441949046,10
1940557189,1442314421,3
1940557189,1503331732,5
1940557189,1564097484,3
1940557189,1690283476,4
1940557189,5812991473,4
1940557189,974843876,3
1963092337,1528253194,3
1963092337,1778976490,3
1963803666,1006984280,4
1965168774,1437156900,3
1965168774,1717899720,3
1965168774,1753034787,3
1966174797,1262602271,3
1966174797,1597493900,3
1966174797,1808936407,14
1966174797,1935126292,8
1966174797,2181730644,11
1966174797,789636635,9
1966494349,5813039410,3
1966864706,1159555822,27
1966864706,1220270134,4
1966864706,1281998821,6
1966864706,1344392982,5
1966864706,1407873674,4
1966864706,1407874177,6
1966864706,1469269528,3
1966864706,1565833050,3
1966864706,1565846637,38
1966864706,1593417998,8
1966864706,1658643766,12
1966864706,1658644171,4
1966864706,1689993656,6
1966864706,1689994034,3
1966864706,1690015835,8
1966864706,1721020290,13
1966864706,1781674298,3
1966864706,1783068831,10
1966864706,1813054194,6
1966864706,1813399871,4
1966864706,1843744231,3
1966864706,2059295981,3
1966864706,5812994062,3
1966864706,5812994826,8
1966864706,5812995757,7
1966864706,5812998137,5
1966864706,5812999862,14
1966864706,5813023322,13
1966864706,5813031567,4
1966864706,5813038319,4
1966864706,5813038998,3
1966864706,5813042873,4
1966864706,5813055080,4
1966864706,5813069046,4
1967508592,1407269350,3
1967508592,1500029052,4
1967508592,1530704811,3
1967508592,1655458719,3
1967508592,1842682500,4
1967508592,5813068748,7
1967508592,5813102910,3
1967508592,731736853,3
1967844926,1905114003,3
1968215498,1198132041,3
1968215498,1444351896,3
1968215498,1597157083,8
1968215498,1719237849,3
1968215498,1719250390,3
1968215498,1719591388,3
1968215498,1873734612,3
1968215498,5813002071,3
1968215498,5813041801,3
1968215498,5813054443,6
1968215498,5901217539,3
1968872215,1260197431,7
1968872215,1377841477,4
1968872215,1418186940,3
1968872215,1690902029,4
1968872215,1938175243,4
1968872215,1968877434,3
1968877434,1018472039,3
1968877434,1438304464,5
1968877434,5812991470,4
1968877434,5901196898,9
1968889019,1717899693,3
1968889019,1722337568,4
1968889019,1722342048,5
1968889019,1722346327,3
1968889019,1780651267,3
1968889019,1871031444,3
1974682390,1250277991,3
1974682390,1466844031,3
1974682390,1472965897,3
1974682390,1655474822,3
1974682390,1689187126,4
1974682390,1689200671,4
1974682390,1750251452,3
1974682390,1751262627,3
1974682390,1753670596,3
1974682390,1754019541,4
1974682390,1782680353,3
1974682390,1808241116,3
1974682390,1817457987,3
1974682390,1817794820,3
1974682390,1848143184,4
1974682390,1848483949,3
1974682390,1848837843,3
1974682390,1849161220,5
1974682390,1849520324,3
1974682390,1880887003,3
1974682390,1912600163,3
1974682390,5813034336,3
1974682390,5813060163,3
1995516734,1013291042,3
1995516734,1220270134,3
1995516734,1261229600,8
1995516734,1281998821,3
1995516734,1414776601,3
1995516734,1470966783,5
1995516734,1504096262,3
1995516734,1504423804,7
1995516734,1532401650,3
1995516734,1534447833,3
1995516734,1781333405,3
1995516734,1838257401,3
1995516734,5812991538,6
1995858223,1560289552,3
1995858223,1749620832,3
1995858223,1751330026,3
1995858223,5812991538,5
1995861983,1228264951,7
1996202685,1228264951,7
1996536055,1261229600,4
1996536055,1597493900,3
1997498177,1289229674,3
1997498177,1319583082,4
1997498177,1319591709,4
1998250011,1228264951,9
1998250011,1352684733,9
1998250011,5813023322,21
1998922583,1158187240,3
1998922583,1281303666,9
1998922583,1281324958,47
1998922583,1405231475,66
1998922583,1438524573,4
1998922583,1562673627,7
1998922583,1565846637,12
1998922583,1625080038,5
1998922583,1749258134,6
1998922583,1809264255,3
1998922583,1810956698,4
1998922583,1815070402,5
1998922583,1839288696,6
1998922583,1840636280,4
1998922583,1877217777,5
1998922583,1877939213,3
1998922583,1906159299,3
1998922583,1906496111,3
1998922583,1907578957,4
1998922583,1907933561,4
1998922583,1936848448,7
1998922583,2121711447,7
1998922583,2307027729,36
1998922583,5813022959,3
1998922583,5813023322,6
1998922583,5813023480,3
1998922583,5813024015,21
1998922583,5813055129,3
1998922583,5813061197,3
1998922583,5813069053,6
1998922583,5901215446,6
1998922583,981000564,3
2000900137,1289229674,3
2000900137,1289233656,5
2000900137,1289233847,3
2000900137,1289238358,3
2000900137,5813133779,3
2001633881,1080541803,3
2001633881,1563436471,3
2002976113,1325733981,10
2002976113,2094381099,5
2002976113,5813054443,3
2025507235,1311677904,3
2025507235,1839344717,3
2025507235,1843118063,3
2025507235,5812997191,4
2026862112,1220270134,8
2026862112,5812989784,3
2027880999,1252337098,3
2027880999,1375924140,3
2027880999,1407269144,3
2027880999,1438304477,3
2027880999,1530704811,3
2027880999,1842051749,4
2027880999,1937501015,3
2027880999,1967508592,3
2027880999,2277917069,4
2027880999,731736853,5
2027890302,1142257556,5
2028261229,1220270134,4
2028261229,1281985562,3
2028261229,1503413797,3
2028261229,1503755184,3
2028261229,1532401727,3
2028261229,1563393904,3
2028261229,1566519250,4
2028261229,1655497024,3
2028261229,5813062668,3
2028261424,1228264951,9
2028261424,1261229600,3
2028261424,1311677904,3
2028261424,1352684733,10
2028261424,5813023322,29
2029573063,1161705902,4
2029573063,2247202730,4
2029624973,1221285175,3
2029624973,1628528573,3
2029624973,1814729223,4
2029624973,1817444555,4
2029624973,1817457987,3
2029624973,1817790409,3
2029624973,1817799390,3
2029624973,1848824817,3
2029624973,1848837843,3
2029624973,1849179266,3
2029624973,1849503142,6
2029624973,1939904964,3
2029624973,2245501457,4
2029624973,5813038918,3
2031279383,1016753670,3
2031279383,1017094185,4
2031279383,1285849916,4
2031279383,1377841477,4
2031279383,1875469390,3
2031279383,1876105544,14
2031279383,5813016650,3
2031279383,925017453,4
2032664066,1018462968,4
2032664066,1048492326,3
2032664066,1110885663,5
2032664066,1377841477,5
2032664066,2061316365,3
2032664066,2154767014,9
2032664066,5812997245,3
2033010036,666843764,4
2055493046,1006984280,8
2055807838,1006984280,7
2055807838,1839366494,3
2055807838,1842427221,3
2055807838,1903801936,3
2055807838,5813000926,4
2058932928,1439590350,3
2058932928,1469269528,4
2058932928,1935126292,3
2058932928,2027890302,3
2058932928,5813069020,5
2059295981,1017793356,5
2059295981,1159555822,12
2059295981,1189230326,3
2059295981,1222332850,3
2059295981,1281324958,6
2059295981,1344392982,5
2059295981,1407873674,6
2059295981,1407874177,4
2059295981,1439203192,7
2059295981,1469947367,3
2059295981,1565846637,38
2059295981,1622350949,4
2059295981,1628230708,12
2059295981,1657525433,6
2059295981,1658644171,7
2059295981,1658990108,8
2059295981,1689989271,4
2059295981,1689989557,3
2059295981,1689993656,4
2059295981,1689994034,3
2059295981,1689994425,9
2059295981,1690011142,3
2059295981,1690015835,3
2059295981,1721020290,7
2059295981,1723386459,4
2059295981,1749275570,5
2059295981,1782714902,11
2059295981,1813054194,16
2059295981,1814781537,3
2059295981,1843744231,9
2059295981,1845117373,4
2059295981,1966864706,5
2059295981,5812994062,3
2059295981,5812994826,4
2059295981,5812995757,3
2059295981,5812998137,3
2059295981,5812999862,3
2059295981,5813023322,13
2059295981,5813031567,5
2059295981,5813038998,3
2059295981,5813042873,3
2059295981,5813045792,5
2059295981,5813055080,5
2059611420,1111217863,3
2059611420,1142257556,3
2059978318,1040013335,3
2059978318,1158864995,3
2059978318,1226887763,5
2059978318,1352684733,17
2059978318,1405231475,9
2059978318,1530636214,3
2059978318,1626482563,3
2059978318,1627117134,3
2059978318,1719225241,5
2059978318,1782364786,4
2059978318,1813403953,6
2059978318,1814780768,4
2059978318,1815131045,4
2059978318,1815809293,3
2059978318,1845449270,4
2059978318,1872033743,4
2059978318,1876484146,5
2059978318,1876492837,3
2059978318,1937875810,6
2059978318,1938195143,6
2059978318,2307027729,5
2059978318,5813023322,24
2059978318,5813038769,3
2059978318,5813046478,3
2061316365,1597157083,3
2061316365,1629206279,7
2061316365,789636635,3
2062689505,1351623779,3
2062689505,1502304455,3
2063013720,1260884244,4
2063013720,1285849916,6
2063013720,5813023434,3
2064040033,789636635,3
2064040033,857456902,5
2064040127,789636635,5
2064040742,1260884244,3
2064040742,1597157083,3
2088950218,1261229600,6
2088950218,1311677904,5
2088950218,1808267138,3
2088950218,5813023480,4
2088971332,1111243796,3
2089653445,1013291042,4
2089653445,1261229600,5
2089653445,1534059927,3
2089653445,1534788807,3
2089653445,1848156241,4
2090681039,1281998821,3
2090681039,1311677904,3
2090681039,1468994014,3
2090681039,1500373828,3
2090681039,1531059000,3
2090681039,1818122205,5
2090681039,5812991952,3
2090681039,5812996576,3
2090681039,5813023480,3
2090681039,5813023645,4
2094381099,1255138222,3
2094381099,5812988175,3
2117895198,1006984280,4
2117895198,1902424947,3
2119272595,1220270134,3
2119272595,1532699404,3
2119272595,1656157978,3
2119272595,1718918235,3
2119272595,1812363713,3
2119272595,1965168774,3
2121340624,1316530839,4
2121340624,1347906562,3
2121340624,1348242642,3
2121340624,1348242919,3
2121340624,1348248235,6
2121340624,1348920795,4
2121340624,1379277446,6
2121340624,1475391747,4
2121340624,2278224718,3
2121685030,1407610974,3
2121685030,1438304143,4
2121685030,1500373828,3
2121685030,1842682500,3
2121685030,2277917069,3
2121685030,5813068748,6
2121685030,731736853,5
2121690154,1405824057,4
2121690154,1623464400,3
2121690154,5813061218,4
2121690154,5813068748,5
2121690154,731736853,5
2121707030,1280971174,3
2121707030,1342704830,4
2121707030,1404778340,5
2121707030,1563782253,4
2121707030,1565496703,3
2121707030,1566169568,3
2121707030,1566852153,5
2121707030,1652725444,6
2121707030,1749270652,3
2121707030,1842051749,4
2121707030,1905114003,3
2121707030,1912600163,6
2121707030,2121690154,4
2121707030,2245501457,5
2121707030,5813068239,6
2121711447,1158187240,4
2121711447,1158864995,3
2121711447,1221285128,4
2121711447,1249932198,4
2121711447,1281324958,29
2121711447,1405231475,80
2121711447,1405780725,3
2121711447,1498574596,4
2121711447,1562673627,3
2121711447,1565846637,21
2121711447,1590979045,4
2121711447,1715459859,4
2121711447,1749258134,6
2121711447,1809264255,6
2121711447,1839288696,5
2121711447,1840636280,4
2121711447,1876471221,11
2121711447,1906159299,7
2121711447,1907574944,3
2121711447,1907578957,8
2121711447,1907924777,4
2121711447,1998922583,6
2121711447,2215161310,3
2121711447,2307027729,29
2121711447,5812998136,5
2121711447,5813024015,25
2125424856,923644961,3
2147906589,1808327623,3
2147906589,1839366430,3
2147906589,1839366494,3
2147906589,1932708720,4
2147906589,5813000926,3
2147906589,5813056618,3
2152021090,1006984280,9
2152021090,1870397068,3
2154442557,1406928592,3
2154442557,1937501015,3
2154442557,2277917069,3
2154442557,5813023645,3
2154442557,5813068748,3
2154442557,5813102910,3
2154442557,731736853,3
2154767014,1005858013,3
2154767014,1260197431,4
2154767014,1356772884,14
2154767014,1375482740,5
2154767014,1449225711,3
2154767014,1470950640,18
2154767014,1629206279,16
2154767014,5812990956,4
2154767014,5812991470,8
2154767014,5812991476,3
2154767014,5813054748,18
2154767014,5813069020,3
2154767014,974839595,4
2154767014,974839704,5
2155418746,5812991470,3
2181048794,1285068138,3
2181048794,1311677904,3
2181048794,1436961485,3
2181048794,1531391407,6
2181048794,1875460978,5
2181048794,2029624973,4
2181048794,2090681039,3
2181048794,5813023645,3
2181048794,5901202018,3
2181730644,1138117141,4
2181730644,1159715613,3
2181730644,1528253194,4
2181730644,1563126068,3
2181730644,1658199518,4
2181730644,1813391435,6
2181730644,1813732543,12
2181730644,5812996576,3
2181730644,5813069020,5
2185481747,1356772884,6
2185481747,1470950640,13
2185481747,1562785146,4
2185481747,1629206279,3
2185481747,1657539428,4
2185481747,5813044940,3
2185481747,5813054748,17
2185481747,5813069020,6
2185481747,5813069528,3
2185481747,974839704,7
2185822630,1629206279,6
2185822630,2033010036,4
2185822630,789636635,11
2186155295,1319246910,3
2186155295,1629206279,9
2186155295,1968877434,3
2186155295,2310627347,3
2186155295,2310627904,5
2186155295,666843764,3
2186155295,789636635,19
2187515326,5813039561,3
2211737961,1316535138,3
2211737961,1316867205,4
2211737961,1347901726,4
2211737961,1347906163,3
2211737961,1347906562,6
2211737961,1348248235,3
2211737961,1348580534,4
2211737961,1348584223,3
2211737961,1379277446,3
2211737961,1468230494,3
2211737961,1559979355,6
2215161310,1158187240,7
2215161310,1218901359,5
2215161310,1249932198,8
2215161310,1281324958,32
2215161310,1405231475,86
2215161310,1466861327,4
2215161310,1498574596,3
2215161310,1565846637,15
2215161310,1621357756,4
2215161310,1745821751,3
2215161310,1809264255,9
2215161310,1810956698,4
2215161310,1838257401,5
2215161310,1874035952,3
2215161310,1877217777,3
2215161310,1877939213,4
2215161310,1907169406,6
2215161310,1907519001,7
2215161310,1907571222,8
2215161310,2121711447,4
2215161310,2307027729,19
2215161310,5812993692,7
2215161310,5813024015,10
2215161310,5813061197,3
2215161310,5813069053,4
2215161310,5813069377,4
2215809310,1080200419,3
2215809310,1080532771,5
2215809310,1110562345,3
2215809310,1230531237,3
2215809310,1563389824,4
2215809310,1627509034,4
2215809310,1658199518,5
2215809310,1874782886,3
2215809310,1935821486,3
2219867226,1440670595,9
2219867226,1471705177,3
2220920100,1356772884,10
2243458832,1261229600,3
2243458832,1311677904,8
2245501457,1158877783,4
2245501457,1190250299,3
2245501457,1221280490,4
2245501457,1497200791,3
2245501457,1530606252,6
2245501457,1655474822,4
2245501457,1782680353,5
2245501457,1817458164,3
2245501457,1818122205,3
2245501457,1848824817,3
2245501457,1875460978,3
2247202730,1131011511,4
2247202730,5813039561,3
2276540626,1110894595,3
2276540626,1470950640,4
2277917069,1438304554,3
2277917069,1500020379,3
2277917069,1531391407,4
2277917069,2027880999,3
2277917069,5813068748,6
2278224718,1316534973,4
2278224718,1348242642,3
2278224718,1348242919,3
2278224718,1348248235,4
2278224718,1348916717,3
2278224718,1348920795,4
2278224718,1350277508,3
2278224718,1376134899,3
2278224718,1411655369,3
2278224718,1475391747,3
2278224718,2121340624,6
2279282060,1111217863,4
2281634861,5813023434,3
2283671710,5813016041,4
2283671710,861579069,7
2283671710,862615150,5
2283671710,892259847,7
2307027729,1281324958,3
2307027729,1745821751,3
2308585856,1311677904,4
2309297730,1375924140,3
2309297730,1530704811,3
2309297730,2181048794,3
2309297730,5812988175,3
2310627904,985714517,3
2336572685,1252151253,4
2336572685,1342371499,11
2336572685,1351623779,8
2336572685,5812999429,3
2398215718,1006984280,13
2403063724,2310627347,3
2403063724,789636635,12
2404108218,1470950640,3
544038294,1260197431,7
544038294,1325405571,5
544038294,1325733981,3
544038294,1418186940,5
544038294,1566799785,3
544038294,1629206279,7
544038294,5812991476,4
544038294,5813044940,4
5812979052,1777974380,3
5812979052,5812997186,4
5812979053,5812997116,4
5812979053,5812997117,3
5812983613,1281324958,4
5812983613,1807592904,3
5812983613,1839314480,7
5812983613,5812997786,3
5812983613,5812997949,3
5812983613,5812998594,3
5812983613,5812998639,6
5812983613,5813034310,6
5812983613,5813038963,4
5812983845,1079872487,3
5812983845,1110903093,5
5812983845,1110906913,3
5812983845,1198123389,4
5812983845,1199496243,8
5812983845,5813016380,4
5812983845,956082289,5
5812983845,987116716,4
5812983999,1753359267,4
5812983999,1753695569,3
5812983999,1754028170,3
5812983999,1785408640,5
5812983999,1816115219,3
5812983999,1935843067,3
5812983999,5812990959,3
5812983999,5812995680,4
5812983999,5813107445,3
5812986052,1006984280,8
5812986052,1747635018,3
5812986052,1777615656,3
5812986052,1777633341,4
5812986052,1777965959,6
5812986052,1777979056,3
5812986052,1778315198,3
5812986052,5812997109,3
5812986052,5812997113,3
5812986052,5812997182,3
5812986052,5812997223,8
5812986052,5813024844,4
5812986560,1503331732,7
5812986572,1198132028,3
5812986572,1259852010,4
5812986572,1261229600,5
5812986572,5812989550,3
5812986572,5813023322,4
5812986572,5813044940,5
5812987001,1232249314,3
5812987001,5813096626,5
5812987001,888171826,4
5812987001,980598738,4
5812987690,5813023322,3
5812987709,1440252127,3
5812987709,1783362106,7
5812987709,861242399,5
5812987709,861574640,8
5812987709,892600621,7
5812987709,892609630,6
5812987709,892963919,7
5812987709,918529614,4
5812987709,923636089,3
5812987709,923657277,7
5812987709,923661937,3
5812987709,923994365,3
5812987709,923994401,11
5812987709,954342682,4
5812987709,954692704,4
5812987709,955029299,4
5812987709,955365826,6
5812987709,985036637,6
5812987709,985731781,3
5812987740,1136744536,4
5812987740,1136744615,3
5812987740,1284394253,9
5812987740,5813016065,7
5812987740,5813079014,3
5812987740,861578964,4
5812987740,861583398,13
5812987740,861588280,5
5812987740,891931735,4
5812987740,892613686,4
5812987740,892964102,6
5812987740,892968554,5
5812987740,923636089,3
5812987740,923994401,8
5812987748,5813062096,3
5812987890,1221285175,3
5812987890,1436188322,6
5812987890,1529923621,4
5812987890,1533723752,3
5812987890,1562745969,4
5812987890,1566514866,4
5812987890,1566519250,3
5812987890,1594126040,4
5812987890,1594812379,3
5812987890,1654818612,3
5812987890,1687874335,4
5812987890,5812988296,6
5812987890,5813068748,3
5812987894,1040013335,7
5812987894,1221971218,4
5812987894,1226887763,4
5812987894,1282007450,8
5812987894,1283013506,8
5812987894,1352684733,8
5812987894,1403392477,5
5812987894,1405231475,10
5812987894,1407179534,4
5812987894,1437850908,4
5812987894,1438908304,4
5812987894,1438912593,8
5812987894,1441598865,3
5812987894,1467548306,3
5812987894,1530636214,5
5812987894,1533683889,3
5812987894,1566411868,3
5812987894,1626482563,4
5812987894,1682707330,3
5812987894,1719225241,3
5812987894,1782369340,6
5812987894,1782369359,3
5812987894,1783051753,5
5812987894,1809614687,3
5812987894,1813403630,3
5812987894,1813403869,3
5812987894,1813403953,5
5812987894,1814781082,3
5812987894,1814781537,4
5812987894,1815480848,3
5812987894,1815826155,5
5812987894,1845449270,4
5812987894,1845453234,3
5812987894,2307027729,29
5812987894,5813023322,4
5812987894,5813038769,5
5812987894,5901226269,3
5812988063,1188885499,3
5812988063,1189227147,5
5812988063,1261229600,4
5812988063,1281998821,3
5812988063,1440567395,3
5812988063,1529923621,3
5812988063,1558605812,3
5812988063,1559948889,3
5812988063,1560661080,5
5812988063,1562400848,3
5812988063,1563436478,4
5812988063,1565833050,3
5812988063,1566510982,4
5812988063,1566851927,3
5812988063,1589972966,5
5812988063,1594121850,3
5812988063,1594812379,3
5812988063,1621008677,8
5812988063,1807572051,4
5812988063,5812990470,4
5812988063,5812991952,3
5812988063,5812992219,3
5812988063,5813022959,3
5812988077,1158187240,6
5812988077,1158191887,11
5812988077,1158877783,5
5812988077,1218901359,9
5812988077,1232603386,3
5812988077,1263331517,3
5812988077,1281324958,6
5812988077,1352684733,11
5812988077,1501664753,3
5812988077,5812988098,6
5812988077,5813050102,6
5812988077,5813062009,4
5812988086,1189567690,3
5812988086,1435822283,4
5812988086,1752962124,3
5812988086,1812696567,5
5812988086,1817112855,3
5812988086,1817449236,5
5812988086,1817453257,3
5812988086,1817457847,3
5812988086,1818473569,4
5812988086,1844421716,3
5812988086,1847806275,4
5812988086,1937193993,3
5812988086,5812991769,5
5812988086,5812992468,3
5812988086,5813076492,5
5812988098,1158191887,6
5812988098,1199496144,3
5812988098,1218901359,5
5812988098,1219592090,6
5812988098,1221289185,3
5812988098,1224560577,3
5812988098,1232603386,7
5812988098,1249932198,4
5812988098,1250277991,4
5812988098,1255405703,5
5812988098,1263327135,5
5812988098,1263668331,3
5812988098,1294021030,3
5812988098,1294362042,3
5812988098,1352684733,14
5812988098,1404109050,8
5812988098,1466511550,7
5812988098,1501664753,3
5812988098,5812988077,5
5812988098,5812988099,3
5812988098,5812989593,4
5812988098,5813050102,4
5812988098,5813050145,3
5812988098,5813056453,3
5812988098,5813060834,3
5812988099,1221289185,4
5812988099,1228264951,7
5812988099,1232262105,3
5812988099,1232603386,5
5812988099,1232607542,3
5812988099,1255405703,12
5812988099,1263327135,3
5812988099,1281324958,11
5812988099,1294362000,3
5812988099,1294362035,6
5812988099,1352684733,11
5812988099,1404109050,9
5812988099,1466511550,4
5812988099,1498574596,3
5812988099,1501664753,3
5812988099,1589972966,3
5812988099,1621357756,6
5812988099,5812988077,3
5812988099,5812988098,4
5812988099,5812988128,3
5812988099,5812989593,5
5812988099,5812993994,4
5812988099,5813044569,3
5812988099,5813056453,3
5812988109,1200536439,3
5812988109,1200541165,3
5812988109,1229166973,3
5812988109,1230535525,3
5812988109,1232634093,4
5812988109,1504342382,3
5812988109,1595106149,3
5812988109,1690283458,3
5812988109,5812988132,3
5812988109,5812988137,3
5812988109,5812988577,3
5812988109,5812989105,3
5812988109,5813054032,3
5812988109,862265699,3
5812988128,1047784012,5
5812988128,1199496144,3
5812988128,1201227074,4
5812988128,1221285128,3
5812988128,1232288020,9
5812988128,1232603386,3
5812988128,1232607449,7
5812988128,1262994911,4
5812988128,1263642185,4
5812988128,1263663953,3
5812988128,1263668331,3
5812988128,1263668551,4
5812988128,1293006629,4
5812988128,1294366310,3
5812988128,1352684733,13
5812988128,1438908304,3
5812988128,1562673627,5
5812988128,1749258134,8
5812988128,1817458052,3
5812988128,5812988514,6
5812988128,5812988573,3
5812988128,5813016577,3
5812988128,5813038196,7
5812988128,5813038293,5
5812988128,5813056453,5
5812988128,5813067943,7
5812988128,5813077658,4
5812988128,5901215446,3
5812988132,1198818618,3
5812988132,1229166973,5
5812988132,1232266303,4
5812988132,1263327214,3
5812988132,1293006629,3
5812988132,1352684733,8
5812988132,5812988109,4
5812988132,5812989059,6
5812988132,5812989105,3
5812988132,5813038238,6
5812988132,5813054032,3
5812988132,892273269,3
5812988137,1198818618,4
5812988137,1200195649,3
5812988137,1200536439,3
5812988137,1229162353,3
5812988137,1229162381,4
5812988137,1229166973,7
5812988137,1263327214,6
5812988137,1352684733,4
5812988137,5812988577,3
5812988137,5813038232,7
5812988137,5813077663,5
5812988175,1376234554,3
5812988175,1406928592,7
5812988175,1500028932,3
5812988175,1749236368,3
5812988175,1842682500,3
5812988175,1937501015,3
5812988175,5813068748,10
5812988175,731736853,5
5812988294,1220270134,3
5812988294,1221285128,4
5812988294,1722333743,3
5812988294,5812996611,3
5812988294,5813062668,5
5812988296,1436188322,3
5812988296,1440567395,3
5812988296,1532405813,4
5812988296,1562404878,3
5812988296,1563095512,5
5812988296,1563436471,3
5812988296,1564075996,5
5812988296,1566173885,3
5812988296,1566510982,5
5812988296,1593784995,3
5812988296,1594126040,3
5812988296,1594812379,4
5812988296,1652725444,4
5812988296,1747569967,3
5812988296,2121707030,4
5812988296,5812987890,3
5812988296,5812990470,4
5812988514,1201227074,7
5812988514,1221285128,6
5812988514,1232288020,5
5812988514,1262654129,7
5812988514,1263642185,3
5812988514,1263668551,10
5812988514,1281324958,8
5812988514,1293006629,5
5812988514,1533036404,5
5812988514,1595106149,5
5812988514,1625080038,3
5812988514,1688505620,7
5812988514,1748187330,4
5812988514,1779567374,4
5812988514,5812988086,3
5812988514,5812988128,5
5812988514,5812988132,5
5812988514,5812988569,4
5812988514,5812988573,5
5812988514,5812988577,3
5812988514,5812989593,3
5812988514,5813038196,5
5812988514,5813038293,5
5812988514,5813069053,4
5812988514,5813077658,4
5812988532,1158864995,4
5812988532,1191273014,9
5812988532,1199496144,3
5812988532,1229507904,6
5812988532,1262994911,7
5812988532,1263331517,5
5812988532,1263668551,3
5812988532,1293006629,5
5812988532,1352684733,11
5812988532,5812989120,3
5812988532,5813016578,3
5812988532,5813038197,6
5812988532,5813038293,3
5812988532,5813062009,5
5812988568,1226887763,4
5812988568,1229162381,6
5812988568,1229166973,3
5812988568,1230190016,3
5812988568,1232266231,3
5812988568,1232266616,6
5812988568,1262654081,4
5812988568,1263309965,3
5812988568,1263327214,4
5812988568,1319530284,5
5812988568,1352684733,14
5812988568,5812988137,3
5812988568,5813038294,10
5812988569,1201227074,4
5812988569,1229162353,3
5812988569,1232288020,4
5812988569,1260879515,3
5812988569,1262994911,4
5812988569,1263663980,3
5812988569,1352684733,5
5812988569,1595106149,3
5812988569,5812988128,3
5812988569,5813016577,5
5812988569,5813038202,4
5812988569,5813038238,3
5812988569,5813067943,3
5812988569,5813077658,3
5812988573,1017802884,4
5812988573,1201227074,3
5812988573,1201231816,4
5812988573,1221285128,11
5812988573,1224560577,4
5812988573,1228264951,4
5812988573,1232603375,3
5812988573,1232607449,5
5812988573,1262654129,7
5812988573,1263663953,3
5812988573,1263668331,3
5812988573,1263996477,5
5812988573,1281324958,5
5812988573,1294366310,3
5812988573,1352684733,4
5812988573,1533036404,12
5812988573,1595106149,4
5812988573,1817785661,3
5812988573,1840636280,3
5812988573,1936848448,4
5812988573,1998922583,3
5812988573,5813038196,3
5812988573,5813038202,3
5812988573,5813038203,7
5812988573,5813044882,7
5812988573,5813077658,10
5812988573,987104744,5
5812988577,1200195649,3
5812988577,1220270134,3
5812988577,1232266303,3
5812988577,1263309965,4
5812988577,1263646370,3
5812988577,1263996477,5
5812988577,1352684733,4
5812988577,1504342382,3
5812988577,1563393904,3
5812988577,1595106149,6
5812988577,5812988137,3
5812988577,5812988569,3
5812988577,5813038202,5
5812988577,5813038203,4
5812988577,5813054032,6
5812988577,955029299,3
5812988803,1100404634,7
5812989059,1201231760,3
5812989059,1229166973,3
5812989059,1232266303,3
5812989059,1263646370,4
5812989059,1263663980,3
5812989059,1263996477,4
5812989059,1352684733,5
5812989059,1504342382,8
5812989059,1535087168,4
5812989059,1595106149,3
5812989059,1690283458,3
5812989059,1752672460,7
5812989059,1877930505,11
5812989059,5812988137,3
5812989059,5813038294,3
5812989090,1200195625,4
5812989090,1259851971,3
5812989090,1292670202,4
5812989090,5812986572,3
5812989105,1201227074,4
5812989105,1229507904,7
5812989105,1232288020,4
5812989105,1232634093,4
5812989105,1262994911,4
5812989105,1263642185,3
5812989105,1263646370,7
5812989105,1263668551,3
5812989105,1293006629,3
5812989105,1294366310,3
5812989105,5812988514,3
5812989105,5812988569,5
5812989105,5812989120,4
5812989105,5813016577,5
5812989105,5813038196,3
5812989105,5813038293,3
5812989120,1229507904,5
5812989120,1231217536,7
5812989120,1232634093,3
5812989120,1262994911,3
5812989120,1263331517,3
5812989120,1352684733,10
5812989120,5813016577,4
5812989120,5813016578,3
5812989120,5813062009,3
5812989163,1201231816,4
5812989163,1201231826,3
5812989163,1224560577,8
5812989163,1228264951,3
5812989163,1232607205,5
5812989163,1232607453,4
5812989163,1262990404,7
5812989163,1263327135,3
5812989163,1352684733,4
5812989163,1501660164,4
5812989163,1532699404,5
5812989163,1563393904,4
5812989163,1842051749,3
5812989163,1849503142,3
5812989163,1907578957,4
5812989163,2215161310,5
5812989163,5813044882,6
5812989163,5813049193,4
5812989167,1110903093,14
5812989167,1167438034,4
5812989167,1228264951,7
5812989167,1232266414,5
5812989167,1261229600,4
5812989167,1263327185,4
5812989167,1281324958,4
5812989167,1294021030,4
5812989167,1294362000,5
5812989167,1294362092,3
5812989167,1352684733,13
5812989167,1502001218,3
5812989167,1807572051,3
5812989167,1818136404,4
5812989167,2025507235,3
5812989167,5812991538,10
5812989274,1200195625,3
5812989274,1261229600,5
5812989274,1281998821,4
5812989274,5813062668,3
5812989300,1808936407,10
5812989300,2181730644,6
5812989550,1200195625,3
5812989550,1232249325,4
5812989550,1261565726,3
5812989550,5813044940,4
5812989593,1158187240,8
5812989593,1158191887,7
5812989593,1198818551,3
5812989593,1218901359,15
5812989593,1221285128,5
5812989593,1221289185,6
5812989593,1228264951,5
5812989593,1232262105,4
5812989593,1232603386,4
5812989593,1232607449,5
5812989593,1255405703,15
5812989593,1262994911,3
5812989593,1263327135,6
5812989593,1263663953,3
5812989593,1281324958,10
5812989593,1294021030,3
5812989593,1294362042,4
5812989593,1352684733,6
5812989593,1404109050,5
5812989593,1435822283,5
5812989593,1466511550,4
5812989593,1501664753,3
5812989593,1533036404,3
5812989593,1562707421,3
5812989593,1655474822,3
5812989593,5812988098,7
5812989593,5813038196,4
5812989593,5813038197,3
5812989593,5813038198,5
5812989593,5813049193,3
5812989593,5813061197,3
5812989689,1722333392,4
5812989689,1723024021,3
5812989776,1722337568,4
5812989776,1749620832,3
5812989776,1754041168,4
5812989784,1343732093,3
5812989784,1407179534,3
5812989784,1684451749,4
5812989784,5813023480,4
5812990157,1100404634,15
5812990157,1343395439,4
5812990157,1466998977,50
5812990157,1565846637,16
5812990157,1657949330,3
5812990157,5812994939,3
5812990315,1321222721,4
5812990315,1379907704,4
5812990315,861242399,13
5812990315,861574669,3
5812990315,861915698,5
5812990315,891586904,6
5812990315,891918572,3
5812990315,892600621,7
5812990315,892609630,4
5812990315,918529614,5
5812990447,1251996302,4
5812990447,1528926565,3
5812990470,1189227147,3
5812990470,1502635634,3
5812990470,1529933124,3
5812990470,1562745969,3
5812990470,1563436471,3
5812990470,1565833050,3
5812990470,1566178615,3
5812990470,1566856415,3
5812990470,1594121850,3
5812990470,1625800608,4
5812990470,1652725444,4
5812990470,1656153289,5
5812990470,5812988063,3
5812990678,1408966145,4
5812990678,5813016911,3
5812990678,5813085201,4
5812990726,1100404634,15
5812990726,1563126068,3
5812990726,1629206279,4
5812990726,1719591388,3
5812990726,5812991476,4
5812990726,5813033675,3
5812990726,918529614,3
5812990925,1189912345,3
5812990925,1255405703,5
5812990925,1322626125,5
5812990925,1342371499,5
5812990925,1343395439,4
5812990925,1352357010,3
5812990925,1407148900,3
5812990925,1435822283,7
5812990925,1503413796,3
5812990925,1841663352,3
5812990956,1006984280,19
5812990956,1285849916,3
5812990956,974839708,5
5812990959,1535718148,4
5812990959,1753354584,3
5812990959,1754028266,3
5812990959,1816114845,3
5812990959,5812997387,3
5812991061,1748640603,3
5812991140,1812419638,4
5812991140,1839344717,4
5812991140,1842090544,3
5812991140,5812998002,4
5812991140,5812998050,3
5812991140,5812998819,3
5812991140,5813039334,6
5812991142,1100404634,6
5812991142,1565846637,3
5812991142,1812078229,3
5812991142,5812993607,3
5812991142,5812997059,3
5812991142,5812997074,3
5812991142,5812997208,3
5812991142,5813024308,3
5812991436,1376809072,3
5812991436,5813068748,4
5812991470,1006984280,8
5812991470,1100404581,25
5812991470,1100404634,4
5812991470,1159715613,3
5812991470,1445445434,4
5812991470,1466998977,8
5812991470,1469227143,3
5812991470,1562785146,3
5812991470,1563122080,8
5812991470,1565846637,12
5812991470,1656792632,4
5812991470,1657258136,3
5812991470,1657258338,3
5812991470,1657949594,3
5812991470,1718995507,4
5812991470,1813732543,3
5812991470,5812990157,4
5812991470,5813068748,3
5812991470,5901196898,4
5812991473,1719953914,8
5812991476,1259856448,44
5812991476,1261229600,68
5812991476,1291569166,19
5812991476,1356772884,27
5812991476,1449225711,7
5812991476,5813044940,29
5812991476,5813069020,33
5812991619,1006984280,4
5812991619,1100404581,8
5812991619,1100404634,20
5812991619,1565846637,30
5812991619,1657258136,4
5812991619,1657263405,3
5812991619,1657263439,6
5812991619,1686932677,4
5812991619,1717968338,3
5812991619,1718308979,3
5812991619,1718645916,4
5812991619,5813068748,3
5812991769,1345079276,3
5812991769,1472965897,3
5812991769,1473332777,4
5812991769,1655474822,3
5812991769,1817449375,5
5812991769,1817453557,4
5812991769,1817457984,3
5812991769,1818122205,4
5812991769,1818136404,3
5812991769,1849161407,3
5812991769,1849179266,3
5812991769,1849507321,4
5812991769,1879519066,5
5812991769,1879877415,3
5812991769,2029624973,3
5812991769,5812998833,4
5812991798,1255405703,7
5812991798,5812989776,3
5812991952,1252337098,3
5812991952,1281998821,5
5812991952,1311677904,6
5812991952,1436961485,5
5812991952,1438304067,3
5812991952,1469331067,3
5812991952,1532358825,4
5812991952,1807572051,8
5812991952,5812996576,3
5812991952,5813023480,4
5812991952,5813068748,3
5812992013,1349240911,3
5812992013,1471705177,3
5812992219,1158877703,3
5812992219,1190250299,3
5812992219,1221280490,3
5812992219,1347812305,3
5812992219,1435822283,4
5812992219,1466844031,3
5812992219,1471610338,3
5812992219,1628528573,4
5812992219,1684443103,3
5812992219,1751262627,3
5812992219,1812363713,4
5812992219,1817113079,3
5812992219,1817449229,3
5812992219,1817457808,3
5812992219,1817790176,4
5812992219,1817794820,3
5812992219,1848151236,5
5812992219,1848492258,3
5812992219,1848820426,3
5812992219,1848837843,3
5812992219,1849161220,3
5812992219,1849520324,3
5812992219,1875460978,3
5812992219,1879519066,4
5812992219,1880887003,4
5812992219,5812998833,3
5812992408,1251996302,3
5812992408,1261229600,7
5812992408,1282348408,5
5812992408,1291573712,5
5812992408,5812989312,9
5812992408,974839708,3
5812992437,1006984280,4
5812992468,1347812305,3
5812992468,1375769049,4
5812992468,1435822283,3
5812992468,1471607030,3
5812992468,1472965897,5
5812992468,1534694621,3
5812992468,1593012939,3
5812992468,1621008677,3
5812992468,1625800608,3
5812992468,1656834653,3
5812992468,1750251452,3
5812992468,1814055949,3
5812992468,1817448921,4
5812992468,1817453257,4
5812992468,1817790409,3
5812992468,1849161220,5
5812992468,1849183960,4
5812992468,1849520324,3
5812992468,1875124235,6
5812992468,1878845629,3
5812992468,1937193993,4
5812992468,5812988086,3
5812992814,1563436471,3
5812992814,1563441250,3
5812992814,1564123481,4
5812992814,1566851927,3
5812992814,1652725444,3
5812992814,1749270652,3
5812992814,1848156241,4
5812992814,1849179266,5
5812992814,1873086684,3
5812992814,1875460978,3
5812992814,2277917069,3
5812992842,1719928274,4
5812992842,1753358619,3
5812992842,1753700376,4
5812992842,1784393992,3
5812992842,1785400064,4
5812992842,1815432882,3
5812992842,1816115219,3
5812992935,1621004685,3
5812992935,1719902535,3
5812992935,1753695387,3
5812992935,1754715778,3
5812992935,1784398319,4
5812992935,1784726510,4
5812993220,1529928359,3
5812993220,1686518948,3
5812993220,1753359080,4
5812993220,1754028266,3
5812993220,1784398319,3
5812993220,1784730808,3
5812993220,1784734375,3
5812993220,1784735157,3
5812993220,1785067611,4
5812993220,1846812834,3
5812993222,1503755184,4
5812993222,1532401650,4
5812993222,1717562249,4
5812993245,1220270134,3
5812993245,1221285128,3
5812993245,1226887763,5
5812993245,1228264951,13
5812993245,1261229600,3
5812993245,1789933168,3
5812993245,1848592019,3
5812993245,5813023322,19
5812993245,5813023480,6
5812993252,1533040625,5
5812993252,1622740353,3
5812993257,2064040127,5
5812993257,5813055495,4
5812993314,1753696105,4
5812993314,1754374486,3
5812993314,1783029895,4
5812993314,1785417481,3
5812993314,1935843067,3
5812993568,1006984280,3
5812993568,1779304011,3
5812993604,1745518676,4
5812993604,1775513344,3
5812993604,1839659717,4
5812993604,5812983613,3
5812993607,1100404634,9
5812993607,1780357845,3
5812993607,1781044541,3
5812993607,1842090637,3
5812993607,5812991142,3
5812993607,5812996978,6
5812993607,5812997208,4
5812993609,1748986351,3
5812993609,5812993610,3
5812993609,5812998042,3
5812993609,5813024807,3
5812993610,1006984280,15
5812993610,1777970202,3
5812993610,1779006513,5
5812993678,1628192050,3
5812993678,1685776284,3
5812993678,1753691232,4
5812993678,1753696105,4
5812993678,1785058604,5
5812993678,1785740974,5
5812993678,5812997387,3
5812993678,5813107445,3
5812993692,1158864995,4
5812993692,1189559257,5
5812993692,1281324958,8
5812993692,1405231475,58
5812993692,1405780725,3
5812993692,1466998977,3
5812993692,1498574596,3
5812993692,1565846637,16
5812993692,1688505620,4
5812993692,1781268241,4
5812993692,1809264255,8
5812993692,1810956698,8
5812993692,1815070402,3
5812993692,1876902545,3
5812993692,1877930505,5
5812993692,1877939213,7
5812993692,1906159299,6
5812993692,1907169406,4
5812993692,1907519001,5
5812993692,1907578957,5
5812993692,1907584319,3
5812993692,1907587934,4
5812993692,1907924777,3
5812993692,1907933561,4
5812993692,1936848448,6
5812993692,1937875810,5
5812993692,1938544937,6
5812993692,2215161310,3
5812993692,2307027729,38
5812993692,5813023322,3
5812993692,5813024015,32
5812993692,5813055129,4
5812993692,5813069053,3
5812993692,5813075607,4
5812993692,5901215446,3
5812993717,1745169277,3
5812993717,1775513344,4
5812993717,1806885454,3
5812993717,1807584848,3
5812993717,1839659717,3
5812993717,5813045475,4
5812993718,1778613177,3
5812993718,1805844441,3
5812993718,1806885187,4
5812993718,1806893720,3
5812993718,1808624754,3
5812993718,1808624842,5
5812993718,1838969023,3
5812993718,5812998594,6
5812993718,5813034310,4
5812993718,5813038963,4
5812993718,5813039479,4
5812993719,5812993604,3
5812993719,5813049879,5
5812993831,1808650829,4
5812993831,5812987381,4
5812993831,5812997923,5
5812993994,1347126097,3
5812993994,1687831632,4
5812993994,1750251452,6
5812993994,1782318275,3
5812993994,1812696567,3
5812993994,1814031575,3
5812993994,1817108009,3
5812993994,1817112855,3
5812993994,1817444670,4
5812993994,1817449059,6
5812993994,1845772658,4
5812993994,1848496662,5
5812993994,1848837843,3
5812993994,1849183960,3
5812993994,1879519066,4
5812993994,1912600163,3
5812993994,2029624973,3
5812994062,1006984280,3
5812994062,1159555822,23
5812994062,1189230326,3
5812994062,1220270134,3
5812994062,1222332850,8
5812994062,1281324958,25
5812994062,1343045604,5
5812994062,1344392982,7
5812994062,1407873674,5
5812994062,1469269528,12
5812994062,1469947367,4
5812994062,1565846637,26
5812994062,1593417998,9
5812994062,1622350949,4
5812994062,1658643766,4
5812994062,1687874335,7
5812994062,1689994034,3
5812994062,1689994425,10
5812994062,1690020010,3
5812994062,1715459859,4
5812994062,1721020290,7
5812994062,1746858454,13
5812994062,1750984451,3
5812994062,1753695482,3
5812994062,1781328716,3
5812994062,1782714902,4
5812994062,1783068831,3
5812994062,1809264255,6
5812994062,1813399871,3
5812994062,1817458164,3
5812994062,1840636280,4
5812994062,1843744231,10
5812994062,1845117373,3
5812994062,1966864706,3
5812994062,1998922583,4
5812994062,5812994826,3
5812994062,5812995757,4
5812994062,5812998137,4
5812994062,5812999862,3
5812994062,5813023322,8
5812994062,5813038319,8
5812994062,5813042873,5
5812994062,5813044940,4
5812994062,5813045792,3
5812994062,5813047992,5
5812994062,5813069046,6
5812994094,1079855015,3
5812994094,1136744598,4
5812994094,1468238571,3
5812994094,1500029052,5
5812994094,1624747496,11
5812994094,5901196898,4
5812994421,1006984280,22
5812994421,1839366494,5
5812994826,1159555822,22
5812994826,1222332850,5
5812994826,1281324958,9
5812994826,1281998821,3
5812994826,1282348408,3
5812994826,1404446113,8
5812994826,1407873674,3
5812994826,1469269528,5
5812994826,1469947367,4
5812994826,1498574596,3
5812994826,1565846637,16
5812994826,1658644171,5
5812994826,1689989557,4
5812994826,1689994034,3
5812994826,1690011142,3
5812994826,1721020290,3
5812994826,1746858454,5
5812994826,1749275570,4
5812994826,1781674298,5
5812994826,1813399871,4
5812994826,1966864706,5
5812994826,5812999862,3
5812994826,5813023322,9
5812994826,5813023480,3
5812994826,5813038319,6
5812994826,5813042873,6
5812994826,5813045792,4
5812994826,5813047992,5
5812994826,5813069046,8
5812994862,1777983454,3
5812994862,1839012125,3
5812994862,5812994863,5
5812994862,5812997132,3
5812994862,5812997195,3
5812994862,5812997920,3
5812994862,5813034124,3
5812994863,1777292496,4
5812994863,1777983454,4
5812994863,1808327623,3
5812994863,5812994862,6
5812994863,5813046025,3
5812994939,1100404581,8
5812994939,1100404634,38
5812994939,1466998977,35
5812994939,1469227143,3
5812994939,1565846637,9
5812994939,1656792632,5
5812994939,1657266898,3
5812994939,1657603789,7
5812994939,1657949330,3
5812994939,1657949594,4
5812994939,731736853,3
5812995680,1656494569,3
5812995680,1691233928,3
5812995680,1750621344,3
5812995680,1754370241,3
5812995680,1785412639,3
5812995680,5812983999,3
5812995757,1189230326,12
5812995757,1222332850,3
5812995757,1343045604,3
5812995757,1344392982,5
5812995757,1407873674,3
5812995757,1469947367,4
5812995757,1565846637,14
5812995757,1593417998,3
5812995757,1627890175,4
5812995757,1628230708,3
5812995757,1659331215,3
5812995757,1660219098,5
5812995757,1689989271,5
5812995757,1689993656,9
5812995757,1689994034,4
5812995757,1689994325,4
5812995757,1689994425,8
5812995757,1690020010,3
5812995757,1721025057,3
5812995757,1721365654,6
5812995757,1723386459,4
5812995757,1781328716,4
5812995757,1813054194,5
5812995757,1845117373,5
5812995757,1966864706,9
5812995757,2059295981,5
5812995757,5812994062,4
5812995757,5812999862,3
5812995757,5813023322,7
5812996158,1811737795,3
5812996158,1812419638,4
5812996158,5812996978,3
5812996158,5812997068,3
5812996158,5813023322,3
5812996383,1352684733,4
5812996383,1405231475,13
5812996383,1441598865,3
5812996383,1533683889,3
5812996383,1534363304,3
5812996383,1626827782,5
5812996383,1627131491,4
5812996383,1682707330,3
5812996383,1751329909,3
5812996383,1752016801,9
5812996383,1753674977,8
5812996383,1782369015,4
5812996383,1782369340,3
5812996383,1783051578,6
5812996383,1813403630,6
5812996383,1813403762,3
5812996383,1813403869,4
5812996383,1814414329,3
5812996383,1814422650,5
5812996383,1814426918,3
5812996383,1814777260,8
5812996383,1814781082,5
5812996383,1815826155,3
5812996383,1845453234,3
5812996383,1938195143,3
5812996383,2307027729,14
5812996383,5812998825,4
5812996383,5813023322,10
5812996383,5813034151,6
5812996383,5813038825,3
5812996383,5813039136,3
5812996568,1005858013,8
5812996568,1291569166,8
5812996568,1375482740,5
5812996568,1411250251,4
5812996568,1441949046,6
5812996568,1503331732,21
5812996568,1533338992,7
5812996568,1629206279,10
5812996568,5812991476,5
5812996576,1468238571,6
5812996576,1876492837,3
5812996576,2090681039,4
5812996576,5812991436,3
5812996595,1722336465,3
5812996595,1968889019,4
5812996595,5813061735,4
5812996977,1100404634,5
5812996977,1777624565,3
5812996977,1777633341,4
5812996977,1777974380,3
5812996978,1100404634,10
5812996978,1565846637,5
5812996978,1812078229,3
5812996978,1812078869,3
5812996978,5812993607,4
5812996978,5812996158,4
5812996978,5812997208,3
5812996979,1100404634,4
5812996979,1840389505,5
5812996979,5812997111,3
5812996979,5812997938,3
5812996979,5813034124,3
5812997050,1809320036,3
5812997052,1839344717,4
5812997052,1842090544,4
5812997052,1873116398,4
5812997052,5812997191,3
5812997052,5813039332,3
5812997053,1100404634,7
5812997053,1565846637,3
5812997053,1811392809,3
5812997053,1812419638,4
5812997053,5812997059,3
5812997053,5812997208,5
5812997053,5813024308,5
5812997054,1811392834,3
5812997054,1811737863,3
5812997054,5812997060,3
5812997054,5812997220,4
5812997054,5813039331,3
5812997056,1006984280,7
5812997056,5812997189,3
5812997056,5812997920,3
5812997056,5812997938,5
5812997056,5813024821,6
5812997057,5812997182,3
5812997057,5812997189,3
5812997057,5812997920,3
5812997057,5813024821,3
5812997057,5813046025,5
5812997058,1006984280,6
5812997058,1100404634,3
5812997058,1748986351,3
5812997058,1777624895,5
5812997058,1777979056,3
5812997058,5812997113,3
5812997058,5813018634,4
5812997059,1100404634,13
5812997059,1565846637,7
5812997059,1811737700,5
5812997059,1811737795,3
5812997059,1812419638,3
5812997059,5812997060,5
5812997059,5812997074,3
5812997059,5813023322,4
5812997060,1565846637,6
5812997060,5812996158,3
5812997060,5812997061,4
5812997060,5812998049,3
5812997060,5813056439,4
5812997060,5813061218,3
5812997061,1780362372,4
5812997061,5812997060,4
5812997061,5812997989,3
5812997061,5813039331,4
5812997061,5813046300,3
5812997067,1406583670,6
5812997067,1437276654,3
5812997067,1780357845,3
5812997067,5812997922,3
5812997067,5813024818,7
5812997068,1100404634,4
5812997068,1812419638,4
5812997068,5812996158,4
5812997068,5812997081,5
5812997068,5812997213,4
5812997069,1100404634,3
5812997070,1006984280,16
5812997070,1563126068,6
5812997074,1100404634,12
5812997074,1565846637,13
5812997074,1811733868,4
5812997074,5812991142,4
5812997074,5812997231,3
5812997074,5813023322,3
5812997074,5813089462,4
5812997075,1100404634,4
5812997075,1811733868,5
5812997075,1873466115,3
5812997075,2025507235,3
5812997079,1100404634,3
5812997081,1812419638,5
5812997081,2025507235,3
5812997081,5812996158,3
5812997081,5812997068,9
5812997081,5812998002,3
5812997081,5812998050,4
5812997081,5812998641,4
5812997081,5813023322,3
5812997105,1778306530,3
5812997109,1006984280,5
5812997109,1777615656,7
5812997109,1777965959,6
5812997109,1778315198,4
5812997109,1778669408,4
5812997109,5812997120,3
5812997109,5813026936,4
5812997110,1842427221,3
5812997110,5812997116,3
5812997110,5812997212,3
5812997111,5812996979,3
5812997111,5812997131,3
5812997111,5812997194,3
5812997111,5813023450,3
5812997112,1006984280,3
5812997112,1777633341,3
5812997112,5812994863,3
5812997112,5812996977,3
5812997112,5812997219,3
5812997112,5812997938,4
5812997112,5813046025,4
5812997113,1006984280,3
5812997113,1747971659,3
5812997113,1777287980,4
5812997113,1777970372,3
5812997113,1778664972,3
5812997113,5812997871,5
5812997115,1100404634,14
5812997115,1811737863,4
5812997115,1842777145,4
5812997115,1873116398,4
5812997115,1873120862,4
5812997116,1871048944,4
5812997116,1872762224,3
5812997117,1842427589,4
5812997117,1842777145,3
5812997117,1901734051,5
5812997117,5812997141,3
5812997118,1006984280,5
5812997118,1872762224,3
5812997118,1903801936,6
5812997119,1006984280,16
5812997119,1747971659,3
5812997119,1748299139,3
5812997119,1777615656,3
5812997119,1777624895,3
5812997120,1006984280,12
5812997120,1747635018,4
5812997120,1777624895,3
5812997120,1777979056,4
5812997120,1778669408,3
5812997120,5812997109,3
5812997120,5812997180,4
5812997120,5813024811,3
5812997120,5813024821,3
5812997120,5813026936,6
5812997130,1806880914,4
5812997130,1808284051,3
5812997130,1839310335,3
5812997130,5813061319,3
5812997131,5812997117,4
5812997131,5813082111,3
5812997132,1808284045,3
5812997132,1808327623,4
5812997132,1839340255,3
5812997132,1840389505,3
5812997132,5812994863,3
5812997132,5812997131,3
5812997141,1839340255,4
5812997141,5812997117,5
5812997142,1406583670,6
5812997142,1437276654,3
5812997142,1437613381,3
5812997142,1749672337,3
5812997142,1780357845,3
5812997142,5812998049,3
5812997144,1781044541,4
5812997144,1811401061,3
5812997144,1811737700,3
5812997144,1842090637,3
5812997145,1406583670,3
5812997145,1780021216,3
5812997145,5812997980,3
5812997146,1406583670,5
5812997146,1780357845,3
5812997146,5813068147,4
5812997160,1777974597,3
5812997160,1777983435,5
5812997160,1778660802,3
5812997160,5812997057,4
5812997160,5812997112,3
5812997162,1100404634,6
5812997162,1777633341,4
5812997173,1565846637,4
5812997173,1780362372,3
5812997173,1781044455,3
5812997173,1811401061,3
5812997173,5812997986,3
5812997176,1406583670,3
5812997176,1749327293,5
5812997176,1749331593,3
5812997176,5812997986,3
5812997176,5812998001,3
5812997180,1006984280,8
5812997180,1100404634,4
5812997180,1808318558,3
5812997180,5812986052,4
5812997180,5812997057,3
5812997180,5812997120,3
5812997180,5812997187,3
5812997180,5812997195,4
5812997180,5812997212,6
5812997180,5812997214,3
5812997180,5812997871,5
5812997180,5813024803,4
5812997180,5813024811,4
5812997180,5813024817,3
5812997180,5813024821,4
5812997182,1006984280,6
5812997182,1100404634,4
5812997182,1748312150,3
5812997182,1777624565,3
5812997182,1777970372,3
5812997182,1778315797,3
5812997182,1840389505,3
5812997182,1901423055,3
5812997182,5812979052,5
5812997182,5812997109,3
5812997182,5812997113,3
5812997182,5812997180,4
5812997182,5812997187,4
5812997182,5812997223,3
5812997182,5812997938,3
5812997182,5813023450,4
5812997184,1100404634,7
5812997184,1873466115,3
5812997184,1932052159,5
5812997184,5812997115,3
5812997184,5812998002,3
5812997184,5812998641,3
5812997186,1100404634,3
5812997186,1777974597,5
5812997186,5812979052,3
5812997186,5812997162,3
5812997186,5812997218,3
5812997187,1006984280,3
5812997187,1779006513,4
5812997187,5812997214,4
5812997187,5813046025,3
5812997189,1006984280,7
5812997189,1778315198,3
5812997189,5812997056,4
5812997189,5812997160,5
5812997189,5813023450,4
5812997189,5813024803,4
5812997191,1812419638,3
5812997191,1842777126,3
5812997191,1873116398,4
5812997191,2025507235,3
5812997191,5812998048,3
5812997191,5812998819,3
5812997194,5812979052,3
5812997194,5812997160,3
5812997195,1777633341,3
5812997195,1808318558,3
5812997195,5812997057,3
5812997195,5812997871,4
5812997196,1006984280,17
5812997196,1902769799,5
5812997201,1749327276,3
5812997201,1781039902,4
5812997201,1811401061,3
5812997201,5813024817,3
5812997208,1100404634,5
5812997208,1565846637,4
5812997208,1812078303,3
5812997208,1839344717,3
5812997208,1842777126,4
5812997208,5812996978,4
5812997208,5812997053,5
5812997208,5812997075,3
5812997208,5812997213,3
5812997212,1100404634,7
5812997212,5812988803,3
5812997212,5812997110,3
5812997212,5812997180,4
5812997213,1100404634,11
5812997213,1565846637,5
5812997213,1811392809,3
5812997213,1812078229,3
5812997213,5812997053,3
5812997213,5812997074,5
5812997214,1006984280,3
5812997214,1100404634,6
5812997214,1777970372,3
5812997214,1777974597,4
5812997214,1778660802,5
5812997214,5812997180,3
5812997215,1100404634,11
5812997215,1777633341,4
5812997215,1811737863,3
5812997218,1100404634,4
5812997218,5812997186,3
5812997219,1006984280,4
5812997219,1100404634,6
5812997219,1777624565,3
5812997219,1777633341,3
5812997219,5812988803,4
5812997219,5812997215,4
5812997219,5813023450,3
5812997219,5813046025,5
5812997220,1100404634,4
5812997220,1565846637,3
5812997220,1780699257,3
5812997220,1811392809,7
5812997220,1811392834,4
5812997220,5812997054,4
5812997220,5812997075,3
5812997220,5812997115,3
5812997222,1749327293,3
5812997222,1749672337,4
5812997222,1780025156,3
5812997222,1811392834,3
5812997222,5812997898,3
5812997223,1100404634,4
5812997223,1777974380,3
5812997223,1777974597,5
5812997223,1778315198,4
5812997223,1778664972,5
5812997223,5812986052,4
5812997223,5812996979,3
5812997223,5812997182,3
5812997223,5812997214,4
5812997223,5812997215,3
5812997231,1437276654,3
5812997234,1437276654,3
5812997234,1565846637,3
5812997234,1780362372,5
5812997234,5812998001,3
5812997234,5813024817,3
5812997235,1006984280,7
5812997235,1747635018,4
5812997235,1748649328,3
5812997235,1777615656,5
5812997235,1777633341,3
5812997235,1777974380,3
5812997235,1778315198,3
5812997235,1779006513,6
5812997235,5812997905,4
5812997235,5813026936,4
5812997245,1285849916,8
5812997245,1356772884,5
5812997245,1375482740,5
5812997245,1470950640,9
5812997245,1533338992,3
5812997245,1563122080,3
5812997245,1564097484,3
5812997245,1719250390,3
5812997245,1719591388,4
5812997245,5812990956,7
5812997245,5812991470,6
5812997245,5812991476,10
5812997245,5813054748,18
5812997245,5901196898,5
5812997387,1159551037,3
5812997387,1470237582,3
5812997387,1531975908,3
5812997387,1656157606,3
5812997387,1657184761,3
5812997387,1691233928,3
5812997387,1783025171,3
5812997387,1784398229,3
5812997387,1785740974,4
5812997387,1785753951,5
5812997387,1847819222,4
5812997387,5813038880,3
5812997387,5901203642,3
5812997784,1806880914,3
5812997786,1281324958,5
5812997786,1713788691,3
5812997786,1807584848,3
5812997786,1808965929,3
5812997786,1838969023,3
5812997786,1843113661,7
5812997786,5812983613,4
5812997786,5812993718,3
5812997786,5813039484,3
5812997786,5813049879,3
5812997870,1100404634,4
5812997870,1565846637,6
5812997870,1780362372,5
5812997870,1780699257,4
5812997870,5813023322,4
5812997870,5813089462,3
5812997871,1006984280,7
5812997871,1777979056,4
5812997871,1777983435,4
5812997871,5812997180,9
5812997871,5812997195,5
5812997871,5812997938,4
5812997895,1839340255,3
5812997898,1406583670,5
5812997898,1437276654,4
5812997898,1749672337,3
5812997898,1780025156,4
5812997898,5812997146,4
5812997898,5812998001,5
5812997898,5813062722,3
5812997905,1006984280,3
5812997905,1747285056,6
5812997905,1747635018,5
5812997905,1748312150,4
5812997905,1777965959,3
5812997905,5813018634,3
5812997920,1006984280,10
5812997920,1747971659,3
5812997920,1777292496,5
5812997920,1777970311,11
5812997920,1777983435,5
5812997920,1777983454,4
5812997920,5812997195,5
5812997920,5813024803,5
5812997921,1779325800,3
5812997921,1808983265,3
5812997922,1406583670,3
5812997922,1749331593,4
5812997922,5812998001,3
5812997922,5813056439,3
5812997923,1840359331,3
5812997923,5812993831,4
5812997925,1563099587,3
5812997925,1748986351,3
5812997925,5813062722,3
5812997937,1006984280,10
5812997937,1777292496,4
5812997937,1777983454,3
5812997937,5812997056,3
5812997937,5812997119,4
5812997938,1006984280,3
5812997938,1100404634,5
5812997938,1778664972,4
5812997938,5812997056,3
5812997949,1806850696,3
5812997949,1806893720,3
5812997949,1808279458,3
5812997949,1808624754,6
5812997949,1808629175,3
5812997949,1837902676,3
5812997949,1838266061,3
5812997949,1839314480,3
5812997949,1839659717,5
5812997949,5812998572,4
5812997981,5812993609,3
5812997986,1100404634,5
5812997986,1780357845,4
5812997986,1781039902,4
5812997986,5812997054,3
5812997986,5812997060,3
5812997986,5812997061,3
5812997989,1437276654,3
5812997989,1811401061,3
5812997989,5812997061,5
5812997989,5812997234,3
5812997989,5812997922,3
5812997989,5813024823,3
5812998000,1406583670,3
5812998000,1565846637,3
5812998000,1780357845,4
5812998000,1810032756,3
5812998000,5812997142,3
5812998000,5812997922,3
5812998000,5813046300,3
5812998001,1406583670,7
5812998001,1437276654,5
5812998001,1749672312,3
5812998001,5812997234,3
5812998001,5812997989,3
5812998002,1812083043,4
5812998002,5812991140,4
5812998002,5812997081,5
5812998002,5812997184,4
5812998002,5812998050,4
5812998002,5812998802,3
5812998042,1780024850,3
5812998042,5812997922,3
5812998048,1006984280,4
5812998048,1100404634,5
5812998048,1873116398,6
5812998048,1873470681,4
5812998048,5812998819,3
5812998049,1749327276,4
5812998049,1749331593,4
5812998049,1780362273,3
5812998049,1780703535,3
5812998049,1811401061,5
5812998049,1811737700,3
5812998049,5812997060,4
5812998049,5812997222,4
5812998050,1812083043,4
5812998050,1812419638,6
5812998050,1873466322,3
5812998050,2025507235,3
5812998050,5812991140,3
5812998050,5812996158,3
5812998050,5812997068,3
5812998050,5812997081,4
5812998050,5812998641,3
5812998050,5813039334,4
5812998051,1006984280,5
5812998072,1781333405,5
5812998072,5812991538,5
5812998136,1218901359,8
5812998136,1281303666,7
5812998136,1281324958,40
5812998136,1405231475,92
5812998136,1466861327,4
5812998136,1498574596,3
5812998136,1565846637,16
5812998136,1590979045,4
5812998136,1625080038,3
5812998136,1745821751,4
5812998136,1809264255,4
5812998136,1815126312,3
5812998136,1838257401,3
5812998136,1839288696,7
5812998136,1840636280,5
5812998136,2307027729,25
5812998136,5813061197,4
5812998137,1006984280,4
5812998137,1220257051,3
5812998137,1281324958,13
5812998137,1404446113,3
5812998137,1407873674,3
5812998137,1407874177,7
5812998137,1469269528,5
5812998137,1469947367,8
5812998137,1565846637,31
5812998137,1593417998,6
5812998137,1658643766,11
5812998137,1689993656,5
5812998137,1690020010,3
5812998137,1746858454,6
5812998137,1749275570,4
5812998137,1781328716,3
5812998137,1781674298,10
5812998137,1782714902,4
5812998137,1783068831,10
5812998137,1813399871,6
5812998137,1966864706,7
5812998137,2059295981,4
5812998137,5812994062,3
5812998137,5812994826,6
5812998137,5812999862,20
5812998137,5813023322,14
5812998137,5813031567,12
5812998137,5813038319,13
5812998137,5813038998,5
5812998137,5813069046,11
5812998572,1806893720,4
5812998572,1808620692,4
5812998572,1808624842,3
5812998572,1808624862,4
5812998572,1838269993,4
5812998572,5812983613,6
5812998572,5812997786,3
5812998594,1805844441,3
5812998594,1808624842,3
5812998594,1808624862,3
5812998594,1808629175,3
5812998594,5812999239,3
5812998594,731736853,4
5812998632,5812987563,3
5812998639,1807930214,3
5812998639,1808620692,3
5812998639,5812983613,3
5812998639,5813054867,3
5812998640,1806885454,3
5812998641,1812419638,3
5812998641,1843118063,3
5812998641,1873116398,4
5812998641,1873466322,4
5812998641,1873470681,3
5812998641,5812998050,5
5812998641,5812998819,3
5812998641,5813023322,3
5812998641,5813039334,3
5812998802,1100404634,6
5812998802,1811737863,3
5812998802,1842777145,3
5812998802,1873466115,4
5812998819,1100404634,3
5812998819,1842777145,6
5812998819,1873466322,7
5812998819,1932052159,3
5812998819,5812998802,3
5812998819,5813062734,4
5812998825,1040013335,3
5812998825,1221971218,3
5812998825,1226887763,3
5812998825,1352684733,17
5812998825,1405231475,9
5812998825,1437850908,3
5812998825,1438912593,3
5812998825,1470971204,6
5812998825,1626827782,3
5812998825,1751329909,3
5812998825,1782369015,4
5812998825,1782369340,3
5812998825,1809614687,4
5812998825,1811630361,5
5812998825,1813403869,5
5812998825,1813403953,3
5812998825,1813403998,3
5812998825,1814780768,8
5812998825,1815126433,3
5812998825,1844750081,3
5812998825,1845453234,3
5812998825,1876492837,4
5812998825,1877930505,3
5812998825,1907924777,4
5812998825,1938541380,3
5812998825,2059978318,3
5812998825,2307027729,6
5812998825,5813023322,14
5812998825,5813038769,3
5812998825,5901214470,3
5812998825,5901226269,5
5812998833,1158877783,4
5812998833,1375769049,3
5812998833,1473332777,3
5812998833,1563355501,3
5812998833,1622360309,3
5812998833,1629163100,4
5812998833,1656834653,4
5812998833,1747181914,6
5812998833,1754019541,3
5812998833,1808241116,4
5812998833,1817107934,3
5812998833,1817113079,3
5812998833,1817785682,4
5812998833,1817790281,6
5812998833,1818122205,4
5812998833,1848156241,3
5812998833,1848820426,3
5812998833,1848828925,3
5812998833,1849166071,3
5812998833,1849503142,3
5812998833,1849520324,7
5812999009,1158877783,3
5812999009,1435822283,3
5812999009,1467859487,5
5812999009,1471610338,5
5812999009,1621008677,3
5812999009,1628528573,4
5812999009,1656153289,3
5812999009,1817448921,4
5812999009,1817790222,3
5812999009,1847810811,3
5812999009,1847815147,3
5812999009,1848151236,5
5812999009,1848496662,3
5812999009,1848837843,3
5812999009,1849161407,4
5812999009,1875460978,3
5812999009,1878845629,7
5812999009,1879519066,5
5812999009,1879877415,4
5812999009,1908865507,4
5812999009,1939904964,4
5812999009,5812991769,3
5812999009,5813076492,4
5812999239,1714138479,3
5812999239,1778613177,3
5812999239,1808629175,4
5812999239,1808965929,3
5812999239,1839314480,6
5812999239,5812983613,3
5812999239,5812993718,3
5812999239,5813047992,3
5812999264,1040013335,3
5812999264,1281998821,4
5812999264,1311677904,3
5812999264,1343749180,3
5812999264,1352684733,6
5812999264,1405231475,4
5812999264,1437850908,4
5812999264,1467548306,6
5812999264,1470971204,6
5812999264,1682707330,3
5812999264,1782369340,4
5812999264,1814780768,3
5812999264,1814781633,4
5812999264,1815126312,3
5812999264,1815126433,3
5812999264,1815131045,4
5812999264,1815471919,4
5812999264,1839288696,3
5812999264,1872033743,4
5812999264,1876147437,3
5812999264,1876484146,4
5812999264,2307027729,18
5812999264,5813023322,12
5812999264,5813046478,3
5812999264,5813050827,6
5812999314,1807243321,4
5812999314,5813039499,4
5812999333,1839366494,3
5812999333,1901734051,3
5812999333,5812997116,6
5812999333,5813034124,3
5812999429,1226887763,5
5812999429,1228264951,12
5812999429,1352684733,7
5812999429,5813023322,27
5812999529,1260884244,3
5812999529,1968872215,3
5812999529,789636635,7
5812999543,1285849916,3
5812999543,1406583670,6
5812999543,1940557189,18
5812999543,5812996568,5
5812999543,5813048452,3
5812999543,862265699,4
5812999543,891595069,4
5812999543,923644961,3
5812999837,1006984280,8
5812999837,1777970311,3
5812999837,1808327285,5
5812999837,1839020900,3
5812999837,1839366494,3
5812999837,1932773383,8
5812999837,2055807838,3
5812999837,5812997196,3
5812999862,1006984280,5
5812999862,1159555822,8
5812999862,1220257051,6
5812999862,1222332850,4
5812999862,1261229600,3
5812999862,1281324958,8
5812999862,1407873674,3
5812999862,1407874177,3
5812999862,1469269528,7
5812999862,1469947367,4
5812999862,1565846637,49
5812999862,1593417998,3
5812999862,1658643766,9
5812999862,1658644171,6
5812999862,1689989271,4
5812999862,1689993656,3
5812999862,1689994034,4
5812999862,1689994425,3
5812999862,1690011290,6
5812999862,1721020290,7
5812999862,1746858454,14
5812999862,1749275570,5
5812999862,1781333405,3
5812999862,1781674298,8
5812999862,1782714902,9
5812999862,1783068831,3
5812999862,1813399871,3
5812999862,1966864706,14
5812999862,5812995757,3
5812999862,5812998137,20
5812999862,5813023322,15
5812999862,5813031567,7
5812999862,5813038319,9
5812999862,5813038998,4
5812999862,5813042873,5
5812999862,5813045792,4
5812999862,5813047992,7
5812999916,1934146082,4
5812999916,5812993568,3
5813000058,1225791777,3
5813000058,1877152860,3
5813000577,1405231475,85
5813000577,1466998977,10
5813000577,1565846637,18
5813000577,1625080038,8
5813000577,1627117134,3
5813000577,1688505620,3
5813000577,1782668028,3
5813000577,1815070402,3
5813000577,1845078711,19
5813000577,1876471221,4
5813000577,1876898200,11
5813000577,1876902545,6
5813000577,1877930505,3
5813000577,1877939213,6
5813000577,1878271377,5
5813000577,1907156409,11
5813000577,1907519001,4
5813000577,1907574944,7
5813000577,1907587934,4
5813000577,1907924777,3
5813000577,1908226457,11
5813000577,1936848448,7
5813000577,1938207942,3
5813000577,1938541380,4
5813000577,1938544937,15
5813000577,2307027729,33
5813000577,5813024015,35
5813000926,1006984280,7
5813000926,1839340255,3
5813000926,1839366494,3
5813000926,1901427602,3
5813000926,1903801936,3
5813000926,2055807838,3
5813000926,5812994421,3
5813002071,1407874177,6
5813002071,1444351896,4
5813002071,1470950640,4
5813002071,2059295981,3
5813002071,5812989312,3
5813002071,5813054443,3
5813002071,5813069020,3
5813014401,1284394253,5
5813014401,5812987740,3
5813014401,5813016065,3
5813014401,861583398,7
5813014401,892268553,4
5813014401,892622947,4
5813014401,892950729,8
5813014401,923303392,3
5813014491,1407269350,4
5813014491,5813102910,5
5813015200,1017094185,4
5813015200,1017785388,3
5813015200,1018458566,5
5813015200,1018458715,6
5813015200,1018462968,4
5813015200,1018804242,11
5813015200,1048491559,4
5813015200,1080519686,14
5813015200,1136740119,5
5813015200,1291573712,3
5813015200,5813016650,3
5813015200,862615150,38
5813015200,892259847,15
5813015200,925344753,5
5813015200,955383212,3
5813015200,987091864,3
5813015763,1284394253,6
5813015763,1783362106,8
5813015763,5813031440,3
5813015763,5813079014,3
5813015763,861242399,4
5813015763,862265699,6
5813015763,862265735,3
5813015763,891936249,5
5813015763,892259847,3
5813015763,892268510,3
5813015763,892273269,5
5813015763,892277790,9
5813015763,892600621,9
5813015763,892609630,5
5813015763,893305416,3
5813015763,893642012,5
5813015763,923648748,4
5813015764,2283671710,3
5813015764,862256868,3
5813015764,862265490,22
5813015764,892259847,6
5813015764,892604992,3
5813016041,1692614515,3
5813016041,2283671710,3
5813016041,5813048268,8
5813016041,862265490,7
5813016041,862615150,9
5813016041,892259847,8
5813016041,892604992,3
5813016041,893628094,3
5813016041,923648748,3
5813016056,1128572709,3
5813016057,1017448980,4
5813016057,1047779784,6
5813016057,1047780090,4
5813016057,1077792387,3
5813016057,1079522281,7
5813016057,1080537421,4
5813016057,1109841562,3
5813016057,1535410628,3
5813016057,862265490,3
5813016057,862615150,15
5813016057,892259847,11
5813016065,1284394253,6
5813016065,1535769552,3
5813016065,5813041453,4
5813016065,861242399,3
5813016065,861583398,4
5813016065,892277790,4
5813016065,892968554,5
5813016065,892968637,5
5813016065,923636089,3
5813016065,923657277,5
5813016065,925021558,4
5813016065,954010798,6
5813016065,955024591,3
5813016065,955374672,3
5813016065,955383212,3
5813016065,956060773,4
5813016065,985369220,4
5813016076,1166756335,5
5813016076,5813015763,4
5813016076,861578964,3
5813016076,862265699,5
5813016076,862615150,6
5813016076,891927484,7
5813016076,891935748,3
5813016076,891935958,3
5813016076,891936249,3
5813016076,892273269,3
5813016076,892277790,6
5813016076,892600621,3
5813016076,892609630,6
5813016076,892623020,3
5813016076,892963681,6
5813016076,892964102,4
5813016076,893305416,7
5813016076,893642012,5
5813016076,923303392,3
5813016380,1079867909,3
5813016380,1079872487,5
5813016380,1110186452,3
5813016380,1110903093,3
5813016380,1111243796,3
5813016380,1138117141,3
5813016380,1169492931,3
5813016380,1199496243,3
5813016380,1200523569,4
5813016380,1439927802,3
5813016380,1532699530,6
5813016380,5813044569,4
5813016381,1080212848,4
5813016381,1080213108,5
5813016381,1110535962,3
5813016381,1110903013,4
5813016381,1111244083,4
5813016381,1141601145,5
5813016381,1141937695,5
5813016577,1231217536,4
5813016577,1232288020,3
5813016577,1232634093,5
5813016577,1260879515,4
5813016577,1263642185,3
5813016577,1263668551,5
5813016577,1294366310,3
5813016577,5813038202,3
5813016577,5813038238,5
5813016577,5813067943,4
5813016577,5813077663,3
5813016578,1230531125,3
5813016578,1231217536,4
5813016578,1263331517,4
5813016578,1263642185,5
5813016578,1352684733,17
5813016578,5812989120,7
5813016578,5813038238,4
5813016650,1016403672,3
5813016650,1016753670,3
5813016650,1016758041,5
5813016650,1017094185,3
5813016650,1017785388,10
5813016650,1107764430,6
5813016650,1291573712,4
5813016650,5813016661,4
5813016650,892609630,4
5813016650,955365826,4
5813016650,956043578,5
5813016650,985714517,6
5813016650,985731781,9
5813016650,986404884,3
5813016650,987091864,7
5813016652,1692614515,4
5813016652,5813048268,3
5813016652,862265490,12
5813016652,862269552,7
5813016652,862602167,5
5813016652,862615150,9
5813016652,892259847,11
5813016652,892604992,4
5813016652,893633230,7
5813016652,923648748,3
5813016652,955365353,5
5813016652,955374862,3
5813016661,1016749259,9
5813016661,1016749264,4
5813016661,1016753670,7
5813016661,1018462968,3
5813016661,1018472039,3
5813016661,1047119615,8
5813016661,1047787967,4
5813016661,1048125065,3
5813016661,1048125254,3
5813016661,1048491559,3
5813016661,1077792194,3
5813016661,1109167269,4
5813016661,1136399017,4
5813016661,1228817231,3
5813016661,1440252127,8
5813016661,5813035500,4
5813016661,892277790,6
5813016661,893645771,4
5813016661,955029299,3
5813016661,955383212,3
5813016661,956060773,6
5813016661,985377724,4
5813016661,986059699,7
5813016661,986059778,7
5813016661,986759122,5
5813016661,987104744,3
5813016851,1507781967,3
5813016911,1502748318,3
5813016911,1813727537,4
5813016987,1016749259,3
5813016987,1017781118,13
5813016987,1047119615,5
5813016987,1048125065,4
5813016987,1079855015,5
5813016987,862615150,3
5813016987,986759122,4
5813016987,986763734,7
5813018236,1806185436,3
5813018634,1006984280,7
5813018634,1747285056,3
5813018634,1777624895,4
5813018634,5812997058,3
5813018634,5812997119,3
5813018634,5813026936,4
5813020347,1072063538,6
5813020512,1405300548,4
5813022538,1260197431,4
5813022538,1260883995,5
5813022538,1356772884,27
5813022538,1418186940,15
5813022935,1006984280,13
5813022935,1839020900,3
5813022935,1839366494,4
5813022935,1902769799,3
5813022935,5812994421,3
5813022959,1013291042,6
5813022959,1158187240,21
5813022959,1158864995,19
5813022959,1188885499,4
5813022959,1189559257,13
5813022959,1189912345,3
5813022959,1218901359,20
5813022959,1220270134,12
5813022959,1249932198,26
5813022959,1251287671,16
5813022959,1281303666,12
5813022959,1281324958,15
5813022959,1322626125,3
5813022959,1342022174,5
5813022959,1342371499,8
5813022959,1352684733,70
5813022959,1374413370,10
5813022959,1405780725,18
5813022959,1407148900,7
5813022959,1407873674,3
5813022959,1437156900,6
5813022959,1438524573,7
5813022959,1466861327,15
5813022959,1498574596,17
5813022959,1501323994,3
5813022959,1558605806,5
5813022959,1589969344,6
5813022959,1590979045,13
5813022959,1621357756,20
5813022959,1625080038,14
5813022959,1684451749,3
5813022959,1688505620,20
5813022959,1714134140,3
5813022959,1714479649,4
5813022959,1715459859,13
5813022959,1722000794,3
5813022959,1722682692,3
5813022959,1745821751,12
5813022959,1749258134,26
5813022959,1750984451,7
5813022959,1752699920,8
5813022959,1776553851,5
5813022959,1780651267,6
5813022959,1781268241,8
5813022959,1789933168,6
5813022959,1808958240,3
5813022959,1809264255,27
5813022959,1810956698,17
5813022959,1838257401,33
5813022959,1839288696,10
5813022959,1840636280,18
5813022959,1874035952,5
5813022959,1877217777,9
5813022959,1902066185,4
5813022959,1906159299,19
5813022959,1906159372,6
5813022959,1907156409,3
5813022959,1907510214,20
5813022959,1907578957,7
5813022959,1907584319,13
5813022959,1936848448,29
5813022959,1937875810,20
5813022959,1965168774,3
5813022959,1995858223,4
5813022959,1998250011,6
5813022959,1998922583,13
5813022959,2028261424,7
5813022959,2119272595,3
5813022959,2121711447,19
5813022959,2336572685,7
5813022959,5812988294,4
5813022959,5812993245,10
5813022959,5812998136,11
5813022959,5812999429,3
5813022959,5812999862,6
5813022959,5813034284,4
5813022959,5813061197,13
5813022959,5813069046,3
5813022959,5813069053,15
5813022959,5813069377,8
5813022959,5813075607,7
5813022959,5901215446,15
5813023322,2307027729,9
5813023322,5813024015,10
5813023353,5813023322,7
5813023434,1006984280,34
5813023434,1037328706,4
5813023434,1100404581,12
5813023434,1285849916,3
5813023434,1437276654,5
5813023434,1503042472,3
5813023434,5813016041,3
5813023434,5813026936,8
5813023434,892609630,3
5813023450,1100404634,3
5813023450,1778660802,5
5813023450,5812997189,6
5813023480,1228264951,7
5813023480,1311677904,3
5813023480,887195902,28
5813023480,984030630,7
5813023645,1468994014,3
5813024015,1781268241,3
5813024015,1906496111,4
5813024289,1842090544,3
5813024308,1100404634,12
5813024308,1811737795,3
5813024308,1812078869,3
5813024308,5812996158,4
5813024308,5812997053,8
5813024308,5812997208,5
5813024803,1006984280,9
5813024803,5812997057,3
5813024803,5813024811,3
5813024803,5813034124,4
5813024807,5812993609,4
5813024807,5812997981,3
5813024808,5813024810,3
5813024809,1777952404,3
5813024809,5812997896,3
5813024809,5812997921,4
5813024809,5813039327,4
5813024810,1406583670,3
5813024811,1006984280,14
5813024811,1747635018,3
5813024811,1777970311,3
5813024811,1777983454,3
5813024811,1778669408,5
5813024811,5812997120,4
5813024811,5812997132,3
5813024811,5812997180,5
5813024811,5812997189,4
5813024811,5813024803,4
5813024813,1809695854,3
5813024813,5813062722,3
5813024816,1809695854,3
5813024817,1565846637,3
5813024817,1811392809,3
5813024817,5812997989,3
5813024818,5813046300,3
5813024821,1006984280,10
5813024821,1777292496,3
5813024821,1778320035,5
5813024821,1778669408,3
5813024821,1779006513,3
5813024821,5812979052,3
5813024821,5812997056,4
5813024821,5812997160,4
5813024821,5812997180,6
5813024821,5812997187,3
5813024821,5812997920,4
5813024823,1100404581,4
5813024823,1406583670,9
5813024823,1437276654,5
5813024823,1749327293,3
5813024823,1749331593,3
5813024823,1780025156,3
5813024844,1006984280,3
5813026936,1040013335,3
5813027631,1136399017,4
5813027631,5812987740,4
5813027631,923661510,5
5813027631,924344089,3
5813027631,924344128,3
5813031359,1251996302,6
5813031359,1282348408,7
5813031359,1374442368,4
5813031440,1379907704,3
5813031440,1692614515,5
5813031440,1783362106,3
5813031440,5813016041,3
5813031440,862269552,3
5813031440,862615150,3
5813031440,892273269,3
5813031440,892277790,3
5813031440,892600621,8
5813031440,892609615,5
5813031440,892609630,10
5813031440,893287523,4
5813031440,918529614,8
5813031566,1261229600,4
5813031566,1374767239,4
5813031567,1006984280,5
5813031567,1159555822,7
5813031567,1189230326,5
5813031567,1220257051,3
5813031567,1281324958,5
5813031567,1343045604,4
5813031567,1407873674,9
5813031567,1407874177,6
5813031567,1469269528,6
5813031567,1469947367,6
5813031567,1565846637,33
5813031567,1593417998,3
5813031567,1658643766,13
5813031567,1658644171,4
5813031567,1689993656,4
5813031567,1689994034,6
5813031567,1689994425,4
5813031567,1690011290,4
5813031567,1690015835,6
5813031567,1690020010,6
5813031567,1719953914,4
5813031567,1721020290,14
5813031567,1723386459,6
5813031567,1781328716,3
5813031567,1781674298,5
5813031567,1783068831,8
5813031567,1813399871,4
5813031567,1843744231,3
5813031567,1966864706,5
5813031567,2059295981,7
5813031567,2121707030,4
5813031567,5812998137,7
5813031567,5812999862,6
5813031567,5813023322,13
5813031567,5813038319,3
5813031567,5813038998,14
5813031567,5813042873,5
5813031567,5813045792,3
5813031567,5813055080,4
5813031567,5813069046,3
5813033675,1100404634,16
5813033675,1282348408,4
5813033675,1406147470,4
5813033675,1466998977,16
5813033675,1810645950,3
5813033675,5812990157,3
5813033675,974839708,3
5813033809,1349240911,3
5813033809,1408966145,3
5813033809,1440670548,6
5813033809,1813727537,3
5813033809,5812990678,3
5813033809,5813016911,3
5813033850,1439963190,5
5813033971,1597493900,4
5813033971,1655497024,3
5813033971,1783362106,7
5813033971,1810645950,3
5813033971,2181730644,13
5813033971,5813061218,3
5813033971,892609630,3
5813033971,918529614,4
5813034099,1753359149,5
5813034099,1754715778,5
5813034099,1785403942,3
5813034099,5812993220,3
5813034099,5812997387,3
5813034101,1719902535,4
5813034101,1749957344,3
5813034101,1753695182,3
5813034101,1753695387,3
5813034101,1753695482,3
5813034101,1754715820,3
5813034101,1784057323,5
5813034101,1816106457,3
5813034101,1846135022,3
5813034124,1839003570,3
5813034124,5812999333,4
5813034151,1352684733,4
5813034151,1403392477,5
5813034151,1405231475,24
5813034151,1437850908,3
5813034151,1566411868,3
5813034151,1626482563,4
5813034151,1688164533,3
5813034151,1719225241,3
5813034151,1751329909,3
5813034151,1753674977,5
5813034151,1782369015,5
5813034151,1782369359,5
5813034151,1783051578,6
5813034151,1813403762,8
5813034151,1813403953,3
5813034151,1814414329,7
5813034151,1814418212,3
5813034151,1814426918,4
5813034151,1814777260,3
5813034151,1814780768,3
5813034151,1814781082,3
5813034151,1814781356,3
5813034151,1814781628,5
5813034151,1815826155,4
5813034151,1845453234,3
5813034151,1876471221,3
5813034151,1907169406,4
5813034151,2307027729,15
5813034151,5812996383,6
5813034151,5813023322,7
5813034151,5813038822,8
5813034151,5813038825,4
5813034151,5813039136,5
5813034209,1100404581,3
5813034209,1100404634,7
5813034211,1100404634,4
5813034211,1780362273,3
5813034211,1781039902,3
5813034211,5812997054,3
5813034211,5812997231,3
5813034211,5813046303,3
5813034265,1749331464,3
5813034265,1779680030,4
5813034284,1414776601,4
5813034310,1806885187,4
5813034310,1807238852,3
5813034310,1807584852,3
5813034310,1808620692,3
5813034310,1838269993,3
5813034310,1839659717,4
5813034310,5812983613,5
5813034310,5812993718,5
5813034310,5812997786,4
5813034310,5812998639,3
5813034310,5813038963,4
5813034310,5813039483,3
5813034336,1472965897,3
5813034336,1497200791,3
5813034336,1628528573,3
5813034336,1714791446,3
5813034336,1719928105,3
5813034336,1817453065,5
5813034336,1817457808,3
5813034336,1845772658,3
5813034336,1848492258,3
5813034336,1849520324,3
5813034336,1912600163,3
5813034336,5812991769,4
5813034336,5812998833,4
5813034336,5813076492,3
5813035500,1047787967,3
5813035500,1136399017,6
5813035500,5813014401,3
5813035500,5813041453,5
5813035500,892968554,3
5813035500,923661510,4
5813035500,924002690,4
5813035500,924344089,3
5813035500,924344128,5
5813035500,955374672,3
5813035545,1017797863,7
5813035545,1047784012,3
5813035545,1079527389,3
5813035545,1281324958,3
5813035545,5813056280,3
5813035545,986422220,8
5813035545,986758977,5
5813037844,1503413796,3
5813037844,1503754543,3
5813037844,1504092028,4
5813037844,1906137714,3
5813037844,2028261229,3
5813038156,1503413796,3
5813038156,1503754316,3
5813038156,1503755184,3
5813038156,1504423804,3
5813038156,1504427615,3
5813038156,1534448646,3
5813038156,1534784712,3
5813038156,1534785094,3
5813038156,1655497024,3
5813038168,1347906163,4
5813038168,1350277508,3
5813038168,1376134899,3
5813038168,2211737961,3
5813038196,1191273014,4
5813038196,1199496144,6
5813038196,1201227074,4
5813038196,1221285128,3
5813038196,1221289185,4
5813038196,1224560577,4
5813038196,1231217536,4
5813038196,1232288020,7
5813038196,1232607449,3
5813038196,1262994911,6
5813038196,1263331517,14
5813038196,1263663953,4
5813038196,1263668331,3
5813038196,1263668551,3
5813038196,1293006629,6
5813038196,1294362042,3
5813038196,1294366310,4
5813038196,1352684733,4
5813038196,1375769049,3
5813038196,1405780725,4
5813038196,1533036404,3
5813038196,1563393904,3
5813038196,5812988128,3
5813038196,5812989105,5
5813038196,5812989593,3
5813038196,5813033742,3
5813038196,5813038197,3
5813038196,5813038293,7
5813038196,5813056453,3
5813038196,5813060834,6
5813038196,5813062009,3
5813038196,5813067943,4
5813038196,5813077658,7
5813038196,986767293,4
5813038197,1191273014,10
5813038197,1221285175,5
5813038197,1221289185,4
5813038197,1263331517,6
5813038197,1263668331,5
5813038197,1293006629,4
5813038197,1294366310,3
5813038197,1352684733,4
5813038197,1377845289,4
5813038197,5812988532,8
5813038197,5813016578,6
5813038197,5813038196,7
5813038197,5813038293,4
5813038197,5813056453,4
5813038197,5813060834,4
5813038197,5813062009,5
5813038197,5813067943,3
5813038197,5813075607,8
5813038198,1158191887,12
5813038198,1198818551,3
5813038198,1221289185,3
5813038198,1224560577,3
5813038198,1232262105,4
5813038198,1232288020,3
5813038198,1232603375,4
5813038198,1232607449,7
5813038198,1263668331,3
5813038198,1281303666,3
5813038198,1281324958,12
5813038198,1294362042,3
5813038198,1294366310,3
5813038198,1352684733,10
5813038198,1467859487,4
5813038198,1498574596,10
5813038198,1501664753,4
5813038198,1563393904,3
5813038198,1655474822,3
5813038198,5812988099,3
5813038198,5812988128,4
5813038198,5812989105,3
5813038198,5812989593,4
5813038198,5813038196,5
5813038198,5813044882,3
5813038198,5813060834,3
5813038198,5813077658,5
5813038202,1200536439,4
5813038202,1200541165,4
5813038202,1201227074,7
5813038202,1201231760,3
5813038202,1229162353,3
5813038202,1229166973,3
5813038202,1232266303,3
5813038202,1232288020,4
5813038202,1232634093,4
5813038202,1260879515,6
5813038202,1263663980,6
5813038202,1263668551,3
5813038202,1352684733,5
5813038202,1595106149,5
5813038202,5812988132,3
5813038202,5812988514,3
5813038202,5812988569,11
5813038202,5812988577,6
5813038202,5812989105,4
5813038202,5813038203,3
5813038202,5813038293,3
5813038202,5813077658,4
5813038203,1198818618,5
5813038203,1200195649,3
5813038203,1200541165,4
5813038203,1229162353,5
5813038203,1229162381,3
5813038203,1230535525,3
5813038203,1232266303,6
5813038203,1260879515,4
5813038203,1262654129,4
5813038203,1263327214,6
5813038203,1263646370,3
5813038203,1263663980,4
5813038203,1263668551,3
5813038203,1263996477,3
5813038203,1352684733,4
5813038203,1595106149,6
5813038203,5812988514,3
5813038203,5812988573,3
5813038203,5812988577,6
5813038203,5813054032,4
5813038203,5813077663,4
5813038232,1198818618,3
5813038232,1200195649,3
5813038232,1200536439,3
5813038232,1229166973,4
5813038232,1232266231,3
5813038232,1263309965,3
5813038232,1263646370,3
5813038232,1263668551,3
5813038232,1352684733,6
5813038232,1690283458,4
5813038238,1229166973,4
5813038238,1230535525,3
5813038238,1232266303,4
5813038238,1263646370,6
5813038238,5812988137,3
5813038238,5812988569,4
5813038293,1199496144,5
5813038293,1229507904,3
5813038293,1232288020,3
5813038293,1232634093,7
5813038293,1262994911,5
5813038293,1263331517,3
5813038293,1263642185,8
5813038293,1263668331,4
5813038293,1263668551,7
5813038293,1293006629,5
5813038293,5812988514,4
5813038293,5812988569,3
5813038293,5812989105,5
5813038293,5812989120,3
5813038293,5813016578,4
5813038293,5813038196,6
5813038293,5813077658,3
5813038294,1200541165,5
5813038294,1201231760,5
5813038294,1226887763,6
5813038294,1229162381,3
5813038294,1230190016,4
5813038294,1232266231,6
5813038294,1232266616,3
5813038294,1263309965,4
5813038294,1263327214,3
5813038294,1319530284,4
5813038294,1352684733,10
5813038294,5812988132,3
5813038294,5812988568,5
5813038319,1159555822,20
5813038319,1220270134,6
5813038319,1222332850,3
5813038319,1255405703,6
5813038319,1281324958,10
5813038319,1281998821,4
5813038319,1282348408,12
5813038319,1312015204,3
5813038319,1404446113,4
5813038319,1407874177,4
5813038319,1469269528,5
5813038319,1469947367,16
5813038319,1565846637,15
5813038319,1593417998,3
5813038319,1658643766,5
5813038319,1690011290,4
5813038319,1721020290,4
5813038319,1746858454,15
5813038319,1749275570,7
5813038319,1781674298,3
5813038319,1782714902,5
5813038319,1783068831,7
5813038319,1813399871,10
5813038319,1845117373,3
5813038319,1966864706,4
5813038319,2059295981,3
5813038319,5812994062,5
5813038319,5812994826,8
5813038319,5812998137,11
5813038319,5812999862,9
5813038319,5813023322,8
5813038319,5813031567,4
5813038319,5813042873,3
5813038319,5813047992,8
5813038319,5813055080,4
5813038319,5813069046,4
5813038320,1784398330,5
5813038679,1313702895,3
5813038679,1348153557,4
5813038679,1473332777,3
5813038679,1530606252,7
5813038679,1719928105,5
5813038679,1747518018,3
5813038679,1752672460,3
5813038679,1781333405,3
5813038679,1782318275,4
5813038679,1783690466,3
5813038679,1808241116,4
5813038679,1814055949,3
5813038679,1814729788,4
5813038679,1817108009,3
5813038679,1817790409,3
5813038679,1848151877,3
5813038679,1849166071,3
5813038679,1908865507,3
5813038679,2029624973,3
5813038679,5813039410,3
5813038769,1040013335,3
5813038769,1282007450,5
5813038769,1352684733,5
5813038769,1407179534,6
5813038769,1438908304,4
5813038769,1467548306,4
5813038769,1470971204,4
5813038769,1500598873,3
5813038769,1530636214,4
5813038769,1533683889,5
5813038769,1682707330,4
5813038769,1716496582,4
5813038769,1719225241,3
5813038769,1751670748,3
5813038769,1782364786,5
5813038769,1782369340,4
5813038769,1783051753,3
5813038769,1813403762,4
5813038769,1814780768,3
5813038769,1814781628,4
5813038769,1814781633,3
5813038769,1815471919,8
5813038769,1845449270,3
5813038769,1845453234,3
5813038769,1872033743,4
5813038769,1938195143,3
5813038769,2307027729,30
5813038769,5812987894,5
5813038769,5812999264,5
5813038769,5813023322,6
5813038769,5813050827,5
5813038769,5901214470,5
5813038821,1221971218,3
5813038821,1405231475,8
5813038821,1407179534,4
5813038821,1438908304,4
5813038821,1441598865,5
5813038821,1467548306,4
5813038821,1500598873,3
5813038821,1533683889,4
5813038821,1534363304,3
5813038821,1566411868,5
5813038821,1626827782,5
5813038821,1688164533,4
5813038821,1716496582,3
5813038821,1719595635,5
5813038821,1752016801,5
5813038821,1753674977,7
5813038821,1782369340,4
5813038821,1813403998,3
5813038821,1814414329,3
5813038821,1814418212,4
5813038821,1814426918,6
5813038821,1814777260,6
5813038821,1814781082,3
5813038821,1815131045,3
5813038821,1815826155,4
5813038821,1844750081,3
5813038821,1845453234,3
5813038821,1872033743,3
5813038821,2059978318,3
5813038821,2307027729,21
5813038821,5812996383,4
5813038821,5813023322,3
5813038821,5813050827,5
5813038822,1221971218,4
5813038822,1283013506,5
5813038822,1405231475,12
5813038822,1441598865,3
5813038822,1533683889,3
5813038822,1626482563,6
5813038822,1626827782,4
5813038822,1688164533,3
5813038822,1719595635,5
5813038822,1752016801,5
5813038822,1753674977,5
5813038822,1782369359,3
5813038822,1783051578,3
5813038822,1811630361,3
5813038822,1813403630,4
5813038822,1813403762,4
5813038822,1814414329,5
5813038822,1814422650,5
5813038822,1814426918,4
5813038822,1814777260,4
5813038822,1814781082,4
5813038822,1814781633,3
5813038822,1815826155,5
5813038822,1876147388,5
5813038822,1938195143,3
5813038822,2307027729,16
5813038822,5812996383,3
5813038822,5812998825,5
5813038822,5813023322,7
5813038822,5813034151,5
5813038822,5813039136,5
5813038825,1221971218,3
5813038825,1352684733,8
5813038825,1405231475,9
5813038825,1533683889,3
5813038825,1534363304,3
5813038825,1566411868,3
5813038825,1688164533,3
5813038825,1691259738,3
5813038825,1719225241,3
5813038825,1751670748,4
5813038825,1752016801,3
5813038825,1753674977,6
5813038825,1782369015,3
5813038825,1782369359,4
5813038825,1813403869,4
5813038825,1814781628,3
5813038825,1907574944,4
5813038825,5812998825,4
5813038825,5812999264,3
5813038825,5813023322,3
5813038825,5813034151,5
5813038825,5813038769,3
5813038825,5813046478,4
5813038825,5901226269,3
5813038879,1688893211,3
5813038879,1690266485,3
5813038879,1753359129,3
5813038879,1754033051,3
5813038879,1783038540,4
5813038879,1784397838,3
5813038879,1785058604,3
5813038879,1813373584,5
5813038880,1531975908,3
5813038880,1656494569,4
5813038880,1718863441,3
5813038880,1753358965,3
5813038880,1784389055,3
5813038880,1784389638,3
5813038880,1784398330,3
5813038880,1816456312,3
5813038918,1347126097,3
5813038918,1628528573,4
5813038918,1747181914,4
5813038918,1747518018,3
5813038918,1750251452,3
5813038918,1782318275,4
5813038918,1783361972,4
5813038918,1812363713,3
5813038918,1817112855,3
5813038918,1817449059,3
5813038918,1817449116,3
5813038918,1817786077,5
5813038918,1818136404,3
5813038918,1847806203,3
5813038918,1847806275,3
5813038918,1875124235,3
5813038918,1880209425,3
5813038918,2029624973,4
5813038958,1714138427,4
5813038958,1806885187,3
5813038958,1806885454,3
5813038958,1808965929,7
5813038958,1838274271,4
5813038958,1839659717,3
5813038963,1281324958,4
5813038963,1434768400,3
5813038963,1745168996,3
5813038963,1745518676,3
5813038963,1778613177,4
5813038963,1805844441,4
5813038963,1807235150,4
5813038963,1808624842,4
5813038963,1808624862,3
5813038963,1808965929,5
5813038963,1839314480,3
5813038963,5812998572,3
5813038963,5812999239,3
5813038963,5813039477,4
5813038963,5813039484,3
5813038963,5813046241,3
5813038964,1808284051,3
5813038964,5813038966,3
5813038964,5813046239,6
5813038966,1808279472,3
5813038966,1808284051,3
5813038966,1837920218,3
5813038966,5813046241,3
5813038972,1837920218,3
5813038972,1838969023,3
5813038998,1222332850,4
5813038998,1281324958,6
5813038998,1404446113,10
5813038998,1469947367,4
5813038998,1565846637,37
5813038998,1622350949,8
5813038998,1658643766,12
5813038998,1689993656,3
5813038998,1689994325,3
5813038998,1690011142,3
5813038998,1719953914,5
5813038998,1721020290,10
5813038998,1746858454,3
5813038998,1781328716,4
5813038998,1781674298,6
5813038998,1782714902,4
5813038998,1783068831,10
5813038998,1813054194,3
5813038998,1843744231,8
5813038998,1966864706,3
5813038998,2059295981,4
5813038998,5812995757,5
5813038998,5812998137,6
5813038998,5812999862,9
5813038998,5813023322,10
5813038998,5813031567,14
5813038998,5813042873,15
5813038998,5813047992,5
5813038998,5813055080,4
5813038998,5813069046,9
5813039136,1283013506,5
5813039136,1352684733,5
5813039136,1405231475,11
5813039136,1566411868,5
5813039136,1751670748,7
5813039136,1753674977,4
5813039136,1782369359,3
5813039136,1813403630,4
5813039136,1814414329,4
5813039136,1814418212,6
5813039136,1814422650,5
5813039136,1814777260,3
5813039136,1814781628,4
5813039136,1815471919,5
5813039136,1876147388,7
5813039136,1876492837,4
5813039136,2307027729,7
5813039136,5813023322,12
5813039136,5813034151,4
5813039136,5813038821,3
5813039136,5813038822,4
5813039136,5901226269,4
5813039328,1100404634,3
5813039331,1780362372,4
5813039331,1780703535,4
5813039331,1811392834,3
5813039331,5812997870,3
5813039331,5812997989,5
5813039331,5813062734,5
5813039332,1100404634,4
5813039332,5812997052,5
5813039332,5812997115,7
5813039334,1311677904,3
5813039334,1812078876,4
5813039334,1932052159,4
5813039334,5812991140,4
5813039334,5812997081,4
5813039334,5812998050,6
5813039336,1753359088,3
5813039336,1753359129,3
5813039336,1816115219,3
5813039336,1878543927,3
5813039410,1221285175,4
5813039410,1471610338,4
5813039410,1530606252,3
5813039410,1593012939,3
5813039410,1654413566,3
5813039410,1781333405,4
5813039410,1782680353,3
5813039410,1783361972,4
5813039410,1814055949,5
5813039410,1817449059,3
5813039410,1817453065,3
5813039410,1845772658,3
5813039410,1848138779,4
5813039410,1875460978,4
5813039410,1880887003,3
5813039410,2029624973,3
5813039410,5813038679,5
5813039410,5813076492,3
5813039475,1807243321,4
5813039477,1806885187,4
5813039477,1806893720,4
5813039477,1808620692,3
5813039477,1808624754,4
5813039477,5812993718,3
5813039477,5813038963,5
5813039477,5813045475,3
5813039479,1469269528,3
5813039479,1806885187,4
5813039479,1837902676,3
5813039479,1838269993,4
5813039479,1838969023,4
5813039479,1839659717,3
5813039483,1714134266,5
5813039483,1806885186,3
5813039483,1838969023,3
5813039483,1839314480,3
5813039483,5813034310,3
5813039483,5813038963,4
5813039484,1281324958,4
5813039484,1806850696,4
5813039484,1806880698,5
5813039484,1806885186,3
5813039484,1806893720,4
5813039484,1807238852,3
5813039484,1807930214,5
5813039484,1808279458,4
5813039484,1808965929,4
5813039484,1839659717,4
5813039484,5812997786,3
5813039484,5813034310,3
5813039484,5813038958,3
5813039484,5813039485,4
5813039485,1714138427,3
5813039485,1806880914,3
5813039485,1807238852,4
5813039485,1807584852,3
5813039485,1809320060,4
5813039485,5813038966,3
5813039485,5813061319,3
5813039499,1808279335,3
5813039499,5812999314,3
5813039499,5813046241,4
5813039561,1192735693,3
5813039561,1254801742,4
5813039561,2247202730,3
5813041453,1285849916,5
5813041453,1440252127,4
5813041453,861242399,4
5813041453,892277589,3
5813041453,892968637,3
5813041453,924344128,5
5813041453,954342682,3
5813041801,1048492326,4
5813041801,1079855015,4
5813041801,1080200318,3
5813041801,1109194016,4
5813041801,1719237849,3
5813041801,861242399,6
5813041801,892277790,8
5813041801,892600621,6
5813042873,1222332850,5
5813042873,1281324958,9
5813042873,1404446113,3
5813042873,1407873674,6
5813042873,1407874177,3
5813042873,1469269528,4
5813042873,1469947367,4
5813042873,1565846637,38
5813042873,1593417998,6
5813042873,1622350949,4
5813042873,1657525433,5
5813042873,1658643766,7
5813042873,1658644171,3
5813042873,1689994425,6
5813042873,1690020010,3
5813042873,1721020290,3
5813042873,1781328716,5
5813042873,1781674298,3
5813042873,1782714902,11
5813042873,1783068831,8
5813042873,1813054194,3
5813042873,1813399871,4
5813042873,1843744231,8
5813042873,1966864706,7
5813042873,5812994062,5
5813042873,5812994826,8
5813042873,5812998137,7
5813042873,5812999862,8
5813042873,5813023322,17
5813042873,5813031567,4
5813042873,5813038319,4
5813042873,5813038998,11
5813042873,5813045792,8
5813042873,5813047992,3
5813042873,5813055080,6
5813042873,5813069046,7
5813044569,1049510640,4
5813044569,1110186452,3
5813044569,1169492931,3
5813044569,1439927802,3
5813044569,5813016380,3
5813044882,1017802884,3
5813044882,1201227074,3
5813044882,1221285128,6
5813044882,1228264951,4
5813044882,1232262105,3
5813044882,1232288020,4
5813044882,1232603375,7
5813044882,1232607205,5
5813044882,1232607453,3
5813044882,1262654129,6
5813044882,1262990404,4
5813044882,1281324958,10
5813044882,1319530284,3
5813044882,1352684733,7
5813044882,1501664753,3
5813044882,1532699404,6
5813044882,1595106149,3
5813044882,1809264255,4
5813044882,1818473569,3
5813044882,1840636280,5
5813044882,1844421716,3
5813044882,1906159299,4
5813044882,1936848448,6
5813044882,1998922583,6
5813044882,5812988573,4
5813044882,5813038203,4
5813044882,5813044940,3
5813044940,1259856448,5
5813044940,1261229600,31
5813044940,1291569166,7
5813044940,1356772884,5
5813044940,1507933560,5
5813044940,1749007402,3
5813044940,1845431840,4
5813044940,5812991476,29
5813044940,5813069020,3
5813045024,1261229600,4
5813045475,1837902676,3
5813045475,1838266061,3
5813045475,1838969023,3
5813045475,5812993718,7
5813045475,5813039477,3
5813045475,5813039485,7
5813045646,2062689505,3
5813045646,5813078658,3
5813045792,1159555822,14
5813045792,1220257051,5
5813045792,1221285128,3
5813045792,1222332850,3
5813045792,1281324958,11
5813045792,1343045604,4
5813045792,1469947367,3
5813045792,1565846637,12
5813045792,1622350949,5
5813045792,1628230708,4
5813045792,1658643766,5
5813045792,1658990108,5
5813045792,1659331215,3
5813045792,1689994425,7
5813045792,1690015835,4
5813045792,1782714902,8
5813045792,1813054194,4
5813045792,1843744231,6
5813045792,1845117373,3
5813045792,5812988514,4
5813045792,5812994062,6
5813045792,5812994826,3
5813045792,5812999862,3
5813045792,5813023322,8
5813045792,5813031567,5
5813045792,5813042873,8
5813045867,1100404634,19
5813045867,1565846637,13
5813045867,1749007402,4
5813045867,1749020274,7
5813046025,1777970372,4
5813046025,5812997057,5
5813046025,5812997160,3
5813046025,5812997186,4
5813046025,5812997187,3
5813046025,5812997219,6
5813046025,5813082111,3
5813046027,1100404634,4
5813046027,1777952508,5
5813046028,1100404634,11
5813046028,1565846637,3
5813046028,1780699257,4
5813046028,1812078638,3
5813046028,1841063105,3
5813046028,1842090637,3
5813046028,1842427674,3
5813046028,5812997220,4
5813046028,5812998049,4
5813046237,5813054867,3
5813046239,1870694455,3
5813046239,5813038964,4
5813046241,1714138479,3
5813046241,1775513344,3
5813046241,1808279458,5
5813046241,1808624842,5
5813046241,5812997949,4
5813046241,5813038963,4
5813046241,5813039499,4
5813046241,5813078215,3
5813046242,5813039476,4
5813046300,1780021216,3
5813046300,1780366362,3
5813046300,1839344717,3
5813046300,5812998001,3
5813046303,1565846637,4
5813046303,5812997234,3
5813046306,5812998050,4
5813046306,5813024308,3
5813046306,5813039334,3
5813046478,1040013335,4
5813046478,1221971218,3
5813046478,1226887763,8
5813046478,1352684733,8
5813046478,1405231475,17
5813046478,1407179534,3
5813046478,1437850908,3
5813046478,1438912593,4
5813046478,1467548306,7
5813046478,1470971204,3
5813046478,1533683889,3
5813046478,1534363304,4
5813046478,1566411868,3
5813046478,1627131491,3
5813046478,1691259738,3
5813046478,1716496582,5
5813046478,1751670748,3
5813046478,1752016801,3
5813046478,1782369015,3
5813046478,1782369340,3
5813046478,1783051753,3
5813046478,1813403762,3
5813046478,1814777260,4
5813046478,1814780768,4
5813046478,1814781356,6
5813046478,1814781537,6
5813046478,1814781628,4
5813046478,1814781633,3
5813046478,1815480848,3
5813046478,1845449270,3
5813046478,1876484146,3
5813046478,1876492837,7
5813046478,1876902545,3
5813046478,1877930505,3
5813046478,2059978318,3
5813046478,2307027729,5
5813046478,5813023322,12
5813046478,5901226269,4
5813047522,1037328706,4
5813047522,1077792387,3
5813047522,1108463488,19
5813047522,1232266616,3
5813047522,1260884244,12
5813047522,1470950640,5
5813047522,1533338992,3
5813047522,1629206279,67
5813047522,1657539428,9
5813047522,1688573830,12
5813047522,1720951330,12
5813047522,1723658004,6
5813047522,1876125353,11
5813047522,2033005397,5
5813047522,2061316365,12
5813047522,2064040742,6
5813047522,5812996568,3
5813047522,5813054748,5
5813047522,5813087952,5
5813047522,789636635,48
5813047522,862615150,8
5813047522,976187276,18
5813047522,986396204,5
5813047637,861242399,8
5813047637,892277790,4
5813047637,892600621,10
5813047637,892609630,3
5813047992,1159555822,28
5813047992,1220257051,5
5813047992,1220270134,9
5813047992,1222332850,5
5813047992,1261229600,4
5813047992,1281324958,8
5813047992,1281998821,10
5813047992,1282348408,4
5813047992,1343045604,3
5813047992,1344392982,3
5813047992,1407873674,5
5813047992,1469269528,4
5813047992,1469947367,11
5813047992,1565846637,25
5813047992,1593417998,5
5813047992,1622350949,3
5813047992,1683440362,4
5813047992,1690011290,3
5813047992,1690015835,7
5813047992,1746858454,6
5813047992,1749275570,9
5813047992,1781328716,3
5813047992,1781674298,10
5813047992,1783068831,9
5813047992,1813054194,4
5813047992,1813399871,5
5813047992,1839288696,6
5813047992,1843744231,4
5813047992,1869649833,5
5813047992,1932730059,3
5813047992,1966864706,4
5813047992,2025507235,3
5813047992,5812994062,3
5813047992,5812994826,11
5813047992,5812999862,4
5813047992,5813023322,12
5813047992,5813023480,6
5813047992,5813038319,4
5813047992,5813042873,3
5813047992,5813069046,4
5813048268,1016403672,5
5813048268,1017094185,7
5813048268,1017789715,3
5813048268,1017793356,7
5813048268,1047779784,4
5813048268,1048125254,4
5813048268,1079522281,5
5813048268,1080537608,3
5813048268,1107764430,4
5813048268,1110894595,3
5813048268,1261902687,6
5813048268,1285849916,5
5813048268,1564097399,3
5813048268,1688573830,11
5813048268,1810986443,3
5813048268,1813391435,4
5813048268,1813732543,6
5813048268,2154767014,4
5813048268,2185481747,7
5813048268,5813015764,3
5813048268,5813023434,3
5813048268,5813078261,5
5813048268,852724544,4
5813048268,861915746,5
5813048268,862265490,4
5813048268,862265735,5
5813048268,891927673,7
5813048268,891927839,3
5813048268,891935958,5
5813048268,893628094,3
5813048268,918529614,4
5813048268,923994365,5
5813048268,923998505,5
5813048268,955020637,3
5813048268,955024729,7
5813048268,955374862,3
5813048268,974839595,3
5813048268,985731781,3
5813048268,986059778,3
5813048447,861233174,3
5813048447,861233221,4
5813048447,861242399,3
5813048447,861565546,5
5813048447,861570090,3
5813048447,861574669,3
5813048447,862252074,6
5813048447,892259523,4
5813048447,892600621,3
5813048447,892600723,4
5813048450,861242399,7
5813048450,861588280,3
5813048450,892613686,3
5813048451,1284394253,4
5813048451,1440252127,5
5813048451,5813015763,3
5813048451,5813031440,3
5813048451,5813131327,3
5813048451,861242399,4
5813048451,861920141,3
5813048451,862265699,7
5813048451,891927484,3
5813048451,891927728,6
5813048451,892268510,3
5813048451,892277790,11
5813048451,892600621,4
5813048451,892609630,4
5813048452,1285849916,3
5813048452,1379907704,9
5813048452,1383633527,3
5813048452,1783362106,11
5813048452,5813131327,3
5813048452,861242399,11
5813048452,862615150,9
5813048452,891927839,8
5813048452,892277790,6
5813048452,892600621,12
5813048452,892609630,11
5813048452,918529614,4
5813048670,1199159353,4
5813048670,1231614730,3
5813048670,1232594718,3
5813048670,1351317122,4
5813048670,5813090856,3
5813048880,1018476201,3
5813048880,1047119615,6
5813048880,1047787967,3
5813048880,1048125065,4
5813048880,1048492326,3
5813048880,1079527169,3
5813048880,1440252127,4
5813048880,956060773,3
5813048920,1753354584,3
5813048920,1753359145,3
5813048920,1753696105,4
5813048920,1939244343,4
5813049193,1159555822,4
5813049193,1198123389,3
5813049193,1221285128,14
5813049193,1224560577,5
5813049193,1228264951,6
5813049193,1232266414,3
5813049193,1232603375,7
5813049193,1232603386,4
5813049193,1232607205,3
5813049193,1232607453,6
5813049193,1232607542,4
5813049193,1262990404,4
5813049193,1263663953,5
5813049193,1281324958,5
5813049193,1352684733,4
5813049193,1501664753,4
5813049193,1532699404,5
5813049193,1533036404,4
5813049193,1563393904,3
5813049193,1566169568,3
5813049193,1809264255,16
5813049193,1817448921,4
5813049193,1849507321,3
5813049193,1906159299,10
5813049193,5812988098,3
5813049193,5812988099,3
5813049193,5812988514,3
5813049193,5813038196,3
5813049193,5813038198,3
5813049443,1200195649,3
5813049443,1229166973,3
5813049443,1232266303,3
5813049443,1232634093,3
5813049443,1260879515,3
5813049443,1263327214,3
5813049443,1263668551,3
5813049443,1504342382,4
5813049443,1563099587,3
5813049443,5812988132,5
5813049443,5812988137,3
5813049443,5812989059,5
5813049443,5813038232,3
5813049443,5813038238,4
5813049879,1281324958,3
5813049879,1807235150,4
5813049879,1809320060,4
5813049879,5812993717,3
5813049879,5813045475,3
5813050102,1158191887,6
5813050102,1158877703,4
5813050102,1230531125,6
5813050102,1232603386,5
5813050102,1262994911,3
5813050102,1352684733,10
5813050102,5812988077,4
5813050102,5812988098,3
5813050102,5812988532,5
5813050102,5813016578,4
5813050102,5813038197,9
5813050102,5813038293,3
5813050102,5813056453,5
5813050102,5813062009,4
5813050145,1198818551,7
5813050145,1220270134,3
5813050145,1224560577,3
5813050145,1228264951,5
5813050145,1232603386,5
5813050145,1232607542,6
5813050145,1249932198,12
5813050145,1255405703,11
5813050145,1261229600,3
5813050145,1263327135,8
5813050145,1294362000,5
5813050145,1352684733,13
5813050145,1404109050,6
5813050145,1414776601,3
5813050145,1466511550,5
5813050145,1469947367,5
5813050145,1501664753,4
5813050145,1558605812,16
5813050145,1589972966,5
5813050145,1621008677,4
5813050145,1621357756,3
5813050145,5812983845,5
5813050145,5812988098,3
5813050145,5812988099,3
5813050145,5812991538,8
5813050145,5813077655,3
5813050455,1039335355,13
5813050455,542751938,3
5813050455,5813026936,9
5813050455,981000564,6
5813050604,1661588290,4
5813050604,770249286,4
5813050604,862265490,17
5813050604,892259847,18
5813050604,893628094,9
5813050604,925003837,6
5813050827,1403392477,5
5813050827,1405231475,13
5813050827,1437850908,3
5813050827,1438908304,6
5813050827,1441598865,6
5813050827,1467548306,4
5813050827,1500598873,5
5813050827,1626482563,9
5813050827,1626827782,4
5813050827,1627131491,5
5813050827,1688164533,6
5813050827,1691259738,4
5813050827,1783051753,5
5813050827,1809614687,5
5813050827,1811630361,7
5813050827,1813403953,4
5813050827,1813403998,4
5813050827,1814780768,3
5813050827,1814781356,4
5813050827,1814781628,3
5813050827,1814781633,3
5813050827,1815126433,4
5813050827,1815131045,4
5813050827,1815809293,4
5813050827,1844750081,3
5813050827,1845449270,5
5813050827,1876147437,5
5813050827,1938195143,3
5813050827,2307027729,25
5813050827,5812987894,4
5813050827,5812999264,3
5813050827,5813023322,6
5813050827,5813038769,5
5813050827,5813038821,3
5813050827,5901214470,4
5813054032,1198818618,4
5813054032,1229162353,4
5813054032,1232266303,6
5813054032,1263327214,6
5813054032,1263996477,3
5813054032,1352684733,4
5813054032,1504342382,6
5813054032,1690283458,6
5813054032,1938541380,13
5813054032,5812988109,4
5813054032,5812988137,3
5813054032,5812988577,4
5813054032,5813038232,3
5813054063,1346788757,3
5813054443,1005858013,3
5813054443,1099199236,3
5813054443,1259856448,14
5813054443,1260197431,6
5813054443,1261229600,19
5813054443,1282348408,35
5813054443,1285849916,16
5813054443,1291573712,6
5813054443,1313038188,3
5813054443,1316086414,5
5813054443,1325733981,6
5813054443,1356772884,4
5813054443,1375482740,10
5813054443,1411250251,11
5813054443,1418186940,4
5813054443,1441949046,7
5813054443,1444351896,10
5813054443,1449225711,10
5813054443,1470950640,8
5813054443,1503331732,8
5813054443,1533063011,7
5813054443,1533338992,5
5813054443,1564097399,5
5813054443,1564097484,4
5813054443,1597157083,4
5813054443,1597493900,17
5813054443,1629206279,7
5813054443,1719569268,4
5813054443,1751986317,3
5813054443,5812989312,12
5813054443,5812990956,4
5813054443,5812991470,3
5813054443,5812991476,5
5813054443,5813023434,6
5813054443,5813033742,5
5813054443,5813044940,5
5813054443,5813054748,3
5813054443,5813069020,4
5813054443,974839706,4
5813054443,974839708,8
5813054477,1378604678,3
5813054477,1437186918,3
5813054477,1503755184,3
5813054477,1623719786,3
5813054477,1686190133,3
5813054534,1597493900,3
5813054534,731736853,4
5813054867,5812999314,3
5813055080,1159555822,21
5813055080,1222332850,6
5813055080,1261229600,3
5813055080,1281324958,6
5813055080,1404446113,7
5813055080,1407873674,8
5813055080,1407874177,5
5813055080,1469269528,5
5813055080,1469947367,3
5813055080,1565846637,34
5813055080,1658643766,7
5813055080,1658644171,4
5813055080,1721020290,5
5813055080,1721025057,3
5813055080,1746858454,5
5813055080,1781328716,5
5813055080,1781674298,14
5813055080,1783068831,7
5813055080,1813399871,6
5813055080,1838257401,3
5813055080,1843744231,9
5813055080,1966864706,4
5813055080,5812994062,7
5813055080,5812998137,5
5813055080,5812999862,5
5813055080,5813023322,21
5813055080,5813031567,8
5813055080,5813038319,6
5813055080,5813038998,6
5813055080,5813042873,8
5813055080,5813047992,3
5813055080,5813069046,14
5813055129,1251287671,4
5813055129,1281324958,10
5813055129,1405231475,46
5813055129,1466998977,19
5813055129,1565846637,16
5813055129,1627117134,8
5813055129,1688505620,5
5813055129,1781268241,9
5813055129,1810956698,3
5813055129,1815070402,9
5813055129,1845078711,10
5813055129,1874035952,3
5813055129,1876894387,7
5813055129,1876898200,5
5813055129,1876902545,5
5813055129,1877939213,4
5813055129,1878271377,7
5813055129,1907156409,6
5813055129,1907519001,10
5813055129,1907584319,4
5813055129,1907587934,6
5813055129,1907924777,5
5813055129,1936848448,3
5813055129,1938541380,3
5813055129,1998922583,4
5813055129,2307027729,36
5813055129,5812993692,4
5813055129,5813023322,7
5813055129,5813024015,35
5813055129,5813061197,3
5813055129,5813075607,5
5813055495,2064040127,3
5813055495,5813050455,5
5813055495,5813069528,4
5813055495,789636635,4
5813056280,1016749264,3
5813056280,1016753670,3
5813056280,1017781118,4
5813056280,1017797863,6
5813056280,1047119615,5
5813056280,1047784012,6
5813056280,1079855015,3
5813056280,1440252127,5
5813056280,1783362106,3
5813056280,861242399,5
5813056280,892277790,3
5813056280,985377724,4
5813056280,986763734,8
5813056439,1100404634,4
5813056439,1780366362,3
5813056439,1811392834,3
5813056439,5812997231,7
5813056453,1158187240,4
5813056453,1158191887,4
5813056453,1189559257,5
5813056453,1201227074,3
5813056453,1218901359,3
5813056453,1221289185,6
5813056453,1232607449,8
5813056453,1262994911,4
5813056453,1263331517,4
5813056453,1263642185,3
5813056453,1263663953,4
5813056453,1263668331,3
5813056453,1281324958,13
5813056453,1294362042,3
5813056453,1294366310,3
5813056453,1352684733,3
5813056453,5812988128,3
5813056453,5812988514,3
5813056453,5812989593,4
5813056453,5813038196,9
5813056453,5813038197,4
5813056453,5813050102,5
5813056453,5813060834,4
5813056453,5813067943,8
5813056453,924348411,3
5813056615,1100404581,3
5813056615,1100404634,5
5813056618,1006984280,4
5813056618,1777983454,3
5813056618,1872762831,3
5813056618,1932708720,3
5813056618,5812994863,3
5813056671,1189227147,4
5813056671,1189904590,3
5813056671,1561304414,3
5813056671,1563436471,3
5813056671,1566173885,3
5813056671,1566851927,4
5813056671,1594126047,5
5813056671,1594812379,4
5813056671,5812992814,3
5813056671,5813068748,3
5813058307,1136744536,3
5813058307,1166756335,5
5813058307,1535769552,5
5813058307,892613686,4
5813058307,892623020,4
5813058307,892959608,3
5813058307,892963681,3
5813058307,892964102,6
5813058307,893305416,5
5813058307,893642012,3
5813058307,923303392,3
5813058307,925021558,3
5813060163,1158877703,3
5813060163,1221285175,3
5813060163,1345079276,3
5813060163,1435822283,3
5813060163,1466844031,6
5813060163,1622360309,3
5813060163,1629163100,5
5813060163,1654413566,3
5813060163,1690917721,3
5813060163,1753670596,3
5813060163,1779567374,3
5813060163,1814410124,3
5813060163,1817790222,3
5813060163,1974682390,3
5813060163,5812992468,4
5813060163,5812993994,4
5813060340,1220270134,3
5813060340,1319911391,3
5813060340,1504096262,3
5813060340,1504423804,3
5813060340,1504428057,3
5813060340,1532060472,4
5813060340,1717562249,3
5813060340,1813732543,5
5813060340,1872396010,3
5813060340,5813069020,3
5813060834,1158187240,6
5813060834,1158191887,12
5813060834,1198818551,4
5813060834,1221289185,8
5813060834,1232603386,3
5813060834,1232607449,3
5813060834,1263331517,5
5813060834,1263668331,3
5813060834,1281324958,6
5813060834,1294362042,4
5813060834,1352684733,9
5813060834,1625800608,3
5813060834,1656834653,3
5813060834,5812988098,3
5813060834,5812988128,3
5813060834,5812988532,3
5813060834,5813038196,4
5813060834,5813038197,6
5813060834,5813038198,5
5813060834,5813050102,3
5813060834,5813056453,5
5813060840,1169492931,4
5813060840,1252337419,3
5813060840,1282844980,6
5813060840,1312368829,7
5813060840,1322626125,4
5813060840,1342704830,4
5813060840,1374784418,3
5813060840,1377841477,5
5813060840,1379549812,8
5813060840,1468230494,4
5813060840,1562712175,3
5813060840,5812992408,10
5813060840,5813031359,3
5813061197,1158187240,5
5813061197,1158191887,4
5813061197,1255405703,4
5813061197,1281324958,38
5813061197,1405231475,63
5813061197,1466861327,4
5813061197,1471601440,3
5813061197,1498574596,10
5813061197,1562673627,3
5813061197,1565846637,20
5813061197,1590979045,3
5813061197,1621357756,4
5813061197,1625080038,3
5813061197,1715459859,11
5813061197,1809264255,5
5813061197,1906159299,6
5813061197,1907578957,4
5813061197,2215161310,4
5813061197,2307027729,25
5813061197,5812998136,3
5813061197,5813024015,20
5813061197,5813055129,4
5813061197,5813069053,9
5813061218,1049510640,3
5813061218,1100900138,3
5813061218,1110566098,3
5813061218,1111243796,3
5813061218,1138807924,3
5813061218,1190591244,3
5813061218,1222302866,4
5813061218,1252337419,13
5813061218,1260192984,4
5813061218,1282844980,8
5813061218,1285849916,11
5813061218,1288897930,3
5813061218,1289229700,5
5813061218,1351623779,3
5813061218,1377841477,15
5813061218,1466516076,7
5813061218,1500020379,4
5813061218,1507445759,7
5813061218,1591704108,4
5813061218,1654525956,3
5813061218,1683440362,4
5813061218,1745510607,4
5813061218,1874782886,4
5813061218,2246861609,3
5813061218,5812989300,9
5813061218,5812989550,3
5813061218,5812989784,3
5813061218,5813033971,16
5813061218,5813109987,3
5813061218,7112579856,4
5813061735,1722337568,3
5813061735,1968889019,3
5813061735,5812996595,4
5813062009,1199496144,4
5813062009,1229507904,8
5813062009,1262994911,8
5813062009,1263331517,5
5813062009,1293006629,4
5813062009,1294366310,3
5813062009,1352684733,11
5813062009,5812989120,7
5813062009,5813038293,4
5813062096,1100404634,11
5813062096,1563364112,4
5813062096,1810986443,3
5813062096,1845431908,4
5813062096,5812990726,3
5813062654,1718863441,3
5813062654,1783025171,3
5813062654,1785408640,3
5813062654,1815769521,3
5813062654,1934470099,3
5813062722,1100404581,3
5813062722,5813024808,4
5813062722,5813024813,3
5813062734,1100404634,5
5813062734,1781044541,4
5813062734,5812997060,3
5813062734,5813046028,4
5813067943,1199496144,6
5813067943,1201227074,4
5813067943,1232288020,5
5813067943,1232607449,5
5813067943,1260879515,3
5813067943,1262994911,5
5813067943,1263642185,3
5813067943,1263668551,11
5813067943,1293006629,5
5813067943,1294366310,6
5813067943,5812988128,3
5813067943,5812988514,4
5813067943,5812988569,8
5813067943,5812989105,3
5813067943,5812989120,3
5813067943,5812989593,4
5813067943,5813038196,4
5813067943,5813038293,8
5813067943,5813056453,3
5813067943,5901215446,4
5813068147,1406583670,9
5813068147,1777620290,3
5813068239,1221285175,4
5813068239,1534694621,3
5813068239,1561301125,3
5813068239,1656834653,5
5813068239,1689187126,5
5813068239,1750251452,3
5813068239,1808241116,3
5813068239,1814729223,3
5813068239,1817449229,3
5813068239,1817790409,4
5813068239,1818473569,6
5813068239,1848143184,3
5813068239,1848151877,3
5813068239,1848824817,3
5813068239,1876820783,5
5813068239,1878845226,3
5813068615,1100404634,21
5813068615,1466998977,3
5813068615,1501664809,8
5813068615,1563364112,3
5813068615,1657940629,5
5813068615,1658290299,3
5813068615,1688302103,3
5813068615,1719332432,4
5813068615,1719569268,4
5813068615,5812994939,3
5813068615,5813062096,4
5813068748,1501664753,3
5813068748,1690902029,6
5813068748,2181730644,3
5813068748,5812990925,4
5813069020,1261229600,35
5813069020,5812991476,57
5813069046,1159555822,17
5813069046,1189230326,4
5813069046,1261229600,3
5813069046,1404446113,3
5813069046,1407873674,3
5813069046,1469269528,9
5813069046,1469947367,6
5813069046,1565846637,35
5813069046,1658643766,10
5813069046,1690011290,3
5813069046,1690015835,4
5813069046,1749275570,6
5813069046,1781328716,3
5813069046,1781674298,13
5813069046,1783068831,17
5813069046,1813399871,4
5813069046,1843744231,7
5813069046,1966864706,7
5813069046,2059295981,3
5813069046,5812994062,6
5813069046,5812994826,8
5813069046,5812998137,9
5813069046,5812999862,6
5813069046,5813023322,8
5813069046,5813038319,3
5813069046,5813038998,9
5813069046,5813042873,3
5813069046,5813045792,4
5813069046,5813047992,6
5813069046,5813055080,7
5813069053,1221285128,4
5813069053,1232607449,3
5813069053,1281303666,7
5813069053,1281324958,53
5813069053,1405231475,48
5813069053,1498574596,6
5813069053,1562673627,4
5813069053,1565846637,17
5813069053,1621357756,6
5813069053,1625080038,9
5813069053,1715459859,8
5813069053,1749258134,5
5813069053,1781268241,5
5813069053,1782668028,3
5813069053,1839288696,8
5813069053,1840636280,6
5813069053,1845078711,3
5813069053,1874035952,8
5813069053,1877217777,3
5813069053,1877939213,5
5813069053,1907169406,4
5813069053,1907519001,5
5813069053,1907578957,7
5813069053,1937875810,3
5813069053,1998922583,6
5813069053,2307027729,32
5813069053,5813024015,27
5813069053,5813061197,11
5813069053,5901215446,5
5813069377,1100404581,4
5813069377,1251287671,3
5813069377,1281324958,8
5813069377,1405231475,75
5813069377,1438524573,3
5813069377,1466998977,5
5813069377,1565846637,13
5813069377,1625080038,5
5813069377,1715459859,5
5813069377,1781268241,7
5813069377,1810956698,3
5813069377,1876471221,7
5813069377,1877939213,4
5813069377,1906496111,6
5813069377,1907510214,16
5813069377,1907571222,3
5813069377,1907574944,5
5813069377,1936848448,5
5813069377,1937875810,3
5813069377,2307027729,28
5813069377,5813023322,6
5813069377,5813024015,26
5813069377,5813055129,3
5813069377,5813069053,3
5813069377,5901215446,5
5813069528,1507933560,8
5813069528,1654525956,14
5813069528,731736853,11
5813075607,1189559257,4
5813075607,1281303666,4
5813075607,1281324958,34
5813075607,1377845289,3
5813075607,1405231475,34
5813075607,1405780725,4
5813075607,1438524573,5
5813075607,1466861327,4
5813075607,1466998977,12
5813075607,1471601440,3
5813075607,1503999967,6
5813075607,1565846637,16
5813075607,1590979045,3
5813075607,1627117134,4
5813075607,1749258134,3
5813075607,1782668028,4
5813075607,1815070402,8
5813075607,1876471221,5
5813075607,1907519001,5
5813075607,1907584319,6
5813075607,1907587934,3
5813075607,1907933561,3
5813075607,1936848448,6
5813075607,1938207942,5
5813075607,1938544937,3
5813075607,2121711447,4
5813075607,2215161310,4
5813075607,2307027729,47
5813075607,5813023322,5
5813075607,5813024015,40
5813075607,5813055129,3
5813075607,5901215446,3
5813075754,1047106475,3
5813075754,1534721340,4
5813075754,1597157083,5
5813075754,5813022538,3
5813075754,5813054443,3
5813075754,5901217539,4
5813075792,1534107181,3
5813075792,1534784712,3
5813076492,1190250299,6
5813076492,1221280490,3
5813076492,1347812305,3
5813076492,1435822283,3
5813076492,1466844031,3
5813076492,1563355501,4
5813076492,1655474822,5
5813076492,1808241116,3
5813076492,1812696567,3
5813076492,1817448659,5
5813076492,1817799390,3
5813076492,1847810811,3
5813076492,1848156241,3
5813076492,1848837843,3
5813076492,1849161220,3
5813076492,1849520324,4
5813076492,1878845226,3
5813076492,1880209425,3
5813076492,5812998833,4
5813076492,5813039410,3
5813077658,1016749259,3
5813077658,1198818551,4
5813077658,1201227074,4
5813077658,1221285128,3
5813077658,1224560577,4
5813077658,1232266303,4
5813077658,1232288020,5
5813077658,1232603375,3
5813077658,1232607449,4
5813077658,1262654129,7
5813077658,1262990404,3
5813077658,1263663953,4
5813077658,1263663980,3
5813077658,1352684733,5
5813077658,1533036404,3
5813077658,1595106149,8
5813077658,1810956698,4
5813077658,1874035952,8
5813077658,1907510214,3
5813077658,1907584319,4
5813077658,5812988128,4
5813077658,5812988132,3
5813077658,5812988569,4
5813077658,5812988573,4
5813077658,5813038196,4
5813077658,5813038202,6
5813077658,5813038203,4
5813077658,5813044882,3
5813077658,5813067943,4
5813077658,986763734,5
5813077658,987104744,3
5813077663,1200541165,3
5813077663,1201231816,4
5813077663,1229162353,4
5813077663,1229162381,5
5813077663,1232266303,4
5813077663,1260879515,4
5813077663,1263327214,4
5813077663,1263663980,3
5813077663,1263996477,4
5813077663,1352684733,4
5813077663,5812988132,4
5813077663,5812988137,10
5813077663,5812989059,4
5813077663,5813016577,3
5813077663,5813038203,6
5813077663,5813054032,4
5813078183,1438304347,3
5813078183,2154442557,3
5813078183,731736853,3
5813078261,1006984280,13
5813078261,1100404581,4
5813078261,1100404634,6
5813078261,1285849916,4
5813078261,1379907704,3
5813078261,1503042472,4
5813078261,1783362106,3
5813078261,1876105544,5
5813078261,2154767014,6
5813078261,5812996568,3
5813078261,5813026936,4
5813078261,892609630,3
5813078261,918529614,3
5813078658,1220270134,3
5813078658,1536793384,3
5813079014,1284394253,6
5813079014,1383633527,3
5813079014,1440252127,5
5813079014,1783362106,4
5813079014,5812987740,3
5813079014,5813031440,4
5813079014,5813048451,4
5813079014,5813048452,5
5813079014,861229045,3
5813079014,861242399,3
5813079014,861574669,4
5813079014,862615150,4
5813079014,891927484,5
5813079014,891927728,3
5813079014,891927839,8
5813079014,892259847,3
5813079014,892268119,3
5813079014,892600621,7
5813079014,892609630,6
5813079014,918529614,7
5813079585,1006984280,10
5813079585,1100404634,34
5813079585,1440566287,8
5813079585,1565846637,11
5813079585,1596199055,6
5813081845,1080528656,3
5813081845,1080537421,3
5813081845,1080541849,3
5813081845,1111576163,3
5813081845,862615150,16
5813081845,892259847,20
5813082111,1100404634,4
5813085201,1408966145,3
5813085201,1813727537,4
5813085201,5812990678,5
5813085201,5813016911,4
5813085201,5813033809,4
5813087952,1047780090,4
5813087952,1167429808,6
5813087952,1285849916,5
5813087952,862615150,7
5813087952,892259847,11
5813087952,985722546,8
5813087952,987424042,4
5813089462,1100404634,9
5813089462,1565846637,5
5813089462,5812997213,3
5813090856,1198477582,3
5813090856,1230190149,3
5813090856,1720950695,4
5813090856,5813023322,9
5813095193,1006984280,21
5813095193,1467357251,3
5813096626,1629206279,3
5813102910,1376234554,4
5813102910,1406928592,4
5813102910,1407269350,3
5813102910,1438304143,3
5813102910,1468998393,3
5813102910,1499683287,4
5813102910,1500024261,6
5813102910,1500028932,4
5813102910,1529933124,3
5813102910,1624418395,3
5813102910,1749236368,4
5813102910,1873086684,3
5813102910,1933433614,4
5813102910,5812991436,4
5813102910,5812996576,3
5813102910,5813014491,4
5813102910,5813068748,5
5813102910,731736853,4
5813107445,1753359080,3
5813107445,1753359129,4
5813107445,1753695182,3
5813107445,1753695251,3
5813107445,1785408640,3
5813107445,1815769521,4
5813107445,1846135022,3
5813107445,1907518969,3
5813107445,5812983999,5
5813109987,1080537608,3
5813109987,1200523569,5
5813109987,1625804774,3
5813131327,5813031440,3
5813131327,862615150,3
5813131327,891936249,4
5813131327,892259847,5
5813131327,892609615,4
5813131327,892623020,3
5813131327,892958763,5
5813131327,892959608,5
5813131327,893642012,6
5813131327,923644961,3
5813131327,923648748,8
5813133779,1289229572,3
5813133779,1289229700,4
5813133779,1289233753,3
5813133779,1319251041,3
5813133779,1319583148,3
5813133779,1319591563,3
5813133779,1319932206,4
5813133779,1350626363,3
5813133779,5812991476,4
5901118359,1137763222,4
5901118359,1352598905,3
5901118359,5813031440,4
5901118359,861229030,3
5901118359,892259847,5
5901118359,892268510,3
5901196898,1006984280,9
5901196898,1048492326,4
5901196898,1100404581,15
5901196898,1100404634,13
5901196898,1466998977,7
5901196898,1562785146,4
5901196898,1563467433,4
5901196898,1565846637,16
5901196898,1624747496,4
5901196898,1626909735,4
5901196898,1658290299,5
5901196898,1810986443,3
5901196898,1813732543,3
5901196898,5812991470,12
5901196898,5812991476,4
5901196898,5812997245,4
5901196898,5813069020,8
5901197740,1720950695,3
5901199267,2181730644,7
5901199267,789636635,13
5901200775,1262602271,3
5901200775,1444351896,5
5901200775,1563372679,3
5901200775,5813054443,3
5901202018,1438300417,3
5901202018,1469331067,4
5901202018,2090681039,4
5901202018,2309297730,4
5901202018,5812991436,4
5901202018,5813102910,4
5901202018,731736853,5
5901203099,1656834849,3
5901203099,1753359145,4
5901203099,1753359328,3
5901203099,1753695569,3
5901203099,1754374486,3
5901203642,1690598004,3
5901203642,1753359328,3
5901203642,1754028266,4
5901203642,1754374486,3
5901203642,1785067268,3
5901203642,1785067611,3
5901205003,1100404634,4
5901207252,1262602271,3
5901207252,1377841477,3
5901207252,1629206279,4
5901207252,1782321284,4
5901207252,2181730644,3
5901207252,544038294,3
5901207252,5901217539,3
5901207252,789636635,11
5901211214,1689242749,4
5901211214,1783348805,5
5901214470,1040013335,3
5901214470,1282007450,9
5901214470,1352684733,6
5901214470,1405231475,10
5901214470,1407179534,3
5901214470,1438908304,7
5901214470,1438912593,4
5901214470,1467548306,4
5901214470,1500598873,3
5901214470,1530636214,10
5901214470,1533683889,3
5901214470,1627131491,5
5901214470,1682707330,3
5901214470,1691259738,4
5901214470,1716496582,3
5901214470,1719225241,5
5901214470,1719595635,5
5901214470,1782364786,4
5901214470,1782369015,7
5901214470,1783051753,4
5901214470,1809614687,5
5901214470,1813403998,3
5901214470,1814780768,5
5901214470,1814781537,6
5901214470,1814781628,4
5901214470,1814781633,9
5901214470,1815126312,3
5901214470,1815126433,3
5901214470,1815471919,3
5901214470,1815480848,6
5901214470,1815809293,3
5901214470,1845449270,5
5901214470,1872033743,4
5901214470,1938195143,4
5901214470,2307027729,19
5901214470,5813023322,8
5901214470,5813046478,4
5901214470,5813050827,3
5901214649,1411250251,6
5901214649,1567107667,4
5901215446,1158864995,4
5901215446,1189559257,4
5901215446,1281324958,25
5901215446,1405231475,48
5901215446,1405780725,3
5901215446,1466998977,10
5901215446,1471601440,4
5901215446,1562673627,5
5901215446,1565846637,15
5901215446,1590979045,3
5901215446,1625080038,5
5901215446,1688505620,3
5901215446,1715459859,5
5901215446,1749258134,5
5901215446,1782668028,5
5901215446,1840636280,4
5901215446,1845078711,5
5901215446,1876898200,3
5901215446,1877217777,4
5901215446,1878271377,5
5901215446,1906496111,6
5901215446,1907510214,3
5901215446,1907571222,4
5901215446,1907924777,3
5901215446,1907933561,3
5901215446,1908226457,4
5901215446,1936848448,4
5901215446,1937875810,3
5901215446,1938541380,3
5901215446,1938544937,6
5901215446,1998922583,3
5901215446,2307027729,41
5901215446,5813023322,4
5901215446,5813024015,32
5901215446,5813055129,4
5901215446,5813069053,4
5901215446,5813075607,3
5901217539,1079143870,3
5901217539,1128572709,6
5901217539,1262602271,7
5901217539,1408880450,5
5901217539,1418186940,17
5901217539,1444351896,5
5901217539,1470950640,3
5901217539,1566799785,6
5901217539,1597493900,3
5901217539,5812989312,6
5901217539,5813022538,8
5901217539,789636635,4
5901226269,1352684733,9
5901226269,1403392477,3
5901226269,1405231475,17
5901226269,1437850908,5
5901226269,1530636214,3
5901226269,1751329909,4
5901226269,1751670748,4
5901226269,1753674977,3
5901226269,1782369015,4
5901226269,1782369340,3
5901226269,1782369359,8
5901226269,1813403869,3
5901226269,1813403998,3
5901226269,1814414329,3
5901226269,1814422650,4
5901226269,1844750081,3
5901226269,1877217777,3
5901226269,1938544937,4
5901226269,2307027729,8
5901226269,5813023322,9
5901226269,5813034151,3
5901226269,5813038821,3
639905310,5813013882,3
639905310,5813069528,3
666843764,2033010036,3
676504624,1128572709,6
676504624,1142598324,4
676504624,1198132041,44
676504624,1221983537,3
676504624,1260197510,8
676504624,1263646693,7
676504624,1282348408,10
676504624,1285750483,4
676504624,1288267063,4
676504624,1291573712,5
676504624,1295035551,17
676504624,1441590591,4
676504624,1444351896,56
676504624,1467987587,4
676504624,1501980151,11
676504624,1562712175,3
676504624,1718227906,7
676504624,1754348495,3
676504624,1816754260,8
676504624,5813002071,8
676504624,5813016056,6
676504624,5813022538,3
7112579856,1200541193,3
7112579856,1261229600,3
7112579856,1343395439,12
7112579856,1374784418,5
7112579856,1404778340,3
7112579856,1405824057,3
7112579856,1406147470,7
7112579856,1434798670,12
7112579856,1528253194,6
7112579856,1562689878,3
7112579856,1624074309,5
730618686,5813069528,5
730618686,892259847,3
731736853,1110536002,18
731736853,1222302866,3
731736853,1251654856,4
731736853,1255138222,4
731736853,1257163007,3
731736853,1260192984,6
731736853,1285750483,8
731736853,1287865184,3
731736853,1290209390,52
731736853,1376485417,13
731736853,1378860414,11
731736853,1470996844,5
731736853,1472996209,3
731736853,1502304455,3
731736853,1655497024,3
731736853,1690902029,3
731736853,1723325346,3
731736853,1783362106,11
731736853,1870993614,8
731736853,1904117126,7
731736853,2027880999,3
731736853,2063013720,20
731736853,2279282060,4
731736853,5813038156,3
731736853,5813048268,3
731736853,852738570,5
731736853,892609630,10
731736853,918529614,14
770249286,1049839301,3
770249286,1110885663,4
770249286,1111244201,5
770249286,1136399018,4
770249286,1198132022,5
770249286,1198468674,5
770249286,1319246910,3
770249286,1378587904,4
770249286,1408612051,3
770249286,1467987587,4
770249286,1501640127,3
770249286,1597157083,4
770249286,1628869271,3
770249286,1688302103,3
770249286,1688526691,3
770249286,1720226812,4
770249286,1782992460,4
770249286,1783000305,6
770249286,1810645950,8
770249286,1810986443,5
770249286,1815471919,3
770249286,1845431908,8
770249286,1874782886,5
770249286,1876466986,3
770249286,1907501440,6
770249286,1935821486,5
770249286,1938175243,3
770249286,1968215498,7
770249286,1968877434,3
770249286,2031279383,5
770249286,2032664066,5
770249286,5812990726,6
770249286,5812999543,3
770249286,5813016650,4
770249286,5813054443,7
770249286,5813062096,3
770249286,789636635,8
770249286,925008566,4
770249286,987424258,3
788565050,1136399018,3
788565050,1261902687,3
788565050,1377841477,6
788565050,5813054748,3
788565050,987424258,3
789636635,1192434435,3
789636635,1261229600,7
789636635,1261902687,5
789636635,1291569166,7
789636635,1344509330,5
789636635,1376485417,4
789636635,1377841477,8
789636635,1469278367,4
789636635,1503754316,3
789636635,1504092028,4
789636635,1623081361,4
789636635,1629206279,64
789636635,1657539428,3
789636635,1658290299,3
789636635,1660241426,4
789636635,1685147024,5
789636635,1692627340,41
789636635,1723325346,6
789636635,1810645950,3
789636635,1810986443,4
789636635,1813728233,7
789636635,1846113980,5
789636635,1874782886,3
789636635,1876125353,5
789636635,1876466986,6
789636635,1877152860,4
789636635,1904117126,3
789636635,1907501440,3
789636635,1966174797,8
789636635,1969230358,3
789636635,2063013720,6
789636635,2064040033,6
789636635,2064040127,18
789636635,2089653445,5
789636635,2185822630,3
789636635,2186155295,4
789636635,2276540626,4
789636635,2403063724,4
789636635,544038294,11
789636635,5812990726,6
789636635,5813054534,5
789636635,5813055495,40
789636635,5813069528,7
789636635,5901207252,10
789636635,852738570,10
789636635,914100101,4
826784485,1629206279,4
826784485,980598738,6
852724544,1808949598,3
852724544,1811306906,4
852738570,1285849916,6
852738570,1783362106,4
852738570,5813023434,7
857456902,1723325346,4
857456902,5813050455,14
860892302,1076724887,3
860892302,861224611,8
860892302,861233174,5
860892302,861233221,9
860892302,891582338,4
860892302,892255086,12
860892302,892255122,3
860892302,985347040,4
860896673,1137763222,6
860896673,1379907704,10
860896673,5812990315,3
860896673,5813047637,3
860896673,5813079014,3
860896673,861229030,6
860896673,861229045,3
860896673,861574669,3
860896673,862256868,3
860896673,862265490,4
860896673,891927673,3
860896673,891927839,7
860896673,892600621,5
860896673,892609630,7
860896673,918529614,6
861224611,1076724887,3
861224611,5813048447,3
861224611,860892302,5
861224611,861233174,4
861224611,861565546,5
861224611,892255086,5
861224611,985347040,4
861224611,985347061,4
861229018,1076724887,5
861229018,5812990315,3
861229018,5813047637,3
861229018,891586904,5
861229018,891918523,3
861229018,891918572,3
861229018,892259523,3
861229030,5813047637,3
861229030,860896673,5
861229030,861229045,4
861229030,861242399,12
861229030,861574669,10
861229030,891922783,4
861229030,891922927,5
861229030,891927673,3
861229030,892600723,3
861229045,5813048450,3
861229045,860896673,9
861229045,861229030,5
861229045,861242399,9
861229045,861574669,7
861229045,891918523,4
861229045,892600621,6
861229045,892600723,3
861229045,918529614,3
861233174,5813048447,7
861233174,860892302,3
861233174,861224611,3
861233174,861229045,3
861233174,861233221,4
861233174,861565546,9
861233174,861570090,7
861233174,891918523,7
861233174,892255086,4
861233174,985347040,6
861233174,985347061,7
861233221,5813047637,3
861233221,5813048447,9
861233221,860892302,8
861233221,861233174,10
861233221,861233292,6
861233221,861565546,3
861233221,861570090,20
861233221,862252074,6
861233221,891582338,7
861233221,892255122,5
861233221,892600723,3
861233221,985347061,4
861233292,5812990315,4
861233292,5813079014,3
861233292,860896673,7
861233292,861229045,3
861233292,861574292,7
861233292,861574362,3
861233292,861578690,3
861233292,861915698,3
861233292,862252074,6
861233292,862265490,7
861233292,892259609,4
861233303,1284394253,3
861233303,861920007,11
861233303,891922783,4
861233303,892268510,3
861233303,892268553,3
861242399,1259856448,3
861242399,1282348408,3
861242399,1408880450,4
861242399,1533040839,4
861242399,1533063011,3
861242399,5812989312,9
861242399,5813041801,3
861242399,5813044940,7
861242399,5813048451,4
861242399,5813054748,3
861242399,861920007,3
861242399,891927484,4
861242399,892277790,3
861565546,1076724887,3
861565546,5813048447,7
861565546,860892302,4
861565546,861229030,3
861565546,861233174,11
861565546,861570090,6
861565546,891918523,4
861565546,892255086,4
861565546,892259523,6
861565546,985347040,3
861565546,985347061,5
861570090,5812990315,3
861570090,5813048447,5
861570090,861229045,4
861570090,861233174,5
861570090,861233221,9
861570090,861233292,3
861570090,861565546,4
861570090,862252074,11
861570090,892600723,3
861574292,1137763222,3
861574292,1321222721,3
861574292,861229045,3
861574292,861233292,10
861574292,861574362,4
861574292,861578690,10
861574292,861579069,4
861574292,861915698,6
861574292,862252074,4
861574292,862265490,9
861574292,891582338,4
861574362,5813015764,4
861574362,5813048268,3
861574362,862265490,10
861574362,891923486,3
861574362,892259847,3
861574362,893628094,5
861574640,1440252127,7
861574640,1783362106,3
861574640,5812987709,7
861574640,861242399,5
861574640,892277790,4
861574640,892600621,3
861574640,892609630,5
861574640,892622947,3
861574640,892963919,4
861574640,892964102,3
861574640,892968554,3
861574640,892968637,3
861574640,923636089,3
861574640,923994365,3
861574640,923994401,7
861574640,925021558,5
861574640,954342682,7
861574640,954692704,6
861574640,955029299,6
861574640,955378609,4
861574669,1352598905,3
861574669,5813048451,4
861574669,5813079014,5
861574669,861229030,7
861574669,861229045,5
861574669,861233303,3
861574669,861242399,14
861574669,891922783,3
861574669,892268119,5
861574669,892600621,3
861578690,1197791057,3
861578690,5813015764,18
861578690,5813016041,3
861578690,5813048451,3
861578690,861233292,5
861578690,861574292,7
861578690,861574362,3
861578690,861579069,9
861578690,861915698,4
861578690,861920004,12
861578690,862256868,4
861578690,862265490,17
861578690,891927673,5
861578690,892259609,3
861578690,892259847,4
861578690,892604992,6
861578690,893628094,3
861578964,1136744536,4
861578964,1352598905,8
861578964,5812987740,3
861578964,5812990315,5
861578964,5813015763,5
861578964,5813016076,3
861578964,5813031440,3
861578964,5813047637,9
861578964,5813048451,7
861578964,5813048452,6
861578964,5813058307,3
861578964,861229030,6
861578964,861229045,11
861578964,861242399,13
861578964,861574669,6
861578964,862265699,4
861578964,862610554,3
861578964,891922927,3
861578964,891927484,10
861578964,891927728,4
861578964,891927839,5
861578964,891935748,7
861578964,891936249,9
861578964,892268119,7
861578964,892268510,3
861578964,892277790,5
861578964,892600621,5
861578964,892600723,6
861578964,892609630,3
861578964,892613686,4
861578964,892623020,4
861578964,892959608,3
861578964,893287520,3
861579069,1321222721,3
861579069,2283671710,4
861579069,5813048268,5
861579069,861574362,3
861579069,862615150,4
861579069,892259847,6
861583357,5812987740,7
861583357,5813014401,5
861583357,5813048450,9
861583357,861229030,3
861583357,861578964,4
861583357,861588280,4
861583357,861920007,9
861583357,891922783,6
861583357,891922927,3
861583357,891927728,3
861583357,891936249,3
861583357,892268510,4
861583357,892281819,3
861583357,892613686,3
861583398,1284394253,7
861583398,5812987740,3
861583398,861242399,7
861583398,861588280,6
861583398,891927484,3
861583398,892277790,9
861583398,892600621,3
861583398,892623020,5
861583398,892959608,6
861583398,892963681,5
861583398,892963919,5
861583398,892968637,3
861583398,893305416,7
861583398,923303392,3
861583398,923657277,3
861588280,1284394253,9
861588280,1440252127,4
861588280,5813048451,4
861588280,861583398,5
861588280,891927484,5
861588280,892268510,13
861588280,892268553,4
861588280,892277790,6
861915698,2283671710,4
861915698,5813048268,7
861915698,862256868,3
861915698,862265490,8
861915698,893628094,3
861915746,1783362106,5
861915746,5813048268,7
861915746,861920004,8
861915746,862265490,12
861915746,862265735,10
861915746,862269552,19
861915746,862615150,8
861915746,891927673,3
861915746,892259847,3
861915746,892609615,3
861915746,892963477,9
861915746,892963681,3
861915746,893642012,3
861915746,923648748,4
861915746,925004416,4
861920004,5813015764,5
861920004,5813016041,6
861920004,770249286,3
861920004,861578690,8
861920004,861915746,17
861920004,862265490,23
861920004,862269552,5
861920004,862602167,3
861920004,862606678,6
861920004,862615150,3
861920004,891927673,8
861920004,892259847,5
861920004,892268282,9
861920004,892604992,12
861920004,893628094,9
861920004,893632417,8
861920007,1284394253,10
861920007,5813048451,7
861920007,861242399,4
861920007,861583357,3
861920007,861588280,3
861920007,891927484,3
861920007,891927728,10
861920007,892277790,4
861920107,5813047637,3
861920107,861574669,4
861920107,861583357,3
861920107,891922783,7
861920141,5813047637,3
861920141,5813048450,4
861920141,5813048451,5
861920141,861229030,3
861920141,861229045,4
861920141,861578964,5
861920141,861920107,4
861920141,891927484,7
861920141,891927728,3
861920141,891931735,3
861920141,891935748,3
861920141,892268510,4
861920141,893637097,3
861920141,893645771,4
861920141,923640363,3
862252074,1783362106,4
862252074,5813048447,3
862252074,861229030,4
862252074,861233292,8
862252074,861570090,6
862252074,861574292,4
862252074,861574362,3
862252074,861578690,5
862252074,891586904,3
862252074,892259609,5
862252074,892600723,3
862256868,1321222721,4
862256868,5813048268,7
862256868,861579069,3
862256868,861915698,3
862256868,862265490,7
862256868,862615150,5
862256868,892259847,6
862265490,1016403512,8
862265490,1016403672,4
862265490,1017094185,3
862265490,1017448980,8
862265490,1018458715,3
862265490,1018804242,4
862265490,1047780090,11
862265490,1048125254,3
862265490,1048470473,5
862265490,1078111105,15
862265490,1079522281,3
862265490,1080519686,3
862265490,1080532771,4
862265490,1080537421,4
862265490,1080878335,6
862265490,1107764430,3
862265490,1110536002,11
862265490,1110885663,4
862265490,1111217863,3
862265490,1136399018,9
862265490,1167429808,10
862265490,1197791057,7
862265490,1198468674,5
862265490,1661588290,6
862265490,1692614515,4
862265490,2088971332,4
862265490,2283671710,4
862265490,5812990315,4
862265490,5813015764,13
862265490,5813016041,7
862265490,5813016057,4
862265490,5813048447,3
862265490,5813050604,8
862265490,770249286,4
862265490,861233292,8
862265490,861574292,11
862265490,861574362,13
862265490,861578690,18
862265490,861579069,7
862265490,861915698,11
862265490,861915746,12
862265490,861920004,18
862265490,862252074,5
862265490,862256868,11
862265490,862265735,3
862265490,862269552,12
862265490,862602167,7
862265490,862606678,7
862265490,891582338,8
862265490,891918572,5
862265490,892259609,11
862265490,892268282,4
862265490,892277609,4
862265490,892604992,9
862265490,892958763,5
862265490,892959608,5
862265490,892963332,3
862265490,892963477,7
862265490,892963681,4
862265490,893632417,4
862265490,923644961,4
862265490,923648748,5
862265490,923977051,7
862265490,923994365,5
862265490,923998505,6
862265490,924326157,3
862265490,924326233,3
862265490,925003837,11
862265490,925004416,6
862265490,925344753,6
862265490,955020637,11
862265490,955024729,8
862265490,955365353,15
862265490,955374862,12
862265490,955702120,6
862265490,956060536,3
862265490,956384643,5
862265490,985710145,3
862265490,985722546,29
862265490,985722839,3
862265490,985731781,3
862265490,986063833,7
862265490,986396100,10
862265490,986404884,4
862265490,987419139,8
862265490,987419574,5
862265490,987419663,6
862265490,987424042,15
862265490,987424258,8
862265699,5813015763,8
862265699,5813031440,4
862265699,5813048451,3
862265699,5813048452,6
862265699,5813079014,5
862265699,891927484,3
862265699,891927728,4
862265699,891935958,8
862265699,891936249,3
862265699,892268282,3
862265699,892277609,3
862265699,892600621,12
862265699,892609630,7
862265699,918529614,5
862265699,923644961,3
862265735,1379907704,7
862265735,1783362106,10
862265735,5813015763,5
862265735,5813048268,6
862265735,861915746,7
862265735,862265490,3
862265735,862269552,4
862265735,891935958,6
862265735,892609630,3
862265735,892963681,4
862265735,918529614,3
862265735,923648748,6
862269552,5813048268,3
862269552,5813050604,3
862269552,770249286,4
862269552,862265490,16
862269552,862615150,10
862269552,892259847,8
862269552,892963477,5
862269552,893628094,7
862269552,918529614,3
862269552,923648748,4
862602167,1321222721,3
862602167,5813048268,3
862602167,861579069,3
862602167,861915698,7
862602167,861920004,3
862602167,862256868,6
862602167,862265490,13
862602167,862269552,5
862602167,862615150,42
862602167,892259609,3
862602167,892259847,37
862602167,892268282,4
862602167,892604992,3
862602167,893287494,6
862602167,893628094,6
862602167,893633230,3
862602167,925004416,3
862602167,955702120,3
862602167,956384643,4
862606678,862269552,4
862606678,862615150,3
862606678,892259609,4
862606678,892259847,9
862606678,892268282,4
862606678,893287494,3
862606678,893632417,3
862606678,925003837,3
862606678,956384643,4
862610554,1136744594,3
862610554,862615150,17
862610554,891935748,8
862610554,892259847,6
862610554,892609615,6
862610554,892609630,9
862610554,892958763,8
862610554,892959608,4
862610554,893287523,3
862610554,893633230,3
862610554,918529614,3
862610554,923644961,7
862610554,923648748,3
862610554,924326157,3
862610554,955365826,5
862615150,1016403672,8
862615150,1016753670,18
862615150,1016758041,8
862615150,1017090133,3
862615150,1017094185,15
862615150,1017448980,9
862615150,1017781118,10
862615150,1017785388,5
862615150,1017793356,5
862615150,1017802884,7
862615150,1018458715,5
862615150,1018462968,6
862615150,1046734991,10
862615150,1047119615,3
862615150,1048120973,10
862615150,1048470473,7
862615150,1048491559,10
862615150,1048492326,13
862615150,1048492504,4
862615150,1049502699,8
862615150,1077792387,4
862615150,1078111105,3
862615150,1079522281,4
862615150,1079527169,12
862615150,1079855015,13
862615150,1079859469,3
862615150,1080196056,6
862615150,1080200419,6
862615150,1080200438,11
862615150,1080212848,4
862615150,1080213108,4
862615150,1080519686,3
862615150,1080532771,9
862615150,1080537421,10
862615150,1080537608,16
862615150,1080537610,18
862615150,1080541803,7
862615150,1080541849,9
862615150,1107764430,14
862615150,1109194016,12
862615150,1110186452,3
862615150,1110535962,6
862615150,1110536002,3
862615150,1110557531,11
862615150,1110562345,4
862615150,1110566303,3
862615150,1110566383,7
862615150,1110894595,13
862615150,1110903013,6
862615150,1110903093,3
862615150,1111217863,8
862615150,1111243796,6
862615150,1111244083,5
862615150,1111244201,4
862615150,1111248481,7
862615150,1111567676,3
862615150,1111576163,9
862615150,1111580845,3
862615150,1136399018,4
862615150,1136744594,7
862615150,1136744598,3
862615150,1137085385,12
862615150,1137763222,12
862615150,1138117141,9
862615150,1139153107,3
862615150,1139153136,6
862615150,1141601145,5
862615150,1141937695,4
862615150,1142266328,4
862615150,1166756335,6
862615150,1167092919,5
862615150,1167429808,9
862615150,1167433990,3
862615150,1200523569,6
862615150,1228817231,3
862615150,1260192984,3
862615150,1261902687,9
862615150,1321222721,7
862615150,1352598905,10
862615150,1356772884,4
862615150,1377841477,5
862615150,1411262721,7
862615150,1439927802,11
862615150,1469278367,7
862615150,1503331732,4
862615150,1533338992,4
862615150,1599517714,4
862615150,1629206279,6
862615150,1657517242,3
862615150,1661588290,10
862615150,1692614515,5
862615150,1719250390,3
862615150,1872404653,5
862615150,1935821486,5
862615150,2088971332,3
862615150,2185481747,8
862615150,2220920100,8
862615150,2283671710,6
862615150,5812990315,8
862615150,5813015763,3
862615150,5813016041,10
862615150,5813016057,12
862615150,5813016076,4
862615150,5813016650,8
862615150,5813023434,3
862615150,5813031440,12
862615150,5813041801,6
862615150,5813047637,5
862615150,5813048268,3
862615150,5813048452,11
862615150,5813069528,13
862615150,5813079014,3
862615150,5813081845,13
862615150,5813087952,12
862615150,5813131327,3
862615150,860896673,6
862615150,861229045,3
862615150,861574362,4
862615150,861579069,7
862615150,861915698,7
862615150,861920004,3
862615150,862252074,5
862615150,862256868,6
862615150,862265699,6
862615150,862269552,8
862615150,862602167,3
862615150,862610554,4
862615150,891586904,4
862615150,891595069,4
862615150,891918572,4
862615150,891923486,3
862615150,891927839,7
862615150,891935958,6
862615150,891936249,11
862615150,892259847,6
862615150,892268119,4
862615150,892268282,12
862615150,892277609,4
862615150,892277790,3
862615150,892281819,5
862615150,892600723,4
862615150,892604992,7
862615150,892609615,21
862615150,892623020,3
862615150,892958763,12
862615150,892959608,14
862615150,892963477,6
862615150,892963919,3
862615150,893287494,3
862615150,893287523,6
862615150,893305416,4
862615150,893632417,11
862615150,893633230,9
862615150,893642012,12
862615150,923640363,5
862615150,923644961,10
862615150,923648748,16
862615150,923657277,4
862615150,923977051,10
862615150,923994365,5
862615150,924326157,6
862615150,925003837,4
862615150,925008566,3
862615150,925017453,8
862615150,925017553,3
862615150,925021558,7
862615150,954342682,3
862615150,954692704,10
862615150,955020637,6
862615150,955024729,4
862615150,955029299,3
862615150,955365353,22
862615150,955365826,21
862615150,955374862,9
862615150,955715991,12
862615150,956056543,8
862615150,956384643,5
862615150,974839704,9
862615150,985036637,11
862615150,985369220,5
862615150,985386679,8
862615150,985714517,23
862615150,985722546,7
862615150,985731781,19
862615150,986063833,3
862615150,986396100,12
862615150,986404884,12
862615150,986759122,14
862615150,986763451,8
862615150,986763734,4
862615150,987424042,9
862615150,987424258,4
883415496,5813069528,5
883415496,857456902,4
888171826,1198132041,3
888171826,1253821732,3
888171826,1467987587,3
888171826,1629206279,6
888171826,1685555983,3
891582338,1076724887,3
891582338,5812990315,3
891582338,5813048450,3
891582338,860892302,5
891582338,860896673,3
891582338,861233221,7
891582338,861233292,5
891582338,861565546,4
891582338,861574292,4
891582338,862252074,6
891582338,862265490,3
891582338,891918572,5
891582338,892255086,3
891582338,892255122,4
891582338,985347061,14
891586904,861242399,5
891586904,861574669,3
891586904,892600621,5
891586904,892609630,3
891586904,918529614,5
891595069,1136744536,4
891595069,1352598905,3
891595069,5813015763,3
891595069,5813048451,4
891595069,5813079014,4
891595069,891927484,4
891595069,892600621,4
891595069,893305416,3
891595069,955365826,3
891918523,861229030,6
891918523,861233303,3
891918523,891922783,4
891918523,892259523,3
891918572,861233221,4
891918572,861242399,5
891918572,861574292,3
891918572,861915698,4
891918572,862252074,4
891918572,892600621,3
891922783,5813079014,3
891922783,860896673,3
891922783,861242399,10
891922783,861574669,5
891922783,891922927,7
891922927,861574669,5
891922927,892600621,3
891922927,892609630,3
891923486,861579069,4
891923486,862256868,4
891923486,862615150,4
891923486,892259847,3
891923486,893632417,3
891927484,1284394253,3
891927484,5813015763,5
891927484,5813016041,3
891927484,5813048451,6
891927484,5813079014,5
891927484,861242399,15
891927484,862265699,7
891927484,891927728,7
891927484,891935958,3
891927484,891936249,3
891927484,892277790,4
891927484,892600621,7
891927484,892613686,3
891927484,893305416,3
891927484,893642012,6
891927484,923303392,6
891927673,5813016041,4
891927673,5813048268,7
891927673,860896673,6
891927673,861915746,4
891927673,862265490,6
891927673,862615150,3
891927673,891927484,3
891927673,891927839,10
891927673,891935958,6
891927673,892268282,10
891927673,892604992,4
891927673,918529614,6
891927673,956384643,3
891927728,1284394253,8
891927728,1440252127,13
891927728,1535769552,3
891927728,5813015763,4
891927728,5813048451,6
891927728,5813079014,5
891927728,861242399,8
891927728,861920007,5
891927728,862265699,3
891927728,891927484,8
891927728,892277790,3
891927839,1379907704,4
891927839,5813031440,7
891927839,5813048452,5
891927839,5813079014,3
891927839,860896673,7
891927839,861574669,3
891927839,891922783,3
891927839,891927673,8
891927839,891935958,3
891927839,892268282,3
891927839,892600621,9
891927839,892609630,3
891927839,893632417,3
891927839,918529614,3
891931735,861242399,3
891931735,892268510,3
891931735,892277790,7
891935748,1138812529,3
891935748,1352598905,3
891935748,861242399,3
891935748,862610554,7
891935748,862615150,6
891935748,892277790,5
891935748,892600621,5
891935748,892609630,5
891935748,893305416,3
891935748,893642012,3
891935748,923644961,3
891935958,1166756335,3
891935958,1379907704,3
891935958,5813048268,4
891935958,861242399,3
891935958,861583398,4
891935958,861915746,3
891935958,862265699,6
891935958,862265735,3
891935958,862615150,9
891935958,891927839,4
891935958,892259847,8
891935958,892268282,3
891935958,892268553,3
891935958,892600621,4
891935958,892609630,3
891935958,892613686,4
891935958,893632417,4
891935958,893633230,4
891935958,918529614,9
891936249,1379907704,3
891936249,5813131327,5
891936249,862265699,3
891936249,892268510,3
891936249,892600621,13
891936249,892609630,7
891936249,918529614,3
892255086,1076724887,3
892255086,860892302,12
892255086,861224611,5
892255086,861233221,5
892255086,861565546,6
892255086,891582338,4
892255086,892255122,3
892255086,985347061,4
892255122,1321222721,3
892255122,861233292,4
892255122,891582338,5
892259523,5813048447,8
892259523,861229030,6
892259523,861229045,5
892259523,861565546,3
892259523,861570090,3
892259609,861915698,4
892259609,862265490,4
892259847,1016403512,5
892259847,1016753670,6
892259847,1016758041,3
892259847,1017090133,4
892259847,1017094185,10
892259847,1017448980,12
892259847,1017785388,3
892259847,1017789715,3
892259847,1018458566,4
892259847,1018458715,8
892259847,1018462968,6
892259847,1018804242,3
892259847,1046734991,9
892259847,1047779784,6
892259847,1047780090,6
892259847,1048120973,7
892259847,1048470473,3
892259847,1048491559,7
892259847,1048492326,6
892259847,1048492504,3
892259847,1049169888,3
892259847,1049502699,6
892259847,1049838815,7
892259847,1049839301,6
892259847,1077792387,5
892259847,1079522281,8
892259847,1079527169,5
892259847,1079855015,5
892259847,1080196056,7
892259847,1080200419,4
892259847,1080200438,7
892259847,1080213108,5
892259847,1080528656,6
892259847,1080532771,8
892259847,1080537421,9
892259847,1080537608,8
892259847,1080537610,8
892259847,1080541803,3
892259847,1080541849,8
892259847,1080545525,3
892259847,1080878335,5
892259847,1107764430,14
892259847,1109841562,4
892259847,1110536002,5
892259847,1110557531,6
892259847,1110566303,5
892259847,1110566383,3
892259847,1110885663,9
892259847,1110894595,7
892259847,1110903013,6
892259847,1111217863,7
892259847,1111244201,4
892259847,1111248481,4
892259847,1111567676,3
892259847,1111576163,4
892259847,1136740119,6
892259847,1136744594,4
892259847,1137085385,7
892259847,1137763222,6
892259847,1138117141,7
892259847,1138807924,3
892259847,1139153136,3
892259847,1139498661,3
892259847,1141259920,5
892259847,1141937695,4
892259847,1142266328,4
892259847,1167092919,3
892259847,1167429808,9
892259847,1169147605,3
892259847,1198123389,3
892259847,1321222721,11
892259847,1356772884,3
892259847,1375482740,3
892259847,1383633527,5
892259847,1533040625,3
892259847,1657517242,4
892259847,1661588290,5
892259847,2185481747,5
892259847,2283671710,8
892259847,2404108218,3
892259847,5812990315,4
892259847,5813015200,8
892259847,5813015764,7
892259847,5813016041,13
892259847,5813016057,9
892259847,5813016650,3
892259847,5813016652,4
892259847,5813031440,10
892259847,5813048452,5
892259847,5813050604,9
892259847,5813069528,10
892259847,5813081845,11
892259847,5813087952,8
892259847,860896673,6
892259847,861229030,3
892259847,861229045,3
892259847,861574362,5
892259847,861578690,3
892259847,861579069,8
892259847,861915698,4
892259847,861915746,5
892259847,862252074,6
892259847,862256868,10
892259847,862265699,3
892259847,862602167,3
892259847,862610554,4
892259847,862615150,6
892259847,891586904,6
892259847,891918572,3
892259847,891923486,5
892259847,891927673,6
892259847,891927839,3
892259847,891936249,4
892259847,892268282,9
892259847,892273269,4
892259847,892277609,3
892259847,892600723,5
892259847,892604992,8
892259847,892609615,9
892259847,892958763,12
892259847,892959608,3
892259847,892963332,3
892259847,892963477,9
892259847,892963681,4
892259847,893628094,5
892259847,893632417,9
892259847,893633230,7
892259847,893642012,4
892259847,923644961,10
892259847,923648748,14
892259847,923994365,4
892259847,923998505,3
892259847,924326157,8
892259847,924326233,9
892259847,925004416,3
892259847,925008566,3
892259847,925017453,4
892259847,925017553,4
892259847,954692704,7
892259847,955024729,3
892259847,955029299,3
892259847,955365353,17
892259847,955365826,11
892259847,955374862,21
892259847,955698260,8
892259847,955715991,4
892259847,956060536,6
892259847,985036637,3
892259847,985369220,3
892259847,985710145,3
892259847,985714517,12
892259847,985722546,6
892259847,985731781,7
892259847,986063833,7
892259847,986396100,14
892259847,986396204,3
892259847,986404884,12
892259847,986759122,5
892259847,987091864,3
892259847,987419574,4
892259847,987424042,4
892259847,987424258,4
892268119,1352598905,3
892268119,5813048451,3
892268119,5813048452,3
892268119,861242399,5
892268119,861574669,3
892268282,1379907704,11
892268282,1692614515,3
892268282,5813016041,4
892268282,5813048268,8
892268282,770249286,3
892268282,862265490,4
892268282,862265699,3
892268282,862615150,13
892268282,892259847,11
892268282,892604992,3
892268282,892609630,5
892268282,893628094,6
892268282,918529614,6
892268510,861242399,3
892268510,861574669,3
892268510,891927484,3
892268510,891927728,3
892268510,892277790,10
892268553,1440252127,4
892268553,5813014401,4
892268553,5813048450,3
892268553,861233303,3
892268553,861588280,9
892268553,891927728,3
892268553,891931735,3
892268553,923644592,3
892273269,1783362106,4
892273269,5813015763,6
892273269,862265699,5
892273269,891927728,3
892273269,891935958,3
892273269,891936249,3
892273269,892277790,10
892273269,892600621,6
892273269,892609630,8
892273269,892622947,4
892273269,892959608,6
892273269,892963681,7
892273269,893305416,4
892273269,918529614,6
892273269,923644961,4
892277589,861583398,3
892277589,862615150,3
892277589,891936249,3
892277589,892259847,3
892277589,892609615,3
892277589,892623020,6
892277589,892959608,8
892277589,893642012,4
892277589,923644961,5
892277589,925021558,5
892277589,954692704,3
892277609,5813048268,5
892277609,861915746,4
892277609,862265490,5
892277609,862265735,9
892277609,862615150,7
892277609,891935958,4
892277609,892259847,7
892277609,892273269,5
892277609,892281819,3
892277609,892600621,3
892277609,892959608,4
892277609,892963477,4
892277609,892963681,10
892277609,918529614,9
892277609,923644961,4
892277790,1226084614,3
892277790,1259856448,3
892277790,1260197431,3
892277790,1563372679,3
892277790,5812989312,3
892277790,5813035545,3
892277790,861588280,3
892281819,1136744536,4
892281819,1535769552,6
892281819,5812987709,6
892281819,862615150,5
892281819,892277790,3
892281819,892600621,13
892281819,892609630,7
892281819,892623020,3
892281819,892958763,3
892281819,892959608,5
892281819,892963332,6
892281819,892963919,3
892281819,893645771,5
892281819,918529614,3
892281819,923657277,3
892281819,923998505,7
892281819,925008566,3
892281819,925017553,4
892281819,925021558,3
892281819,954342682,4
892281819,954692704,6
892281819,955029299,5
892281819,955365826,10
892281819,955383233,3
892281819,955715991,3
892281819,985731781,4
892282289,5812987740,3
892282289,861588280,4
892282289,892968554,3
892282289,892968637,5
892282289,923303392,3
892282289,924344089,3
892600621,1047784113,3
892600621,1139153136,3
892600621,1282348408,8
892600621,1285849916,4
892600621,1352598905,3
892600621,1444351896,4
892600621,1533040839,3
892600621,1597493900,7
892600621,1654802248,3
892600621,1813728233,4
892600621,5812989312,4
892600621,5812991476,5
892600621,5813054748,4
892600621,5813056280,3
892600621,918529614,3
892600621,954692704,4
892600621,985377724,3
892600621,986763734,4
892600723,1137763222,3
892600723,5901118359,3
892600723,861242399,4
892600723,892600621,3
892604992,5813016041,3
892604992,862265490,16
892604992,862615150,3
892604992,892259847,7
892604992,893628094,9
892605388,5813058307,4
892605388,861920141,3
892605388,891927484,8
892605388,891936249,4
892605388,892268119,5
892605388,892268510,5
892605388,892609615,4
892605388,893305416,6
892605388,893642012,4
892609615,1379907704,8
892609615,1692614515,4
892609615,5813016041,4
892609615,5813048268,4
892609615,862615150,4
892609615,892259847,3
892609615,892600621,4
892609615,918529614,8
892609630,1018472039,3
892609630,1260197431,6
892609630,1285849916,6
892609630,1411250251,3
892609630,1442314421,9
892609630,1503331732,5
892609630,1528253194,5
892609630,1563122080,4
892609630,1566799785,3
892609630,1597157083,3
892609630,1597493900,3
892609630,1656792632,4
892609630,1657258136,5
892609630,1719953914,4
892609630,1940557189,3
892609630,5812991473,12
892609630,5812997245,7
892609630,5813031440,4
892609630,5813048452,3
892609630,5813054443,3
892609630,986063833,3
892613686,1166756335,3
892613686,1352598905,3
892613686,5812987740,3
892613686,5813031440,3
892613686,5813048450,4
892613686,5813048451,3
892613686,861242399,4
892613686,861578964,7
892613686,862265699,3
892613686,891595069,3
892613686,891922927,3
892613686,891927484,5
892613686,892268510,4
892613686,892281819,3
892613686,892600621,5
892613686,892622947,3
892622625,861583398,3
892622625,861588280,4
892622625,892623020,6
892622625,892959608,5
892622625,892964102,3
892622625,892968637,5
892622625,923644961,4
892622625,955029299,3
892622947,5813058307,3
892622947,892600621,3
892622947,923303392,3
892623020,5813131327,3
892623020,861242399,4
892623020,862265735,3
892623020,892277790,8
892623020,892600621,6
892623020,892609630,8
892623020,925021558,3
892950729,5813014401,9
892950729,5813027631,3
892950729,5813041453,5
892950729,892968554,10
892950729,923321015,4
892950729,923636089,6
892950729,923661510,5
892950729,924002690,9
892950729,924344089,5
892950729,954010798,4
892958763,1783362106,4
892958763,5813048268,9
892958763,862615150,18
892958763,892259847,6
892958763,892609630,9
892958763,892959608,3
892958763,892963477,4
892958763,893287523,3
892958763,918529614,11
892958763,923644961,5
892958763,923648748,7
892959608,1379907704,8
892959608,1783362106,5
892959608,861242399,3
892959608,861583398,3
892959608,862265735,3
892959608,862615150,6
892959608,892259847,5
892959608,892277790,3
892959608,892600621,8
892959608,892609615,3
892959608,892609630,14
892959608,892963332,4
892959608,892963681,5
892959608,893305416,8
892959608,893642012,3
892959608,918529614,8
892959608,925021558,3
892959608,955365826,8
892963332,1379907704,10
892963332,1783362106,5
892963332,5812987709,5
892963332,5813048268,3
892963332,862615150,3
892963332,892259847,4
892963332,892273269,3
892963332,892609630,7
892963332,892622947,4
892963332,892959608,5
892963332,892963681,10
892963332,892963919,3
892963332,892964102,5
892963332,893305416,5
892963332,918529614,5
892963332,923994401,4
892963332,923998505,4
892963332,955365353,3
892963477,5813048268,12
892963477,862265490,6
892963477,862269552,4
892963477,862615150,9
892963477,892259847,11
892963477,892958763,3
892963477,893628094,7
892963477,918529614,3
892963681,1783362106,6
892963681,5813015763,3
892963681,5813016041,3
892963681,861242399,3
892963681,861915746,4
892963681,862265490,3
892963681,862265735,4
892963681,862269552,3
892963681,892259847,10
892963681,892273269,6
892963681,892277609,4
892963681,892277790,7
892963681,892623020,6
892963681,892958763,8
892963681,892959608,3
892963681,892963332,3
892963681,893642012,4
892963681,918529614,5
892963681,923303392,6
892963681,923644961,9
892963681,923648748,3
892963919,1440252127,4
892963919,1535769552,4
892963919,1783362106,7
892963919,5812987709,3
892963919,861242399,4
892963919,861574640,6
892963919,861583398,3
892963919,862615150,4
892963919,892600621,8
892963919,892609630,4
892963919,892959608,8
892963919,892963332,4
892963919,892963477,3
892963919,892964102,4
892963919,918529614,3
892963919,923303392,4
892963919,923636089,3
892963919,925021558,5
892963919,955029299,5
892964102,1284394253,3
892964102,5812987709,3
892964102,5812987740,3
892964102,5813016065,3
892964102,861583398,4
892964102,892273269,3
892964102,892277790,3
892964102,892600621,6
892964102,892609630,4
892964102,892959608,12
892964102,892963332,4
892964102,892963681,3
892964102,892968637,6
892964102,918529614,4
892964102,923303392,3
892964102,923636089,5
892964102,923994365,3
892964102,923994401,4
892964102,925021558,5
892964102,954692704,4
892964102,955029299,4
892968554,1136399017,3
892968554,1284394253,4
892968554,5813014401,3
892968554,5813016065,3
892968554,5813041453,5
892968554,861242399,4
892968554,892950729,6
892968554,892968637,3
892968554,923636089,4
892968554,923994401,4
892968554,924002690,4
892968554,954010798,5
892968554,954342682,3
892968554,955374672,3
892968637,5813041453,5
892968637,861242399,3
892968637,892277589,4
892968637,892277790,3
892968637,892622947,3
892968637,925021558,6
892968637,954342682,5
892968637,954692704,3
893287494,1137763222,3
893287494,1321222721,3
893287494,861915746,3
893287494,862602167,3
893287494,862615150,14
893287494,892259847,9
893287494,892268282,3
893287494,892609615,6
893287494,893633230,3
893287494,956384643,3
893287520,1166756335,3
893287520,1284394253,3
893287520,1352598905,4
893287520,1383633527,3
893287520,5813048451,3
893287520,5813079014,4
893287520,861242399,3
893287520,891927484,7
893287520,891927728,3
893287520,891936249,3
893287520,892277790,3
893287520,892600621,5
893287520,892600723,3
893287520,892605388,3
893287523,1137763222,3
893287523,1352598905,4
893287523,1379907704,3
893287523,1783362106,3
893287523,5813031440,5
893287523,5813048452,3
893287523,861915746,3
893287523,862265735,5
893287523,862610554,3
893287523,862615150,13
893287523,892259847,3
893287523,892273269,3
893287523,892609615,3
893287523,892609630,3
893287523,892958763,5
893287523,892963332,3
893287523,892963681,3
893287523,893287520,3
893287523,893642012,4
893287523,923644961,4
893287523,923994365,3
893287523,924326157,3
893287523,924344089,3
893305416,1284394253,4
893305416,5813016041,3
893305416,861242399,3
893305416,861574640,3
893305416,861583398,5
893305416,891927484,5
893305416,891936249,3
893305416,892273269,3
893305416,892277790,8
893305416,892600621,9
893305416,892609630,10
893305416,892958763,4
893305416,892959608,4
893305416,892963681,8
893305416,892963919,4
893305416,893642012,9
893305416,923303392,7
893628094,1016403512,7
893628094,1016403672,4
893628094,1017448980,3
893628094,1018458715,4
893628094,1018804242,3
893628094,1047780090,11
893628094,1048470473,6
893628094,1049838815,3
893628094,1078111105,4
893628094,1080537608,4
893628094,1137085385,4
893628094,1167429808,6
893628094,1197791057,4
893628094,1261902687,4
893628094,1562785146,4
893628094,5813015200,5
893628094,5813015764,5
893628094,5813016057,9
893628094,5813016652,3
893628094,5813050604,5
893628094,861574362,5
893628094,861578690,7
893628094,861579069,3
893628094,861915698,3
893628094,861915746,8
893628094,861920004,6
893628094,862269552,6
893628094,862602167,4
893628094,862606678,7
893628094,892604992,8
893628094,923648748,3
893628094,925003837,9
893628094,925004416,3
893628094,925017553,3
893628094,955020637,5
893628094,955365353,3
893628094,955374862,3
893628094,956384643,3
893628094,985710145,5
893628094,985722546,5
893628094,985722839,5
893628094,986063833,5
893628094,987424042,14
893632417,1379907704,3
893632417,5813016041,4
893632417,5813048268,7
893632417,770249286,4
893632417,862615150,7
893632417,892259847,15
893632417,893628094,8
893632417,923648748,3
893633230,1136744594,3
893633230,861915746,4
893633230,862615150,23
893633230,892259847,13
893633230,892268282,5
893633230,893287494,6
893633230,893632417,3
893633230,924326233,3
893633230,925344753,3
893633230,955698260,4
893633230,956384643,8
893633230,987419663,3
893637097,1166756335,7
893637097,1535769552,3
893637097,5813016076,3
893637097,5813048447,3
893637097,5813048451,6
893637097,5813079014,5
893637097,861229030,5
893637097,861229045,4
893637097,861242399,4
893637097,861574669,3
893637097,861578964,8
893637097,861583357,3
893637097,861920007,3
893637097,861920141,5
893637097,891927484,9
893637097,891935748,4
893637097,892268510,3
893637097,892277790,3
893642012,1783362106,8
893642012,5813131327,6
893642012,861242399,7
893642012,892259847,4
893642012,892273269,5
893642012,892600621,14
893642012,892609630,8
893642012,892959608,5
893642012,892963681,3
893642012,918529614,5
893642012,923644961,9
893642012,923648748,5
893645771,1016758041,3
893645771,1018472039,3
893645771,1048491559,3
893645771,1136399017,3
893645771,1136744536,6
893645771,1198132022,3
893645771,1505727476,7
893645771,5813016065,3
893645771,5813016661,3
893645771,862615150,3
893645771,892277790,3
893645771,892281819,6
893645771,925021558,5
893645771,954342682,7
893645771,954692704,4
893645771,955374672,4
893645771,955378609,3
893645771,956397821,3
893645771,985731781,5
893645771,986059699,5
893645771,986059778,5
893645771,986063833,3
918529614,1047119615,3
918529614,1079527169,4
918529614,1110557531,3
918529614,1137763222,4
918529614,1260197431,6
918529614,1285849916,18
918529614,1377841477,6
918529614,1418186940,3
918529614,1470950640,9
918529614,1533338992,4
918529614,1563122080,4
918529614,1563126068,7
918529614,1597493900,3
918529614,1625804774,6
918529614,1629206279,10
918529614,1719250390,11
918529614,1719953914,28
918529614,1813391435,3
918529614,1813732543,6
918529614,1876105544,7
918529614,1940557189,6
918529614,2154767014,13
918529614,5812990315,3
918529614,5812991470,7
918529614,5812991473,3
918529614,5812991476,6
918529614,5812996568,11
918529614,5813054748,3
918529614,5813079014,4
918529614,861915746,3
918529614,891586904,3
918529614,891935958,3
918529614,891936249,3
918529614,892277609,3
918529614,892958763,4
918529614,892959608,3
918529614,892963681,3
918529614,923644961,4
918529614,985731781,4
918529614,986759122,5
923303392,1284394253,12
923303392,5813014401,4
923303392,5813031440,3
923303392,5813131327,4
923303392,861242399,7
923303392,861583398,5
923303392,892281819,3
923303392,892600621,4
923303392,892623020,3
923303392,892963332,3
923303392,892963919,3
923303392,892964102,3
923303392,893305416,3
923303392,923994401,3
923303392,954692704,3
923321015,1047787967,4
923321015,1077792194,4
923321015,1139835270,4
923321015,1284394253,4
923321015,923636089,3
923321015,923661510,5
923321015,954010798,9
923321015,955378609,8
923321015,956060773,4
923321015,985377724,5
923636089,1284394253,3
923636089,1440252127,3
923636089,5812987709,4
923636089,5813014401,3
923636089,5813016065,3
923636089,861242399,4
923636089,892277790,6
923636089,892622947,8
923636089,892964102,5
923636089,892968637,4
923636089,923661937,3
923636089,923994401,6
923636089,954010798,3
923636089,954342682,3
923636089,955374672,6
923636089,955383233,3
923640363,1136744594,4
923640363,1284394253,4
923640363,1352598905,3
923640363,5813031440,4
923640363,5813047637,4
923640363,5813048452,4
923640363,5813079014,6
923640363,860896673,3
923640363,862265699,4
923640363,891935748,3
923640363,891936249,3
923640363,892268119,4
923640363,892600621,7
923640363,892609630,4
923640363,893642012,3
923640363,925017553,3
923644592,891927484,3
923644592,891931735,5
923644592,892268553,3
923644961,1379907704,6
923644961,1783362106,11
923644961,5813023434,3
923644961,862265735,4
923644961,862615150,10
923644961,892273269,3
923644961,892277609,4
923644961,892600621,4
923644961,892609630,8
923644961,892958763,6
923644961,892959608,3
923644961,892963477,3
923644961,892963681,6
923644961,893642012,7
923644961,918529614,14
923648748,1017090133,3
923648748,1379907704,4
923648748,1692614515,5
923648748,1783362106,5
923648748,5813048268,6
923648748,5813048452,3
923648748,770249286,3
923648748,861242399,4
923648748,862265490,3
923648748,862265735,8
923648748,862269552,4
923648748,862615150,16
923648748,892259847,12
923648748,892600621,5
923648748,892609630,3
923648748,892958763,4
923648748,892963477,5
923648748,893628094,11
923648748,893642012,9
923648748,918529614,8
923648748,955365353,3
923657277,1107764430,4
923657277,1379907704,3
923657277,1783362106,4
923657277,5812987709,6
923657277,5813048268,7
923657277,862615150,7
923657277,892259847,4
923657277,892609630,5
923657277,892963919,3
923657277,892964102,4
923657277,893645771,3
923657277,918529614,4
923657277,923994365,6
923657277,923998505,3
923657277,954010798,3
923657277,954692704,3
923657277,955020637,3
923657277,955029299,4
923657277,955365353,4
923657277,955365826,6
923657277,985386679,3
923657277,986396100,3
923661510,1440252127,3
923661510,5813035500,5
923661510,924689450,3
923661937,5813016065,4
923661937,5813041453,3
923661937,861583398,6
923661937,892959608,3
923661937,892963332,3
923661937,923303392,3
923661937,923994401,7
923661937,954010798,3
923661937,954692704,3
923977051,1137763222,5
923977051,1166756335,9
923977051,860896673,5
923977051,861229045,7
923977051,861578964,3
923977051,862265699,5
923977051,862610554,7
923977051,862615150,6
923977051,891927839,4
923977051,891935958,4
923977051,892259847,6
923977051,892609630,5
923977051,893287494,6
923977051,918529614,4
923977051,923648748,4
923977051,924326157,3
923994365,1078111105,4
923994365,1783362106,3
923994365,5812987709,3
923994365,5813048268,13
923994365,862265490,9
923994365,862615150,15
923994365,892259847,8
923994365,892600621,3
923994365,892950729,3
923994365,893628094,4
923994365,923657277,4
923994365,923998505,5
923994365,925017453,3
923994365,925017553,4
923994365,955020637,8
923994365,955024729,7
923994365,955365826,5
923994365,985386679,4
923994365,985714517,3
923994365,985722546,3
923994365,985731781,4
923994365,986404884,3
923994401,1284394253,5
923994401,1440252127,5
923994401,5812987709,6
923994401,5813016065,4
923994401,861242399,6
923994401,861574640,6
923994401,892277790,3
923994401,892964102,3
923994401,892968554,4
923994401,923303392,4
923994401,923661937,4
923994401,923998505,3
923994401,924335413,3
923994401,954010798,4
923994401,955024591,3
923994401,955029299,6
923994401,955378609,3
923998505,1078111105,5
923998505,1107764430,5
923998505,1136744536,5
923998505,1379907704,6
923998505,5813016065,3
923998505,5813048268,10
923998505,862265490,13
923998505,862615150,13
923998505,892281819,4
923998505,892963477,4
923998505,893628094,4
923998505,923657277,4
923998505,923994365,5
923998505,955020637,5
923998505,955024729,4
923998505,955365353,10
923998505,955374862,4
923998505,985369220,4
924002286,5813014401,4
924002286,5813027631,5
924002286,892950729,5
924002286,923644592,3
924002286,923661510,5
924002286,924344089,4
924002286,924344128,3
924002286,924689450,8
924002690,1284394253,3
924002690,5813016065,4
924002690,5813035500,5
924002690,892950729,4
924002690,923321015,7
924002690,923661510,3
924002690,924344128,5
924002690,954010798,3
924002690,955378609,3
924002690,956060773,3
924002690,986758977,5
924326157,5813058307,4
924326157,862265490,3
924326157,862602167,3
924326157,862606678,3
924326157,862615150,18
924326157,892259847,8
924326157,892958763,3
924326157,893287523,3
924326157,893632417,4
924326157,893633230,4
924326157,918529614,4
924326157,923644961,4
924326157,923977051,3
924326157,955702120,5
924326157,956060536,3
924326157,956384643,4
924326233,1136744594,3
924326233,5813016041,4
924326233,5813016076,4
924326233,5813058307,5
924326233,862265735,5
924326233,862269552,5
924326233,862615150,11
924326233,891595069,4
924326233,891927673,3
924326233,892259847,6
924326233,892609615,5
924326233,892958763,4
924326233,892963477,3
924326233,892963681,3
924326233,918529614,5
924326233,923648748,3
924326233,985722546,3
924335413,1016753670,3
924335413,1107764430,4
924335413,1285849916,4
924335413,5812987709,3
924335413,892623020,3
924335413,954342682,3
924335413,954692704,5
924335413,955365826,8
924335413,955378609,3
924335413,985369220,3
924335413,985731781,3
924344089,1047080740,4
924344128,1285849916,4
924344128,1440252127,6
924344128,5813041453,3
924344128,954342682,5
924348411,1018476201,3
924348411,1079527389,4
924348411,5813035545,3
924348411,923661510,4
924348411,924002690,4
924348411,956060773,3
924348411,985377724,4
924348411,986422220,4
924348411,986767293,4
924681085,1136744536,3
924681085,5813041453,3
924681085,861574640,7
924681085,861583398,4
924681085,892281819,6
924681085,892622947,4
924681085,954342682,3
924689450,892277790,5
924689450,923661510,3
925003837,1262602271,3
925003837,1661588290,5
925003837,5813050604,10
925003837,770249286,3
925003837,862265490,12
925003837,892259847,6
925003837,893628094,6
925004416,1078111105,3
925004416,1197791057,3
925004416,5813015764,3
925004416,5813016652,3
925004416,861915698,4
925004416,862269552,4
925004416,862615150,11
925004416,892259847,3
925004416,893632417,4
925004416,924326157,3
925004416,987419663,4
925008566,1136744536,11
925008566,1166756335,6
925008566,862610554,4
925008566,891595069,3
925008566,892277790,3
925008566,892281819,8
925008566,892609630,4
925008566,892963332,3
925008566,892968637,3
925008566,918529614,3
925008566,923644961,5
925008566,923657277,4
925008566,925017553,3
925008566,954692704,3
925008566,955365826,4
925008566,955702120,3
925008566,956043578,6
925008566,985036637,4
925017453,1136744536,5
925017453,1599517714,3
925017453,5813016076,3
925017453,5813016661,3
925017453,862615150,5
925017453,892281819,4
925017453,892609630,3
925017453,893645771,3
925017453,925017553,6
925017453,955365826,10
925017453,955374862,3
925017453,956056543,8
925017453,956060536,5
925017453,985714517,4
925017453,985731781,3
925017453,986404884,4
925017553,1017094185,3
925017553,1107764430,6
925017553,1136744536,3
925017553,1262602271,3
925017553,5813016650,5
925017553,5813048268,5
925017553,862610554,3
925017553,862615150,10
925017553,892259847,4
925017553,892281819,3
925017553,892958763,4
925017553,893287523,3
925017553,918529614,4
925017553,923994365,6
925017553,925017453,6
925017553,955365353,5
925017553,955365826,4
925017553,955374862,6
925017553,956056543,8
925017553,956060536,4
925017553,985386679,5
925017553,985714517,4
925017553,985731781,3
925017553,986063833,4
925017553,986404884,3
925017553,987424042,4
925021558,1379907704,3
925021558,892259847,3
925021558,892277589,3
925021558,892600621,4
925021558,892609630,4
925021558,892963332,4
925021558,892963919,4
925021558,954692704,4
925021558,955365353,3
925344753,1018458715,3
925344753,1018804242,10
925344753,1080519686,3
925344753,1198468674,3
925344753,5812996568,3
925344753,862265490,9
925344753,862615150,31
925344753,892259847,29
925344753,893287494,7
925344753,893628094,4
925344753,893633230,6
925344753,955702120,7
925344753,985722546,4
925344753,987419139,3
950561202,1072063538,9
954010798,1016749264,4
954010798,1284394253,6
954010798,1440252127,5
954010798,5813041453,3
954010798,923321015,8
954010798,923636089,5
954010798,923994401,5
954010798,924344128,3
954010798,954342682,3
954010798,955378609,12
954010798,956060773,4
954010798,985377724,3
954342682,1285849916,7
954342682,1440252127,3
954342682,861242399,6
954342682,892600621,3
954342682,955715991,3
954342682,985714517,3
954675120,1016408310,3
954675120,1136399017,3
954675120,5813016065,4
954675120,5813016661,3
954675120,5813027631,3
954675120,893645771,7
954675120,923994401,5
954675120,924344128,4
954675120,925008566,3
954675120,925017453,3
954675120,955374672,6
954675120,955378609,3
954692704,1783362106,3
954692704,5813041453,4
954692704,861242399,4
954692704,892259847,3
954692704,892277790,8
954692704,892600621,11
954692704,892609630,8
954692704,892958763,4
954692704,918529614,3
954692704,955365826,3
954692704,955374672,5
954692704,955715991,4
954692704,985386679,3
954692704,986404884,3
955020637,1078111105,11
955020637,1107764430,6
955020637,1167429808,4
955020637,1379907704,4
955020637,5813048268,7
955020637,862265490,11
955020637,862615150,23
955020637,892259847,11
955020637,893628094,13
955020637,923994365,3
955020637,923998505,11
955020637,925017453,3
955020637,925017553,6
955020637,955024729,7
955020637,955365353,9
955020637,955374862,9
955020637,985722546,9
955020637,985722839,4
955020637,986396100,3
955024591,5813014401,5
955024591,892622947,5
955024591,892968637,3
955024591,923994401,5
955024729,1107764430,4
955024729,1783362106,3
955024729,5812987709,3
955024729,5813048268,11
955024729,862265490,8
955024729,862615150,16
955024729,892259847,9
955024729,893628094,4
955024729,893645771,3
955024729,923657277,4
955024729,923994365,8
955024729,955020637,7
955024729,955374862,7
955024729,985386679,3
955024729,985714517,7
955024729,985722839,7
955024729,985731781,3
955024729,986396100,3
955029299,1016753670,4
955029299,1783362106,5
955029299,5813049443,3
955029299,861574640,5
955029299,862615150,10
955029299,892600621,15
955029299,892959608,3
955029299,892963919,3
955029299,892964102,5
955029299,923657277,3
955029299,954342682,3
955029299,954692704,3
955029299,955365826,6
955029299,986059699,3
955365353,1198468674,3
955365353,1379907704,6
955365353,1783362106,4
955365353,5813048268,9
955365353,770249286,3
955365353,862265490,3
955365353,862615150,10
955365353,892259847,6
955365353,893628094,6
955365353,923998505,4
955365353,955374862,5
955365826,1017090133,4
955365826,1107764430,5
955365826,1379907704,6
955365826,1783362106,6
955365826,5813023434,3
955365826,862615150,10
955365826,892259847,7
955365826,892609630,8
955365826,918529614,11
955365826,923994365,3
955365826,955365353,7
955365826,955374672,4
955365826,955374862,6
955365826,985731781,4
955374672,1285750483,3
955374672,5813041453,3
955374672,861242399,4
955374672,892259847,3
955374672,954342682,4
955374672,954692704,4
955374862,5813048268,4
955374862,770249286,5
955374862,862265490,8
955374862,862615150,8
955374862,892259847,12
955374862,893628094,10
955374862,955365353,7
955374862,956060536,3
955374862,985714517,4
955374862,985722546,6
955378609,1016749264,3
955378609,1284394253,3
955378609,1440252127,6
955378609,861242399,9
955378609,862615150,3
955378609,892277790,13
955378609,892600621,6
955378609,892609630,3
955378609,924344128,4
955378609,954010798,5
955378609,954342682,5
955378609,954692704,7
955378609,955374672,5
955378609,955383233,6
955378609,955715991,9
955378609,956060773,8
955378609,985369220,3
955378609,985377724,4
955378609,985731781,5
955378609,986059699,4
955383212,1016749264,4
955383212,1017781118,3
955383212,1047119615,3
955383212,1047784012,3
955383212,1047784113,4
955383212,1047787967,4
955383212,1048491559,3
955383212,1048837669,4
955383212,1049511270,3
955383212,1136744508,4
955383212,1291573712,3
955383212,1440252127,5
955383212,5813016661,4
955383212,5813041801,3
955383212,5813056280,7
955383212,893645771,5
955383212,924344128,3
955383212,956060773,3
955383212,985377724,3
955383212,986763734,3
955383233,923636089,3
955383233,954342682,5
955383233,954692704,8
955383233,955378609,7
955383233,955715991,12
955383233,956397821,4
955383233,985036637,6
955383233,985377724,4
955383233,986059699,4
955698260,1136744536,3
955698260,1166756335,3
955698260,5813131327,3
955698260,861915746,3
955698260,862610554,7
955698260,862615150,6
955698260,892259847,7
955698260,892281819,3
955698260,892609615,4
955698260,892609630,4
955698260,892958763,3
955698260,918529614,4
955698260,923644961,3
955698260,924326157,8
955698260,924326233,3
955698260,925008566,3
955702120,1018458715,3
955702120,1198468674,4
955702120,862265490,5
955702120,862615150,22
955702120,892259847,13
955702120,893287494,5
955702120,893633230,4
955702120,924326157,6
955702120,925344753,8
955702120,985722546,5
955715991,1016753670,5
955715991,1047119615,3
955715991,1107764430,3
955715991,1440252127,3
955715991,1783362106,3
955715991,861242399,3
955715991,892259847,3
955715991,892277790,3
955715991,892600621,3
955715991,892609630,8
955715991,954342682,3
955715991,954692704,3
955715991,986759122,4
956043578,1016753670,4
956043578,1017090133,5
956043578,1017785388,4
956043578,1136744536,13
956043578,1535769552,4
956043578,1783362106,5
956043578,5812987709,3
956043578,5813016650,3
956043578,5813016661,6
956043578,861574640,6
956043578,892277790,3
956043578,892281819,6
956043578,892609630,4
956043578,923998505,3
956043578,925017453,3
956043578,925021558,3
956043578,954342682,5
956043578,954692704,4
956043578,955029299,4
956043578,955365826,3
956043578,955383233,3
956043578,955715991,4
956043578,956056543,3
956043578,985714517,6
956043578,986059699,3
956043578,986059778,4
956043578,986404884,3
956056543,1018462968,5
956056543,1107764430,3
956056543,1783362106,4
956056543,5812987709,3
956056543,862265490,3
956056543,862610554,3
956056543,862615150,9
956056543,892277790,7
956056543,892281819,4
956056543,892600621,4
956056543,892609630,3
956056543,918529614,3
956056543,923994365,3
956056543,923998505,3
956056543,925017453,4
956056543,954692704,4
956056543,955365353,4
956056543,955365826,9
956056543,955374862,4
956056543,956043578,3
956056543,956060536,5
956056543,985386679,4
956056543,985731781,9
956056543,986396100,7
956056543,986404884,5
956060536,1018458715,7
956060536,1107764430,4
956060536,1136740119,4
956060536,1167429808,4
956060536,1198468674,4
956060536,1379907704,3
956060536,862265490,6
956060536,862615150,29
956060536,892259847,6
956060536,892609630,3
956060536,924326157,3
956060536,925017453,4
956060536,955024729,3
956060536,955365353,4
956060536,955374862,4
956060536,956043578,3
956060536,985714517,10
956060536,985722839,8
956060536,986063833,10
956060536,986404884,4
956060536,987091864,5
956060536,987424042,3
956060773,1285849916,3
956060773,1505727476,3
956060773,1783362106,3
956060773,861242399,5
956060773,892259847,3
956060773,892277790,3
956060773,892609630,3
956060773,954342682,3
956060773,986059699,3
956082289,1048837074,4
956082289,1049510640,4
956082289,1049511270,4
956082289,1079527389,3
956082289,1111580845,3
956082289,1111917081,3
956082289,1137085556,3
956082289,5812983845,3
956082289,5813044569,5
956082289,987116716,4
956384643,862265490,5
956384643,862615150,25
956384643,892259847,8
956384643,892609615,5
956384643,893287494,3
956384643,893632417,4
956384643,925004416,3
956397821,1016753670,5
956397821,1017448980,4
956397821,1018472039,3
956397821,1046734991,4
956397821,1107764430,3
956397821,1198132022,3
956397821,5813035500,3
956397821,892259847,3
956397821,955715991,3
956397821,985731781,4
956397821,986059699,5
974839595,1005858013,3
974839595,5813054534,3
974839595,770249286,3
974839595,974839704,5
974839704,1006984280,10
974839704,1564097484,4
974839704,974839595,9
974839706,1005858013,3
974839706,1006984280,17
974839706,1564097484,3
974839706,974839595,3
974839706,974839708,3
974839708,1006984280,14
974839708,1564097484,4
974843876,1255138222,5
974843876,1260542968,3
974843876,1260884244,3
974843876,1469278367,6
974843876,2094381099,4
976187276,731736853,3
980598738,1070638914,6
980598738,857456902,4
985036637,1379907704,5
985036637,1783362106,6
985036637,5813048268,4
985036637,862615150,4
985036637,892600621,3
985036637,892609630,8
985036637,924344128,3
985036637,955365826,12
985036637,955378609,5
985036637,985369220,8
985036637,985386679,10
985036637,985714517,8
985036637,985731781,6
985036637,986063833,4
985347040,1076724887,3
985347040,860892302,3
985347040,861224611,4
985347040,861233221,3
985347040,861565546,5
985347061,1076724887,6
985347061,5813047637,4
985347061,860892302,8
985347061,861224611,6
985347061,861233174,3
985347061,861233221,4
985347061,861565546,5
985347061,861570090,4
985347061,891582338,9
985347061,892255086,7
985347061,892255122,3
985347061,892600723,3
985347061,985347040,4
985369220,1016408273,3
985369220,1016758041,5
985369220,1379907704,3
985369220,861242399,4
985369220,862615150,7
985369220,892259847,3
985369220,892600621,6
985369220,892609630,6
985369220,923321015,3
985369220,955715991,5
985369220,956060773,3
985369220,985036637,8
985369220,985386679,8
985369220,985731781,7
985369220,986059699,3
985369220,986063833,5
985377724,1047119615,8
985377724,1047784012,3
985377724,1047787967,7
985377724,1048125065,4
985377724,1440252127,9
985377724,5813016987,3
985377724,5813048880,5
985377724,5813056280,3
985377724,861242399,6
985377724,892277790,4
985377724,986059699,3
985377724,986758977,4
985377724,986767293,3
985386679,1107764430,7
985386679,862265490,4
985386679,862615150,19
985386679,892259847,3
985386679,892609630,4
985386679,923657277,3
985386679,955020637,7
985386679,955024729,10
985386679,955029299,6
985386679,955365826,4
985386679,956060536,3
985386679,985036637,3
985386679,985369220,5
985386679,985714517,5
985386679,985722839,3
985386679,985731781,6
985386679,986059699,3
985386679,986396100,8
985710145,1016403512,17
985710145,1016403672,8
985710145,1017448980,3
985710145,1046734991,4
985710145,1047779784,11
985710145,1047780090,8
985710145,1048125254,3
985710145,1048470473,4
985710145,1136740119,3
985710145,1167429808,9
985710145,1198468674,5
985710145,1411262721,3
985710145,5813015200,3
985710145,5813016057,6
985710145,5813016650,5
985710145,862265490,5
985710145,862615150,4
985710145,892259847,16
985710145,893628094,11
985710145,955020637,4
985710145,985714517,3
985710145,985722546,5
985710145,985722839,10
985710145,986059778,3
985710145,986063833,4
985710145,987424042,10
985710145,987424258,4
985714517,1107764430,3
985714517,1167429808,7
985714517,770249286,11
985714517,862615150,20
985714517,892259847,6
985714517,892609630,5
985714517,955374862,5
985714517,956060536,3
985714517,985722546,5
985714517,985731781,6
985714517,986059778,3
985714517,986396100,5
985714517,986404884,4
985722546,1017090133,3
985722546,1078111105,3
985722546,1167429808,3
985722546,1262602271,6
985722546,1379907704,3
985722546,1661588290,6
985722546,5813048268,4
985722546,862265490,19
985722546,862269552,3
985722546,862615150,11
985722546,892259847,20
985722546,892958763,3
985722546,893628094,13
985722546,955020637,3
985722546,955365353,4
985722546,986396204,4
985722839,1016403672,3
985722839,1016758041,4
985722839,1017448980,3
985722839,1018458715,4
985722839,1107764430,4
985722839,1167429808,4
985722839,5813048268,8
985722839,862265490,8
985722839,862615150,24
985722839,892259847,16
985722839,893628094,10
985722839,955020637,5
985722839,955024729,4
985722839,955365353,5
985722839,955374862,8
985722839,956060536,3
985722839,985386679,5
985722839,985710145,6
985722839,985722546,3
985722839,986059778,3
985722839,986063833,5
985722839,987424042,3
985722839,987424258,3
985731781,1016753670,3
985731781,1017090133,3
985731781,1017094185,3
985731781,1046734991,3
985731781,1107764430,4
985731781,1783362106,6
985731781,5813048268,4
985731781,770249286,4
985731781,862615150,21
985731781,892259847,4
985731781,892277790,3
985731781,892600621,3
985731781,892609630,8
985731781,918529614,3
985731781,954692704,3
985731781,985036637,4
985731781,985369220,3
985731781,986059699,4
985731781,986396204,5
985731781,986404884,3
986059699,1016749259,4
986059699,1016749264,6
986059699,1016753670,10
986059699,1017785388,3
986059699,1018472039,3
986059699,1047787967,3
986059699,1440252127,9
986059699,1783362106,3
986059699,5812987740,3
986059699,5813016661,3
986059699,5813048880,4
986059699,861242399,7
986059699,892600621,4
986059699,892609630,10
986059699,954010798,3
986059699,954342682,3
986059699,955383233,4
986059699,955715991,10
986059699,956060773,4
986059699,956397821,5
986059699,985369220,5
986059699,985731781,8
986059699,986063833,3
986059699,986759122,6
986059778,1016749259,5
986059778,1016753670,3
986059778,1016758041,5
986059778,1017094185,4
986059778,1046734991,6
986059778,1047119615,3
986059778,1291573712,3
986059778,1379907704,3
986059778,1783362106,4
986059778,5813016661,3
986059778,5813048268,4
986059778,862615150,9
986059778,892259847,3
986059778,892609630,3
986059778,985369220,4
986059778,986063833,7
986059778,987104744,3
986063833,1016403672,5
986063833,1016758041,4
986063833,1017094185,3
986063833,1017448980,3
986063833,1046734991,8
986063833,1167429808,3
986063833,1379907704,3
986063833,5813048268,3
986063833,862265490,8
986063833,862615150,16
986063833,892259847,15
986063833,892609630,3
986063833,893628094,6
986063833,955020637,3
986063833,955374862,4
986063833,956060536,4
986063833,985369220,4
986063833,985710145,3
986063833,985714517,5
986063833,985722546,4
986063833,985722839,5
986063833,985731781,3
986063833,986059778,5
986063833,986396100,7
986396100,1017090133,3
986396100,1107764430,4
986396100,1167429808,6
986396100,770249286,5
986396100,862265490,7
986396100,862615150,11
986396100,892259847,8
986396100,893628094,6
986396100,954692704,3
986396100,955365353,8
986396100,985714517,8
986396100,985722546,3
986396204,1198468674,3
986396204,862615150,5
986396204,892259847,4
986396204,985722546,7
986396204,985731781,3
986396204,986396100,4
986404884,1017448980,3
986404884,1047080740,3
986404884,1167429808,4
986404884,862615150,19
986404884,892259847,3
986404884,892609630,3
986404884,893628094,4
986404884,918529614,4
986404884,985714517,4
986422220,1079527169,3
986422220,1284394253,4
986422220,1440252127,3
986422220,1470950640,5
986422220,892277790,6
986758977,1016749259,3
986758977,1047784012,5
986758977,1047784113,3
986758977,1284394253,4
986758977,1440252127,7
986758977,5813016987,3
986758977,5813041801,3
986758977,5813048880,6
986758977,5813056280,5
986758977,861242399,6
986758977,924348411,3
986758977,985377724,7
986758977,986422220,3
986759122,1016753670,3
986759122,1017789715,3
986759122,1046734991,4
986759122,1048120973,5
986759122,1048125065,4
986759122,1048492326,3
986759122,1440252127,4
986759122,1783362106,5
986759122,862615150,8
986759122,892259847,7
986759122,892277790,5
986759122,892609630,3
986759122,918529614,8
986759122,955715991,3
986763451,1017781118,5
986763451,1017789715,6
986763451,1048470473,3
986763451,1048492326,3
986763451,1048492504,6
986763451,1079527169,7
986763451,1080532771,3
986763451,1110557531,3
986763451,862615150,10
986763451,892259847,3
986763451,918529614,5
986763451,986759122,3
986763451,987104744,4
986763734,1017781118,8
986763734,1017797863,6
986763734,1018472039,3
986763734,1046734991,4
986763734,1047784113,5
986763734,1048120973,7
986763734,1048125065,4
986763734,1048492326,10
986763734,1079527169,3
986763734,1079855015,6
986763734,1224560577,3
986763734,1440252127,12
986763734,5813056280,5
986763734,861242399,4
986763734,862615150,3
986763734,892277790,10
986763734,892600621,6
986763734,986059699,3
986763734,987104744,5
986767293,1047784012,3
986767293,1047787967,4
986767293,1048837074,4
986767293,1440252127,3
986767293,5813035545,3
986767293,861242399,3
986767293,924348411,6
986767293,955383212,3
987091864,1016753670,4
987091864,1017785388,3
987091864,1018458715,3
987091864,1046734991,5
987091864,1048125254,3
987091864,1048491559,8
987091864,1079527169,3
987091864,1136399018,4
987091864,1136740119,3
987091864,1167433990,4
987091864,5813016650,4
987091864,5813016661,3
987091864,862615150,8
987091864,892259847,4
987091864,892277790,3
987091864,892609630,3
987091864,956060536,4
987091864,985714517,3
987091864,986404884,4
987091864,986759122,6
987104744,1016749259,6
987104744,1016749264,3
987104744,1016753670,5
987104744,1017789715,4
987104744,1017797863,3
987104744,1048120973,3
987104744,1048470473,3
987104744,1048492326,9
987104744,1079527169,3
987104744,1440252127,3
987104744,5813035545,5
987104744,5813056280,3
987104744,861242399,6
987104744,862615150,4
987104744,985377724,3
987104744,986758977,3
987104744,986759122,3
987104744,986763451,9
987104744,986763734,5
987116716,1017802759,4
987116716,1048837074,8
987116716,1049174217,3
987116716,1049510640,3
987116716,1049511179,3
987116716,1169492931,3
987116716,1200182520,5
987116716,5812983845,4
987116716,924348411,4
987116716,956082289,9
987419139,1047780090,5
987419139,1167429808,6
987419139,1661588290,3
987419139,5813050604,7
987419139,862265490,14
987419139,862615150,16
987419139,892259847,6
987419139,925003837,4
987419139,925344753,3
987419139,985722546,4
987419139,986396100,3
987419139,987419574,4
987419139,987424042,8
987419139,987424258,3
987419574,1018804242,4
987419574,1047780090,12
987419574,1167429808,10
987419574,862265490,10
987419574,862615150,12
987419574,892259847,9
987419574,893628094,7
987419574,925344753,6
987419574,955374862,3
987419574,956060536,7
987419574,985722546,6
987419574,987424042,8
987419663,1047780090,4
987419663,1078111105,6
987419663,1167429808,5
987419663,1198468674,3
987419663,5813050604,4
987419663,862265490,11
987419663,862615150,14
987419663,892259847,11
987419663,893633230,3
987419663,955702120,3
987419663,985722546,12
987419663,987424042,4
987424042,1047780090,4
987424042,1077792387,5
987424042,1136399018,3
987424042,1167429808,5
987424042,5813048268,3
987424042,770249286,3
987424042,862265490,15
987424042,862615150,10
987424042,892259847,15
987424042,893628094,14
987424042,985722546,3
987424042,986396100,4
987424042,987419574,3
987424258,1016403672,3
987424258,1017094185,3
987424258,1017448980,4
987424258,1018458715,10
987424258,1018804242,4
987424258,1047780090,6
987424258,1167429808,7
987424258,1198468674,4
987424258,5813015200,3
987424258,5813016057,3
987424258,862265490,10
987424258,862615150,23
987424258,892259847,17
987424258,893628094,3
987424258,925017553,4
987424258,925344753,5
987424258,955374862,5
987424258,955702120,9
987424258,956056543,3
987424258,956060536,5
987424258,985710145,3
987424258,985714517,4
987424258,985722546,6
987424258,986396100,3
987424258,987419139,4
987424258,987419574,4
987424258,987424042,7
